{
  "type": "FeatureCollection",
  "features": [
    {
      "type": "Feature",
      "properties": {
        "id": 23196795,
        "highway": "pedestrian",
        "cycleway": "",
        "name": "Viale Tiberio",
        "surface": "sett",
        "lit": ""
      },
      "geometry": {
        "type": "LineString",
        "coordinates": [
          [
            12.5635881,
            44.0639055
          ],
          [
            12.5640265,
            44.0633758
          ]
        ]
      }
    },
    {
      "type": "Feature",
      "properties": {
        "id": 23372666,
        "highway": "pedestrian",
        "cycleway": "",
        "name": "Viale Tiberio",
        "surface": "paving_stones",
        "lit": ""
      },
      "geometry": {
        "type": "LineString",
        "coordinates": [
          [
            12.5640653,
            44.0633329
          ],
          [
            12.5641141,
            44.0632791
          ]
        ]
      }
    },
    {
      "type": "Feature",
      "properties": {
        "id": 23372920,
        "highway": "service",
        "cycleway": "",
        "name": "Lungomare Giuseppe Di Vittorio",
        "surface": "",
        "lit": "yes"
      },
      "geometry": {
        "type": "LineString",
        "coordinates": [
          [
            12.6074379,
            44.0442512
          ],
          [
            12.6073909,
            44.0442966
          ],
          [
            12.606655,
            44.0449151
          ],
          [
            12.6061357,
            44.0453729
          ],
          [
            12.6057467,
            44.0457389
          ],
          [
            12.6052455,
            44.0461779
          ],
          [
            12.6047781,
            44.0465837
          ],
          [
            12.6027658,
            44.048333
          ],
          [
            12.6026814,
            44.0485617
          ],
          [
            12.6026564,
            44.0486202
          ],
          [
            12.6025978,
            44.0486555
          ],
          [
            12.6025195,
            44.0487095
          ]
        ]
      }
    },
    {
      "type": "Feature",
      "properties": {
        "id": 25395779,
        "highway": "cycleway",
        "cycleway": "",
        "name": "",
        "surface": "asphalt",
        "lit": "yes"
      },
      "geometry": {
        "type": "LineString",
        "coordinates": [
          [
            12.5814961,
            44.0669612
          ],
          [
            12.5814458,
            44.0669283
          ],
          [
            12.581428,
            44.0668572
          ],
          [
            12.5814073,
            44.0668102
          ],
          [
            12.5813348,
            44.0667313
          ],
          [
            12.5812399,
            44.0666571
          ],
          [
            12.5811837,
            44.0665904
          ],
          [
            12.5810532,
            44.0662388
          ],
          [
            12.5807393,
            44.0652794
          ],
          [
            12.5807165,
            44.06521
          ],
          [
            12.5807185,
            44.0651645
          ],
          [
            12.5807331,
            44.0651329
          ],
          [
            12.5808361,
            44.0650887
          ],
          [
            12.5808573,
            44.0650378
          ],
          [
            12.5808259,
            44.0648269
          ],
          [
            12.5808152,
            44.0647072
          ],
          [
            12.5808189,
            44.0644775
          ],
          [
            12.5808119,
            44.0642392
          ],
          [
            12.5808272,
            44.0641618
          ],
          [
            12.5808008,
            44.0640397
          ],
          [
            12.5807695,
            44.0639873
          ],
          [
            12.5806633,
            44.0638094
          ]
        ]
      }
    },
    {
      "type": "Feature",
      "properties": {
        "id": 25395780,
        "highway": "cycleway",
        "cycleway": "",
        "name": "",
        "surface": "asphalt",
        "lit": "yes"
      },
      "geometry": {
        "type": "LineString",
        "coordinates": [
          [
            12.579848,
            44.0645013
          ],
          [
            12.5798929,
            44.0644801
          ],
          [
            12.579946,
            44.0644239
          ],
          [
            12.580056,
            44.0642766
          ],
          [
            12.580173,
            44.0641541
          ],
          [
            12.5803519,
            44.0640077
          ],
          [
            12.5804312,
            44.0639723
          ],
          [
            12.5805712,
            44.063884
          ],
          [
            12.5806633,
            44.0638094
          ]
        ]
      }
    },
    {
      "type": "Feature",
      "properties": {
        "id": 25395781,
        "highway": "cycleway",
        "cycleway": "",
        "name": "",
        "surface": "asphalt",
        "lit": "yes"
      },
      "geometry": {
        "type": "LineString",
        "coordinates": [
          [
            12.5798483,
            44.0620677
          ],
          [
            12.5794319,
            44.0615525
          ]
        ]
      }
    },
    {
      "type": "Feature",
      "properties": {
        "id": 25395784,
        "highway": "cycleway",
        "cycleway": "",
        "name": "Percorso ciclo-pedonale Adria Neri \"Marga\"",
        "surface": "asphalt",
        "lit": "yes"
      },
      "geometry": {
        "type": "LineString",
        "coordinates": [
          [
            12.5737214,
            44.0580115
          ],
          [
            12.5737804,
            44.0579693
          ],
          [
            12.5739528,
            44.0577882
          ],
          [
            12.5741048,
            44.0576584
          ],
          [
            12.5743211,
            44.0575165
          ]
        ]
      }
    },
    {
      "type": "Feature",
      "properties": {
        "id": 25395785,
        "highway": "cycleway",
        "cycleway": "",
        "name": "Percorso ciclo-pedonale Claudio Ugolini",
        "surface": "asphalt",
        "lit": "yes"
      },
      "geometry": {
        "type": "LineString",
        "coordinates": [
          [
            12.5741048,
            44.0576584
          ],
          [
            12.5737854,
            44.0574797
          ]
        ]
      }
    },
    {
      "type": "Feature",
      "properties": {
        "id": 25395786,
        "highway": "cycleway",
        "cycleway": "",
        "name": "Percorso ciclo-pedonale Claudio Ugolini",
        "surface": "asphalt",
        "lit": "yes"
      },
      "geometry": {
        "type": "LineString",
        "coordinates": [
          [
            12.5726333,
            44.0569408
          ],
          [
            12.5723987,
            44.0568411
          ],
          [
            12.5719181,
            44.0566548
          ],
          [
            12.5717041,
            44.0563835
          ]
        ]
      }
    },
    {
      "type": "Feature",
      "properties": {
        "id": 25395790,
        "highway": "cycleway",
        "cycleway": "",
        "name": "",
        "surface": "asphalt",
        "lit": "yes"
      },
      "geometry": {
        "type": "LineString",
        "coordinates": [
          [
            12.5716237,
            44.0563824
          ],
          [
            12.5715698,
            44.0563667
          ],
          [
            12.5715093,
            44.056346
          ]
        ]
      }
    },
    {
      "type": "Feature",
      "properties": {
        "id": 25395791,
        "highway": "cycleway",
        "cycleway": "",
        "name": "",
        "surface": "asphalt",
        "lit": "yes"
      },
      "geometry": {
        "type": "LineString",
        "coordinates": [
          [
            12.5715093,
            44.056346
          ],
          [
            12.5711722,
            44.056137
          ],
          [
            12.571108,
            44.0560875
          ],
          [
            12.5709199,
            44.0559424
          ],
          [
            12.5705565,
            44.055689
          ],
          [
            12.5703062,
            44.0554796
          ],
          [
            12.5702734,
            44.0554511
          ]
        ]
      }
    },
    {
      "type": "Feature",
      "properties": {
        "id": 25561225,
        "highway": "cycleway",
        "cycleway": "",
        "name": "",
        "surface": "asphalt",
        "lit": ""
      },
      "geometry": {
        "type": "LineString",
        "coordinates": [
          [
            12.5901292,
            44.0409722
          ],
          [
            12.5901487,
            44.0410414
          ],
          [
            12.5901964,
            44.0410989
          ],
          [
            12.590256,
            44.041141
          ],
          [
            12.5904289,
            44.0412048
          ],
          [
            12.590486,
            44.0412377
          ],
          [
            12.5905083,
            44.0412899
          ],
          [
            12.5904934,
            44.0413505
          ],
          [
            12.5901905,
            44.0415809
          ],
          [
            12.5894576,
            44.0418138
          ],
          [
            12.5894275,
            44.0418437
          ]
        ]
      }
    },
    {
      "type": "Feature",
      "properties": {
        "id": 26555639,
        "highway": "path",
        "cycleway": "",
        "name": "Ciclabile sul Marecchia di Rimini",
        "surface": "fine_gravel",
        "lit": "no"
      },
      "geometry": {
        "type": "LineString",
        "coordinates": [
          [
            12.5601907,
            44.0711621
          ],
          [
            12.5601401,
            44.0711393
          ],
          [
            12.5601201,
            44.0711657
          ],
          [
            12.5603316,
            44.071546
          ],
          [
            12.560322,
            44.0715701
          ]
        ]
      }
    },
    {
      "type": "Feature",
      "properties": {
        "id": 26555643,
        "highway": "path",
        "cycleway": "",
        "name": "Ciclabile sul Marecchia di Rimini",
        "surface": "fine_gravel",
        "lit": "no"
      },
      "geometry": {
        "type": "LineString",
        "coordinates": [
          [
            12.5589458,
            44.0697476
          ],
          [
            12.5587526,
            44.0695364
          ],
          [
            12.5584731,
            44.0692421
          ],
          [
            12.5581409,
            44.0689333
          ],
          [
            12.5578449,
            44.0686667
          ],
          [
            12.5575327,
            44.068393
          ],
          [
            12.557035,
            44.0679867
          ],
          [
            12.5566109,
            44.0676277
          ],
          [
            12.5564392,
            44.0675339
          ]
        ]
      }
    },
    {
      "type": "Feature",
      "properties": {
        "id": 26555644,
        "highway": "path",
        "cycleway": "",
        "name": "",
        "surface": "",
        "lit": ""
      },
      "geometry": {
        "type": "LineString",
        "coordinates": [
          [
            12.5564392,
            44.0675339
          ],
          [
            12.5564394,
            44.0675569
          ],
          [
            12.5565837,
            44.0677222
          ],
          [
            12.5566799,
            44.0678358
          ],
          [
            12.5566828,
            44.0678563
          ],
          [
            12.5566751,
            44.0678692
          ]
        ]
      }
    },
    {
      "type": "Feature",
      "properties": {
        "id": 26555645,
        "highway": "path",
        "cycleway": "",
        "name": "",
        "surface": "",
        "lit": ""
      },
      "geometry": {
        "type": "LineString",
        "coordinates": [
          [
            12.5562061,
            44.0673464
          ],
          [
            12.5561292,
            44.067356
          ],
          [
            12.5560923,
            44.0673504
          ],
          [
            12.55606,
            44.0673348
          ],
          [
            12.5559807,
            44.0672642
          ],
          [
            12.5558919,
            44.0671947
          ],
          [
            12.555618,
            44.0670313
          ],
          [
            12.5555522,
            44.0670053
          ]
        ]
      }
    },
    {
      "type": "Feature",
      "properties": {
        "id": 26555646,
        "highway": "path",
        "cycleway": "",
        "name": "",
        "surface": "",
        "lit": ""
      },
      "geometry": {
        "type": "LineString",
        "coordinates": [
          [
            12.5566751,
            44.0678692
          ],
          [
            12.5566473,
            44.0678702
          ],
          [
            12.556616,
            44.0678585
          ],
          [
            12.5564621,
            44.0677525
          ],
          [
            12.5562319,
            44.0676194
          ],
          [
            12.5560767,
            44.0675178
          ],
          [
            12.5558515,
            44.067329
          ],
          [
            12.5556275,
            44.0671105
          ],
          [
            12.5555522,
            44.0670053
          ]
        ]
      }
    },
    {
      "type": "Feature",
      "properties": {
        "id": 26555647,
        "highway": "cycleway",
        "cycleway": "",
        "name": "Ciclabile sul Marecchia di Rimini",
        "surface": "compacted",
        "lit": "yes"
      },
      "geometry": {
        "type": "LineString",
        "coordinates": [
          [
            12.5516722,
            44.0646464
          ],
          [
            12.5516391,
            44.0645307
          ],
          [
            12.5516123,
            44.0644571
          ],
          [
            12.5515999,
            44.064423
          ],
          [
            12.5515198,
            44.064264
          ],
          [
            12.5514149,
            44.0640894
          ]
        ]
      }
    },
    {
      "type": "Feature",
      "properties": {
        "id": 26555648,
        "highway": "cycleway",
        "cycleway": "",
        "name": "",
        "surface": "fine_gravel",
        "lit": "no"
      },
      "geometry": {
        "type": "LineString",
        "coordinates": [
          [
            12.5514149,
            44.0640894
          ],
          [
            12.5514549,
            44.0640157
          ],
          [
            12.551483,
            44.0639638
          ],
          [
            12.5515495,
            44.0638906
          ],
          [
            12.5516068,
            44.0638524
          ],
          [
            12.5516791,
            44.0638235
          ],
          [
            12.5518048,
            44.0637975
          ],
          [
            12.5520567,
            44.0637682
          ],
          [
            12.5521941,
            44.0637569
          ],
          [
            12.5523444,
            44.0637627
          ],
          [
            12.5524271,
            44.0637481
          ],
          [
            12.5526705,
            44.063705
          ],
          [
            12.552875,
            44.0636803
          ],
          [
            12.5532712,
            44.063632
          ],
          [
            12.5537253,
            44.0635695
          ],
          [
            12.5539178,
            44.0635551
          ],
          [
            12.5542307,
            44.0635165
          ],
          [
            12.5544019,
            44.0634972
          ],
          [
            12.5546107,
            44.0634941
          ],
          [
            12.5548771,
            44.0635129
          ],
          [
            12.5549972,
            44.06352
          ],
          [
            12.5551661,
            44.0635419
          ],
          [
            12.555347,
            44.0635773
          ],
          [
            12.5554721,
            44.0635811
          ],
          [
            12.5556093,
            44.0636042
          ],
          [
            12.5558013,
            44.0636066
          ],
          [
            12.5571307,
            44.0636067
          ],
          [
            12.5580426,
            44.0636378
          ],
          [
            12.5583832,
            44.0636441
          ],
          [
            12.558883,
            44.0636763
          ],
          [
            12.5592863,
            44.0637185
          ],
          [
            12.5596447,
            44.0638006
          ],
          [
            12.559957,
            44.0639214
          ],
          [
            12.5600051,
            44.063926
          ],
          [
            12.5600988,
            44.0639171
          ],
          [
            12.5603496,
            44.0637632
          ],
          [
            12.5605489,
            44.0637167
          ],
          [
            12.5607215,
            44.0637203
          ],
          [
            12.5612123,
            44.0637164
          ],
          [
            12.5616779,
            44.0637127
          ],
          [
            12.5617486,
            44.0637086
          ],
          [
            12.5618031,
            44.0637449
          ]
        ]
      }
    },
    {
      "type": "Feature",
      "properties": {
        "id": 26555651,
        "highway": "cycleway",
        "cycleway": "",
        "name": "",
        "surface": "concrete",
        "lit": ""
      },
      "geometry": {
        "type": "LineString",
        "coordinates": [
          [
            12.5619951,
            44.0635478
          ],
          [
            12.5625146,
            44.0630874
          ],
          [
            12.5624804,
            44.0630602
          ],
          [
            12.562475,
            44.0629837
          ]
        ]
      }
    },
    {
      "type": "Feature",
      "properties": {
        "id": 26555653,
        "highway": "cycleway",
        "cycleway": "",
        "name": "",
        "surface": "fine_gravel",
        "lit": ""
      },
      "geometry": {
        "type": "LineString",
        "coordinates": [
          [
            12.559023,
            44.0629546
          ],
          [
            12.5593462,
            44.0629863
          ],
          [
            12.5597631,
            44.0630576
          ],
          [
            12.5603504,
            44.0630851
          ],
          [
            12.5607924,
            44.0631077
          ],
          [
            12.5610319,
            44.0631048
          ],
          [
            12.5612599,
            44.0631021
          ],
          [
            12.5613929,
            44.0631143
          ]
        ]
      }
    },
    {
      "type": "Feature",
      "properties": {
        "id": 26555654,
        "highway": "cycleway",
        "cycleway": "",
        "name": "",
        "surface": "ground",
        "lit": ""
      },
      "geometry": {
        "type": "LineString",
        "coordinates": [
          [
            12.5619951,
            44.0635478
          ],
          [
            12.5619306,
            44.0635122
          ],
          [
            12.5618751,
            44.0634405
          ],
          [
            12.5617501,
            44.0633287
          ],
          [
            12.5616565,
            44.0632682
          ],
          [
            12.5613929,
            44.0631143
          ]
        ]
      }
    },
    {
      "type": "Feature",
      "properties": {
        "id": 26566221,
        "highway": "cycleway",
        "cycleway": "",
        "name": "Percorso ciclo-pedonale Rosa Donini",
        "surface": "asphalt",
        "lit": ""
      },
      "geometry": {
        "type": "LineString",
        "coordinates": [
          [
            12.5727598,
            44.057002
          ],
          [
            12.5727638,
            44.0568611
          ],
          [
            12.5727894,
            44.0567135
          ],
          [
            12.5728409,
            44.0565417
          ],
          [
            12.5728964,
            44.0564097
          ],
          [
            12.5729138,
            44.0563533
          ]
        ]
      }
    },
    {
      "type": "Feature",
      "properties": {
        "id": 26601233,
        "highway": "cycleway",
        "cycleway": "",
        "name": "Percorso ciclo-pedonale Elisa Mini Imola",
        "surface": "asphalt",
        "lit": "yes"
      },
      "geometry": {
        "type": "LineString",
        "coordinates": [
          [
            12.5762331,
            44.0584869
          ],
          [
            12.576134,
            44.0585944
          ],
          [
            12.5756693,
            44.0588805
          ],
          [
            12.5755579,
            44.0589571
          ],
          [
            12.5755083,
            44.0589873
          ]
        ]
      }
    },
    {
      "type": "Feature",
      "properties": {
        "id": 26610616,
        "highway": "cycleway",
        "cycleway": "",
        "name": "",
        "surface": "fine_gravel",
        "lit": ""
      },
      "geometry": {
        "type": "LineString",
        "coordinates": [
          [
            12.5518294,
            44.0625677
          ],
          [
            12.5522155,
            44.0624982
          ],
          [
            12.5526017,
            44.0624287
          ],
          [
            12.5527679,
            44.0624068
          ],
          [
            12.5529334,
            44.0623714
          ],
          [
            12.5533123,
            44.0623437
          ],
          [
            12.5537448,
            44.062336
          ],
          [
            12.5541232,
            44.0623437
          ],
          [
            12.5544476,
            44.062336
          ],
          [
            12.5547873,
            44.0623114
          ],
          [
            12.5552122,
            44.062197
          ],
          [
            12.5556016,
            44.0620957
          ],
          [
            12.5558223,
            44.0620294
          ],
          [
            12.5559359,
            44.0619982
          ],
          [
            12.5560771,
            44.0619597
          ],
          [
            12.5561699,
            44.0619344
          ],
          [
            12.5563939,
            44.0618803
          ],
          [
            12.5565919,
            44.061833
          ],
          [
            12.5569297,
            44.0617255
          ],
          [
            12.557035,
            44.0618108
          ],
          [
            12.5571553,
            44.0619119
          ],
          [
            12.5573762,
            44.0619443
          ],
          [
            12.5574969,
            44.0619981
          ],
          [
            12.5578073,
            44.0621584
          ],
          [
            12.5579463,
            44.0624132
          ],
          [
            12.5580545,
            44.0626063
          ],
          [
            12.5581594,
            44.0626946
          ],
          [
            12.5582048,
            44.0627934
          ],
          [
            12.5582051,
            44.0629062
          ],
          [
            12.5583146,
            44.063167
          ],
          [
            12.5583869,
            44.0634752
          ]
        ]
      }
    },
    {
      "type": "Feature",
      "properties": {
        "id": 26610617,
        "highway": "cycleway",
        "cycleway": "",
        "name": "",
        "surface": "fine_gravel",
        "lit": ""
      },
      "geometry": {
        "type": "LineString",
        "coordinates": [
          [
            12.557035,
            44.0618108
          ],
          [
            12.5570427,
            44.0617259
          ],
          [
            12.5571663,
            44.0616641
          ],
          [
            12.5573207,
            44.06161
          ],
          [
            12.5573398,
            44.0615173
          ],
          [
            12.5573037,
            44.0614223
          ],
          [
            12.5572301,
            44.0612727
          ],
          [
            12.5571073,
            44.060984
          ],
          [
            12.5570727,
            44.0609083
          ],
          [
            12.557228,
            44.0608068
          ],
          [
            12.5574211,
            44.0607218
          ]
        ]
      }
    },
    {
      "type": "Feature",
      "properties": {
        "id": 26610618,
        "highway": "cycleway",
        "cycleway": "",
        "name": "",
        "surface": "fine_gravel",
        "lit": ""
      },
      "geometry": {
        "type": "LineString",
        "coordinates": [
          [
            12.5570727,
            44.0609083
          ],
          [
            12.5567183,
            44.060969
          ],
          [
            12.5563671,
            44.0610972
          ],
          [
            12.5562372,
            44.0611406
          ],
          [
            12.5561114,
            44.0611518
          ],
          [
            12.5558573,
            44.0611078
          ],
          [
            12.5556443,
            44.0611381
          ],
          [
            12.5554695,
            44.0611963
          ],
          [
            12.555413,
            44.0611234
          ],
          [
            12.5553744,
            44.0609612
          ],
          [
            12.555413,
            44.0607759
          ],
          [
            12.5554488,
            44.0606523
          ],
          [
            12.5555325,
            44.0605308
          ]
        ]
      }
    },
    {
      "type": "Feature",
      "properties": {
        "id": 26610619,
        "highway": "cycleway",
        "cycleway": "",
        "name": "",
        "surface": "fine_gravel",
        "lit": ""
      },
      "geometry": {
        "type": "LineString",
        "coordinates": [
          [
            12.5554695,
            44.0611963
          ],
          [
            12.55561,
            44.0613641
          ],
          [
            12.5556406,
            44.0614169
          ],
          [
            12.5556935,
            44.0615047
          ],
          [
            12.5558069,
            44.0616718
          ],
          [
            12.555861,
            44.0618726
          ],
          [
            12.5559359,
            44.0619982
          ]
        ]
      }
    },
    {
      "type": "Feature",
      "properties": {
        "id": 26610620,
        "highway": "cycleway",
        "cycleway": "",
        "name": "",
        "surface": "fine_gravel",
        "lit": ""
      },
      "geometry": {
        "type": "LineString",
        "coordinates": [
          [
            12.5547873,
            44.0623114
          ],
          [
            12.5547324,
            44.0625318
          ],
          [
            12.5547469,
            44.0627276
          ],
          [
            12.5548615,
            44.0629991
          ],
          [
            12.5549493,
            44.0631979
          ],
          [
            12.5550343,
            44.0633857
          ]
        ]
      }
    },
    {
      "type": "Feature",
      "properties": {
        "id": 26610622,
        "highway": "cycleway",
        "cycleway": "",
        "name": "",
        "surface": "ground",
        "lit": ""
      },
      "geometry": {
        "type": "LineString",
        "coordinates": [
          [
            12.5527679,
            44.0624068
          ],
          [
            12.5529044,
            44.0622847
          ],
          [
            12.5531118,
            44.0621685
          ],
          [
            12.5533687,
            44.0620391
          ],
          [
            12.5537311,
            44.0619458
          ],
          [
            12.5541676,
            44.061879
          ],
          [
            12.5545065,
            44.0618225
          ],
          [
            12.5549224,
            44.061725
          ],
          [
            12.5553486,
            44.0616244
          ],
          [
            12.5556935,
            44.0615047
          ]
        ]
      }
    },
    {
      "type": "Feature",
      "properties": {
        "id": 26610625,
        "highway": "cycleway",
        "cycleway": "",
        "name": "",
        "surface": "compacted",
        "lit": "no"
      },
      "geometry": {
        "type": "LineString",
        "coordinates": [
          [
            12.5457205,
            44.0598458
          ],
          [
            12.545539,
            44.0594834
          ],
          [
            12.5454351,
            44.0591252
          ],
          [
            12.5453686,
            44.0587053
          ],
          [
            12.5453556,
            44.0584826
          ],
          [
            12.5453668,
            44.0582194
          ],
          [
            12.5453861,
            44.0580372
          ],
          [
            12.5454546,
            44.0574407
          ],
          [
            12.5455169,
            44.0569572
          ],
          [
            12.5455403,
            44.0567436
          ]
        ]
      }
    },
    {
      "type": "Feature",
      "properties": {
        "id": 26610628,
        "highway": "cycleway",
        "cycleway": "",
        "name": "",
        "surface": "",
        "lit": ""
      },
      "geometry": {
        "type": "LineString",
        "coordinates": [
          [
            12.5450604,
            44.0599878
          ],
          [
            12.5448483,
            44.0599715
          ]
        ]
      }
    },
    {
      "type": "Feature",
      "properties": {
        "id": 26610629,
        "highway": "cycleway",
        "cycleway": "",
        "name": "Percorso ciclo-pedonale Alda Merini",
        "surface": "unpaved",
        "lit": ""
      },
      "geometry": {
        "type": "LineString",
        "coordinates": [
          [
            12.545568,
            44.056635
          ],
          [
            12.5456462,
            44.0559633
          ],
          [
            12.5457193,
            44.0554441
          ],
          [
            12.5457851,
            44.0550711
          ],
          [
            12.5458582,
            44.0546762
          ],
          [
            12.5460118,
            44.0542301
          ],
          [
            12.5462494,
            44.0538258
          ],
          [
            12.5465559,
            44.0534638
          ],
          [
            12.5477262,
            44.0523195
          ]
        ]
      }
    },
    {
      "type": "Feature",
      "properties": {
        "id": 26610632,
        "highway": "cycleway",
        "cycleway": "",
        "name": "Via Aldo Moro",
        "surface": "",
        "lit": ""
      },
      "geometry": {
        "type": "LineString",
        "coordinates": [
          [
            12.5477262,
            44.0523195
          ],
          [
            12.5472275,
            44.0521483
          ]
        ]
      }
    },
    {
      "type": "Feature",
      "properties": {
        "id": 26610635,
        "highway": "cycleway",
        "cycleway": "",
        "name": "Pista ciclo-pedonale Alda Merini",
        "surface": "unpaved",
        "lit": ""
      },
      "geometry": {
        "type": "LineString",
        "coordinates": [
          [
            12.5495177,
            44.0506012
          ],
          [
            12.549489,
            44.0505649
          ],
          [
            12.5500374,
            44.0500336
          ],
          [
            12.55049,
            44.0496082
          ],
          [
            12.5505637,
            44.0495512
          ],
          [
            12.5508086,
            44.0492956
          ],
          [
            12.5509897,
            44.0491339
          ],
          [
            12.5511675,
            44.0489551
          ],
          [
            12.5515478,
            44.0485906
          ],
          [
            12.5516887,
            44.0484691
          ],
          [
            12.5518102,
            44.0483495
          ],
          [
            12.5518761,
            44.048273
          ],
          [
            12.5520228,
            44.0481274
          ],
          [
            12.5529886,
            44.047193
          ],
          [
            12.5532499,
            44.0469499
          ],
          [
            12.553363,
            44.0468756
          ]
        ]
      }
    },
    {
      "type": "Feature",
      "properties": {
        "id": 26610636,
        "highway": "cycleway",
        "cycleway": "",
        "name": "",
        "surface": "",
        "lit": ""
      },
      "geometry": {
        "type": "LineString",
        "coordinates": [
          [
            12.5535032,
            44.0467944
          ],
          [
            12.5534721,
            44.0467514
          ],
          [
            12.5540573,
            44.0461896
          ],
          [
            12.5542324,
            44.0460508
          ],
          [
            12.554439,
            44.04592
          ],
          [
            12.5549324,
            44.0456863
          ],
          [
            12.555378,
            44.0455993
          ]
        ]
      }
    },
    {
      "type": "Feature",
      "properties": {
        "id": 29242821,
        "highway": "cycleway",
        "cycleway": "",
        "name": "",
        "surface": "",
        "lit": ""
      },
      "geometry": {
        "type": "LineString",
        "coordinates": [
          [
            12.53557,
            44.0598675
          ],
          [
            12.5355728,
            44.0597354
          ],
          [
            12.5355779,
            44.0595435
          ],
          [
            12.5358017,
            44.0589055
          ],
          [
            12.5363017,
            44.057428
          ],
          [
            12.5365965,
            44.056537
          ]
        ]
      }
    },
    {
      "type": "Feature",
      "properties": {
        "id": 29243397,
        "highway": "footway",
        "cycleway": "",
        "name": "Via Luci del varietà del 1950",
        "surface": "asphalt",
        "lit": ""
      },
      "geometry": {
        "type": "LineString",
        "coordinates": [
          [
            12.5767816,
            44.0720562
          ],
          [
            12.5771056,
            44.0718783
          ],
          [
            12.5771881,
            44.0718331
          ]
        ]
      }
    },
    {
      "type": "Feature",
      "properties": {
        "id": 30749637,
        "highway": "cycleway",
        "cycleway": "",
        "name": "",
        "surface": "compacted",
        "lit": ""
      },
      "geometry": {
        "type": "LineString",
        "coordinates": [
          [
            12.5032317,
            44.0607757
          ],
          [
            12.5034013,
            44.0606138
          ],
          [
            12.503459,
            44.0605463
          ],
          [
            12.5034238,
            44.0601452
          ],
          [
            12.5033981,
            44.0599416
          ],
          [
            12.5033809,
            44.0598306
          ],
          [
            12.503278,
            44.0594794
          ],
          [
            12.5030794,
            44.0591776
          ],
          [
            12.502948,
            44.05855
          ],
          [
            12.5026856,
            44.0577762
          ],
          [
            12.5024598,
            44.0574455
          ],
          [
            12.5020935,
            44.0572462
          ],
          [
            12.5017673,
            44.0570611
          ],
          [
            12.5017158,
            44.0570365
          ],
          [
            12.5015527,
            44.0568638
          ],
          [
            12.5013811,
            44.056506
          ],
          [
            12.5013467,
            44.0555376
          ],
          [
            12.5012952,
            44.0554327
          ],
          [
            12.5011064,
            44.0550873
          ],
          [
            12.5009248,
            44.0548
          ]
        ]
      }
    },
    {
      "type": "Feature",
      "properties": {
        "id": 30750149,
        "highway": "cycleway",
        "cycleway": "",
        "name": "",
        "surface": "compacted",
        "lit": ""
      },
      "geometry": {
        "type": "LineString",
        "coordinates": [
          [
            12.4984854,
            44.0512786
          ],
          [
            12.4982659,
            44.0513719
          ],
          [
            12.4981491,
            44.0514042
          ],
          [
            12.4975156,
            44.0512162
          ],
          [
            12.4970607,
            44.0510805
          ],
          [
            12.4961423,
            44.0507351
          ],
          [
            12.4957046,
            44.0505993
          ],
          [
            12.4942369,
            44.0501552
          ],
          [
            12.4937648,
            44.0499454
          ],
          [
            12.4928206,
            44.049748
          ],
          [
            12.4925202,
            44.0496185
          ],
          [
            12.4922495,
            44.0495026
          ],
          [
            12.4921168,
            44.0494458
          ],
          [
            12.4915641,
            44.0491961
          ],
          [
            12.4914201,
            44.0491524
          ],
          [
            12.4913045,
            44.0491606
          ]
        ]
      }
    },
    {
      "type": "Feature",
      "properties": {
        "id": 30750195,
        "highway": "cycleway",
        "cycleway": "",
        "name": "",
        "surface": "compacted",
        "lit": ""
      },
      "geometry": {
        "type": "LineString",
        "coordinates": [
          [
            12.4913045,
            44.0491606
          ],
          [
            12.4912898,
            44.0493138
          ],
          [
            12.4911984,
            44.0495506
          ],
          [
            12.4911555,
            44.0495887
          ],
          [
            12.4910525,
            44.0496802
          ],
          [
            12.4901513,
            44.0500071
          ],
          [
            12.4898852,
            44.050075
          ],
          [
            12.4879026,
            44.0505808
          ],
          [
            12.4871472,
            44.0508029
          ],
          [
            12.4854821,
            44.051099
          ],
          [
            12.485259,
            44.0511422
          ],
          [
            12.4845809,
            44.0514013
          ],
          [
            12.4838857,
            44.0515062
          ],
          [
            12.482374,
            44.0517113
          ],
          [
            12.4821108,
            44.051852
          ],
          [
            12.4818257,
            44.0519584
          ],
          [
            12.4813605,
            44.0520925
          ],
          [
            12.480804,
            44.0521497
          ],
          [
            12.4803619,
            44.0521518
          ],
          [
            12.4799649,
            44.0521301
          ],
          [
            12.4793366,
            44.0522156
          ],
          [
            12.4790105,
            44.0521107
          ],
          [
            12.4787358,
            44.0520675
          ],
          [
            12.4778089,
            44.0520675
          ],
          [
            12.4766416,
            44.051938
          ],
          [
            12.4755429,
            44.0516789
          ],
          [
            12.4753074,
            44.0515836
          ],
          [
            12.4750719,
            44.0514882
          ],
          [
            12.4747931,
            44.0513753
          ],
          [
            12.4738521,
            44.0509942
          ]
        ]
      }
    },
    {
      "type": "Feature",
      "properties": {
        "id": 30750380,
        "highway": "cycleway",
        "cycleway": "",
        "name": "",
        "surface": "compacted",
        "lit": ""
      },
      "geometry": {
        "type": "LineString",
        "coordinates": [
          [
            12.4738521,
            44.0509942
          ],
          [
            12.4733028,
            44.0508893
          ],
          [
            12.4732607,
            44.0508829
          ]
        ]
      }
    },
    {
      "type": "Feature",
      "properties": {
        "id": 31916501,
        "highway": "cycleway",
        "cycleway": "",
        "name": "",
        "surface": "wood",
        "lit": ""
      },
      "geometry": {
        "type": "LineString",
        "coordinates": [
          [
            12.5009248,
            44.0548
          ],
          [
            12.5008738,
            44.0547111
          ]
        ]
      }
    },
    {
      "type": "Feature",
      "properties": {
        "id": 31916503,
        "highway": "cycleway",
        "cycleway": "",
        "name": "",
        "surface": "compacted",
        "lit": ""
      },
      "geometry": {
        "type": "LineString",
        "coordinates": [
          [
            12.5008738,
            44.0547111
          ],
          [
            12.5008212,
            44.0542871
          ],
          [
            12.5006687,
            44.0538104
          ],
          [
            12.5004369,
            44.0531751
          ],
          [
            12.5001959,
            44.0526516
          ],
          [
            12.5000491,
            44.0524491
          ],
          [
            12.4995974,
            44.0520181
          ],
          [
            12.4984854,
            44.0512786
          ]
        ]
      }
    },
    {
      "type": "Feature",
      "properties": {
        "id": 37274510,
        "highway": "pedestrian",
        "cycleway": "",
        "name": "Piazza Malatesta",
        "surface": "paving_stones",
        "lit": "yes"
      },
      "geometry": {
        "type": "LineString",
        "coordinates": [
          [
            12.5648236,
            44.060876
          ],
          [
            12.5645822,
            44.0606289
          ],
          [
            12.5641712,
            44.0602054
          ],
          [
            12.5641832,
            44.0601482
          ],
          [
            12.5642279,
            44.0600865
          ],
          [
            12.5642855,
            44.0599789
          ],
          [
            12.5644508,
            44.059776
          ],
          [
            12.5644506,
            44.0596614
          ]
        ]
      }
    },
    {
      "type": "Feature",
      "properties": {
        "id": 37286953,
        "highway": "path",
        "cycleway": "",
        "name": "",
        "surface": "",
        "lit": "yes"
      },
      "geometry": {
        "type": "LineString",
        "coordinates": [
          [
            12.6112964,
            44.0355865
          ],
          [
            12.6113584,
            44.035561
          ],
          [
            12.6116226,
            44.0353387
          ]
        ]
      }
    },
    {
      "type": "Feature",
      "properties": {
        "id": 37334892,
        "highway": "cycleway",
        "cycleway": "",
        "name": "",
        "surface": "asphalt",
        "lit": "yes"
      },
      "geometry": {
        "type": "LineString",
        "coordinates": [
          [
            12.5702734,
            44.0554511
          ],
          [
            12.5700808,
            44.0552888
          ]
        ]
      }
    },
    {
      "type": "Feature",
      "properties": {
        "id": 37334893,
        "highway": "cycleway",
        "cycleway": "",
        "name": "",
        "surface": "asphalt",
        "lit": "yes"
      },
      "geometry": {
        "type": "LineString",
        "coordinates": [
          [
            12.5700808,
            44.0552888
          ],
          [
            12.569876,
            44.0551021
          ],
          [
            12.5696209,
            44.0548852
          ],
          [
            12.5695083,
            44.0547892
          ],
          [
            12.5692756,
            44.0545906
          ],
          [
            12.5689789,
            44.0543366
          ],
          [
            12.5686492,
            44.054049
          ],
          [
            12.5685947,
            44.0539939
          ],
          [
            12.5683227,
            44.0537964
          ],
          [
            12.5681495,
            44.0536369
          ],
          [
            12.5681033,
            44.0535944
          ],
          [
            12.5679163,
            44.0534707
          ],
          [
            12.5677644,
            44.0532942
          ],
          [
            12.5676992,
            44.0530846
          ],
          [
            12.5676665,
            44.0529621
          ],
          [
            12.5676441,
            44.052878
          ],
          [
            12.5676474,
            44.0527251
          ],
          [
            12.5676388,
            44.0525657
          ],
          [
            12.5676614,
            44.0523351
          ],
          [
            12.5676896,
            44.0522249
          ],
          [
            12.5677391,
            44.0520467
          ],
          [
            12.5678294,
            44.0518282
          ],
          [
            12.5679171,
            44.0516494
          ],
          [
            12.5680305,
            44.0514827
          ],
          [
            12.5681263,
            44.0514177
          ],
          [
            12.5682047,
            44.0513892
          ],
          [
            12.568542,
            44.0513043
          ],
          [
            12.5686441,
            44.0512468
          ],
          [
            12.5687327,
            44.0511819
          ],
          [
            12.568776,
            44.0511131
          ],
          [
            12.5688043,
            44.050989
          ],
          [
            12.5688374,
            44.0508809
          ],
          [
            12.5688569,
            44.0508311
          ]
        ]
      }
    },
    {
      "type": "Feature",
      "properties": {
        "id": 37337974,
        "highway": "cycleway",
        "cycleway": "",
        "name": "",
        "surface": "",
        "lit": ""
      },
      "geometry": {
        "type": "LineString",
        "coordinates": [
          [
            12.6213866,
            44.0262075
          ],
          [
            12.6213692,
            44.0262484
          ],
          [
            12.6213975,
            44.0262695
          ],
          [
            12.6214263,
            44.0262908
          ],
          [
            12.6214972,
            44.0263441
          ],
          [
            12.6215567,
            44.0263888
          ],
          [
            12.6221772,
            44.0268555
          ],
          [
            12.6221506,
            44.0269246
          ],
          [
            12.6221779,
            44.026941
          ],
          [
            12.6220665,
            44.0270282
          ]
        ]
      }
    },
    {
      "type": "Feature",
      "properties": {
        "id": 37337978,
        "highway": "cycleway",
        "cycleway": "",
        "name": "",
        "surface": "asphalt",
        "lit": "yes"
      },
      "geometry": {
        "type": "LineString",
        "coordinates": [
          [
            12.6262419,
            44.0275562
          ],
          [
            12.626395,
            44.0275214
          ],
          [
            12.6265141,
            44.027462
          ],
          [
            12.6268289,
            44.0272174
          ],
          [
            12.6269109,
            44.0271785
          ],
          [
            12.627036,
            44.0270724
          ],
          [
            12.6297575,
            44.0249293
          ],
          [
            12.6303871,
            44.0244378
          ],
          [
            12.6305443,
            44.024315
          ],
          [
            12.6307132,
            44.0241832
          ]
        ]
      }
    },
    {
      "type": "Feature",
      "properties": {
        "id": 37628494,
        "highway": "cycleway",
        "cycleway": "",
        "name": "Via Lagomaggio",
        "surface": "paving_stones",
        "lit": ""
      },
      "geometry": {
        "type": "LineString",
        "coordinates": [
          [
            12.5939536,
            44.0535771
          ],
          [
            12.5939988,
            44.0535277
          ],
          [
            12.5938971,
            44.0534666
          ],
          [
            12.593783,
            44.0533977
          ],
          [
            12.5933699,
            44.0531937
          ]
        ]
      }
    },
    {
      "type": "Feature",
      "properties": {
        "id": 37628496,
        "highway": "path",
        "cycleway": "",
        "name": "Via Corrado Ricci",
        "surface": "",
        "lit": ""
      },
      "geometry": {
        "type": "LineString",
        "coordinates": [
          [
            12.5874196,
            44.0513526
          ],
          [
            12.587422,
            44.0508063
          ]
        ]
      }
    },
    {
      "type": "Feature",
      "properties": {
        "id": 42076916,
        "highway": "cycleway",
        "cycleway": "",
        "name": "",
        "surface": "asphalt",
        "lit": ""
      },
      "geometry": {
        "type": "LineString",
        "coordinates": [
          [
            12.5800321,
            44.0624003
          ],
          [
            12.5803539,
            44.0623531
          ]
        ]
      }
    },
    {
      "type": "Feature",
      "properties": {
        "id": 42076921,
        "highway": "cycleway",
        "cycleway": "",
        "name": "",
        "surface": "asphalt",
        "lit": ""
      },
      "geometry": {
        "type": "LineString",
        "coordinates": [
          [
            12.5808257,
            44.063245
          ],
          [
            12.5807481,
            44.0632626
          ],
          [
            12.5804906,
            44.0634445
          ]
        ]
      }
    },
    {
      "type": "Feature",
      "properties": {
        "id": 42320485,
        "highway": "cycleway",
        "cycleway": "",
        "name": "",
        "surface": "",
        "lit": ""
      },
      "geometry": {
        "type": "LineString",
        "coordinates": [
          [
            12.5873431,
            44.0351425
          ],
          [
            12.5874079,
            44.0351762
          ],
          [
            12.5873946,
            44.0352549
          ],
          [
            12.5874253,
            44.035298
          ],
          [
            12.587472,
            44.0353541
          ],
          [
            12.5875125,
            44.0354129
          ],
          [
            12.5875432,
            44.0354989
          ],
          [
            12.5875353,
            44.0355893
          ],
          [
            12.5875125,
            44.0356607
          ],
          [
            12.587552,
            44.0357536
          ],
          [
            12.5881893,
            44.036342
          ],
          [
            12.5880866,
            44.0364086
          ],
          [
            12.588022,
            44.036445
          ],
          [
            12.5880427,
            44.0365149
          ],
          [
            12.5892348,
            44.0374042
          ],
          [
            12.5892717,
            44.037449
          ],
          [
            12.5890516,
            44.0376183
          ],
          [
            12.5890472,
            44.0376732
          ]
        ]
      }
    },
    {
      "type": "Feature",
      "properties": {
        "id": 42321026,
        "highway": "cycleway",
        "cycleway": "",
        "name": "",
        "surface": "",
        "lit": ""
      },
      "geometry": {
        "type": "LineString",
        "coordinates": [
          [
            12.5876904,
            44.0406638
          ],
          [
            12.5876525,
            44.0406592
          ],
          [
            12.5876014,
            44.0406853
          ],
          [
            12.5875607,
            44.0408462
          ],
          [
            12.5875171,
            44.040904
          ],
          [
            12.5874126,
            44.040953
          ],
          [
            12.5873216,
            44.040984
          ],
          [
            12.5872296,
            44.0409954
          ],
          [
            12.5871419,
            44.040989
          ],
          [
            12.5870593,
            44.0409653
          ],
          [
            12.586885,
            44.0409746
          ],
          [
            12.5867497,
            44.0410317
          ],
          [
            12.5859999,
            44.0410735
          ],
          [
            12.5854415,
            44.0411047
          ],
          [
            12.5845496,
            44.0410272
          ],
          [
            12.5844504,
            44.0409822
          ],
          [
            12.5843942,
            44.0409064
          ],
          [
            12.5843264,
            44.0408536
          ],
          [
            12.5842786,
            44.0408304
          ],
          [
            12.5842063,
            44.040814
          ],
          [
            12.5841323,
            44.0407808
          ],
          [
            12.5840919,
            44.0407338
          ],
          [
            12.5840831,
            44.0406836
          ],
          [
            12.5840962,
            44.040618
          ],
          [
            12.5841481,
            44.0405425
          ],
          [
            12.5842256,
            44.0404652
          ],
          [
            12.5842365,
            44.0404347
          ],
          [
            12.5842254,
            44.0404031
          ],
          [
            12.5841892,
            44.0403849
          ],
          [
            12.584119,
            44.0403849
          ],
          [
            12.5840371,
            44.0403919
          ],
          [
            12.5833077,
            44.0402875
          ],
          [
            12.5832217,
            44.0403228
          ],
          [
            12.5821238,
            44.0401615
          ],
          [
            12.5820914,
            44.0401945
          ],
          [
            12.5820215,
            44.0402332
          ],
          [
            12.5819129,
            44.0402621
          ],
          [
            12.5818006,
            44.0402758
          ],
          [
            12.5816789,
            44.0402714
          ],
          [
            12.5809418,
            44.0401722
          ],
          [
            12.5808842,
            44.0401348
          ],
          [
            12.5807974,
            44.0401539
          ],
          [
            12.5807561,
            44.0401491
          ]
        ]
      }
    },
    {
      "type": "Feature",
      "properties": {
        "id": 42381367,
        "highway": "cycleway",
        "cycleway": "",
        "name": "",
        "surface": "asphalt",
        "lit": ""
      },
      "geometry": {
        "type": "LineString",
        "coordinates": [
          [
            12.5801678,
            44.0482327
          ],
          [
            12.5801058,
            44.0482089
          ],
          [
            12.5800657,
            44.0482125
          ],
          [
            12.5798527,
            44.0483468
          ],
          [
            12.5789453,
            44.0489096
          ],
          [
            12.5784503,
            44.0492167
          ],
          [
            12.5776219,
            44.0497171
          ],
          [
            12.5770107,
            44.0501018
          ],
          [
            12.5769854,
            44.0501467
          ],
          [
            12.5769792,
            44.0501898
          ],
          [
            12.5770475,
            44.0502671
          ],
          [
            12.5769745,
            44.0503095
          ],
          [
            12.5769279,
            44.0503306
          ],
          [
            12.5768735,
            44.0502893
          ],
          [
            12.5768266,
            44.0502704
          ],
          [
            12.5767631,
            44.0502745
          ],
          [
            12.5764038,
            44.050515
          ],
          [
            12.5760981,
            44.0507106
          ],
          [
            12.5756367,
            44.0510058
          ],
          [
            12.575353,
            44.0511736
          ],
          [
            12.5751386,
            44.0513126
          ],
          [
            12.5749639,
            44.0514258
          ],
          [
            12.5748083,
            44.0515396
          ],
          [
            12.574697,
            44.0516443
          ],
          [
            12.5745951,
            44.0517919
          ],
          [
            12.574578,
            44.0518459
          ],
          [
            12.5745876,
            44.051889
          ],
          [
            12.574621,
            44.0519164
          ]
        ]
      }
    },
    {
      "type": "Feature",
      "properties": {
        "id": 42381368,
        "highway": "cycleway",
        "cycleway": "",
        "name": "",
        "surface": "",
        "lit": ""
      },
      "geometry": {
        "type": "LineString",
        "coordinates": [
          [
            12.5745244,
            44.0548375
          ],
          [
            12.5754778,
            44.0557701
          ],
          [
            12.5759206,
            44.0561853
          ],
          [
            12.5764356,
            44.0566611
          ],
          [
            12.5768889,
            44.0570895
          ],
          [
            12.5774646,
            44.0576189
          ],
          [
            12.5778496,
            44.0579068
          ],
          [
            12.5780026,
            44.0580212
          ],
          [
            12.5780778,
            44.0580422
          ]
        ]
      }
    },
    {
      "type": "Feature",
      "properties": {
        "id": 88192018,
        "highway": "cycleway",
        "cycleway": "",
        "name": "Lungomare Augusto Murri",
        "surface": "concrete",
        "lit": ""
      },
      "geometry": {
        "type": "LineString",
        "coordinates": [
          [
            12.5858531,
            44.0643627
          ],
          [
            12.5855354,
            44.0645082
          ],
          [
            12.5853373,
            44.0647325
          ],
          [
            12.5849408,
            44.065112
          ],
          [
            12.5845627,
            44.0654798
          ],
          [
            12.5845015,
            44.0655393
          ],
          [
            12.5838181,
            44.0662041
          ],
          [
            12.5834344,
            44.0665774
          ],
          [
            12.5833493,
            44.0666603
          ],
          [
            12.5831911,
            44.0669854
          ],
          [
            12.5829274,
            44.0672611
          ],
          [
            12.5828374,
            44.0673598
          ]
        ]
      }
    },
    {
      "type": "Feature",
      "properties": {
        "id": 88192020,
        "highway": "cycleway",
        "cycleway": "",
        "name": "Lungomare Augusto Murri",
        "surface": "concrete",
        "lit": "yes"
      },
      "geometry": {
        "type": "LineString",
        "coordinates": [
          [
            12.5905477,
            44.0599451
          ],
          [
            12.5905021,
            44.059921
          ],
          [
            12.5902763,
            44.0600464
          ],
          [
            12.5901373,
            44.0601257
          ],
          [
            12.5898513,
            44.0603581
          ],
          [
            12.5896571,
            44.0605385
          ],
          [
            12.5894637,
            44.0607181
          ],
          [
            12.58931,
            44.0608633
          ],
          [
            12.5889393,
            44.0612133
          ],
          [
            12.5887514,
            44.0613944
          ],
          [
            12.5885026,
            44.0616342
          ],
          [
            12.588348,
            44.0617856
          ],
          [
            12.5880978,
            44.061951
          ],
          [
            12.5879813,
            44.0620316
          ],
          [
            12.5879,
            44.0621083
          ],
          [
            12.5878151,
            44.0621884
          ],
          [
            12.5877195,
            44.0623226
          ],
          [
            12.5876176,
            44.0624656
          ],
          [
            12.5873588,
            44.0627222
          ],
          [
            12.5871798,
            44.0628996
          ],
          [
            12.587131,
            44.062948
          ],
          [
            12.5870758,
            44.0630097
          ],
          [
            12.5870393,
            44.0630505
          ],
          [
            12.587004,
            44.0631163
          ],
          [
            12.5868565,
            44.0633588
          ],
          [
            12.5867638,
            44.0634682
          ],
          [
            12.5866131,
            44.0635869
          ]
        ]
      }
    },
    {
      "type": "Feature",
      "properties": {
        "id": 88192023,
        "highway": "cycleway",
        "cycleway": "",
        "name": "Lungomare Claudio Tintori",
        "surface": "paved",
        "lit": ""
      },
      "geometry": {
        "type": "LineString",
        "coordinates": [
          [
            12.5822839,
            44.0679065
          ],
          [
            12.5820883,
            44.0680268
          ],
          [
            12.5819475,
            44.0681282
          ],
          [
            12.5818826,
            44.0682247
          ],
          [
            12.5818802,
            44.0682268
          ],
          [
            12.5815874,
            44.0684825
          ],
          [
            12.5815074,
            44.0686019
          ],
          [
            12.5815058,
            44.0686043
          ],
          [
            12.5814257,
            44.0687246
          ],
          [
            12.5811575,
            44.0690059
          ],
          [
            12.5810251,
            44.0691332
          ],
          [
            12.5807797,
            44.0694773
          ],
          [
            12.5807239,
            44.0695384
          ],
          [
            12.5805788,
            44.0696867
          ],
          [
            12.5804108,
            44.0698325
          ],
          [
            12.5802536,
            44.0700329
          ],
          [
            12.5801916,
            44.0701445
          ],
          [
            12.5801475,
            44.0702238
          ],
          [
            12.5800368,
            44.0703521
          ],
          [
            12.579685,
            44.0706517
          ],
          [
            12.5795109,
            44.0708606
          ],
          [
            12.5794645,
            44.070921
          ],
          [
            12.5794186,
            44.0709807
          ],
          [
            12.579213,
            44.0712481
          ],
          [
            12.579146,
            44.071417
          ],
          [
            12.5790789,
            44.0715337
          ],
          [
            12.5789847,
            44.0716318
          ],
          [
            12.5789455,
            44.0717005
          ]
        ]
      }
    },
    {
      "type": "Feature",
      "properties": {
        "id": 88541188,
        "highway": "cycleway",
        "cycleway": "",
        "name": "Viale Giovanni Pascoli",
        "surface": "paving_stones",
        "lit": "yes"
      },
      "geometry": {
        "type": "LineString",
        "coordinates": [
          [
            12.5880113,
            44.0577455
          ],
          [
            12.5880291,
            44.0577566
          ],
          [
            12.5883637,
            44.0579691
          ]
        ]
      }
    },
    {
      "type": "Feature",
      "properties": {
        "id": 89019215,
        "highway": "footway",
        "cycleway": "",
        "name": "Via Giulietta Masina",
        "surface": "",
        "lit": ""
      },
      "geometry": {
        "type": "LineString",
        "coordinates": [
          [
            12.5762301,
            44.0715383
          ],
          [
            12.5766519,
            44.0713067
          ],
          [
            12.5770272,
            44.0711007
          ]
        ]
      }
    },
    {
      "type": "Feature",
      "properties": {
        "id": 89305253,
        "highway": "cycleway",
        "cycleway": "",
        "name": "",
        "surface": "",
        "lit": ""
      },
      "geometry": {
        "type": "LineString",
        "coordinates": [
          [
            12.5803394,
            44.0691354
          ],
          [
            12.5806008,
            44.0691999
          ],
          [
            12.5806982,
            44.0692801
          ],
          [
            12.5807797,
            44.0694773
          ]
        ]
      }
    },
    {
      "type": "Feature",
      "properties": {
        "id": 89457992,
        "highway": "cycleway",
        "cycleway": "",
        "name": "",
        "surface": "fine_gravel",
        "lit": ""
      },
      "geometry": {
        "type": "LineString",
        "coordinates": [
          [
            12.5880812,
            44.0558655
          ],
          [
            12.5881061,
            44.0560491
          ],
          [
            12.5881162,
            44.0561383
          ],
          [
            12.5881307,
            44.0563065
          ],
          [
            12.588118,
            44.0564165
          ]
        ]
      }
    },
    {
      "type": "Feature",
      "properties": {
        "id": 89466147,
        "highway": "cycleway",
        "cycleway": "",
        "name": "",
        "surface": "",
        "lit": ""
      },
      "geometry": {
        "type": "LineString",
        "coordinates": [
          [
            12.5963403,
            44.0451747
          ],
          [
            12.5963456,
            44.0451416
          ],
          [
            12.5964349,
            44.0447282
          ],
          [
            12.5964408,
            44.0445897
          ],
          [
            12.5964649,
            44.0445092
          ],
          [
            12.5964704,
            44.0444906
          ],
          [
            12.5965211,
            44.0444066
          ],
          [
            12.5966515,
            44.0442417
          ],
          [
            12.596784,
            44.0440817
          ],
          [
            12.5969851,
            44.0438065
          ],
          [
            12.597228,
            44.0434324
          ],
          [
            12.5973312,
            44.043255
          ],
          [
            12.5974674,
            44.0430823
          ],
          [
            12.5977611,
            44.0427194
          ],
          [
            12.598026,
            44.0423413
          ],
          [
            12.5982357,
            44.0420377
          ],
          [
            12.5985147,
            44.0417585
          ]
        ]
      }
    },
    {
      "type": "Feature",
      "properties": {
        "id": 89704769,
        "highway": "path",
        "cycleway": "",
        "name": "",
        "surface": "asphalt",
        "lit": ""
      },
      "geometry": {
        "type": "LineString",
        "coordinates": [
          [
            12.5696338,
            44.0442075
          ],
          [
            12.5697039,
            44.0442062
          ],
          [
            12.5697153,
            44.0442054
          ],
          [
            12.5697506,
            44.0441829
          ],
          [
            12.5698052,
            44.0442202
          ]
        ]
      }
    },
    {
      "type": "Feature",
      "properties": {
        "id": 90101272,
        "highway": "path",
        "cycleway": "",
        "name": "",
        "surface": "paving_stones",
        "lit": ""
      },
      "geometry": {
        "type": "LineString",
        "coordinates": [
          [
            12.6200894,
            44.0259152
          ],
          [
            12.6202928,
            44.0260593
          ]
        ]
      }
    },
    {
      "type": "Feature",
      "properties": {
        "id": 90101275,
        "highway": "path",
        "cycleway": "",
        "name": "",
        "surface": "paving_stones",
        "lit": "yes"
      },
      "geometry": {
        "type": "LineString",
        "coordinates": [
          [
            12.6182018,
            44.027012
          ],
          [
            12.6182756,
            44.0270196
          ],
          [
            12.6183488,
            44.0269659
          ],
          [
            12.6187727,
            44.0266726
          ],
          [
            12.6193251,
            44.0263016
          ],
          [
            12.6193903,
            44.0263506
          ],
          [
            12.6199983,
            44.0259404
          ],
          [
            12.6200894,
            44.0259152
          ],
          [
            12.6202351,
            44.025858
          ],
          [
            12.6206035,
            44.0256149
          ],
          [
            12.6210207,
            44.0253525
          ],
          [
            12.6214419,
            44.0250646
          ],
          [
            12.6214608,
            44.025054
          ],
          [
            12.6217545,
            44.0248793
          ],
          [
            12.6220375,
            44.0246816
          ],
          [
            12.6222188,
            44.0245611
          ],
          [
            12.62266,
            44.0242877
          ],
          [
            12.6228685,
            44.024146
          ],
          [
            12.6232519,
            44.0238934
          ],
          [
            12.62359,
            44.0236551
          ],
          [
            12.6240134,
            44.023366
          ],
          [
            12.624231,
            44.0232174
          ]
        ]
      }
    },
    {
      "type": "Feature",
      "properties": {
        "id": 90101277,
        "highway": "path",
        "cycleway": "",
        "name": "",
        "surface": "paving_stones",
        "lit": "yes"
      },
      "geometry": {
        "type": "LineString",
        "coordinates": [
          [
            12.6211892,
            44.0248249
          ],
          [
            12.6214419,
            44.0250646
          ]
        ]
      }
    },
    {
      "type": "Feature",
      "properties": {
        "id": 90101290,
        "highway": "path",
        "cycleway": "",
        "name": "",
        "surface": "paving_stones",
        "lit": ""
      },
      "geometry": {
        "type": "LineString",
        "coordinates": [
          [
            12.6202337,
            44.0253437
          ],
          [
            12.6202682,
            44.025365
          ],
          [
            12.6203369,
            44.0254168
          ],
          [
            12.6206035,
            44.0256149
          ],
          [
            12.6209609,
            44.0258846
          ],
          [
            12.6213712,
            44.026196
          ],
          [
            12.6213866,
            44.0262075
          ],
          [
            12.6215332,
            44.026316
          ]
        ]
      }
    },
    {
      "type": "Feature",
      "properties": {
        "id": 96851061,
        "highway": "path",
        "cycleway": "",
        "name": "Ciclabile sul Marecchia di Rimini",
        "surface": "compacted",
        "lit": "no"
      },
      "geometry": {
        "type": "LineString",
        "coordinates": [
          [
            12.5604891,
            44.0736752
          ],
          [
            12.5605229,
            44.0736633
          ],
          [
            12.5605603,
            44.0737026
          ],
          [
            12.5608324,
            44.0739565
          ],
          [
            12.560855,
            44.0739784
          ],
          [
            12.5608684,
            44.0739908
          ],
          [
            12.5608932,
            44.0739929
          ],
          [
            12.5608999,
            44.0739853
          ],
          [
            12.560898,
            44.073964
          ],
          [
            12.5608707,
            44.0739043
          ],
          [
            12.5606092,
            44.073601
          ],
          [
            12.5604601,
            44.073417
          ],
          [
            12.5602727,
            44.0732467
          ],
          [
            12.5600395,
            44.0730516
          ],
          [
            12.5598751,
            44.0729252
          ],
          [
            12.5588571,
            44.071725
          ],
          [
            12.5588285,
            44.0716701
          ],
          [
            12.5588399,
            44.071655
          ],
          [
            12.5588763,
            44.0716591
          ],
          [
            12.5590674,
            44.0718088
          ],
          [
            12.5591218,
            44.0718377
          ],
          [
            12.5591353,
            44.0718303
          ],
          [
            12.5591114,
            44.071769
          ],
          [
            12.5588285,
            44.0714627
          ],
          [
            12.5585723,
            44.0712113
          ],
          [
            12.5582052,
            44.0707841
          ],
          [
            12.5580492,
            44.0705559
          ],
          [
            12.557905,
            44.0704104
          ],
          [
            12.5571819,
            44.0697502
          ],
          [
            12.5567725,
            44.0693765
          ],
          [
            12.5554323,
            44.0682883
          ],
          [
            12.5550672,
            44.0680313
          ],
          [
            12.5550498,
            44.0680045
          ],
          [
            12.5550995,
            44.0679956
          ],
          [
            12.5554174,
            44.0681526
          ],
          [
            12.5554572,
            44.0681419
          ],
          [
            12.5554522,
            44.0681098
          ],
          [
            12.5553653,
            44.0680384
          ],
          [
            12.5550423,
            44.0678171
          ],
          [
            12.554937,
            44.0677286
          ],
          [
            12.5547425,
            44.0676096
          ],
          [
            12.5545605,
            44.0675438
          ],
          [
            12.554371,
            44.0674522
          ],
          [
            12.5528743,
            44.0665648
          ],
          [
            12.5524483,
            44.0663285
          ],
          [
            12.5512175,
            44.0656214
          ],
          [
            12.5511552,
            44.0655748
          ],
          [
            12.5509634,
            44.065505
          ],
          [
            12.5508488,
            44.0654961
          ],
          [
            12.5507979,
            44.0654703
          ]
        ]
      }
    },
    {
      "type": "Feature",
      "properties": {
        "id": 96851652,
        "highway": "cycleway",
        "cycleway": "",
        "name": "",
        "surface": "fine_gravel",
        "lit": ""
      },
      "geometry": {
        "type": "LineString",
        "coordinates": [
          [
            12.5507979,
            44.0654703
          ],
          [
            12.5506744,
            44.0654083
          ],
          [
            12.5505498,
            44.0653242
          ],
          [
            12.5504277,
            44.0652096
          ],
          [
            12.5502494,
            44.0651366
          ],
          [
            12.5491658,
            44.0646278
          ],
          [
            12.5470357,
            44.064015
          ],
          [
            12.5466303,
            44.0638938
          ],
          [
            12.546553,
            44.0638707
          ],
          [
            12.5456722,
            44.0635036
          ],
          [
            12.5439985,
            44.0627921
          ],
          [
            12.5433615,
            44.0625771
          ],
          [
            12.5433103,
            44.0625515
          ],
          [
            12.5431741,
            44.0624832
          ],
          [
            12.542945,
            44.0624073
          ],
          [
            12.5425398,
            44.062306
          ],
          [
            12.5419796,
            44.0621997
          ],
          [
            12.5416695,
            44.0621085
          ],
          [
            12.5414863,
            44.0620148
          ],
          [
            12.5412573,
            44.0619389
          ],
          [
            12.5411199,
            44.0619338
          ],
          [
            12.5409332,
            44.0619566
          ],
          [
            12.5407922,
            44.0619161
          ],
          [
            12.5402531,
            44.0617237
          ],
          [
            12.5393265,
            44.0614401
          ],
          [
            12.5389248,
            44.0613262
          ],
          [
            12.5383681,
            44.0612451
          ],
          [
            12.5378537,
            44.0612147
          ],
          [
            12.5375612,
            44.0612325
          ],
          [
            12.5370221,
            44.0613388
          ],
          [
            12.5365218,
            44.0614781
          ],
          [
            12.5358735,
            44.0616553
          ],
          [
            12.5353027,
            44.0617794
          ],
          [
            12.5350596,
            44.0617996
          ],
          [
            12.5347495,
            44.0618022
          ],
          [
            12.5345099,
            44.0618452
          ],
          [
            12.5335982,
            44.0620914
          ],
          [
            12.5331781,
            44.0621667
          ],
          [
            12.5327658,
            44.0622807
          ],
          [
            12.5320858,
            44.0625136
          ],
          [
            12.531313,
            44.0628238
          ],
          [
            12.531071,
            44.0629719
          ],
          [
            12.5308843,
            44.0631061
          ],
          [
            12.530694,
            44.0632073
          ],
          [
            12.5299379,
            44.0635601
          ],
          [
            12.5290385,
            44.0639648
          ],
          [
            12.5286504,
            44.0641087
          ],
          [
            12.5283333,
            44.0642555
          ],
          [
            12.5282276,
            44.0643543
          ],
          [
            12.5281431,
            44.064491
          ],
          [
            12.5280937,
            44.0646277
          ],
          [
            12.5279986,
            44.0647366
          ],
          [
            12.527826,
            44.0648024
          ],
          [
            12.5276216,
            44.0648328
          ],
          [
            12.5274172,
            44.0648125
          ],
          [
            12.527118,
            44.0647434
          ],
          [
            12.52694,
            44.0646834
          ],
          [
            12.5268498,
            44.0646664
          ],
          [
            12.5265152,
            44.0646682
          ],
          [
            12.5260803,
            44.0647012
          ],
          [
            12.5256861,
            44.0647471
          ],
          [
            12.5253676,
            44.0648281
          ],
          [
            12.5251827,
            44.0649055
          ],
          [
            12.5250814,
            44.0649832
          ],
          [
            12.5248715,
            44.0651975
          ],
          [
            12.524713,
            44.0652906
          ],
          [
            12.5237798,
            44.0657205
          ],
          [
            12.5231914,
            44.0659413
          ],
          [
            12.522058,
            44.0663444
          ],
          [
            12.521689,
            44.0663457
          ],
          [
            12.5214803,
            44.0663371
          ],
          [
            12.521136,
            44.0663439
          ],
          [
            12.5203099,
            44.066381
          ],
          [
            12.5194452,
            44.0664156
          ],
          [
            12.518057,
            44.0664791
          ],
          [
            12.5172639,
            44.0665148
          ],
          [
            12.5165528,
            44.0665296
          ],
          [
            12.516214,
            44.0665493
          ],
          [
            12.5159403,
            44.0666375
          ],
          [
            12.5150655,
            44.0669454
          ],
          [
            12.5137769,
            44.067407
          ],
          [
            12.5131931,
            44.0676367
          ],
          [
            12.5129654,
            44.0677516
          ],
          [
            12.5128122,
            44.0677192
          ],
          [
            12.5120416,
            44.0677315
          ],
          [
            12.5114835,
            44.067711
          ],
          [
            12.5109071,
            44.0676657
          ],
          [
            12.5102658,
            44.0675796
          ],
          [
            12.5098494,
            44.0675832
          ],
          [
            12.5090936,
            44.0676343
          ],
          [
            12.5082873,
            44.0677212
          ],
          [
            12.5079556,
            44.0677101
          ],
          [
            12.5076452,
            44.0676652
          ],
          [
            12.5073574,
            44.0676253
          ],
          [
            12.5070877,
            44.0675543
          ],
          [
            12.506853,
            44.0674787
          ],
          [
            12.5066689,
            44.0674032
          ],
          [
            12.5063531,
            44.0672504
          ],
          [
            12.5060662,
            44.0670821
          ],
          [
            12.5053599,
            44.0665936
          ],
          [
            12.5044694,
            44.065869
          ],
          [
            12.503182,
            44.0648745
          ],
          [
            12.5021627,
            44.0638492
          ],
          [
            12.5020082,
            44.0636879
          ],
          [
            12.5019047,
            44.0635208
          ],
          [
            12.5016371,
            44.0629221
          ],
          [
            12.5013541,
            44.0623063
          ],
          [
            12.5013605,
            44.0621228
          ],
          [
            12.5014141,
            44.0620351
          ],
          [
            12.5014329,
            44.0619388
          ],
          [
            12.5011754,
            44.0616101
          ],
          [
            12.50104,
            44.0614685
          ],
          [
            12.5009021,
            44.0614216
          ],
          [
            12.5006396,
            44.0610001
          ],
          [
            12.5004512,
            44.0604397
          ],
          [
            12.5003781,
            44.0601458
          ],
          [
            12.5003117,
            44.0600113
          ],
          [
            12.5002058,
            44.059887
          ],
          [
            12.5000002,
            44.0596139
          ],
          [
            12.500016,
            44.0592437
          ],
          [
            12.4999899,
            44.0588399
          ],
          [
            12.4998289,
            44.0582038
          ],
          [
            12.4994891,
            44.0575271
          ],
          [
            12.4979356,
            44.055029
          ],
          [
            12.4968412,
            44.0537413
          ],
          [
            12.4959518,
            44.0532746
          ],
          [
            12.4957043,
            44.0532012
          ],
          [
            12.4954234,
            44.0531179
          ],
          [
            12.4947828,
            44.0530272
          ],
          [
            12.4933994,
            44.0528899
          ],
          [
            12.4923051,
            44.0526397
          ],
          [
            12.4918312,
            44.0526787
          ],
          [
            12.4915098,
            44.0527624
          ],
          [
            12.4912607,
            44.0528535
          ],
          [
            12.4903534,
            44.0528814
          ],
          [
            12.4900407,
            44.0529738
          ],
          [
            12.4896588,
            44.0530295
          ],
          [
            12.4893075,
            44.0530485
          ],
          [
            12.4884008,
            44.0530939
          ],
          [
            12.4871083,
            44.0529827
          ],
          [
            12.4856326,
            44.0530444
          ],
          [
            12.4850283,
            44.0531132
          ],
          [
            12.4841469,
            44.0533226
          ],
          [
            12.4832451,
            44.0535356
          ],
          [
            12.4829167,
            44.0536003
          ],
          [
            12.4825344,
            44.0536611
          ],
          [
            12.4819838,
            44.0537291
          ],
          [
            12.4811173,
            44.0537699
          ],
          [
            12.4802317,
            44.0537443
          ],
          [
            12.48,
            44.05376
          ],
          [
            12.4799178,
            44.0538314
          ],
          [
            12.4799052,
            44.0540479
          ],
          [
            12.4798961,
            44.0542176
          ],
          [
            12.4798461,
            44.0543835
          ],
          [
            12.4797602,
            44.0545435
          ],
          [
            12.4795864,
            44.0545685
          ],
          [
            12.479232,
            44.0545382
          ],
          [
            12.478853,
            44.0545236
          ],
          [
            12.4785429,
            44.0545342
          ],
          [
            12.4783806,
            44.0545848
          ],
          [
            12.4782486,
            44.054646
          ],
          [
            12.4780817,
            44.0547274
          ],
          [
            12.4778805,
            44.0548029
          ],
          [
            12.4773994,
            44.0548038
          ],
          [
            12.4772109,
            44.054812
          ],
          [
            12.4769796,
            44.0548961
          ],
          [
            12.47683,
            44.0550022
          ],
          [
            12.4765669,
            44.0550036
          ],
          [
            12.4764851,
            44.055004
          ],
          [
            12.4760384,
            44.0549195
          ],
          [
            12.4745503,
            44.0547717
          ],
          [
            12.4731073,
            44.0545533
          ],
          [
            12.4723729,
            44.0545695
          ],
          [
            12.4710968,
            44.054671
          ],
          [
            12.4701199,
            44.0546516
          ],
          [
            12.4694374,
            44.0545709
          ],
          [
            12.4687281,
            44.0543594
          ],
          [
            12.4678627,
            44.0539495
          ],
          [
            12.4669226,
            44.0535771
          ],
          [
            12.4659845,
            44.0532434
          ]
        ]
      }
    },
    {
      "type": "Feature",
      "properties": {
        "id": 112268822,
        "highway": "cycleway",
        "cycleway": "",
        "name": "",
        "surface": "",
        "lit": ""
      },
      "geometry": {
        "type": "LineString",
        "coordinates": [
          [
            12.5707425,
            44.0743239
          ],
          [
            12.5702691,
            44.0735502
          ],
          [
            12.570253,
            44.0734732
          ],
          [
            12.5702932,
            44.0734269
          ],
          [
            12.5705266,
            44.0733267
          ],
          [
            12.5705871,
            44.0732929
          ],
          [
            12.5709358,
            44.0730231
          ],
          [
            12.570976,
            44.0729345
          ],
          [
            12.5707811,
            44.0725399
          ],
          [
            12.5713803,
            44.0723566
          ],
          [
            12.5715094,
            44.0724036
          ],
          [
            12.5717249,
            44.0724826
          ],
          [
            12.571745,
            44.0724597
          ],
          [
            12.5723953,
            44.0722942
          ]
        ]
      }
    },
    {
      "type": "Feature",
      "properties": {
        "id": 135542634,
        "highway": "cycleway",
        "cycleway": "",
        "name": "",
        "surface": "",
        "lit": ""
      },
      "geometry": {
        "type": "LineString",
        "coordinates": [
          [
            12.452454,
            44.1084058
          ],
          [
            12.4528467,
            44.1087368
          ]
        ]
      }
    },
    {
      "type": "Feature",
      "properties": {
        "id": 152639547,
        "highway": "residential",
        "cycleway": "",
        "name": "Viale Enrico Panzacchi",
        "surface": "asphalt",
        "lit": "yes"
      },
      "geometry": {
        "type": "LineString",
        "coordinates": [
          [
            12.535331,
            44.0875521
          ],
          [
            12.5365315,
            44.0883664
          ]
        ]
      }
    },
    {
      "type": "Feature",
      "properties": {
        "id": 163832694,
        "highway": "cycleway",
        "cycleway": "",
        "name": "",
        "surface": "",
        "lit": ""
      },
      "geometry": {
        "type": "LineString",
        "coordinates": [
          [
            12.6029243,
            44.042412
          ],
          [
            12.6030919,
            44.0425018
          ],
          [
            12.6031546,
            44.0425809
          ],
          [
            12.6032521,
            44.0426883
          ],
          [
            12.6033586,
            44.0427809
          ],
          [
            12.603511,
            44.0428739
          ],
          [
            12.6037002,
            44.042964
          ]
        ]
      }
    },
    {
      "type": "Feature",
      "properties": {
        "id": 163832695,
        "highway": "cycleway",
        "cycleway": "",
        "name": "",
        "surface": "",
        "lit": ""
      },
      "geometry": {
        "type": "LineString",
        "coordinates": [
          [
            12.6037002,
            44.042964
          ],
          [
            12.6040382,
            44.0431311
          ]
        ]
      }
    },
    {
      "type": "Feature",
      "properties": {
        "id": 163832696,
        "highway": "cycleway",
        "cycleway": "",
        "name": "",
        "surface": "",
        "lit": ""
      },
      "geometry": {
        "type": "LineString",
        "coordinates": [
          [
            12.6040382,
            44.0431311
          ],
          [
            12.6044877,
            44.0433642
          ],
          [
            12.6045736,
            44.0434282
          ],
          [
            12.6046268,
            44.0434881
          ],
          [
            12.6047937,
            44.0435206
          ],
          [
            12.6049702,
            44.043543
          ],
          [
            12.6051452,
            44.0435638
          ],
          [
            12.6052355,
            44.043596
          ],
          [
            12.6053477,
            44.0436517
          ],
          [
            12.6063148,
            44.0441194
          ]
        ]
      }
    },
    {
      "type": "Feature",
      "properties": {
        "id": 176685462,
        "highway": "cycleway",
        "cycleway": "",
        "name": "",
        "surface": "",
        "lit": ""
      },
      "geometry": {
        "type": "LineString",
        "coordinates": [
          [
            12.5948467,
            44.0439408
          ],
          [
            12.5950515,
            44.0437521
          ],
          [
            12.5954403,
            44.0433982
          ],
          [
            12.5961419,
            44.0427793
          ],
          [
            12.5961629,
            44.0427009
          ],
          [
            12.5983447,
            44.0408449
          ],
          [
            12.5985565,
            44.0406063
          ],
          [
            12.5986337,
            44.0405325
          ],
          [
            12.5986929,
            44.0404859
          ],
          [
            12.5987051,
            44.0404689
          ],
          [
            12.5987095,
            44.0404272
          ]
        ]
      }
    },
    {
      "type": "Feature",
      "properties": {
        "id": 176685467,
        "highway": "cycleway",
        "cycleway": "",
        "name": "",
        "surface": "",
        "lit": ""
      },
      "geometry": {
        "type": "LineString",
        "coordinates": [
          [
            12.5982585,
            44.0396097
          ],
          [
            12.5981422,
            44.0396965
          ]
        ]
      }
    },
    {
      "type": "Feature",
      "properties": {
        "id": 176685468,
        "highway": "cycleway",
        "cycleway": "",
        "name": "",
        "surface": "",
        "lit": ""
      },
      "geometry": {
        "type": "LineString",
        "coordinates": [
          [
            12.5977224,
            44.0400136
          ],
          [
            12.5978581,
            44.0399085
          ]
        ]
      }
    },
    {
      "type": "Feature",
      "properties": {
        "id": 176685469,
        "highway": "cycleway",
        "cycleway": "",
        "name": "",
        "surface": "",
        "lit": ""
      },
      "geometry": {
        "type": "LineString",
        "coordinates": [
          [
            12.5975419,
            44.0398869
          ],
          [
            12.5976712,
            44.0397801
          ]
        ]
      }
    },
    {
      "type": "Feature",
      "properties": {
        "id": 176685470,
        "highway": "cycleway",
        "cycleway": "",
        "name": "",
        "surface": "",
        "lit": ""
      },
      "geometry": {
        "type": "LineString",
        "coordinates": [
          [
            12.5980905,
            44.0394949
          ],
          [
            12.5979684,
            44.0395753
          ]
        ]
      }
    },
    {
      "type": "Feature",
      "properties": {
        "id": 176685471,
        "highway": "cycleway",
        "cycleway": "",
        "name": "",
        "surface": "",
        "lit": ""
      },
      "geometry": {
        "type": "LineString",
        "coordinates": [
          [
            12.5984517,
            44.0397417
          ],
          [
            12.5983331,
            44.0398232
          ]
        ]
      }
    },
    {
      "type": "Feature",
      "properties": {
        "id": 176685472,
        "highway": "cycleway",
        "cycleway": "",
        "name": "",
        "surface": "",
        "lit": ""
      },
      "geometry": {
        "type": "LineString",
        "coordinates": [
          [
            12.5979021,
            44.0401354
          ],
          [
            12.5980372,
            44.0400326
          ]
        ]
      }
    },
    {
      "type": "Feature",
      "properties": {
        "id": 176685479,
        "highway": "cycleway",
        "cycleway": "",
        "name": "",
        "surface": "",
        "lit": ""
      },
      "geometry": {
        "type": "LineString",
        "coordinates": [
          [
            12.5974714,
            44.0391762
          ],
          [
            12.5975194,
            44.0392116
          ],
          [
            12.5977598,
            44.0393742
          ],
          [
            12.597832,
            44.039377
          ],
          [
            12.5979105,
            44.0393719
          ],
          [
            12.5980905,
            44.0394949
          ],
          [
            12.5982585,
            44.0396097
          ],
          [
            12.5984517,
            44.0397417
          ],
          [
            12.5986025,
            44.0398447
          ],
          [
            12.5986032,
            44.0398644
          ],
          [
            12.5985584,
            44.0399064
          ],
          [
            12.5986288,
            44.0399568
          ],
          [
            12.5990084,
            44.0402165
          ]
        ]
      }
    },
    {
      "type": "Feature",
      "properties": {
        "id": 176697117,
        "highway": "footway",
        "cycleway": "",
        "name": "",
        "surface": "asphalt",
        "lit": ""
      },
      "geometry": {
        "type": "LineString",
        "coordinates": [
          [
            12.5987461,
            44.0380475
          ],
          [
            12.5988918,
            44.0381366
          ],
          [
            12.5998984,
            44.0387091
          ],
          [
            12.6002729,
            44.0389283
          ],
          [
            12.6003393,
            44.0389425
          ],
          [
            12.6004069,
            44.0389412
          ],
          [
            12.6004827,
            44.0389209
          ],
          [
            12.6005215,
            44.0388971
          ],
          [
            12.6006118,
            44.0388206
          ],
          [
            12.6016916,
            44.0378832
          ],
          [
            12.601922,
            44.037653
          ]
        ]
      }
    },
    {
      "type": "Feature",
      "properties": {
        "id": 176701068,
        "highway": "cycleway",
        "cycleway": "",
        "name": "",
        "surface": "",
        "lit": ""
      },
      "geometry": {
        "type": "LineString",
        "coordinates": [
          [
            12.6272738,
            44.0213077
          ],
          [
            12.6272062,
            44.0213393
          ]
        ]
      }
    },
    {
      "type": "Feature",
      "properties": {
        "id": 176701069,
        "highway": "cycleway",
        "cycleway": "",
        "name": "",
        "surface": "",
        "lit": ""
      },
      "geometry": {
        "type": "LineString",
        "coordinates": [
          [
            12.627418,
            44.0214026
          ],
          [
            12.6273482,
            44.0214355
          ]
        ]
      }
    },
    {
      "type": "Feature",
      "properties": {
        "id": 176701071,
        "highway": "cycleway",
        "cycleway": "crossing",
        "name": "",
        "surface": "",
        "lit": ""
      },
      "geometry": {
        "type": "LineString",
        "coordinates": [
          [
            12.6243188,
            44.0227011
          ],
          [
            12.6242604,
            44.0227106
          ],
          [
            12.6241979,
            44.0227137
          ],
          [
            12.624118,
            44.0227183
          ],
          [
            12.6240077,
            44.0227237
          ]
        ]
      }
    },
    {
      "type": "Feature",
      "properties": {
        "id": 176701072,
        "highway": "cycleway",
        "cycleway": "crossing",
        "name": "",
        "surface": "",
        "lit": ""
      },
      "geometry": {
        "type": "LineString",
        "coordinates": [
          [
            12.6249149,
            44.0222277
          ],
          [
            12.6249306,
            44.0222854
          ],
          [
            12.6249399,
            44.0223501
          ]
        ]
      }
    },
    {
      "type": "Feature",
      "properties": {
        "id": 176701073,
        "highway": "cycleway",
        "cycleway": "",
        "name": "",
        "surface": "asphalt",
        "lit": ""
      },
      "geometry": {
        "type": "LineString",
        "coordinates": [
          [
            12.6272062,
            44.0213393
          ],
          [
            12.6259048,
            44.0219657
          ],
          [
            12.6255936,
            44.0221009
          ],
          [
            12.6254009,
            44.0221602
          ],
          [
            12.6252369,
            44.022194
          ],
          [
            12.6249149,
            44.0222277
          ],
          [
            12.6247039,
            44.0222542
          ],
          [
            12.6245479,
            44.0222497
          ],
          [
            12.624476,
            44.0222275
          ],
          [
            12.6244176,
            44.0222119
          ],
          [
            12.6243713,
            44.0221696
          ],
          [
            12.6243167,
            44.0221344
          ],
          [
            12.6242648,
            44.0221101
          ],
          [
            12.6242148,
            44.0220941
          ],
          [
            12.6241667,
            44.0220855
          ],
          [
            12.6241084,
            44.0220657
          ],
          [
            12.6240565,
            44.0220319
          ],
          [
            12.6240189,
            44.0219948
          ]
        ]
      }
    },
    {
      "type": "Feature",
      "properties": {
        "id": 176701075,
        "highway": "cycleway",
        "cycleway": "crossing",
        "name": "",
        "surface": "",
        "lit": ""
      },
      "geometry": {
        "type": "LineString",
        "coordinates": [
          [
            12.6245479,
            44.0222497
          ],
          [
            12.6245201,
            44.0222955
          ],
          [
            12.6245288,
            44.0223582
          ],
          [
            12.6245524,
            44.0223874
          ]
        ]
      }
    },
    {
      "type": "Feature",
      "properties": {
        "id": 176701077,
        "highway": "cycleway",
        "cycleway": "crossing",
        "name": "",
        "surface": "",
        "lit": ""
      },
      "geometry": {
        "type": "LineString",
        "coordinates": [
          [
            12.6235704,
            44.0223202
          ],
          [
            12.6236108,
            44.0223758
          ],
          [
            12.6236253,
            44.0224258
          ],
          [
            12.623632,
            44.0224754
          ],
          [
            12.6236386,
            44.0225192
          ],
          [
            12.6236271,
            44.0225489
          ]
        ]
      }
    },
    {
      "type": "Feature",
      "properties": {
        "id": 176703358,
        "highway": "cycleway",
        "cycleway": "crossing",
        "name": "",
        "surface": "asphalt",
        "lit": "yes"
      },
      "geometry": {
        "type": "LineString",
        "coordinates": [
          [
            12.62173,
            44.0228261
          ],
          [
            12.6217704,
            44.0228596
          ],
          [
            12.6218339,
            44.0229124
          ],
          [
            12.6218926,
            44.0229564
          ]
        ]
      }
    },
    {
      "type": "Feature",
      "properties": {
        "id": 176703359,
        "highway": "cycleway",
        "cycleway": "",
        "name": "Pista ciclopedonale Viale Losanna",
        "surface": "",
        "lit": ""
      },
      "geometry": {
        "type": "LineString",
        "coordinates": [
          [
            12.6191622,
            44.024695
          ],
          [
            12.6191783,
            44.0246476
          ],
          [
            12.6192126,
            44.0246052
          ],
          [
            12.6192809,
            44.0245615
          ],
          [
            12.6193437,
            44.0245383
          ],
          [
            12.6194661,
            44.0244885
          ],
          [
            12.6198437,
            44.0242376
          ],
          [
            12.6204225,
            44.0238581
          ],
          [
            12.6205547,
            44.0237826
          ],
          [
            12.6206271,
            44.0237906
          ],
          [
            12.6209658,
            44.0235612
          ]
        ]
      }
    },
    {
      "type": "Feature",
      "properties": {
        "id": 176721666,
        "highway": "path",
        "cycleway": "",
        "name": "",
        "surface": "asphalt",
        "lit": "yes"
      },
      "geometry": {
        "type": "LineString",
        "coordinates": [
          [
            12.614267,
            44.0332255
          ],
          [
            12.6142267,
            44.0331806
          ],
          [
            12.6140836,
            44.0329922
          ],
          [
            12.6140056,
            44.0328262
          ],
          [
            12.6139288,
            44.0326407
          ],
          [
            12.613855,
            44.0324623
          ],
          [
            12.6137736,
            44.0323554
          ],
          [
            12.6136687,
            44.0322303
          ],
          [
            12.6136409,
            44.0321804
          ],
          [
            12.6136157,
            44.0320735
          ],
          [
            12.613579,
            44.0319958
          ],
          [
            12.613486,
            44.0319083
          ],
          [
            12.6129397,
            44.0316603
          ],
          [
            12.6128128,
            44.0315638
          ],
          [
            12.6127005,
            44.0314278
          ],
          [
            12.6126675,
            44.0314018
          ],
          [
            12.6124629,
            44.0312266
          ],
          [
            12.6121317,
            44.0309807
          ]
        ]
      }
    },
    {
      "type": "Feature",
      "properties": {
        "id": 176721667,
        "highway": "footway",
        "cycleway": "",
        "name": "",
        "surface": "",
        "lit": ""
      },
      "geometry": {
        "type": "LineString",
        "coordinates": [
          [
            12.6120089,
            44.030858
          ],
          [
            12.6118738,
            44.0308244
          ],
          [
            12.6114851,
            44.0303741
          ],
          [
            12.6113556,
            44.030282
          ],
          [
            12.6111472,
            44.0302117
          ],
          [
            12.610972,
            44.0301257
          ],
          [
            12.6107839,
            44.0299625
          ],
          [
            12.6106464,
            44.0298637
          ],
          [
            12.6104798,
            44.0297465
          ],
          [
            12.6102168,
            44.0296469
          ],
          [
            12.609948,
            44.0296137
          ]
        ]
      }
    },
    {
      "type": "Feature",
      "properties": {
        "id": 176721670,
        "highway": "cycleway",
        "cycleway": "",
        "name": "",
        "surface": "",
        "lit": ""
      },
      "geometry": {
        "type": "LineString",
        "coordinates": [
          [
            12.613486,
            44.0319083
          ],
          [
            12.6135124,
            44.031889
          ]
        ]
      }
    },
    {
      "type": "Feature",
      "properties": {
        "id": 176721671,
        "highway": "cycleway",
        "cycleway": "",
        "name": "",
        "surface": "asphalt",
        "lit": ""
      },
      "geometry": {
        "type": "LineString",
        "coordinates": [
          [
            12.6126675,
            44.0314018
          ],
          [
            12.6127112,
            44.0313779
          ],
          [
            12.6127611,
            44.0313967
          ]
        ]
      }
    },
    {
      "type": "Feature",
      "properties": {
        "id": 176721673,
        "highway": "cycleway",
        "cycleway": "",
        "name": "",
        "surface": "",
        "lit": ""
      },
      "geometry": {
        "type": "LineString",
        "coordinates": [
          [
            12.6136687,
            44.0322303
          ],
          [
            12.6137555,
            44.0322764
          ]
        ]
      }
    },
    {
      "type": "Feature",
      "properties": {
        "id": 176721674,
        "highway": "cycleway",
        "cycleway": "",
        "name": "",
        "surface": "",
        "lit": ""
      },
      "geometry": {
        "type": "LineString",
        "coordinates": [
          [
            12.614079,
            44.0325069
          ],
          [
            12.6139288,
            44.0326407
          ]
        ]
      }
    },
    {
      "type": "Feature",
      "properties": {
        "id": 176721675,
        "highway": "cycleway",
        "cycleway": "",
        "name": "",
        "surface": "",
        "lit": ""
      },
      "geometry": {
        "type": "LineString",
        "coordinates": [
          [
            12.6114851,
            44.0303741
          ],
          [
            12.6115773,
            44.0303459
          ]
        ]
      }
    },
    {
      "type": "Feature",
      "properties": {
        "id": 176721676,
        "highway": "cycleway",
        "cycleway": "",
        "name": "",
        "surface": "",
        "lit": ""
      },
      "geometry": {
        "type": "LineString",
        "coordinates": [
          [
            12.6106464,
            44.0298637
          ],
          [
            12.6106409,
            44.0298087
          ],
          [
            12.6106368,
            44.0297784
          ],
          [
            12.6106667,
            44.0297199
          ],
          [
            12.6107581,
            44.0296686
          ]
        ]
      }
    },
    {
      "type": "Feature",
      "properties": {
        "id": 176724092,
        "highway": "cycleway",
        "cycleway": "",
        "name": "Via Eugenio Barsanti",
        "surface": "",
        "lit": ""
      },
      "geometry": {
        "type": "LineString",
        "coordinates": [
          [
            12.6079659,
            44.0336313
          ],
          [
            12.6080179,
            44.0336709
          ]
        ]
      }
    },
    {
      "type": "Feature",
      "properties": {
        "id": 176724103,
        "highway": "cycleway",
        "cycleway": "",
        "name": "",
        "surface": "",
        "lit": ""
      },
      "geometry": {
        "type": "LineString",
        "coordinates": [
          [
            12.6070754,
            44.0326902
          ],
          [
            12.6070128,
            44.0327462
          ]
        ]
      }
    },
    {
      "type": "Feature",
      "properties": {
        "id": 176724104,
        "highway": "cycleway",
        "cycleway": "",
        "name": "",
        "surface": "",
        "lit": ""
      },
      "geometry": {
        "type": "LineString",
        "coordinates": [
          [
            12.6099662,
            44.0322817
          ],
          [
            12.6100462,
            44.0323256
          ]
        ]
      }
    },
    {
      "type": "Feature",
      "properties": {
        "id": 176724106,
        "highway": "footway",
        "cycleway": "",
        "name": "",
        "surface": "",
        "lit": ""
      },
      "geometry": {
        "type": "LineString",
        "coordinates": [
          [
            12.6056964,
            44.0322397
          ],
          [
            12.6058948,
            44.0321198
          ],
          [
            12.6060705,
            44.032183
          ],
          [
            12.6068892,
            44.0326747
          ],
          [
            12.6069674,
            44.03272
          ],
          [
            12.6070128,
            44.0327462
          ],
          [
            12.6072965,
            44.0329117
          ],
          [
            12.6074279,
            44.0329883
          ],
          [
            12.6075665,
            44.0330692
          ],
          [
            12.6080755,
            44.0333577
          ],
          [
            12.6081875,
            44.0334243
          ],
          [
            12.6082092,
            44.0334578
          ],
          [
            12.6082156,
            44.0334974
          ],
          [
            12.6081975,
            44.0335334
          ],
          [
            12.6080179,
            44.0336709
          ],
          [
            12.6077477,
            44.0338504
          ],
          [
            12.6074268,
            44.034016
          ],
          [
            12.6073541,
            44.0340604
          ],
          [
            12.6071681,
            44.034174
          ],
          [
            12.6068562,
            44.0343313
          ],
          [
            12.6065921,
            44.0344725
          ],
          [
            12.6063973,
            44.0346306
          ],
          [
            12.6062301,
            44.0347089
          ],
          [
            12.6060781,
            44.0347536
          ],
          [
            12.6059569,
            44.0347743
          ],
          [
            12.6060514,
            44.0346751
          ]
        ]
      }
    },
    {
      "type": "Feature",
      "properties": {
        "id": 176724110,
        "highway": "cycleway",
        "cycleway": "crossing",
        "name": "",
        "surface": "",
        "lit": ""
      },
      "geometry": {
        "type": "LineString",
        "coordinates": [
          [
            12.6083901,
            44.0336499
          ],
          [
            12.6083341,
            44.0336161
          ],
          [
            12.6082539,
            44.0335675
          ],
          [
            12.6081975,
            44.0335334
          ]
        ]
      }
    },
    {
      "type": "Feature",
      "properties": {
        "id": 176724111,
        "highway": "cycleway",
        "cycleway": "crossing",
        "name": "",
        "surface": "",
        "lit": ""
      },
      "geometry": {
        "type": "LineString",
        "coordinates": [
          [
            12.6091366,
            44.0331338
          ],
          [
            12.6090795,
            44.0330961
          ],
          [
            12.6090132,
            44.0330471
          ],
          [
            12.6089508,
            44.0329978
          ]
        ]
      }
    },
    {
      "type": "Feature",
      "properties": {
        "id": 176724112,
        "highway": "cycleway",
        "cycleway": "crossing",
        "name": "",
        "surface": "",
        "lit": ""
      },
      "geometry": {
        "type": "LineString",
        "coordinates": [
          [
            12.6073541,
            44.0340604
          ],
          [
            12.6074062,
            44.034105
          ],
          [
            12.6074646,
            44.0341551
          ],
          [
            12.6075253,
            44.0342071
          ]
        ]
      }
    },
    {
      "type": "Feature",
      "properties": {
        "id": 176724113,
        "highway": "cycleway",
        "cycleway": "",
        "name": "",
        "surface": "",
        "lit": ""
      },
      "geometry": {
        "type": "LineString",
        "coordinates": [
          [
            12.6120313,
            44.0305817
          ],
          [
            12.6120531,
            44.030638
          ],
          [
            12.6120587,
            44.0306997
          ],
          [
            12.6120515,
            44.0307577
          ],
          [
            12.6120234,
            44.0308148
          ],
          [
            12.6120089,
            44.030858
          ],
          [
            12.6119285,
            44.030917
          ],
          [
            12.6118654,
            44.030965
          ],
          [
            12.6114864,
            44.0312226
          ],
          [
            12.6113782,
            44.0312427
          ],
          [
            12.6113388,
            44.0312682
          ],
          [
            12.6112752,
            44.0313178
          ],
          [
            12.611264,
            44.0313659
          ],
          [
            12.6099662,
            44.0322817
          ],
          [
            12.6094952,
            44.0326089
          ],
          [
            12.609058,
            44.0329187
          ],
          [
            12.6089508,
            44.0329978
          ],
          [
            12.6087673,
            44.0331288
          ],
          [
            12.6087095,
            44.0331626
          ],
          [
            12.6086741,
            44.0331782
          ],
          [
            12.6085856,
            44.0332083
          ],
          [
            12.6085313,
            44.033215
          ],
          [
            12.6084537,
            44.0332231
          ],
          [
            12.6083913,
            44.0332345
          ],
          [
            12.6083319,
            44.0332517
          ],
          [
            12.6082891,
            44.0332434
          ],
          [
            12.6082516,
            44.0332367
          ],
          [
            12.6081955,
            44.033218
          ],
          [
            12.6081833,
            44.0332433
          ]
        ]
      }
    },
    {
      "type": "Feature",
      "properties": {
        "id": 176724114,
        "highway": "cycleway",
        "cycleway": "",
        "name": "",
        "surface": "",
        "lit": ""
      },
      "geometry": {
        "type": "LineString",
        "coordinates": [
          [
            12.6125495,
            44.0309575
          ],
          [
            12.6124818,
            44.0309262
          ],
          [
            12.6124207,
            44.0309137
          ],
          [
            12.6123203,
            44.0309141
          ],
          [
            12.612236,
            44.0309338
          ],
          [
            12.6121724,
            44.0309573
          ],
          [
            12.6121317,
            44.0309807
          ],
          [
            12.6120127,
            44.0310878
          ],
          [
            12.6116875,
            44.031318
          ],
          [
            12.6092245,
            44.0330644
          ],
          [
            12.6091366,
            44.0331338
          ],
          [
            12.6090771,
            44.0331751
          ],
          [
            12.6090222,
            44.0331976
          ],
          [
            12.6088266,
            44.0333326
          ],
          [
            12.6087845,
            44.033362
          ],
          [
            12.6087478,
            44.0334045
          ],
          [
            12.6087198,
            44.0334757
          ],
          [
            12.6087159,
            44.0335403
          ],
          [
            12.6087282,
            44.0336011
          ],
          [
            12.6087663,
            44.0336526
          ]
        ]
      }
    },
    {
      "type": "Feature",
      "properties": {
        "id": 176724115,
        "highway": "cycleway",
        "cycleway": "",
        "name": "",
        "surface": "",
        "lit": ""
      },
      "geometry": {
        "type": "LineString",
        "coordinates": [
          [
            12.6081833,
            44.0332433
          ],
          [
            12.6080117,
            44.0331747
          ],
          [
            12.6079049,
            44.0331168
          ],
          [
            12.6071121,
            44.0326573
          ],
          [
            12.6070754,
            44.0326902
          ]
        ]
      }
    },
    {
      "type": "Feature",
      "properties": {
        "id": 176724116,
        "highway": "cycleway",
        "cycleway": "crossing",
        "name": "",
        "surface": "",
        "lit": ""
      },
      "geometry": {
        "type": "LineString",
        "coordinates": [
          [
            12.6088266,
            44.0333326
          ],
          [
            12.6087769,
            44.0332986
          ],
          [
            12.6087425,
            44.0332754
          ],
          [
            12.6087194,
            44.0332431
          ],
          [
            12.6086741,
            44.0331782
          ]
        ]
      }
    },
    {
      "type": "Feature",
      "properties": {
        "id": 176726043,
        "highway": "cycleway",
        "cycleway": "",
        "name": "",
        "surface": "",
        "lit": ""
      },
      "geometry": {
        "type": "LineString",
        "coordinates": [
          [
            12.6068562,
            44.0343313
          ],
          [
            12.6067425,
            44.0342365
          ]
        ]
      }
    },
    {
      "type": "Feature",
      "properties": {
        "id": 176761684,
        "highway": "cycleway",
        "cycleway": "",
        "name": "",
        "surface": "",
        "lit": ""
      },
      "geometry": {
        "type": "LineString",
        "coordinates": [
          [
            12.5950515,
            44.0437521
          ],
          [
            12.5949372,
            44.043668
          ]
        ]
      }
    },
    {
      "type": "Feature",
      "properties": {
        "id": 176761685,
        "highway": "cycleway",
        "cycleway": "",
        "name": "",
        "surface": "",
        "lit": ""
      },
      "geometry": {
        "type": "LineString",
        "coordinates": [
          [
            12.5954403,
            44.0433982
          ],
          [
            12.595341,
            44.0433239
          ]
        ]
      }
    },
    {
      "type": "Feature",
      "properties": {
        "id": 176761690,
        "highway": "cycleway",
        "cycleway": "",
        "name": "",
        "surface": "asphalt",
        "lit": ""
      },
      "geometry": {
        "type": "LineString",
        "coordinates": [
          [
            12.6003431,
            44.0396068
          ],
          [
            12.600206,
            44.0397353
          ],
          [
            12.6002157,
            44.0397716
          ],
          [
            12.6002194,
            44.0398275
          ],
          [
            12.6002333,
            44.0398818
          ],
          [
            12.600273,
            44.0399339
          ],
          [
            12.6003402,
            44.0399775
          ],
          [
            12.6003157,
            44.0400031
          ],
          [
            12.6002884,
            44.0400269
          ],
          [
            12.6002494,
            44.0400602
          ],
          [
            12.6001804,
            44.0400365
          ],
          [
            12.6001227,
            44.0400253
          ],
          [
            12.6000542,
            44.0400187
          ],
          [
            12.5999908,
            44.0400195
          ],
          [
            12.5999301,
            44.040026
          ],
          [
            12.5998607,
            44.0400367
          ],
          [
            12.5998011,
            44.0400511
          ],
          [
            12.5997319,
            44.0400745
          ],
          [
            12.5996832,
            44.0401002
          ],
          [
            12.5995681,
            44.0401764
          ],
          [
            12.5985617,
            44.040984
          ],
          [
            12.5978555,
            44.0416045
          ],
          [
            12.597406,
            44.0419741
          ],
          [
            12.5961289,
            44.0430586
          ],
          [
            12.5960114,
            44.0431856
          ],
          [
            12.5953931,
            44.0437027
          ],
          [
            12.5951048,
            44.0439513
          ],
          [
            12.5945873,
            44.0444049
          ],
          [
            12.594578,
            44.04444
          ]
        ]
      }
    },
    {
      "type": "Feature",
      "properties": {
        "id": 176761691,
        "highway": "cycleway",
        "cycleway": "",
        "name": "",
        "surface": "",
        "lit": ""
      },
      "geometry": {
        "type": "LineString",
        "coordinates": [
          [
            12.5994781,
            44.0398755
          ],
          [
            12.5995543,
            44.0399473
          ],
          [
            12.5996064,
            44.039992
          ],
          [
            12.5996431,
            44.0400419
          ],
          [
            12.5996832,
            44.0401002
          ]
        ]
      }
    },
    {
      "type": "Feature",
      "properties": {
        "id": 176761693,
        "highway": "cycleway",
        "cycleway": "crossing",
        "name": "",
        "surface": "asphalt",
        "lit": "yes"
      },
      "geometry": {
        "type": "LineString",
        "coordinates": [
          [
            12.6062301,
            44.0347089
          ],
          [
            12.6062538,
            44.0347501
          ],
          [
            12.606274,
            44.034786
          ],
          [
            12.6063071,
            44.0348177
          ],
          [
            12.6063691,
            44.034867
          ]
        ]
      }
    },
    {
      "type": "Feature",
      "properties": {
        "id": 176761694,
        "highway": "cycleway",
        "cycleway": "",
        "name": "",
        "surface": "asphalt",
        "lit": ""
      },
      "geometry": {
        "type": "LineString",
        "coordinates": [
          [
            12.6006118,
            44.0388206
          ],
          [
            12.6007035,
            44.0388592
          ],
          [
            12.6007525,
            44.0388788
          ],
          [
            12.6008343,
            44.038931
          ],
          [
            12.600908,
            44.0389896
          ]
        ]
      }
    },
    {
      "type": "Feature",
      "properties": {
        "id": 176768120,
        "highway": "cycleway",
        "cycleway": "",
        "name": "",
        "surface": "",
        "lit": ""
      },
      "geometry": {
        "type": "LineString",
        "coordinates": [
          [
            12.5974674,
            44.0430823
          ],
          [
            12.5974996,
            44.0431035
          ]
        ]
      }
    },
    {
      "type": "Feature",
      "properties": {
        "id": 176768121,
        "highway": "cycleway",
        "cycleway": "",
        "name": "",
        "surface": "",
        "lit": ""
      },
      "geometry": {
        "type": "LineString",
        "coordinates": [
          [
            12.595675,
            44.0458065
          ],
          [
            12.5956256,
            44.0457697
          ]
        ]
      }
    },
    {
      "type": "Feature",
      "properties": {
        "id": 176768123,
        "highway": "cycleway",
        "cycleway": "",
        "name": "",
        "surface": "",
        "lit": ""
      },
      "geometry": {
        "type": "LineString",
        "coordinates": [
          [
            12.596784,
            44.0440817
          ],
          [
            12.5968269,
            44.0441048
          ]
        ]
      }
    },
    {
      "type": "Feature",
      "properties": {
        "id": 176768124,
        "highway": "cycleway",
        "cycleway": "",
        "name": "",
        "surface": "",
        "lit": ""
      },
      "geometry": {
        "type": "LineString",
        "coordinates": [
          [
            12.5971369,
            44.0483905
          ],
          [
            12.5971416,
            44.0483855
          ],
          [
            12.5971941,
            44.0483302
          ]
        ]
      }
    },
    {
      "type": "Feature",
      "properties": {
        "id": 176768125,
        "highway": "cycleway",
        "cycleway": "",
        "name": "",
        "surface": "",
        "lit": ""
      },
      "geometry": {
        "type": "LineString",
        "coordinates": [
          [
            12.596186,
            44.0476568
          ],
          [
            12.5962452,
            44.0476254
          ]
        ]
      }
    },
    {
      "type": "Feature",
      "properties": {
        "id": 176768126,
        "highway": "cycleway",
        "cycleway": "",
        "name": "",
        "surface": "",
        "lit": ""
      },
      "geometry": {
        "type": "LineString",
        "coordinates": [
          [
            12.5954216,
            44.046194
          ],
          [
            12.5953178,
            44.0461612
          ]
        ]
      }
    },
    {
      "type": "Feature",
      "properties": {
        "id": 176768127,
        "highway": "cycleway",
        "cycleway": "",
        "name": "",
        "surface": "",
        "lit": ""
      },
      "geometry": {
        "type": "LineString",
        "coordinates": [
          [
            12.5961137,
            44.0455386
          ],
          [
            12.5960537,
            44.0455046
          ]
        ]
      }
    },
    {
      "type": "Feature",
      "properties": {
        "id": 176768128,
        "highway": "cycleway",
        "cycleway": "",
        "name": "",
        "surface": "",
        "lit": ""
      },
      "geometry": {
        "type": "LineString",
        "coordinates": [
          [
            12.5988888,
            44.0414124
          ],
          [
            12.5989292,
            44.0414352
          ]
        ]
      }
    },
    {
      "type": "Feature",
      "properties": {
        "id": 176768130,
        "highway": "cycleway",
        "cycleway": "",
        "name": "",
        "surface": "",
        "lit": ""
      },
      "geometry": {
        "type": "LineString",
        "coordinates": [
          [
            12.5963403,
            44.0451747
          ],
          [
            12.5963061,
            44.0452386
          ],
          [
            12.5963414,
            44.0452569
          ],
          [
            12.5963416,
            44.0452681
          ],
          [
            12.5962662,
            44.0453932
          ],
          [
            12.5961137,
            44.0455386
          ],
          [
            12.5959657,
            44.0456563
          ],
          [
            12.5957667,
            44.0457452
          ],
          [
            12.595675,
            44.0458065
          ],
          [
            12.5955418,
            44.0459979
          ],
          [
            12.5954216,
            44.046194
          ],
          [
            12.5953813,
            44.046297
          ],
          [
            12.5953658,
            44.0465087
          ],
          [
            12.5953862,
            44.0466043
          ],
          [
            12.5954518,
            44.0467075
          ],
          [
            12.5956094,
            44.046903
          ],
          [
            12.5957289,
            44.0471914
          ],
          [
            12.595742,
            44.0472219
          ],
          [
            12.5957833,
            44.0472617
          ],
          [
            12.596186,
            44.0476568
          ],
          [
            12.5965696,
            44.0480552
          ],
          [
            12.5966564,
            44.0481141
          ],
          [
            12.5971065,
            44.048373
          ],
          [
            12.5971369,
            44.0483905
          ],
          [
            12.5971992,
            44.0484275
          ],
          [
            12.5976049,
            44.0486688
          ],
          [
            12.5976701,
            44.0486041
          ]
        ]
      }
    },
    {
      "type": "Feature",
      "properties": {
        "id": 176777267,
        "highway": "cycleway",
        "cycleway": "",
        "name": "",
        "surface": "asphalt",
        "lit": ""
      },
      "geometry": {
        "type": "LineString",
        "coordinates": [
          [
            12.58476,
            44.0520084
          ],
          [
            12.5847224,
            44.0519773
          ],
          [
            12.5847158,
            44.0519464
          ],
          [
            12.5847305,
            44.0519186
          ],
          [
            12.5848073,
            44.051852
          ]
        ]
      }
    },
    {
      "type": "Feature",
      "properties": {
        "id": 179800486,
        "highway": "cycleway",
        "cycleway": "",
        "name": "Ponte dello Scout",
        "surface": "wood",
        "lit": "yes"
      },
      "geometry": {
        "type": "LineString",
        "coordinates": [
          [
            12.5508839,
            44.0653906
          ],
          [
            12.5515373,
            44.0647789
          ]
        ]
      }
    },
    {
      "type": "Feature",
      "properties": {
        "id": 179800504,
        "highway": "cycleway",
        "cycleway": "",
        "name": "",
        "surface": "gravel",
        "lit": "yes"
      },
      "geometry": {
        "type": "LineString",
        "coordinates": [
          [
            12.5515373,
            44.0647789
          ],
          [
            12.5516368,
            44.0646823
          ],
          [
            12.5516722,
            44.0646464
          ]
        ]
      }
    },
    {
      "type": "Feature",
      "properties": {
        "id": 184652856,
        "highway": "cycleway",
        "cycleway": "",
        "name": "",
        "surface": "",
        "lit": ""
      },
      "geometry": {
        "type": "LineString",
        "coordinates": [
          [
            12.5742684,
            44.0367238
          ],
          [
            12.5737875,
            44.0366493
          ],
          [
            12.5736802,
            44.0366455
          ],
          [
            12.5732725,
            44.0366705
          ],
          [
            12.5725671,
            44.0368248
          ],
          [
            12.572492,
            44.0368267
          ],
          [
            12.5724115,
            44.0368171
          ],
          [
            12.5723498,
            44.0367939
          ],
          [
            12.5723149,
            44.0367747
          ],
          [
            12.5721421,
            44.0366579
          ]
        ]
      }
    },
    {
      "type": "Feature",
      "properties": {
        "id": 184652857,
        "highway": "cycleway",
        "cycleway": "",
        "name": "",
        "surface": "",
        "lit": ""
      },
      "geometry": {
        "type": "LineString",
        "coordinates": [
          [
            12.5765616,
            44.0383386
          ],
          [
            12.5770596,
            44.0385665
          ],
          [
            12.5775012,
            44.0387706
          ]
        ]
      }
    },
    {
      "type": "Feature",
      "properties": {
        "id": 184652869,
        "highway": "cycleway",
        "cycleway": "",
        "name": "",
        "surface": "asphalt",
        "lit": "yes"
      },
      "geometry": {
        "type": "LineString",
        "coordinates": [
          [
            12.578524,
            44.0397493
          ],
          [
            12.5777702,
            44.0394144
          ],
          [
            12.5775704,
            44.0393256
          ],
          [
            12.577463,
            44.0392779
          ]
        ]
      }
    },
    {
      "type": "Feature",
      "properties": {
        "id": 184652871,
        "highway": "cycleway",
        "cycleway": "",
        "name": "",
        "surface": "",
        "lit": ""
      },
      "geometry": {
        "type": "LineString",
        "coordinates": [
          [
            12.5727891,
            44.0390255
          ],
          [
            12.5727413,
            44.0390266
          ],
          [
            12.57271,
            44.0390248
          ],
          [
            12.5726871,
            44.0390166
          ],
          [
            12.5726653,
            44.0389977
          ],
          [
            12.5726546,
            44.0389761
          ],
          [
            12.5726512,
            44.0388657
          ],
          [
            12.5726513,
            44.038595
          ],
          [
            12.5726492,
            44.0385237
          ],
          [
            12.5726792,
            44.0384867
          ],
          [
            12.5727195,
            44.0384705
          ],
          [
            12.572749,
            44.0384674
          ],
          [
            12.5727485,
            44.0384316
          ],
          [
            12.5727479,
            44.0383756
          ],
          [
            12.5727479,
            44.0383228
          ],
          [
            12.5726996,
            44.0383228
          ],
          [
            12.572662,
            44.0383074
          ],
          [
            12.5726379,
            44.03829
          ],
          [
            12.5726299,
            44.0382611
          ],
          [
            12.5726551,
            44.0381382
          ],
          [
            12.5726688,
            44.0381114
          ],
          [
            12.5726774,
            44.0380835
          ],
          [
            12.5727068,
            44.0380658
          ],
          [
            12.5727421,
            44.0380524
          ],
          [
            12.5727814,
            44.0380467
          ]
        ]
      }
    },
    {
      "type": "Feature",
      "properties": {
        "id": 184652875,
        "highway": "cycleway",
        "cycleway": "crossing",
        "name": "",
        "surface": "",
        "lit": ""
      },
      "geometry": {
        "type": "LineString",
        "coordinates": [
          [
            12.5725341,
            44.0381386
          ],
          [
            12.5725939,
            44.0381384
          ],
          [
            12.5726551,
            44.0381382
          ]
        ]
      }
    },
    {
      "type": "Feature",
      "properties": {
        "id": 184652879,
        "highway": "cycleway",
        "cycleway": "crossing",
        "name": "",
        "surface": "asphalt",
        "lit": ""
      },
      "geometry": {
        "type": "LineString",
        "coordinates": [
          [
            12.5725333,
            44.0385958
          ],
          [
            12.5725924,
            44.0385974
          ],
          [
            12.5726513,
            44.038595
          ]
        ]
      }
    },
    {
      "type": "Feature",
      "properties": {
        "id": 184652881,
        "highway": "cycleway",
        "cycleway": "",
        "name": "",
        "surface": "",
        "lit": ""
      },
      "geometry": {
        "type": "LineString",
        "coordinates": [
          [
            12.5717975,
            44.038185
          ],
          [
            12.5717928,
            44.0381572
          ],
          [
            12.5717726,
            44.0381296
          ],
          [
            12.5717333,
            44.0381003
          ],
          [
            12.5716951,
            44.0380741
          ],
          [
            12.5716659,
            44.0380368
          ],
          [
            12.5716553,
            44.03799
          ],
          [
            12.571663,
            44.0379516
          ],
          [
            12.5716814,
            44.0379121
          ],
          [
            12.5717144,
            44.0378843
          ],
          [
            12.571763,
            44.037861
          ],
          [
            12.571809,
            44.0378497
          ],
          [
            12.5718691,
            44.0378458
          ],
          [
            12.5719219,
            44.0378537
          ],
          [
            12.5719712,
            44.0378766
          ],
          [
            12.5720086,
            44.0379033
          ],
          [
            12.5720486,
            44.0379212
          ],
          [
            12.5721173,
            44.037934
          ],
          [
            12.57229,
            44.0379307
          ],
          [
            12.5726009,
            44.0379234
          ],
          [
            12.5726801,
            44.0379215
          ],
          [
            12.5727696,
            44.0379238
          ],
          [
            12.5729037,
            44.0379271
          ],
          [
            12.5732223,
            44.0379111
          ],
          [
            12.573408,
            44.0378888
          ],
          [
            12.5735881,
            44.0378332
          ],
          [
            12.5737994,
            44.0377408
          ],
          [
            12.5740028,
            44.0376239
          ],
          [
            12.5741276,
            44.0375401
          ],
          [
            12.5742547,
            44.0374351
          ]
        ]
      }
    },
    {
      "type": "Feature",
      "properties": {
        "id": 184652882,
        "highway": "cycleway",
        "cycleway": "",
        "name": "",
        "surface": "",
        "lit": ""
      },
      "geometry": {
        "type": "LineString",
        "coordinates": [
          [
            12.5725341,
            44.0381386
          ],
          [
            12.5725172,
            44.0380837
          ],
          [
            12.5724931,
            44.038049
          ],
          [
            12.5724582,
            44.0380316
          ],
          [
            12.572418,
            44.0380239
          ],
          [
            12.5720666,
            44.038022
          ],
          [
            12.572021,
            44.0380316
          ],
          [
            12.5719727,
            44.0380548
          ],
          [
            12.5719432,
            44.0380779
          ],
          [
            12.571903,
            44.038103
          ],
          [
            12.5718869,
            44.0381319
          ],
          [
            12.5718842,
            44.038182
          ],
          [
            12.5718517,
            44.0381829
          ],
          [
            12.5717975,
            44.038185
          ],
          [
            12.5715962,
            44.0381819
          ],
          [
            12.5716024,
            44.0383987
          ],
          [
            12.5716172,
            44.0388685
          ],
          [
            12.5716392,
            44.0389629
          ],
          [
            12.571667,
            44.0390222
          ],
          [
            12.5717013,
            44.039071
          ],
          [
            12.5717546,
            44.039124
          ],
          [
            12.5718093,
            44.0391661
          ],
          [
            12.5718655,
            44.0391979
          ],
          [
            12.5719584,
            44.0392348
          ],
          [
            12.5720472,
            44.0392561
          ],
          [
            12.5721354,
            44.0392702
          ],
          [
            12.5722233,
            44.0392759
          ],
          [
            12.5723291,
            44.0392652
          ],
          [
            12.572452,
            44.0392382
          ],
          [
            12.5725145,
            44.0392174
          ],
          [
            12.5725708,
            44.0391885
          ],
          [
            12.5726084,
            44.0391577
          ],
          [
            12.5726433,
            44.0391365
          ],
          [
            12.5727832,
            44.0391419
          ]
        ]
      }
    },
    {
      "type": "Feature",
      "properties": {
        "id": 184652883,
        "highway": "cycleway",
        "cycleway": "crossing",
        "name": "",
        "surface": "",
        "lit": ""
      },
      "geometry": {
        "type": "LineString",
        "coordinates": [
          [
            12.5727832,
            44.0391419
          ],
          [
            12.5727848,
            44.0391098
          ],
          [
            12.5727876,
            44.0390547
          ],
          [
            12.5727891,
            44.0390255
          ]
        ]
      }
    },
    {
      "type": "Feature",
      "properties": {
        "id": 184652886,
        "highway": "cycleway",
        "cycleway": "",
        "name": "",
        "surface": "",
        "lit": ""
      },
      "geometry": {
        "type": "LineString",
        "coordinates": [
          [
            12.5725333,
            44.0385958
          ],
          [
            12.5725355,
            44.0388656
          ]
        ]
      }
    },
    {
      "type": "Feature",
      "properties": {
        "id": 184652896,
        "highway": "cycleway",
        "cycleway": "",
        "name": "",
        "surface": "",
        "lit": ""
      },
      "geometry": {
        "type": "LineString",
        "coordinates": [
          [
            12.5725355,
            44.0388656
          ],
          [
            12.5719031,
            44.0388628
          ]
        ]
      }
    },
    {
      "type": "Feature",
      "properties": {
        "id": 186942959,
        "highway": "path",
        "cycleway": "",
        "name": "",
        "surface": "",
        "lit": ""
      },
      "geometry": {
        "type": "LineString",
        "coordinates": [
          [
            12.5001963,
            44.1100543
          ],
          [
            12.4999738,
            44.1098578
          ],
          [
            12.4988698,
            44.1088946
          ],
          [
            12.4965431,
            44.1068644
          ],
          [
            12.4950108,
            44.1055166
          ],
          [
            12.4947864,
            44.1053318
          ],
          [
            12.4944752,
            44.1050641
          ],
          [
            12.4941561,
            44.1048234
          ],
          [
            12.4931771,
            44.104157
          ],
          [
            12.4932295,
            44.1041119
          ]
        ]
      }
    },
    {
      "type": "Feature",
      "properties": {
        "id": 200948319,
        "highway": "cycleway",
        "cycleway": "",
        "name": "",
        "surface": "fine_gravel",
        "lit": "yes"
      },
      "geometry": {
        "type": "LineString",
        "coordinates": [
          [
            12.5518434,
            44.0647009
          ],
          [
            12.5516722,
            44.0646464
          ]
        ]
      }
    },
    {
      "type": "Feature",
      "properties": {
        "id": 200948323,
        "highway": "cycleway",
        "cycleway": "",
        "name": "",
        "surface": "gravel",
        "lit": ""
      },
      "geometry": {
        "type": "LineString",
        "coordinates": [
          [
            12.5450223,
            44.0566306
          ],
          [
            12.5450466,
            44.0564675
          ],
          [
            12.5450645,
            44.0563523
          ],
          [
            12.5450547,
            44.0562556
          ],
          [
            12.5450516,
            44.0561926
          ]
        ]
      }
    },
    {
      "type": "Feature",
      "properties": {
        "id": 216585414,
        "highway": "cycleway",
        "cycleway": "",
        "name": "",
        "surface": "asphalt",
        "lit": ""
      },
      "geometry": {
        "type": "LineString",
        "coordinates": [
          [
            12.5806198,
            44.0529282
          ],
          [
            12.5796869,
            44.0522021
          ],
          [
            12.5791364,
            44.051796
          ],
          [
            12.5785536,
            44.0513562
          ],
          [
            12.5772371,
            44.0504042
          ],
          [
            12.5771924,
            44.0503719
          ]
        ]
      }
    },
    {
      "type": "Feature",
      "properties": {
        "id": 222328326,
        "highway": "cycleway",
        "cycleway": "",
        "name": "Lungomare Claudio Tintori",
        "surface": "paved",
        "lit": ""
      },
      "geometry": {
        "type": "LineString",
        "coordinates": [
          [
            12.5784922,
            44.0722976
          ],
          [
            12.5785303,
            44.0722521
          ],
          [
            12.5787472,
            44.0719931
          ],
          [
            12.5789794,
            44.0717159
          ],
          [
            12.5789455,
            44.0717005
          ]
        ]
      }
    },
    {
      "type": "Feature",
      "properties": {
        "id": 223646114,
        "highway": "cycleway",
        "cycleway": "",
        "name": "Lungomare Claudio Tintori",
        "surface": "",
        "lit": ""
      },
      "geometry": {
        "type": "LineString",
        "coordinates": [
          [
            12.5755357,
            44.0769665
          ],
          [
            12.5755529,
            44.0769276
          ],
          [
            12.5757981,
            44.076378
          ],
          [
            12.5760498,
            44.0758742
          ],
          [
            12.5762653,
            44.0754428
          ],
          [
            12.5764241,
            44.0751869
          ],
          [
            12.5768851,
            44.0744445
          ],
          [
            12.5772846,
            44.073801
          ],
          [
            12.5773576,
            44.0737047
          ],
          [
            12.5778103,
            44.0731073
          ]
        ]
      }
    },
    {
      "type": "Feature",
      "properties": {
        "id": 223791739,
        "highway": "cycleway",
        "cycleway": "",
        "name": "Via Longiano",
        "surface": "asphalt",
        "lit": ""
      },
      "geometry": {
        "type": "LineString",
        "coordinates": [
          [
            12.5012752,
            44.0706056
          ],
          [
            12.5012752,
            44.0704928
          ]
        ]
      }
    },
    {
      "type": "Feature",
      "properties": {
        "id": 224963160,
        "highway": "cycleway",
        "cycleway": "",
        "name": "",
        "surface": "compacted",
        "lit": "no"
      },
      "geometry": {
        "type": "LineString",
        "coordinates": [
          [
            12.5484868,
            44.0628795
          ],
          [
            12.5484589,
            44.0628317
          ],
          [
            12.548429,
            44.062761
          ],
          [
            12.5484144,
            44.0626894
          ],
          [
            12.5484485,
            44.0625855
          ],
          [
            12.548561,
            44.0624686
          ],
          [
            12.548681,
            44.0623105
          ]
        ]
      }
    },
    {
      "type": "Feature",
      "properties": {
        "id": 225793152,
        "highway": "cycleway",
        "cycleway": "",
        "name": "",
        "surface": "asphalt",
        "lit": "yes"
      },
      "geometry": {
        "type": "LineString",
        "coordinates": [
          [
            12.5690026,
            44.0437813
          ],
          [
            12.5689932,
            44.0435747
          ],
          [
            12.5690844,
            44.0434123
          ],
          [
            12.5693887,
            44.0432737
          ],
          [
            12.5699869,
            44.0430275
          ],
          [
            12.5700374,
            44.0429295
          ],
          [
            12.5699992,
            44.0428248
          ]
        ]
      }
    },
    {
      "type": "Feature",
      "properties": {
        "id": 226319094,
        "highway": "cycleway",
        "cycleway": "",
        "name": "",
        "surface": "paved",
        "lit": "yes"
      },
      "geometry": {
        "type": "LineString",
        "coordinates": [
          [
            12.6260394,
            44.0280971
          ],
          [
            12.6260418,
            44.0280214
          ],
          [
            12.6263814,
            44.0277797
          ],
          [
            12.6266595,
            44.0275554
          ],
          [
            12.6271539,
            44.0271524
          ],
          [
            12.6272286,
            44.0270915
          ],
          [
            12.627329,
            44.0270211
          ],
          [
            12.6274377,
            44.0269666
          ],
          [
            12.6275272,
            44.0268942
          ],
          [
            12.6275512,
            44.0268528
          ],
          [
            12.6282862,
            44.0262689
          ],
          [
            12.6284487,
            44.0261424
          ],
          [
            12.6296631,
            44.0251983
          ],
          [
            12.6297081,
            44.0251857
          ],
          [
            12.6297526,
            44.0251584
          ],
          [
            12.6297726,
            44.0251346
          ],
          [
            12.6297893,
            44.0251041
          ],
          [
            12.6308597,
            44.024276
          ]
        ]
      }
    },
    {
      "type": "Feature",
      "properties": {
        "id": 228942883,
        "highway": "cycleway",
        "cycleway": "",
        "name": "",
        "surface": "asphalt",
        "lit": ""
      },
      "geometry": {
        "type": "LineString",
        "coordinates": [
          [
            12.6307718,
            44.0242235
          ],
          [
            12.6308597,
            44.024276
          ]
        ]
      }
    },
    {
      "type": "Feature",
      "properties": {
        "id": 229005374,
        "highway": "path",
        "cycleway": "",
        "name": "",
        "surface": "asphalt",
        "lit": "yes"
      },
      "geometry": {
        "type": "LineString",
        "coordinates": [
          [
            12.5987202,
            44.0519524
          ],
          [
            12.5988157,
            44.0520076
          ],
          [
            12.5988834,
            44.0520451
          ]
        ]
      }
    },
    {
      "type": "Feature",
      "properties": {
        "id": 229005375,
        "highway": "path",
        "cycleway": "",
        "name": "",
        "surface": "asphalt",
        "lit": "yes"
      },
      "geometry": {
        "type": "LineString",
        "coordinates": [
          [
            12.5989653,
            44.0517286
          ],
          [
            12.5990604,
            44.0517857
          ],
          [
            12.5991236,
            44.0518237
          ]
        ]
      }
    },
    {
      "type": "Feature",
      "properties": {
        "id": 230421187,
        "highway": "cycleway",
        "cycleway": "",
        "name": "",
        "surface": "asphalt",
        "lit": ""
      },
      "geometry": {
        "type": "LineString",
        "coordinates": [
          [
            12.5639604,
            44.0686399
          ],
          [
            12.5639101,
            44.0686692
          ],
          [
            12.5639351,
            44.0687199
          ],
          [
            12.5640113,
            44.0688563
          ]
        ]
      }
    },
    {
      "type": "Feature",
      "properties": {
        "id": 230421188,
        "highway": "cycleway",
        "cycleway": "",
        "name": "",
        "surface": "",
        "lit": ""
      },
      "geometry": {
        "type": "LineString",
        "coordinates": [
          [
            12.564132,
            44.0690709
          ],
          [
            12.5634979,
            44.0693387
          ],
          [
            12.5634892,
            44.0693676
          ]
        ]
      }
    },
    {
      "type": "Feature",
      "properties": {
        "id": 230549393,
        "highway": "cycleway",
        "cycleway": "",
        "name": "Viale Rimembranze",
        "surface": "",
        "lit": ""
      },
      "geometry": {
        "type": "LineString",
        "coordinates": [
          [
            12.5998699,
            44.0469762
          ],
          [
            12.6001839,
            44.0471455
          ]
        ]
      }
    },
    {
      "type": "Feature",
      "properties": {
        "id": 230549395,
        "highway": "cycleway",
        "cycleway": "",
        "name": "Viale Rimembranze",
        "surface": "",
        "lit": ""
      },
      "geometry": {
        "type": "LineString",
        "coordinates": [
          [
            12.6001839,
            44.0471455
          ],
          [
            12.6006509,
            44.0474043
          ]
        ]
      }
    },
    {
      "type": "Feature",
      "properties": {
        "id": 230549399,
        "highway": "cycleway",
        "cycleway": "",
        "name": "Viale Rimembranze",
        "surface": "",
        "lit": ""
      },
      "geometry": {
        "type": "LineString",
        "coordinates": [
          [
            12.5993957,
            44.0467336
          ],
          [
            12.5998699,
            44.0469762
          ]
        ]
      }
    },
    {
      "type": "Feature",
      "properties": {
        "id": 231562404,
        "highway": "path",
        "cycleway": "",
        "name": "",
        "surface": "",
        "lit": "yes"
      },
      "geometry": {
        "type": "LineString",
        "coordinates": [
          [
            12.6116226,
            44.0353387
          ],
          [
            12.6118186,
            44.0354517
          ]
        ]
      }
    },
    {
      "type": "Feature",
      "properties": {
        "id": 231562405,
        "highway": "path",
        "cycleway": "",
        "name": "",
        "surface": "paving_stones",
        "lit": "yes"
      },
      "geometry": {
        "type": "LineString",
        "coordinates": [
          [
            12.6118186,
            44.0354517
          ],
          [
            12.6121598,
            44.0351975
          ]
        ]
      }
    },
    {
      "type": "Feature",
      "properties": {
        "id": 233510338,
        "highway": "path",
        "cycleway": "",
        "name": "",
        "surface": "ground",
        "lit": ""
      },
      "geometry": {
        "type": "LineString",
        "coordinates": [
          [
            12.6094748,
            44.0342141
          ],
          [
            12.6095227,
            44.0342427
          ],
          [
            12.6101666,
            44.034627
          ],
          [
            12.6102147,
            44.0346557
          ]
        ]
      }
    },
    {
      "type": "Feature",
      "properties": {
        "id": 238174605,
        "highway": "cycleway",
        "cycleway": "",
        "name": "",
        "surface": "",
        "lit": ""
      },
      "geometry": {
        "type": "LineString",
        "coordinates": [
          [
            12.5314028,
            44.077699
          ],
          [
            12.5313088,
            44.0766293
          ]
        ]
      }
    },
    {
      "type": "Feature",
      "properties": {
        "id": 246435052,
        "highway": "pedestrian",
        "cycleway": "",
        "name": "Via Saint-Maur des Fosses",
        "surface": "asphalt",
        "lit": ""
      },
      "geometry": {
        "type": "LineString",
        "coordinates": [
          [
            12.5766519,
            44.0713067
          ],
          [
            12.5771881,
            44.0718331
          ],
          [
            12.5776851,
            44.0723223
          ],
          [
            12.5777465,
            44.0723662
          ]
        ]
      }
    },
    {
      "type": "Feature",
      "properties": {
        "id": 260900480,
        "highway": "cycleway",
        "cycleway": "",
        "name": "",
        "surface": "asphalt",
        "lit": "yes"
      },
      "geometry": {
        "type": "LineString",
        "coordinates": [
          [
            12.5455403,
            44.0567436
          ],
          [
            12.545567,
            44.0567129
          ],
          [
            12.5455686,
            44.0566666
          ],
          [
            12.545568,
            44.056635
          ]
        ]
      }
    },
    {
      "type": "Feature",
      "properties": {
        "id": 260900553,
        "highway": "cycleway",
        "cycleway": "",
        "name": "",
        "surface": "asphalt",
        "lit": ""
      },
      "geometry": {
        "type": "LineString",
        "coordinates": [
          [
            12.5450223,
            44.0566306
          ],
          [
            12.5450223,
            44.0566665
          ]
        ]
      }
    },
    {
      "type": "Feature",
      "properties": {
        "id": 260900814,
        "highway": "cycleway",
        "cycleway": "crossing",
        "name": "",
        "surface": "asphalt",
        "lit": ""
      },
      "geometry": {
        "type": "LineString",
        "coordinates": [
          [
            12.553363,
            44.0468756
          ],
          [
            12.5534384,
            44.0468335
          ],
          [
            12.5535032,
            44.0467944
          ]
        ]
      }
    },
    {
      "type": "Feature",
      "properties": {
        "id": 262371198,
        "highway": "cycleway",
        "cycleway": "",
        "name": "Percorso ciclo-pedonale Armido Della Bartola",
        "surface": "asphalt",
        "lit": ""
      },
      "geometry": {
        "type": "LineString",
        "coordinates": [
          [
            12.579084,
            44.066402
          ],
          [
            12.5794867,
            44.0660846
          ]
        ]
      }
    },
    {
      "type": "Feature",
      "properties": {
        "id": 263369798,
        "highway": "cycleway",
        "cycleway": "",
        "name": "",
        "surface": "",
        "lit": ""
      },
      "geometry": {
        "type": "LineString",
        "coordinates": [
          [
            12.4521897,
            44.0213313
          ],
          [
            12.4521205,
            44.0213137
          ],
          [
            12.4522466,
            44.0210271
          ],
          [
            12.4522466,
            44.0209524
          ],
          [
            12.4521965,
            44.0208577
          ],
          [
            12.4520883,
            44.0207788
          ],
          [
            12.4520723,
            44.0207671
          ],
          [
            12.4513753,
            44.0203374
          ],
          [
            12.4513534,
            44.0203239
          ],
          [
            12.45114,
            44.0201924
          ]
        ]
      }
    },
    {
      "type": "Feature",
      "properties": {
        "id": 263633638,
        "highway": "pedestrian",
        "cycleway": "",
        "name": "Piazzale Adamello",
        "surface": "asphalt",
        "lit": "yes"
      },
      "geometry": {
        "type": "LineString",
        "coordinates": [
          [
            12.5548514,
            44.0776791
          ],
          [
            12.5548077,
            44.0776964
          ],
          [
            12.5540707,
            44.0779821
          ],
          [
            12.5538064,
            44.0780889
          ],
          [
            12.5531827,
            44.0783405
          ],
          [
            12.5531619,
            44.0783492
          ]
        ]
      }
    },
    {
      "type": "Feature",
      "properties": {
        "id": 263638233,
        "highway": "footway",
        "cycleway": "",
        "name": "Via Luci del varietà del 1950",
        "surface": "asphalt",
        "lit": ""
      },
      "geometry": {
        "type": "LineString",
        "coordinates": [
          [
            12.5771881,
            44.0718331
          ],
          [
            12.5775766,
            44.0716198
          ]
        ]
      }
    },
    {
      "type": "Feature",
      "properties": {
        "id": 294924470,
        "highway": "cycleway",
        "cycleway": "",
        "name": "",
        "surface": "asphalt",
        "lit": "yes"
      },
      "geometry": {
        "type": "LineString",
        "coordinates": [
          [
            12.5726333,
            44.0569408
          ],
          [
            12.572422,
            44.0568836
          ],
          [
            12.5717611,
            44.0567316
          ]
        ]
      }
    },
    {
      "type": "Feature",
      "properties": {
        "id": 297310644,
        "highway": "cycleway",
        "cycleway": "",
        "name": "",
        "surface": "concrete",
        "lit": "yes"
      },
      "geometry": {
        "type": "LineString",
        "coordinates": [
          [
            12.5640113,
            44.0688563
          ],
          [
            12.5641092,
            44.0690207
          ]
        ]
      }
    },
    {
      "type": "Feature",
      "properties": {
        "id": 297310645,
        "highway": "cycleway",
        "cycleway": "",
        "name": "",
        "surface": "asphalt",
        "lit": "yes"
      },
      "geometry": {
        "type": "LineString",
        "coordinates": [
          [
            12.5641092,
            44.0690207
          ],
          [
            12.564132,
            44.0690709
          ],
          [
            12.5647703,
            44.0698603
          ],
          [
            12.5648027,
            44.0699004
          ],
          [
            12.5649497,
            44.0702266
          ]
        ]
      }
    },
    {
      "type": "Feature",
      "properties": {
        "id": 317219916,
        "highway": "cycleway",
        "cycleway": "",
        "name": "Percorso ciclo-pedonale Margherita Zoebeli",
        "surface": "asphalt",
        "lit": "yes"
      },
      "geometry": {
        "type": "LineString",
        "coordinates": [
          [
            12.5747236,
            44.0604831
          ],
          [
            12.5748,
            44.0605059
          ],
          [
            12.5751003,
            44.0605452
          ],
          [
            12.5751848,
            44.0605497
          ],
          [
            12.5752755,
            44.060543
          ],
          [
            12.5753615,
            44.0605239
          ],
          [
            12.575471,
            44.0604834
          ],
          [
            12.5755368,
            44.0604543
          ]
        ]
      }
    },
    {
      "type": "Feature",
      "properties": {
        "id": 346572232,
        "highway": "path",
        "cycleway": "",
        "name": "",
        "surface": "paving_stones",
        "lit": ""
      },
      "geometry": {
        "type": "LineString",
        "coordinates": [
          [
            12.5933128,
            44.0531607
          ],
          [
            12.5926943,
            44.0528231
          ],
          [
            12.592044,
            44.0524822
          ],
          [
            12.5913127,
            44.0520648
          ],
          [
            12.5912731,
            44.0520422
          ],
          [
            12.5912065,
            44.0520394
          ]
        ]
      }
    },
    {
      "type": "Feature",
      "properties": {
        "id": 354196977,
        "highway": "footway",
        "cycleway": "",
        "name": "Sottopasso Oslo",
        "surface": "paved",
        "lit": "yes"
      },
      "geometry": {
        "type": "LineString",
        "coordinates": [
          [
            12.6149275,
            44.0329593
          ],
          [
            12.6147651,
            44.0328601
          ]
        ]
      }
    },
    {
      "type": "Feature",
      "properties": {
        "id": 355326278,
        "highway": "cycleway",
        "cycleway": "",
        "name": "",
        "surface": "paving_stones",
        "lit": "yes"
      },
      "geometry": {
        "type": "LineString",
        "coordinates": [
          [
            12.5939536,
            44.0535771
          ],
          [
            12.5938441,
            44.0536882
          ],
          [
            12.5937823,
            44.0536567
          ],
          [
            12.5939248,
            44.0535122
          ],
          [
            12.5940191,
            44.0535602
          ],
          [
            12.5940484,
            44.0535305
          ]
        ]
      }
    },
    {
      "type": "Feature",
      "properties": {
        "id": 355405366,
        "highway": "steps",
        "cycleway": "",
        "name": "Viale Latina",
        "surface": "",
        "lit": "yes"
      },
      "geometry": {
        "type": "LineString",
        "coordinates": [
          [
            12.6149869,
            44.0329148
          ],
          [
            12.6149275,
            44.0329593
          ]
        ]
      }
    },
    {
      "type": "Feature",
      "properties": {
        "id": 355405367,
        "highway": "steps",
        "cycleway": "",
        "name": "Viale Assisi",
        "surface": "",
        "lit": "yes"
      },
      "geometry": {
        "type": "LineString",
        "coordinates": [
          [
            12.6148842,
            44.0329873
          ],
          [
            12.6149275,
            44.0329593
          ]
        ]
      }
    },
    {
      "type": "Feature",
      "properties": {
        "id": 357044345,
        "highway": "cycleway",
        "cycleway": "",
        "name": "",
        "surface": "ground",
        "lit": "no"
      },
      "geometry": {
        "type": "LineString",
        "coordinates": [
          [
            12.5536215,
            44.0457642
          ],
          [
            12.5540026,
            44.0456015
          ],
          [
            12.5541356,
            44.0455359
          ],
          [
            12.5542252,
            44.0454633
          ],
          [
            12.5546898,
            44.0450104
          ],
          [
            12.5547908,
            44.0448976
          ],
          [
            12.5548805,
            44.0447371
          ],
          [
            12.5550247,
            44.0443178
          ]
        ]
      }
    },
    {
      "type": "Feature",
      "properties": {
        "id": 367013393,
        "highway": "cycleway",
        "cycleway": "",
        "name": "",
        "surface": "",
        "lit": ""
      },
      "geometry": {
        "type": "LineString",
        "coordinates": [
          [
            12.6220665,
            44.0270282
          ],
          [
            12.6222469,
            44.0271548
          ]
        ]
      }
    },
    {
      "type": "Feature",
      "properties": {
        "id": 367013394,
        "highway": "cycleway",
        "cycleway": "",
        "name": "",
        "surface": "",
        "lit": ""
      },
      "geometry": {
        "type": "LineString",
        "coordinates": [
          [
            12.6222469,
            44.0271548
          ],
          [
            12.6222391,
            44.0272433
          ],
          [
            12.6220968,
            44.0273633
          ],
          [
            12.6225182,
            44.0276543
          ]
        ]
      }
    },
    {
      "type": "Feature",
      "properties": {
        "id": 367013395,
        "highway": "path",
        "cycleway": "",
        "name": "",
        "surface": "paving_stones",
        "lit": ""
      },
      "geometry": {
        "type": "LineString",
        "coordinates": [
          [
            12.6203369,
            44.0254168
          ],
          [
            12.6207382,
            44.025145
          ],
          [
            12.62086,
            44.025051
          ],
          [
            12.6211892,
            44.0248249
          ],
          [
            12.6214418,
            44.0246723
          ]
        ]
      }
    },
    {
      "type": "Feature",
      "properties": {
        "id": 383021031,
        "highway": "cycleway",
        "cycleway": "",
        "name": "",
        "surface": "fine_gravel",
        "lit": ""
      },
      "geometry": {
        "type": "LineString",
        "coordinates": [
          [
            12.559023,
            44.0629546
          ],
          [
            12.5587098,
            44.0629237
          ],
          [
            12.5584272,
            44.0629034
          ],
          [
            12.5582051,
            44.0629062
          ]
        ]
      }
    },
    {
      "type": "Feature",
      "properties": {
        "id": 405779887,
        "highway": "cycleway",
        "cycleway": "",
        "name": "",
        "surface": "compacted",
        "lit": ""
      },
      "geometry": {
        "type": "LineString",
        "coordinates": [
          [
            12.5598751,
            44.0729252
          ],
          [
            12.5601964,
            44.073307
          ],
          [
            12.5602349,
            44.073369
          ],
          [
            12.5602668,
            44.0734185
          ]
        ]
      }
    },
    {
      "type": "Feature",
      "properties": {
        "id": 435669430,
        "highway": "cycleway",
        "cycleway": "",
        "name": "",
        "surface": "asphalt",
        "lit": ""
      },
      "geometry": {
        "type": "LineString",
        "coordinates": [
          [
            12.5741922,
            44.0741707
          ],
          [
            12.57395,
            44.0737161
          ],
          [
            12.5736032,
            44.073028
          ]
        ]
      }
    },
    {
      "type": "Feature",
      "properties": {
        "id": 435669860,
        "highway": "cycleway",
        "cycleway": "",
        "name": "Ciclabile darsena di Rimini (A Tutta Randa)",
        "surface": "asphalt",
        "lit": "yes"
      },
      "geometry": {
        "type": "LineString",
        "coordinates": [
          [
            12.5734032,
            44.0748688
          ],
          [
            12.5733536,
            44.0750524
          ],
          [
            12.573077,
            44.075019
          ],
          [
            12.5730358,
            44.074935
          ],
          [
            12.5729771,
            44.0749295
          ],
          [
            12.5713342,
            44.074816
          ],
          [
            12.571236,
            44.0747989
          ],
          [
            12.5710964,
            44.0747678
          ],
          [
            12.5709933,
            44.0747296
          ],
          [
            12.5708874,
            44.0746891
          ],
          [
            12.5707969,
            44.0746299
          ],
          [
            12.5707297,
            44.074547
          ],
          [
            12.5707208,
            44.0745352
          ],
          [
            12.5706325,
            44.0744193
          ],
          [
            12.5705937,
            44.0743837
          ]
        ]
      }
    },
    {
      "type": "Feature",
      "properties": {
        "id": 445166546,
        "highway": "cycleway",
        "cycleway": "",
        "name": "Via Arnaldo da Brescia",
        "surface": "asphalt",
        "lit": ""
      },
      "geometry": {
        "type": "LineString",
        "coordinates": [
          [
            12.576576,
            44.0517717
          ],
          [
            12.5760642,
            44.0513575
          ]
        ]
      }
    },
    {
      "type": "Feature",
      "properties": {
        "id": 460575300,
        "highway": "cycleway",
        "cycleway": "",
        "name": "Ciclabile sul Marecchia di Rimini",
        "surface": "compacted",
        "lit": "no"
      },
      "geometry": {
        "type": "LineString",
        "coordinates": [
          [
            12.5484868,
            44.0628795
          ],
          [
            12.5482634,
            44.0628173
          ],
          [
            12.5480726,
            44.0627494
          ],
          [
            12.5479265,
            44.0626709
          ],
          [
            12.5478174,
            44.0625988
          ],
          [
            12.5474144,
            44.0623643
          ],
          [
            12.5472201,
            44.0622246
          ],
          [
            12.5471104,
            44.0620951
          ],
          [
            12.5469394,
            44.0618533
          ],
          [
            12.5466252,
            44.0613445
          ],
          [
            12.5465184,
            44.0611814
          ]
        ]
      }
    },
    {
      "type": "Feature",
      "properties": {
        "id": 460575302,
        "highway": "cycleway",
        "cycleway": "",
        "name": "",
        "surface": "compacted",
        "lit": "no"
      },
      "geometry": {
        "type": "LineString",
        "coordinates": [
          [
            12.5582051,
            44.0629062
          ],
          [
            12.5578953,
            44.0629523
          ],
          [
            12.5576314,
            44.0629854
          ],
          [
            12.5573852,
            44.0629585
          ],
          [
            12.557178,
            44.0629935
          ],
          [
            12.5569631,
            44.0630175
          ],
          [
            12.5566977,
            44.0630397
          ],
          [
            12.5564343,
            44.0630768
          ],
          [
            12.5562214,
            44.0630779
          ],
          [
            12.5559403,
            44.0630706
          ],
          [
            12.5555657,
            44.0630903
          ],
          [
            12.5553872,
            44.0631265
          ],
          [
            12.5552513,
            44.0631487
          ],
          [
            12.5549493,
            44.0631979
          ],
          [
            12.5546672,
            44.063242
          ],
          [
            12.5545679,
            44.0632825
          ],
          [
            12.5544738,
            44.0633302
          ],
          [
            12.5543683,
            44.0633592
          ],
          [
            12.5542701,
            44.0633721
          ],
          [
            12.5535736,
            44.0633939
          ],
          [
            12.5530373,
            44.0634157
          ],
          [
            12.5525385,
            44.0634384
          ],
          [
            12.5521264,
            44.0634783
          ],
          [
            12.551936,
            44.0635176
          ],
          [
            12.5517923,
            44.063561
          ],
          [
            12.5517674,
            44.0635707
          ],
          [
            12.5516099,
            44.0636319
          ],
          [
            12.5514819,
            44.0636682
          ],
          [
            12.5513821,
            44.0636792
          ],
          [
            12.551284,
            44.0636772
          ],
          [
            12.5512108,
            44.0636665
          ]
        ]
      }
    },
    {
      "type": "Feature",
      "properties": {
        "id": 460575313,
        "highway": "cycleway",
        "cycleway": "",
        "name": "",
        "surface": "compacted",
        "lit": ""
      },
      "geometry": {
        "type": "LineString",
        "coordinates": [
          [
            12.5458163,
            44.0610203
          ],
          [
            12.5458466,
            44.0610856
          ],
          [
            12.5458652,
            44.0611624
          ],
          [
            12.5458695,
            44.0612337
          ],
          [
            12.545841,
            44.0613126
          ],
          [
            12.5457837,
            44.0613779
          ],
          [
            12.5457079,
            44.0614308
          ],
          [
            12.5456294,
            44.0614733
          ],
          [
            12.545529,
            44.0615132
          ],
          [
            12.5453873,
            44.0615472
          ],
          [
            12.5452972,
            44.0615591
          ],
          [
            12.5452059,
            44.0615538
          ],
          [
            12.5450778,
            44.0615222
          ],
          [
            12.5446995,
            44.0613972
          ],
          [
            12.5441434,
            44.0612102
          ],
          [
            12.543773,
            44.0610897
          ],
          [
            12.5436213,
            44.0610329
          ],
          [
            12.5434532,
            44.0609826
          ],
          [
            12.543219,
            44.0609086
          ],
          [
            12.5430691,
            44.0608561
          ],
          [
            12.5428484,
            44.0607522
          ],
          [
            12.5425304,
            44.060596
          ],
          [
            12.5423972,
            44.0605767
          ],
          [
            12.54223,
            44.0605604
          ],
          [
            12.5417102,
            44.0604626
          ],
          [
            12.5416121,
            44.06044
          ],
          [
            12.5414639,
            44.0603833
          ],
          [
            12.5413409,
            44.0603506
          ],
          [
            12.5411534,
            44.0603086
          ],
          [
            12.5409962,
            44.0602311
          ],
          [
            12.5408382,
            44.0600823
          ],
          [
            12.5407521,
            44.0600188
          ],
          [
            12.5406179,
            44.0599597
          ],
          [
            12.540226,
            44.0598263
          ],
          [
            12.5397072,
            44.0596698
          ],
          [
            12.5394556,
            44.0596159
          ],
          [
            12.5391232,
            44.0595904
          ],
          [
            12.5382075,
            44.0595319
          ],
          [
            12.5375752,
            44.0595259
          ],
          [
            12.5368695,
            44.0595377
          ],
          [
            12.5366395,
            44.0595654
          ],
          [
            12.5361409,
            44.0596918
          ],
          [
            12.5358076,
            44.0597945
          ],
          [
            12.5356586,
            44.0598371
          ],
          [
            12.53557,
            44.0598675
          ],
          [
            12.5354273,
            44.0599607
          ],
          [
            12.5353114,
            44.0600302
          ],
          [
            12.5348186,
            44.0602903
          ],
          [
            12.5347455,
            44.0603559
          ],
          [
            12.5346404,
            44.0604711
          ],
          [
            12.5345117,
            44.0605636
          ],
          [
            12.5343436,
            44.0606278
          ],
          [
            12.5341072,
            44.0606976
          ],
          [
            12.5337499,
            44.0608052
          ],
          [
            12.5335975,
            44.0608222
          ],
          [
            12.5333742,
            44.0608147
          ],
          [
            12.5331299,
            44.060826
          ],
          [
            12.5327911,
            44.0608713
          ],
          [
            12.532594,
            44.0608921
          ],
          [
            12.5325231,
            44.0608751
          ],
          [
            12.5323261,
            44.0608222
          ],
          [
            12.5320949,
            44.0607316
          ],
          [
            12.5317902,
            44.0606316
          ],
          [
            12.5316168,
            44.0606202
          ],
          [
            12.5314067,
            44.0606788
          ],
          [
            12.5311019,
            44.0608279
          ],
          [
            12.530834,
            44.060994
          ],
          [
            12.5306554,
            44.0610695
          ],
          [
            12.5304478,
            44.061111
          ],
          [
            12.530193,
            44.0611545
          ],
          [
            12.5299041,
            44.0612394
          ],
          [
            12.5296939,
            44.0613036
          ],
          [
            12.5293918,
            44.0613583
          ],
          [
            12.5290897,
            44.0614395
          ],
          [
            12.5287377,
            44.0615773
          ],
          [
            12.5284829,
            44.0616641
          ],
          [
            12.5282228,
            44.0617661
          ],
          [
            12.5279759,
            44.0618227
          ],
          [
            12.527771,
            44.0619095
          ],
          [
            12.5275188,
            44.0620171
          ],
          [
            12.5271957,
            44.0620964
          ],
          [
            12.5269698,
            44.0621455
          ],
          [
            12.5266598,
            44.0622286
          ],
          [
            12.5262815,
            44.0623664
          ],
          [
            12.5259636,
            44.0625042
          ],
          [
            12.5256484,
            44.0626665
          ],
          [
            12.5252806,
            44.0628798
          ],
          [
            12.5251204,
            44.0629383
          ],
          [
            12.52483,
            44.063007
          ],
          [
            12.5243954,
            44.0631007
          ],
          [
            12.5233288,
            44.0634518
          ],
          [
            12.5231391,
            44.0634819
          ],
          [
            12.5229269,
            44.0634518
          ],
          [
            12.5227456,
            44.0633914
          ],
          [
            12.5225092,
            44.0632989
          ],
          [
            12.5219375,
            44.0630933
          ],
          [
            12.5217842,
            44.0630459
          ],
          [
            12.5216502,
            44.0630346
          ],
          [
            12.5216476,
            44.0630346
          ],
          [
            12.5214348,
            44.0630554
          ],
          [
            12.5209462,
            44.063095
          ],
          [
            12.5205233,
            44.0631516
          ],
          [
            12.5202579,
            44.0631799
          ],
          [
            12.5198875,
            44.0631894
          ],
          [
            12.5195933,
            44.0632309
          ],
          [
            12.5191914,
            44.0633291
          ],
          [
            12.5188394,
            44.0634499
          ],
          [
            12.5185557,
            44.0635952
          ],
          [
            12.5184296,
            44.0636556
          ],
          [
            12.5182326,
            44.0637123
          ],
          [
            12.5178306,
            44.0638274
          ],
          [
            12.5175001,
            44.0639938
          ],
          [
            12.5173806,
            44.064126
          ],
          [
            12.5172769,
            44.0643453
          ],
          [
            12.5172023,
            44.0645282
          ],
          [
            12.5169851,
            44.0646352
          ],
          [
            12.5165236,
            44.0646991
          ],
          [
            12.5158178,
            44.0647462
          ],
          [
            12.5153001,
            44.0647667
          ],
          [
            12.5147438,
            44.0647208
          ],
          [
            12.5142903,
            44.0646301
          ],
          [
            12.5139069,
            44.0645227
          ],
          [
            12.5138352,
            44.0645229
          ],
          [
            12.5137922,
            44.0645592
          ],
          [
            12.5137578,
            44.0646537
          ],
          [
            12.513569,
            44.0651903
          ],
          [
            12.5134971,
            44.0653041
          ],
          [
            12.5134079,
            44.0653469
          ],
          [
            12.5132296,
            44.0653611
          ],
          [
            12.5129819,
            44.0653113
          ],
          [
            12.5125956,
            44.0652472
          ],
          [
            12.5119104,
            44.0650901
          ],
          [
            12.5115531,
            44.0650499
          ],
          [
            12.5108036,
            44.0649844
          ],
          [
            12.5102081,
            44.0650046
          ],
          [
            12.5101794,
            44.065002
          ],
          [
            12.5096617,
            44.0649542
          ],
          [
            12.50902,
            44.0649929
          ],
          [
            12.5085409,
            44.0649291
          ],
          [
            12.507427,
            44.0646545
          ],
          [
            12.5072803,
            44.0645949
          ],
          [
            12.5071878,
            44.0645237
          ],
          [
            12.5069786,
            44.0640409
          ],
          [
            12.5068539,
            44.0639255
          ],
          [
            12.506799,
            44.0638747
          ],
          [
            12.5061691,
            44.0635301
          ],
          [
            12.5056554,
            44.0632537
          ],
          [
            12.5054724,
            44.0630923
          ],
          [
            12.5053411,
            44.0629154
          ],
          [
            12.50505,
            44.0624749
          ],
          [
            12.5047917,
            44.0622042
          ],
          [
            12.5045179,
            44.0619783
          ],
          [
            12.5041105,
            44.0616131
          ],
          [
            12.5038787,
            44.061414
          ],
          [
            12.5036119,
            44.0611993
          ],
          [
            12.5035118,
            44.0611449
          ],
          [
            12.5034734,
            44.061124
          ]
        ]
      }
    },
    {
      "type": "Feature",
      "properties": {
        "id": 464443755,
        "highway": "cycleway",
        "cycleway": "",
        "name": "",
        "surface": "concrete",
        "lit": "no"
      },
      "geometry": {
        "type": "LineString",
        "coordinates": [
          [
            12.5457205,
            44.0598458
          ],
          [
            12.5451711,
            44.0599953
          ],
          [
            12.5450604,
            44.0599878
          ]
        ]
      }
    },
    {
      "type": "Feature",
      "properties": {
        "id": 464443756,
        "highway": "cycleway",
        "cycleway": "",
        "name": "",
        "surface": "compacted",
        "lit": "yes"
      },
      "geometry": {
        "type": "LineString",
        "coordinates": [
          [
            12.5457205,
            44.0598458
          ],
          [
            12.546471,
            44.0610114
          ],
          [
            12.5465184,
            44.0611814
          ]
        ]
      }
    },
    {
      "type": "Feature",
      "properties": {
        "id": 465309419,
        "highway": "cycleway",
        "cycleway": "",
        "name": "",
        "surface": "concrete",
        "lit": "yes"
      },
      "geometry": {
        "type": "LineString",
        "coordinates": [
          [
            12.5907354,
            44.0449726
          ],
          [
            12.5906449,
            44.0449053
          ],
          [
            12.590605,
            44.0448683
          ],
          [
            12.5905503,
            44.0448533
          ],
          [
            12.5904909,
            44.0448564
          ],
          [
            12.5904422,
            44.0448696
          ],
          [
            12.5893754,
            44.0457175
          ],
          [
            12.5893294,
            44.0458043
          ]
        ]
      }
    },
    {
      "type": "Feature",
      "properties": {
        "id": 480753756,
        "highway": "cycleway",
        "cycleway": "",
        "name": "",
        "surface": "",
        "lit": ""
      },
      "geometry": {
        "type": "LineString",
        "coordinates": [
          [
            12.5347949,
            44.0744523
          ],
          [
            12.5347478,
            44.0744227
          ],
          [
            12.534675,
            44.0743598
          ],
          [
            12.5346377,
            44.0742701
          ],
          [
            12.5348012,
            44.0726668
          ]
        ]
      }
    },
    {
      "type": "Feature",
      "properties": {
        "id": 483119430,
        "highway": "cycleway",
        "cycleway": "",
        "name": "",
        "surface": "",
        "lit": ""
      },
      "geometry": {
        "type": "LineString",
        "coordinates": [
          [
            12.5476283,
            44.0707132
          ],
          [
            12.5478574,
            44.0708998
          ]
        ]
      }
    },
    {
      "type": "Feature",
      "properties": {
        "id": 483119431,
        "highway": "cycleway",
        "cycleway": "",
        "name": "",
        "surface": "",
        "lit": ""
      },
      "geometry": {
        "type": "LineString",
        "coordinates": [
          [
            12.5474657,
            44.0704805
          ],
          [
            12.547428,
            44.0705175
          ],
          [
            12.5474401,
            44.0705599
          ],
          [
            12.5476283,
            44.0707132
          ]
        ]
      }
    },
    {
      "type": "Feature",
      "properties": {
        "id": 483119432,
        "highway": "cycleway",
        "cycleway": "",
        "name": "",
        "surface": "",
        "lit": ""
      },
      "geometry": {
        "type": "LineString",
        "coordinates": [
          [
            12.5478574,
            44.0708998
          ],
          [
            12.5480919,
            44.0710908
          ],
          [
            12.5480342,
            44.0711535
          ],
          [
            12.5480168,
            44.0712151
          ],
          [
            12.5480154,
            44.0712787
          ],
          [
            12.5480396,
            44.0713288
          ],
          [
            12.5480855,
            44.0713708
          ]
        ]
      }
    },
    {
      "type": "Feature",
      "properties": {
        "id": 483119439,
        "highway": "footway",
        "cycleway": "",
        "name": "",
        "surface": "",
        "lit": ""
      },
      "geometry": {
        "type": "LineString",
        "coordinates": [
          [
            12.5421103,
            44.051418
          ],
          [
            12.5421352,
            44.0513941
          ],
          [
            12.54268,
            44.0510648
          ],
          [
            12.5427135,
            44.0510271
          ],
          [
            12.5427102,
            44.0509877
          ],
          [
            12.5422484,
            44.0504946
          ],
          [
            12.5417328,
            44.050263
          ],
          [
            12.5410063,
            44.0498252
          ],
          [
            12.5398367,
            44.0493121
          ],
          [
            12.5396414,
            44.0492463
          ],
          [
            12.5391518,
            44.0491643
          ],
          [
            12.5380467,
            44.0487565
          ],
          [
            12.5378053,
            44.0486909
          ],
          [
            12.5376069,
            44.0486446
          ],
          [
            12.536804,
            44.0485313
          ],
          [
            12.5365309,
            44.0484167
          ],
          [
            12.5363815,
            44.0484038
          ],
          [
            12.5362655,
            44.0483946
          ],
          [
            12.5356025,
            44.0482003
          ],
          [
            12.5355613,
            44.0482017
          ],
          [
            12.535519,
            44.0482227
          ],
          [
            12.5354879,
            44.0482734
          ],
          [
            12.5353543,
            44.0486382
          ],
          [
            12.5348172,
            44.0495958
          ]
        ]
      }
    },
    {
      "type": "Feature",
      "properties": {
        "id": 483119440,
        "highway": "footway",
        "cycleway": "",
        "name": "",
        "surface": "",
        "lit": ""
      },
      "geometry": {
        "type": "LineString",
        "coordinates": [
          [
            12.5386103,
            44.0501269
          ],
          [
            12.5391518,
            44.0491643
          ]
        ]
      }
    },
    {
      "type": "Feature",
      "properties": {
        "id": 490341672,
        "highway": "cycleway",
        "cycleway": "",
        "name": "",
        "surface": "sett",
        "lit": ""
      },
      "geometry": {
        "type": "LineString",
        "coordinates": [
          [
            12.5713062,
            44.0689585
          ],
          [
            12.5712517,
            44.068971
          ]
        ]
      }
    },
    {
      "type": "Feature",
      "properties": {
        "id": 490348673,
        "highway": "cycleway",
        "cycleway": "",
        "name": "Lungomarecchia Ruggero Diotalevi",
        "surface": "sett",
        "lit": ""
      },
      "geometry": {
        "type": "LineString",
        "coordinates": [
          [
            12.5691634,
            44.0665123
          ],
          [
            12.5692975,
            44.0666506
          ],
          [
            12.5695711,
            44.0669421
          ]
        ]
      }
    },
    {
      "type": "Feature",
      "properties": {
        "id": 490348674,
        "highway": "cycleway",
        "cycleway": "",
        "name": "",
        "surface": "asphalt",
        "lit": "yes"
      },
      "geometry": {
        "type": "LineString",
        "coordinates": [
          [
            12.5710824,
            44.0686575
          ],
          [
            12.5706671,
            44.0681201
          ],
          [
            12.5706399,
            44.0680855
          ],
          [
            12.5704549,
            44.0678705
          ],
          [
            12.5702329,
            44.067634
          ],
          [
            12.5701618,
            44.0675556
          ],
          [
            12.5701195,
            44.0675629
          ]
        ]
      }
    },
    {
      "type": "Feature",
      "properties": {
        "id": 493209753,
        "highway": "cycleway",
        "cycleway": "",
        "name": "",
        "surface": "asphalt",
        "lit": "yes"
      },
      "geometry": {
        "type": "LineString",
        "coordinates": [
          [
            12.5762174,
            44.0591893
          ],
          [
            12.5761456,
            44.0591449
          ],
          [
            12.5760747,
            44.0591175
          ],
          [
            12.57592,
            44.0590852
          ],
          [
            12.5758355,
            44.0590348
          ],
          [
            12.5757636,
            44.0589666
          ]
        ]
      }
    },
    {
      "type": "Feature",
      "properties": {
        "id": 499260137,
        "highway": "cycleway",
        "cycleway": "",
        "name": "",
        "surface": "asphalt",
        "lit": "yes"
      },
      "geometry": {
        "type": "LineString",
        "coordinates": [
          [
            12.5700429,
            44.0674694
          ],
          [
            12.5700648,
            44.0674395
          ],
          [
            12.5700654,
            44.067408
          ],
          [
            12.5700485,
            44.0673805
          ],
          [
            12.5699871,
            44.0673178
          ],
          [
            12.5696166,
            44.0669397
          ],
          [
            12.5695939,
            44.0669334
          ],
          [
            12.5695711,
            44.0669421
          ]
        ]
      }
    },
    {
      "type": "Feature",
      "properties": {
        "id": 533544513,
        "highway": "cycleway",
        "cycleway": "",
        "name": "",
        "surface": "asphalt",
        "lit": "yes"
      },
      "geometry": {
        "type": "LineString",
        "coordinates": [
          [
            12.5560963,
            44.0674056
          ],
          [
            12.554778,
            44.0677053
          ]
        ]
      }
    },
    {
      "type": "Feature",
      "properties": {
        "id": 533544516,
        "highway": "cycleway",
        "cycleway": "",
        "name": "",
        "surface": "asphalt",
        "lit": "yes"
      },
      "geometry": {
        "type": "LineString",
        "coordinates": [
          [
            12.5561292,
            44.067356
          ],
          [
            12.5561298,
            44.0673911
          ],
          [
            12.5560963,
            44.0674056
          ]
        ]
      }
    },
    {
      "type": "Feature",
      "properties": {
        "id": 533544518,
        "highway": "cycleway",
        "cycleway": "",
        "name": "",
        "surface": "asphalt",
        "lit": "yes"
      },
      "geometry": {
        "type": "LineString",
        "coordinates": [
          [
            12.554778,
            44.0677053
          ],
          [
            12.5547029,
            44.0677178
          ],
          [
            12.5546345,
            44.0677197
          ],
          [
            12.5545721,
            44.0677167
          ],
          [
            12.5545178,
            44.0676966
          ],
          [
            12.5544494,
            44.0676581
          ],
          [
            12.55432,
            44.0675744
          ]
        ]
      }
    },
    {
      "type": "Feature",
      "properties": {
        "id": 533544522,
        "highway": "cycleway",
        "cycleway": "",
        "name": "",
        "surface": "asphalt",
        "lit": "yes"
      },
      "geometry": {
        "type": "LineString",
        "coordinates": [
          [
            12.5562594,
            44.0674767
          ],
          [
            12.5548384,
            44.067791
          ]
        ]
      }
    },
    {
      "type": "Feature",
      "properties": {
        "id": 533544526,
        "highway": "cycleway",
        "cycleway": "",
        "name": "",
        "surface": "asphalt",
        "lit": "yes"
      },
      "geometry": {
        "type": "LineString",
        "coordinates": [
          [
            12.5572947,
            44.0670715
          ],
          [
            12.5573562,
            44.067051
          ],
          [
            12.5574049,
            44.0670347
          ],
          [
            12.5579362,
            44.0668982
          ]
        ]
      }
    },
    {
      "type": "Feature",
      "properties": {
        "id": 533544530,
        "highway": "path",
        "cycleway": "",
        "name": "",
        "surface": "asphalt",
        "lit": "yes"
      },
      "geometry": {
        "type": "LineString",
        "coordinates": [
          [
            12.5548859,
            44.0680205
          ],
          [
            12.554833,
            44.0680387
          ],
          [
            12.5546667,
            44.0679336
          ],
          [
            12.5546174,
            44.0678934
          ]
        ]
      }
    },
    {
      "type": "Feature",
      "properties": {
        "id": 533544533,
        "highway": "cycleway",
        "cycleway": "",
        "name": "",
        "surface": "asphalt",
        "lit": "yes"
      },
      "geometry": {
        "type": "LineString",
        "coordinates": [
          [
            12.5546174,
            44.0678934
          ],
          [
            12.5545594,
            44.0678652
          ],
          [
            12.5545084,
            44.0678652
          ],
          [
            12.554436,
            44.0678787
          ],
          [
            12.5543314,
            44.0679038
          ],
          [
            12.5541707,
            44.0679393
          ],
          [
            12.5541571,
            44.0679423
          ],
          [
            12.5539054,
            44.0679997
          ],
          [
            12.5533778,
            44.0681167
          ],
          [
            12.5530121,
            44.0681993
          ]
        ]
      }
    },
    {
      "type": "Feature",
      "properties": {
        "id": 533544538,
        "highway": "path",
        "cycleway": "",
        "name": "Ciclabile sul Marecchia di Rimini",
        "surface": "fine_gravel",
        "lit": "no"
      },
      "geometry": {
        "type": "LineString",
        "coordinates": [
          [
            12.5564392,
            44.0675339
          ],
          [
            12.5563594,
            44.0674725
          ],
          [
            12.5563357,
            44.0674542
          ],
          [
            12.5562745,
            44.0674071
          ]
        ]
      }
    },
    {
      "type": "Feature",
      "properties": {
        "id": 533544545,
        "highway": "path",
        "cycleway": "",
        "name": "Ciclabile sul Marecchia di Rimini",
        "surface": "fine_gravel",
        "lit": "no"
      },
      "geometry": {
        "type": "LineString",
        "coordinates": [
          [
            12.5592444,
            44.070236
          ],
          [
            12.5591451,
            44.0700848
          ],
          [
            12.5590167,
            44.0699077
          ],
          [
            12.5589629,
            44.0697966
          ],
          [
            12.5589458,
            44.0697476
          ]
        ]
      }
    },
    {
      "type": "Feature",
      "properties": {
        "id": 533544548,
        "highway": "path",
        "cycleway": "",
        "name": "Ciclabile sul Marecchia di Rimini",
        "surface": "fine_gravel",
        "lit": "no"
      },
      "geometry": {
        "type": "LineString",
        "coordinates": [
          [
            12.559903,
            44.0710015
          ],
          [
            12.5597673,
            44.0707904
          ],
          [
            12.5596419,
            44.0706338
          ],
          [
            12.5595274,
            44.0705165
          ],
          [
            12.5594042,
            44.0703913
          ],
          [
            12.5592444,
            44.070236
          ]
        ]
      }
    },
    {
      "type": "Feature",
      "properties": {
        "id": 533544552,
        "highway": "path",
        "cycleway": "",
        "name": "Ciclabile sul Marecchia di Rimini",
        "surface": "fine_gravel",
        "lit": "no"
      },
      "geometry": {
        "type": "LineString",
        "coordinates": [
          [
            12.560322,
            44.0715701
          ],
          [
            12.5602727,
            44.0715567
          ],
          [
            12.560026,
            44.0712285
          ],
          [
            12.5599537,
            44.0711068
          ],
          [
            12.559903,
            44.0710015
          ]
        ]
      }
    },
    {
      "type": "Feature",
      "properties": {
        "id": 533544555,
        "highway": "path",
        "cycleway": "",
        "name": "Ciclabile sul Marecchia di Rimini",
        "surface": "fine_gravel",
        "lit": "no"
      },
      "geometry": {
        "type": "LineString",
        "coordinates": [
          [
            12.561172,
            44.072375
          ],
          [
            12.5611036,
            44.0722999
          ],
          [
            12.5610267,
            44.072213
          ],
          [
            12.560766,
            44.0718666
          ],
          [
            12.5604589,
            44.0715017
          ],
          [
            12.5601907,
            44.0711621
          ]
        ]
      }
    },
    {
      "type": "Feature",
      "properties": {
        "id": 533544559,
        "highway": "path",
        "cycleway": "",
        "name": "",
        "surface": "asphalt",
        "lit": "no"
      },
      "geometry": {
        "type": "LineString",
        "coordinates": [
          [
            12.5614286,
            44.0727
          ],
          [
            12.5613939,
            44.0726609
          ],
          [
            12.5613575,
            44.0726173
          ]
        ]
      }
    },
    {
      "type": "Feature",
      "properties": {
        "id": 533544561,
        "highway": "path",
        "cycleway": "",
        "name": "Ciclabile sul Marecchia di Rimini",
        "surface": "fine_gravel",
        "lit": "yes"
      },
      "geometry": {
        "type": "LineString",
        "coordinates": [
          [
            12.5634039,
            44.0750809
          ],
          [
            12.5628514,
            44.0744118
          ],
          [
            12.5616841,
            44.0729876
          ],
          [
            12.5615342,
            44.0728189
          ],
          [
            12.5614286,
            44.0727
          ]
        ]
      }
    },
    {
      "type": "Feature",
      "properties": {
        "id": 533620728,
        "highway": "path",
        "cycleway": "",
        "name": "",
        "surface": "",
        "lit": ""
      },
      "geometry": {
        "type": "LineString",
        "coordinates": [
          [
            12.5627035,
            44.0645933
          ],
          [
            12.5627374,
            44.064616
          ],
          [
            12.5628401,
            44.0646848
          ]
        ]
      }
    },
    {
      "type": "Feature",
      "properties": {
        "id": 533620743,
        "highway": "cycleway",
        "cycleway": "",
        "name": "",
        "surface": "asphalt",
        "lit": "yes"
      },
      "geometry": {
        "type": "LineString",
        "coordinates": [
          [
            12.5586639,
            44.0666906
          ],
          [
            12.5587993,
            44.0666496
          ],
          [
            12.5591326,
            44.0665562
          ],
          [
            12.5593773,
            44.066482
          ],
          [
            12.5596455,
            44.0663986
          ],
          [
            12.5598769,
            44.0663234
          ],
          [
            12.5599473,
            44.0662916
          ],
          [
            12.5599795,
            44.0662579
          ],
          [
            12.5600062,
            44.0662545
          ]
        ]
      }
    },
    {
      "type": "Feature",
      "properties": {
        "id": 533620745,
        "highway": "cycleway",
        "cycleway": "",
        "name": "",
        "surface": "asphalt",
        "lit": "yes"
      },
      "geometry": {
        "type": "LineString",
        "coordinates": [
          [
            12.5600062,
            44.0662545
          ],
          [
            12.5601136,
            44.0662271
          ],
          [
            12.5602262,
            44.0661736
          ],
          [
            12.5603396,
            44.0661066
          ],
          [
            12.5604918,
            44.066016
          ],
          [
            12.5605045,
            44.0659862
          ],
          [
            12.5605437,
            44.0659654
          ],
          [
            12.5606212,
            44.0659187
          ],
          [
            12.5606708,
            44.0658739
          ],
          [
            12.560815,
            44.0657891
          ],
          [
            12.5609474,
            44.065707
          ],
          [
            12.5610403,
            44.0656393
          ],
          [
            12.5610732,
            44.0656142
          ],
          [
            12.5611241,
            44.0656055
          ],
          [
            12.5613042,
            44.0654894
          ],
          [
            12.56145,
            44.0653955
          ],
          [
            12.561605,
            44.0652981
          ],
          [
            12.5620212,
            44.0650329
          ],
          [
            12.5620826,
            44.064994
          ],
          [
            12.5623579,
            44.0648192
          ],
          [
            12.5626644,
            44.0646221
          ],
          [
            12.5627035,
            44.0645933
          ],
          [
            12.5627509,
            44.0645629
          ],
          [
            12.5628152,
            44.0645219
          ],
          [
            12.5629668,
            44.0644207
          ],
          [
            12.5632209,
            44.064241
          ],
          [
            12.5633509,
            44.0641144
          ],
          [
            12.563465,
            44.0639952
          ],
          [
            12.5635207,
            44.0639298
          ],
          [
            12.5635591,
            44.0639452
          ]
        ]
      }
    },
    {
      "type": "Feature",
      "properties": {
        "id": 533829370,
        "highway": "cycleway",
        "cycleway": "",
        "name": "",
        "surface": "asphalt",
        "lit": ""
      },
      "geometry": {
        "type": "LineString",
        "coordinates": [
          [
            12.5789803,
            44.0575393
          ],
          [
            12.5789501,
            44.0575673
          ],
          [
            12.5786313,
            44.0578842
          ],
          [
            12.5783899,
            44.0581358
          ]
        ]
      }
    },
    {
      "type": "Feature",
      "properties": {
        "id": 533841538,
        "highway": "cycleway",
        "cycleway": "",
        "name": "",
        "surface": "paved",
        "lit": ""
      },
      "geometry": {
        "type": "LineString",
        "coordinates": [
          [
            12.5779644,
            44.0584819
          ],
          [
            12.5779114,
            44.0585488
          ],
          [
            12.5778718,
            44.0585999
          ],
          [
            12.5776673,
            44.0588124
          ],
          [
            12.5775223,
            44.0589754
          ]
        ]
      }
    },
    {
      "type": "Feature",
      "properties": {
        "id": 533841540,
        "highway": "cycleway",
        "cycleway": "",
        "name": "",
        "surface": "paved",
        "lit": ""
      },
      "geometry": {
        "type": "LineString",
        "coordinates": [
          [
            12.5814915,
            44.0604874
          ],
          [
            12.5804785,
            44.0598189
          ],
          [
            12.579882,
            44.0593837
          ],
          [
            12.5793923,
            44.0590285
          ],
          [
            12.5789031,
            44.0586882
          ],
          [
            12.578584,
            44.0584433
          ],
          [
            12.5784812,
            44.0583468
          ],
          [
            12.5784509,
            44.0583184
          ]
        ]
      }
    },
    {
      "type": "Feature",
      "properties": {
        "id": 533884353,
        "highway": "cycleway",
        "cycleway": "",
        "name": "",
        "surface": "asphalt",
        "lit": "yes"
      },
      "geometry": {
        "type": "LineString",
        "coordinates": [
          [
            12.5781438,
            44.0602808
          ],
          [
            12.5780439,
            44.0603071
          ],
          [
            12.5779227,
            44.060303
          ],
          [
            12.5778234,
            44.0602687
          ],
          [
            12.5777051,
            44.0601936
          ],
          [
            12.5774032,
            44.0599103
          ]
        ]
      }
    },
    {
      "type": "Feature",
      "properties": {
        "id": 533884354,
        "highway": "cycleway",
        "cycleway": "",
        "name": "",
        "surface": "asphalt",
        "lit": ""
      },
      "geometry": {
        "type": "LineString",
        "coordinates": [
          [
            12.5783433,
            44.0604412
          ],
          [
            12.5784566,
            44.0603618
          ]
        ]
      }
    },
    {
      "type": "Feature",
      "properties": {
        "id": 533893736,
        "highway": "cycleway",
        "cycleway": "",
        "name": "",
        "surface": "paved",
        "lit": "yes"
      },
      "geometry": {
        "type": "LineString",
        "coordinates": [
          [
            12.5774032,
            44.0599103
          ],
          [
            12.5770296,
            44.0596721
          ],
          [
            12.5767453,
            44.0594948
          ],
          [
            12.5762174,
            44.0591893
          ]
        ]
      }
    },
    {
      "type": "Feature",
      "properties": {
        "id": 533958630,
        "highway": "cycleway",
        "cycleway": "",
        "name": "",
        "surface": "paved",
        "lit": ""
      },
      "geometry": {
        "type": "LineString",
        "coordinates": [
          [
            12.5705707,
            44.065248
          ],
          [
            12.571453,
            44.0648476
          ],
          [
            12.5719747,
            44.0646108
          ],
          [
            12.5723948,
            44.0644318
          ],
          [
            12.5729049,
            44.0642002
          ],
          [
            12.5732182,
            44.0640579
          ],
          [
            12.5732553,
            44.0640407
          ],
          [
            12.5734573,
            44.063947
          ],
          [
            12.5735297,
            44.0639134
          ],
          [
            12.5735869,
            44.0638887
          ],
          [
            12.5736144,
            44.0638869
          ]
        ]
      }
    },
    {
      "type": "Feature",
      "properties": {
        "id": 533972959,
        "highway": "path",
        "cycleway": "",
        "name": "",
        "surface": "paving_stones",
        "lit": "yes"
      },
      "geometry": {
        "type": "LineString",
        "coordinates": [
          [
            12.569997,
            44.0674938
          ],
          [
            12.5695461,
            44.0677266
          ]
        ]
      }
    },
    {
      "type": "Feature",
      "properties": {
        "id": 533972962,
        "highway": "path",
        "cycleway": "",
        "name": "",
        "surface": "paving_stones",
        "lit": "yes"
      },
      "geometry": {
        "type": "LineString",
        "coordinates": [
          [
            12.5700534,
            44.067598
          ],
          [
            12.5696306,
            44.0678299
          ],
          [
            12.5696277,
            44.0678477
          ]
        ]
      }
    },
    {
      "type": "Feature",
      "properties": {
        "id": 533972967,
        "highway": "path",
        "cycleway": "",
        "name": "",
        "surface": "paving_stones",
        "lit": ""
      },
      "geometry": {
        "type": "LineString",
        "coordinates": [
          [
            12.5700879,
            44.0675803
          ],
          [
            12.5700534,
            44.067598
          ]
        ]
      }
    },
    {
      "type": "Feature",
      "properties": {
        "id": 533972969,
        "highway": "cycleway",
        "cycleway": "",
        "name": "Ciclabile lungomare di Rimini",
        "surface": "",
        "lit": ""
      },
      "geometry": {
        "type": "LineString",
        "coordinates": [
          [
            12.5701195,
            44.0675629
          ],
          [
            12.5700879,
            44.0675803
          ]
        ]
      }
    },
    {
      "type": "Feature",
      "properties": {
        "id": 533972971,
        "highway": "cycleway",
        "cycleway": "",
        "name": "Ciclabile lungomare di Rimini",
        "surface": "paving_stones",
        "lit": "yes"
      },
      "geometry": {
        "type": "LineString",
        "coordinates": [
          [
            12.569997,
            44.0674938
          ],
          [
            12.5700429,
            44.0674694
          ]
        ]
      }
    },
    {
      "type": "Feature",
      "properties": {
        "id": 533972979,
        "highway": "cycleway",
        "cycleway": "",
        "name": "Lungomarecchia Ruggero Diotalevi",
        "surface": "asphalt",
        "lit": ""
      },
      "geometry": {
        "type": "LineString",
        "coordinates": [
          [
            12.5689635,
            44.0662912
          ],
          [
            12.5690058,
            44.0663427
          ],
          [
            12.5691634,
            44.0665123
          ]
        ]
      }
    },
    {
      "type": "Feature",
      "properties": {
        "id": 533972980,
        "highway": "cycleway",
        "cycleway": "",
        "name": "",
        "surface": "asphalt",
        "lit": "yes"
      },
      "geometry": {
        "type": "LineString",
        "coordinates": [
          [
            12.5677586,
            44.065275
          ],
          [
            12.567953,
            44.0654099
          ],
          [
            12.5682011,
            44.0655959
          ],
          [
            12.5682675,
            44.065646
          ],
          [
            12.5683305,
            44.0657125
          ],
          [
            12.5685143,
            44.0658542
          ],
          [
            12.5686075,
            44.0658888
          ],
          [
            12.5687704,
            44.0660329
          ],
          [
            12.5688933,
            44.0661596
          ],
          [
            12.5689206,
            44.06619
          ],
          [
            12.5689441,
            44.0662555
          ],
          [
            12.5689635,
            44.0662912
          ]
        ]
      }
    },
    {
      "type": "Feature",
      "properties": {
        "id": 534454509,
        "highway": "path",
        "cycleway": "",
        "name": "Ciclabile sul Marecchia di Rimini",
        "surface": "fine_gravel",
        "lit": ""
      },
      "geometry": {
        "type": "LineString",
        "coordinates": [
          [
            12.5614759,
            44.0749162
          ],
          [
            12.5608157,
            44.0740598
          ],
          [
            12.5605246,
            44.0737229
          ],
          [
            12.5604891,
            44.0736752
          ]
        ]
      }
    },
    {
      "type": "Feature",
      "properties": {
        "id": 534537020,
        "highway": "cycleway",
        "cycleway": "",
        "name": "Ciclabile sul Marecchia di Rimini",
        "surface": "fine_gravel",
        "lit": ""
      },
      "geometry": {
        "type": "LineString",
        "coordinates": [
          [
            12.5604891,
            44.0736752
          ],
          [
            12.5604106,
            44.0735801
          ]
        ]
      }
    },
    {
      "type": "Feature",
      "properties": {
        "id": 534537021,
        "highway": "cycleway",
        "cycleway": "",
        "name": "",
        "surface": "paved",
        "lit": "yes"
      },
      "geometry": {
        "type": "LineString",
        "coordinates": [
          [
            12.5604106,
            44.0735801
          ],
          [
            12.5603741,
            44.0735307
          ],
          [
            12.560348,
            44.0734946
          ],
          [
            12.5603352,
            44.0734772
          ],
          [
            12.5603288,
            44.0734587
          ],
          [
            12.5603369,
            44.0734308
          ]
        ]
      }
    },
    {
      "type": "Feature",
      "properties": {
        "id": 534537023,
        "highway": "cycleway",
        "cycleway": "",
        "name": "",
        "surface": "paved",
        "lit": "yes"
      },
      "geometry": {
        "type": "LineString",
        "coordinates": [
          [
            12.5613306,
            44.0726351
          ],
          [
            12.5602658,
            44.0733498
          ]
        ]
      }
    },
    {
      "type": "Feature",
      "properties": {
        "id": 534537024,
        "highway": "cycleway",
        "cycleway": "",
        "name": "",
        "surface": "paved",
        "lit": "yes"
      },
      "geometry": {
        "type": "LineString",
        "coordinates": [
          [
            12.5603369,
            44.0734308
          ],
          [
            12.5614017,
            44.0727178
          ]
        ]
      }
    },
    {
      "type": "Feature",
      "properties": {
        "id": 534550453,
        "highway": "cycleway",
        "cycleway": "",
        "name": "Pista ciclabile via Ennio Coletti",
        "surface": "asphalt",
        "lit": ""
      },
      "geometry": {
        "type": "LineString",
        "coordinates": [
          [
            12.5613575,
            44.0726173
          ],
          [
            12.5617613,
            44.0723503
          ]
        ]
      }
    },
    {
      "type": "Feature",
      "properties": {
        "id": 534550461,
        "highway": "cycleway",
        "cycleway": "",
        "name": "",
        "surface": "paved",
        "lit": "yes"
      },
      "geometry": {
        "type": "LineString",
        "coordinates": [
          [
            12.5614286,
            44.0727
          ],
          [
            12.5614017,
            44.0727178
          ]
        ]
      }
    },
    {
      "type": "Feature",
      "properties": {
        "id": 534555071,
        "highway": "path",
        "cycleway": "",
        "name": "Ciclabile sul Marecchia di Rimini",
        "surface": "asphalt",
        "lit": "no"
      },
      "geometry": {
        "type": "LineString",
        "coordinates": [
          [
            12.5613575,
            44.0726173
          ],
          [
            12.561172,
            44.072375
          ]
        ]
      }
    },
    {
      "type": "Feature",
      "properties": {
        "id": 534569004,
        "highway": "path",
        "cycleway": "",
        "name": "",
        "surface": "asphalt",
        "lit": ""
      },
      "geometry": {
        "type": "LineString",
        "coordinates": [
          [
            12.5657859,
            44.0697416
          ],
          [
            12.5658285,
            44.0697899
          ],
          [
            12.5658536,
            44.0698185
          ]
        ]
      }
    },
    {
      "type": "Feature",
      "properties": {
        "id": 534651605,
        "highway": "cycleway",
        "cycleway": "crossing",
        "name": "",
        "surface": "asphalt",
        "lit": ""
      },
      "geometry": {
        "type": "LineString",
        "coordinates": [
          [
            12.5694811,
            44.0679211
          ],
          [
            12.5695699,
            44.0678769
          ],
          [
            12.5696277,
            44.0678477
          ]
        ]
      }
    },
    {
      "type": "Feature",
      "properties": {
        "id": 534651612,
        "highway": "cycleway",
        "cycleway": "crossing",
        "name": "",
        "surface": "asphalt",
        "lit": ""
      },
      "geometry": {
        "type": "LineString",
        "coordinates": [
          [
            12.5693872,
            44.0678252
          ],
          [
            12.5694345,
            44.0678735
          ],
          [
            12.5694811,
            44.0679211
          ]
        ]
      }
    },
    {
      "type": "Feature",
      "properties": {
        "id": 534868798,
        "highway": "path",
        "cycleway": "",
        "name": "Ciclabile darsena di Rimini",
        "surface": "sett",
        "lit": "yes"
      },
      "geometry": {
        "type": "LineString",
        "coordinates": [
          [
            12.5702436,
            44.0745369
          ],
          [
            12.5702011,
            44.0745383
          ],
          [
            12.5700857,
            44.0745244
          ],
          [
            12.5700088,
            44.0745103
          ]
        ]
      }
    },
    {
      "type": "Feature",
      "properties": {
        "id": 534868799,
        "highway": "path",
        "cycleway": "",
        "name": "Ciclabile darsena di Rimini",
        "surface": "sett",
        "lit": "yes"
      },
      "geometry": {
        "type": "LineString",
        "coordinates": [
          [
            12.5700088,
            44.0745103
          ],
          [
            12.5698254,
            44.0744424
          ],
          [
            12.5696395,
            44.074402
          ],
          [
            12.569427,
            44.0743998
          ],
          [
            12.5693434,
            44.0744013
          ],
          [
            12.5690212,
            44.0744256
          ],
          [
            12.5689381,
            44.0744439
          ],
          [
            12.5688867,
            44.0744601
          ]
        ]
      }
    },
    {
      "type": "Feature",
      "properties": {
        "id": 534876243,
        "highway": "path",
        "cycleway": "",
        "name": "Ciclabile darsena di Rimini",
        "surface": "paved",
        "lit": "yes"
      },
      "geometry": {
        "type": "LineString",
        "coordinates": [
          [
            12.5705937,
            44.0743837
          ],
          [
            12.570532,
            44.074376
          ],
          [
            12.5704931,
            44.0743837
          ],
          [
            12.5704539,
            44.0744018
          ],
          [
            12.5704226,
            44.0744284
          ],
          [
            12.5704086,
            44.0744644
          ],
          [
            12.5703633,
            44.0745072
          ],
          [
            12.5703279,
            44.07452
          ],
          [
            12.5702857,
            44.0745329
          ],
          [
            12.5702436,
            44.0745369
          ]
        ]
      }
    },
    {
      "type": "Feature",
      "properties": {
        "id": 545441658,
        "highway": "cycleway",
        "cycleway": "",
        "name": "",
        "surface": "asphalt",
        "lit": "yes"
      },
      "geometry": {
        "type": "LineString",
        "coordinates": [
          [
            12.5602658,
            44.0733498
          ],
          [
            12.5602349,
            44.073369
          ],
          [
            12.5594821,
            44.0738831
          ],
          [
            12.5586739,
            44.0744184
          ],
          [
            12.5582018,
            44.0747334
          ]
        ]
      }
    },
    {
      "type": "Feature",
      "properties": {
        "id": 553571283,
        "highway": "cycleway",
        "cycleway": "",
        "name": "",
        "surface": "fine_gravel",
        "lit": ""
      },
      "geometry": {
        "type": "LineString",
        "coordinates": [
          [
            12.5564343,
            44.0630768
          ],
          [
            12.5563052,
            44.0629797
          ],
          [
            12.5562127,
            44.0628634
          ],
          [
            12.5560771,
            44.0619597
          ]
        ]
      }
    },
    {
      "type": "Feature",
      "properties": {
        "id": 591025497,
        "highway": "cycleway",
        "cycleway": "",
        "name": "",
        "surface": "asphalt",
        "lit": "yes"
      },
      "geometry": {
        "type": "LineString",
        "coordinates": [
          [
            12.5523375,
            44.0457602
          ],
          [
            12.5524058,
            44.0458094
          ],
          [
            12.552652,
            44.0459222
          ],
          [
            12.5527217,
            44.045928
          ],
          [
            12.5528386,
            44.0459092
          ],
          [
            12.5529356,
            44.0459127
          ],
          [
            12.5531193,
            44.0459381
          ],
          [
            12.5532225,
            44.0459219
          ],
          [
            12.5533923,
            44.0458588
          ],
          [
            12.5536215,
            44.0457642
          ]
        ]
      }
    },
    {
      "type": "Feature",
      "properties": {
        "id": 591025498,
        "highway": "cycleway",
        "cycleway": "crossing",
        "name": "",
        "surface": "asphalt",
        "lit": ""
      },
      "geometry": {
        "type": "LineString",
        "coordinates": [
          [
            12.5536215,
            44.0457642
          ],
          [
            12.5536484,
            44.0457973
          ],
          [
            12.5536959,
            44.0458559
          ],
          [
            12.5537279,
            44.0458954
          ]
        ]
      }
    },
    {
      "type": "Feature",
      "properties": {
        "id": 591025499,
        "highway": "cycleway",
        "cycleway": "",
        "name": "",
        "surface": "",
        "lit": ""
      },
      "geometry": {
        "type": "LineString",
        "coordinates": [
          [
            12.5537279,
            44.0458954
          ],
          [
            12.5537486,
            44.0459254
          ],
          [
            12.5537384,
            44.0459499
          ],
          [
            12.5534668,
            44.0461031
          ],
          [
            12.5533862,
            44.0461664
          ],
          [
            12.5531723,
            44.0464679
          ],
          [
            12.5531405,
            44.0465782
          ]
        ]
      }
    },
    {
      "type": "Feature",
      "properties": {
        "id": 591025519,
        "highway": "cycleway",
        "cycleway": "",
        "name": "",
        "surface": "gravel",
        "lit": ""
      },
      "geometry": {
        "type": "LineString",
        "coordinates": [
          [
            12.5448483,
            44.0599715
          ],
          [
            12.5448846,
            44.0599945
          ],
          [
            12.5450453,
            44.0600032
          ],
          [
            12.545152,
            44.0600161
          ],
          [
            12.5452305,
            44.0600434
          ],
          [
            12.5452984,
            44.0600841
          ],
          [
            12.5453516,
            44.0601381
          ],
          [
            12.545625,
            44.0606512
          ],
          [
            12.545743,
            44.0609095
          ],
          [
            12.5458163,
            44.0610203
          ]
        ]
      }
    },
    {
      "type": "Feature",
      "properties": {
        "id": 591025520,
        "highway": "cycleway",
        "cycleway": "",
        "name": "Ciclabile sul Marecchia di Rimini",
        "surface": "compacted",
        "lit": "no"
      },
      "geometry": {
        "type": "LineString",
        "coordinates": [
          [
            12.5512108,
            44.0636665
          ],
          [
            12.5511727,
            44.0635893
          ],
          [
            12.5511149,
            44.0635405
          ],
          [
            12.5510008,
            44.0634882
          ],
          [
            12.5509323,
            44.0634575
          ],
          [
            12.5508479,
            44.0634352
          ],
          [
            12.5507359,
            44.0634196
          ],
          [
            12.5505022,
            44.0633864
          ],
          [
            12.5502337,
            44.063341
          ],
          [
            12.550001,
            44.0632859
          ],
          [
            12.5495038,
            44.0631549
          ],
          [
            12.5488869,
            44.0629956
          ],
          [
            12.5484868,
            44.0628795
          ]
        ]
      }
    },
    {
      "type": "Feature",
      "properties": {
        "id": 591025521,
        "highway": "cycleway",
        "cycleway": "",
        "name": "Ciclabile sul Marecchia di Rimini",
        "surface": "compacted",
        "lit": "no"
      },
      "geometry": {
        "type": "LineString",
        "coordinates": [
          [
            12.5514149,
            44.0640894
          ],
          [
            12.5513673,
            44.0640475
          ],
          [
            12.5513335,
            44.0640041
          ],
          [
            12.5513023,
            44.0639504
          ],
          [
            12.5512615,
            44.0638621
          ],
          [
            12.5512344,
            44.063776
          ],
          [
            12.5512108,
            44.0636665
          ]
        ]
      }
    },
    {
      "type": "Feature",
      "properties": {
        "id": 591025522,
        "highway": "cycleway",
        "cycleway": "",
        "name": "",
        "surface": "fine_gravel",
        "lit": ""
      },
      "geometry": {
        "type": "LineString",
        "coordinates": [
          [
            12.5580545,
            44.0626063
          ],
          [
            12.5582919,
            44.0626965
          ],
          [
            12.5584578,
            44.0627395
          ],
          [
            12.559023,
            44.0629546
          ]
        ]
      }
    },
    {
      "type": "Feature",
      "properties": {
        "id": 591025523,
        "highway": "cycleway",
        "cycleway": "",
        "name": "",
        "surface": "fine_gravel",
        "lit": ""
      },
      "geometry": {
        "type": "LineString",
        "coordinates": [
          [
            12.5613929,
            44.0631143
          ],
          [
            12.5617365,
            44.0631169
          ],
          [
            12.5620366,
            44.0631363
          ],
          [
            12.5621885,
            44.0631084
          ],
          [
            12.5622996,
            44.0630765
          ],
          [
            12.562475,
            44.0629837
          ]
        ]
      }
    },
    {
      "type": "Feature",
      "properties": {
        "id": 591025526,
        "highway": "cycleway",
        "cycleway": "",
        "name": "",
        "surface": "asphalt",
        "lit": "yes"
      },
      "geometry": {
        "type": "LineString",
        "coordinates": [
          [
            12.571687,
            44.0567978
          ],
          [
            12.5717611,
            44.0567316
          ]
        ]
      }
    },
    {
      "type": "Feature",
      "properties": {
        "id": 591025528,
        "highway": "cycleway",
        "cycleway": "",
        "name": "",
        "surface": "asphalt",
        "lit": ""
      },
      "geometry": {
        "type": "LineString",
        "coordinates": [
          [
            12.5717611,
            44.0567316
          ],
          [
            12.5715871,
            44.0567089
          ],
          [
            12.5715542,
            44.056722
          ]
        ]
      }
    },
    {
      "type": "Feature",
      "properties": {
        "id": 591025532,
        "highway": "cycleway",
        "cycleway": "",
        "name": "",
        "surface": "asphalt",
        "lit": "yes"
      },
      "geometry": {
        "type": "LineString",
        "coordinates": [
          [
            12.5769767,
            44.0595956
          ],
          [
            12.5767051,
            44.0598326
          ],
          [
            12.5762075,
            44.0603332
          ],
          [
            12.5759903,
            44.0605356
          ],
          [
            12.5758245,
            44.0607025
          ],
          [
            12.5748045,
            44.0617292
          ],
          [
            12.5742492,
            44.0622881
          ],
          [
            12.574121,
            44.0624171
          ]
        ]
      }
    },
    {
      "type": "Feature",
      "properties": {
        "id": 623201154,
        "highway": "cycleway",
        "cycleway": "crossing",
        "name": "",
        "surface": "",
        "lit": ""
      },
      "geometry": {
        "type": "LineString",
        "coordinates": [
          [
            12.5171237,
            44.0738815
          ],
          [
            12.5171466,
            44.0738648
          ],
          [
            12.5172486,
            44.0720745
          ]
        ]
      }
    },
    {
      "type": "Feature",
      "properties": {
        "id": 700134975,
        "highway": "cycleway",
        "cycleway": "",
        "name": "",
        "surface": "asphalt",
        "lit": ""
      },
      "geometry": {
        "type": "LineString",
        "coordinates": [
          [
            12.563083,
            44.0467628
          ],
          [
            12.5627177,
            44.0464738
          ],
          [
            12.5620833,
            44.045986
          ],
          [
            12.560945,
            44.0451047
          ]
        ]
      }
    },
    {
      "type": "Feature",
      "properties": {
        "id": 700134976,
        "highway": "cycleway",
        "cycleway": "",
        "name": "",
        "surface": "asphalt",
        "lit": "yes"
      },
      "geometry": {
        "type": "LineString",
        "coordinates": [
          [
            12.563083,
            44.0467628
          ],
          [
            12.5631084,
            44.046797
          ],
          [
            12.5631258,
            44.0468396
          ],
          [
            12.563127,
            44.0468861
          ],
          [
            12.5630976,
            44.0469357
          ],
          [
            12.5630522,
            44.0469699
          ]
        ]
      }
    },
    {
      "type": "Feature",
      "properties": {
        "id": 700134977,
        "highway": "cycleway",
        "cycleway": "",
        "name": "",
        "surface": "",
        "lit": ""
      },
      "geometry": {
        "type": "LineString",
        "coordinates": [
          [
            12.5631938,
            44.0470864
          ],
          [
            12.5632588,
            44.0470561
          ],
          [
            12.5634644,
            44.0470818
          ],
          [
            12.5638137,
            44.0473464
          ],
          [
            12.564733,
            44.0480631
          ]
        ]
      }
    },
    {
      "type": "Feature",
      "properties": {
        "id": 700134978,
        "highway": "cycleway",
        "cycleway": "",
        "name": "",
        "surface": "",
        "lit": ""
      },
      "geometry": {
        "type": "LineString",
        "coordinates": [
          [
            12.56474,
            44.0481283
          ],
          [
            12.5642744,
            44.0484409
          ],
          [
            12.5638322,
            44.0487444
          ],
          [
            12.5633727,
            44.0490628
          ],
          [
            12.5629254,
            44.0493677
          ],
          [
            12.5628119,
            44.0494457
          ]
        ]
      }
    },
    {
      "type": "Feature",
      "properties": {
        "id": 700134980,
        "highway": "cycleway",
        "cycleway": "",
        "name": "",
        "surface": "asphalt",
        "lit": ""
      },
      "geometry": {
        "type": "LineString",
        "coordinates": [
          [
            12.5597162,
            44.0435385
          ],
          [
            12.5593374,
            44.0437092
          ],
          [
            12.5593002,
            44.0437589
          ],
          [
            12.5590675,
            44.0436851
          ],
          [
            12.5589001,
            44.0436509
          ],
          [
            12.5587578,
            44.0435973
          ],
          [
            12.5584757,
            44.0434397
          ]
        ]
      }
    },
    {
      "type": "Feature",
      "properties": {
        "id": 700134981,
        "highway": "cycleway",
        "cycleway": "",
        "name": "",
        "surface": "concrete",
        "lit": "yes"
      },
      "geometry": {
        "type": "LineString",
        "coordinates": [
          [
            12.5584757,
            44.0434397
          ],
          [
            12.558352,
            44.0433449
          ],
          [
            12.557797,
            44.0428614
          ],
          [
            12.5572866,
            44.042406
          ],
          [
            12.5571223,
            44.0422543
          ],
          [
            12.5569281,
            44.0420855
          ],
          [
            12.5567401,
            44.0419126
          ],
          [
            12.5566151,
            44.0417886
          ],
          [
            12.5565434,
            44.0416918
          ],
          [
            12.5564797,
            44.0415803
          ],
          [
            12.556425,
            44.0414573
          ],
          [
            12.5563863,
            44.0413309
          ],
          [
            12.556368,
            44.0411298
          ]
        ]
      }
    },
    {
      "type": "Feature",
      "properties": {
        "id": 700134982,
        "highway": "cycleway",
        "cycleway": "",
        "name": "",
        "surface": "",
        "lit": ""
      },
      "geometry": {
        "type": "LineString",
        "coordinates": [
          [
            12.556368,
            44.0411298
          ],
          [
            12.556395,
            44.0410578
          ],
          [
            12.5564552,
            44.0409973
          ],
          [
            12.5565404,
            44.0409489
          ],
          [
            12.5565704,
            44.0408894
          ],
          [
            12.5566196,
            44.0408404
          ],
          [
            12.5566045,
            44.0408088
          ]
        ]
      }
    },
    {
      "type": "Feature",
      "properties": {
        "id": 704706755,
        "highway": "cycleway",
        "cycleway": "",
        "name": "",
        "surface": "asphalt",
        "lit": ""
      },
      "geometry": {
        "type": "LineString",
        "coordinates": [
          [
            12.5811185,
            44.0646874
          ],
          [
            12.5808259,
            44.0648269
          ]
        ]
      }
    },
    {
      "type": "Feature",
      "properties": {
        "id": 704706756,
        "highway": "cycleway",
        "cycleway": "",
        "name": "",
        "surface": "asphalt",
        "lit": ""
      },
      "geometry": {
        "type": "LineString",
        "coordinates": [
          [
            12.5812612,
            44.0650472
          ],
          [
            12.5808361,
            44.0650887
          ]
        ]
      }
    },
    {
      "type": "Feature",
      "properties": {
        "id": 705850186,
        "highway": "cycleway",
        "cycleway": "",
        "name": "",
        "surface": "asphalt",
        "lit": ""
      },
      "geometry": {
        "type": "LineString",
        "coordinates": [
          [
            12.5805187,
            44.0646572
          ],
          [
            12.5808152,
            44.0647072
          ]
        ]
      }
    },
    {
      "type": "Feature",
      "properties": {
        "id": 716737281,
        "highway": "cycleway",
        "cycleway": "",
        "name": "",
        "surface": "",
        "lit": ""
      },
      "geometry": {
        "type": "LineString",
        "coordinates": [
          [
            12.5274667,
            44.0742736
          ],
          [
            12.5276401,
            44.0759534
          ],
          [
            12.5282055,
            44.0763388
          ],
          [
            12.5282536,
            44.0763716
          ],
          [
            12.5282702,
            44.0764731
          ]
        ]
      }
    },
    {
      "type": "Feature",
      "properties": {
        "id": 764465717,
        "highway": "cycleway",
        "cycleway": "crossing",
        "name": "",
        "surface": "asphalt",
        "lit": "yes"
      },
      "geometry": {
        "type": "LineString",
        "coordinates": [
          [
            12.6193437,
            44.0245383
          ],
          [
            12.6192916,
            44.0244763
          ],
          [
            12.6192433,
            44.02441
          ],
          [
            12.619216,
            44.0243742
          ]
        ]
      }
    },
    {
      "type": "Feature",
      "properties": {
        "id": 764465718,
        "highway": "cycleway",
        "cycleway": "crossing",
        "name": "",
        "surface": "",
        "lit": ""
      },
      "geometry": {
        "type": "LineString",
        "coordinates": [
          [
            12.6188934,
            44.0248449
          ],
          [
            12.6188111,
            44.0248009
          ],
          [
            12.6187191,
            44.0247487
          ]
        ]
      }
    },
    {
      "type": "Feature",
      "properties": {
        "id": 773124894,
        "highway": "cycleway",
        "cycleway": "",
        "name": "",
        "surface": "compacted",
        "lit": ""
      },
      "geometry": {
        "type": "LineString",
        "coordinates": [
          [
            12.4732607,
            44.0508829
          ],
          [
            12.4727363,
            44.0508029
          ],
          [
            12.4725646,
            44.0509078
          ],
          [
            12.4723289,
            44.0512412
          ]
        ]
      }
    },
    {
      "type": "Feature",
      "properties": {
        "id": 773124896,
        "highway": "cycleway",
        "cycleway": "",
        "name": "",
        "surface": "compacted",
        "lit": ""
      },
      "geometry": {
        "type": "LineString",
        "coordinates": [
          [
            12.4723289,
            44.0512412
          ],
          [
            12.4722899,
            44.0512964
          ],
          [
            12.4719123,
            44.0512779
          ],
          [
            12.4718007,
            44.0512717
          ],
          [
            12.470745,
            44.0510805
          ],
          [
            12.4698438,
            44.0508461
          ],
          [
            12.4691477,
            44.0507089
          ],
          [
            12.4684516,
            44.0506377
          ]
        ]
      }
    },
    {
      "type": "Feature",
      "properties": {
        "id": 829597343,
        "highway": "cycleway",
        "cycleway": "",
        "name": "",
        "surface": "asphalt",
        "lit": "yes"
      },
      "geometry": {
        "type": "LineString",
        "coordinates": [
          [
            12.5794319,
            44.0615525
          ],
          [
            12.57925,
            44.0613372
          ],
          [
            12.5790507,
            44.0611127
          ],
          [
            12.5783433,
            44.0604412
          ],
          [
            12.5781438,
            44.0602808
          ]
        ]
      }
    },
    {
      "type": "Feature",
      "properties": {
        "id": 833926479,
        "highway": "cycleway",
        "cycleway": "",
        "name": "",
        "surface": "metal",
        "lit": ""
      },
      "geometry": {
        "type": "LineString",
        "coordinates": [
          [
            12.503459,
            44.0605463
          ],
          [
            12.503469,
            44.0606489
          ],
          [
            12.5034261,
            44.0607646
          ]
        ]
      }
    },
    {
      "type": "Feature",
      "properties": {
        "id": 833926480,
        "highway": "cycleway",
        "cycleway": "",
        "name": "",
        "surface": "metal",
        "lit": ""
      },
      "geometry": {
        "type": "LineString",
        "coordinates": [
          [
            12.501055,
            44.0617051
          ],
          [
            12.500701,
            44.0611115
          ],
          [
            12.5006396,
            44.0610001
          ]
        ]
      }
    },
    {
      "type": "Feature",
      "properties": {
        "id": 833926481,
        "highway": "cycleway",
        "cycleway": "",
        "name": "",
        "surface": "metal",
        "lit": ""
      },
      "geometry": {
        "type": "LineString",
        "coordinates": [
          [
            12.5034261,
            44.0607646
          ],
          [
            12.501055,
            44.0617051
          ]
        ]
      }
    },
    {
      "type": "Feature",
      "properties": {
        "id": 841403552,
        "highway": "cycleway",
        "cycleway": "",
        "name": "",
        "surface": "asphalt",
        "lit": ""
      },
      "geometry": {
        "type": "LineString",
        "coordinates": [
          [
            12.5156746,
            44.0728435
          ],
          [
            12.5159312,
            44.0730354
          ],
          [
            12.5171237,
            44.0738815
          ]
        ]
      }
    },
    {
      "type": "Feature",
      "properties": {
        "id": 841403934,
        "highway": "cycleway",
        "cycleway": "",
        "name": "",
        "surface": "compacted",
        "lit": ""
      },
      "geometry": {
        "type": "LineString",
        "coordinates": [
          [
            12.5286112,
            44.0743123
          ],
          [
            12.5287554,
            44.0745568
          ],
          [
            12.5288245,
            44.0747204
          ],
          [
            12.5287676,
            44.0748343
          ],
          [
            12.5286985,
            44.0749453
          ],
          [
            12.5286781,
            44.0751556
          ],
          [
            12.5286944,
            44.075398
          ],
          [
            12.5286781,
            44.0754885
          ],
          [
            12.5283163,
            44.0760055
          ],
          [
            12.5282757,
            44.0761136
          ],
          [
            12.5282055,
            44.0763388
          ]
        ]
      }
    },
    {
      "type": "Feature",
      "properties": {
        "id": 846690326,
        "highway": "cycleway",
        "cycleway": "",
        "name": "Piazzale John Fitzgerald Kennedy",
        "surface": "asphalt",
        "lit": "yes"
      },
      "geometry": {
        "type": "LineString",
        "coordinates": [
          [
            12.5816293,
            44.0670452
          ],
          [
            12.5816064,
            44.0671054
          ],
          [
            12.5816544,
            44.0672001
          ],
          [
            12.5816766,
            44.067247
          ],
          [
            12.5817392,
            44.0673331
          ],
          [
            12.5817715,
            44.0673742
          ],
          [
            12.5818108,
            44.0674168
          ],
          [
            12.5818355,
            44.0674407
          ],
          [
            12.5818511,
            44.0674559
          ],
          [
            12.5819052,
            44.0674988
          ],
          [
            12.5819849,
            44.0675459
          ],
          [
            12.5819981,
            44.0675529
          ],
          [
            12.5820509,
            44.0675807
          ],
          [
            12.5820866,
            44.0675958
          ],
          [
            12.5821401,
            44.0676185
          ],
          [
            12.5822918,
            44.0676531
          ],
          [
            12.5823883,
            44.0676572
          ],
          [
            12.582459,
            44.0676535
          ],
          [
            12.5825123,
            44.0676507
          ]
        ]
      }
    },
    {
      "type": "Feature",
      "properties": {
        "id": 846773057,
        "highway": "cycleway",
        "cycleway": "",
        "name": "",
        "surface": "",
        "lit": ""
      },
      "geometry": {
        "type": "LineString",
        "coordinates": [
          [
            12.5677586,
            44.065275
          ],
          [
            12.5676345,
            44.0652042
          ],
          [
            12.5675171,
            44.0652539
          ],
          [
            12.5674562,
            44.0651998
          ],
          [
            12.5674028,
            44.0651523
          ],
          [
            12.5674398,
            44.0651084
          ],
          [
            12.5674528,
            44.0650746
          ],
          [
            12.5674595,
            44.0650312
          ],
          [
            12.5674558,
            44.0649783
          ],
          [
            12.56749,
            44.0649144
          ],
          [
            12.5673965,
            44.0648317
          ],
          [
            12.5672275,
            44.0647479
          ],
          [
            12.5670747,
            44.0646926
          ],
          [
            12.5668949,
            44.0646342
          ],
          [
            12.5667344,
            44.0645598
          ]
        ]
      }
    },
    {
      "type": "Feature",
      "properties": {
        "id": 846773058,
        "highway": "cycleway",
        "cycleway": "",
        "name": "",
        "surface": "asphalt",
        "lit": "yes"
      },
      "geometry": {
        "type": "LineString",
        "coordinates": [
          [
            12.5781438,
            44.0602808
          ],
          [
            12.5775607,
            44.0597742
          ],
          [
            12.5774164,
            44.0597048
          ],
          [
            12.5770795,
            44.0596531
          ]
        ]
      }
    },
    {
      "type": "Feature",
      "properties": {
        "id": 846773060,
        "highway": "cycleway",
        "cycleway": "",
        "name": "",
        "surface": "",
        "lit": ""
      },
      "geometry": {
        "type": "LineString",
        "coordinates": [
          [
            12.5710824,
            44.0686575
          ],
          [
            12.571059,
            44.0686769
          ]
        ]
      }
    },
    {
      "type": "Feature",
      "properties": {
        "id": 846773062,
        "highway": "cycleway",
        "cycleway": "",
        "name": "",
        "surface": "",
        "lit": ""
      },
      "geometry": {
        "type": "LineString",
        "coordinates": [
          [
            12.571059,
            44.0686769
          ],
          [
            12.5710244,
            44.0686993
          ],
          [
            12.5712517,
            44.068971
          ]
        ]
      }
    },
    {
      "type": "Feature",
      "properties": {
        "id": 846866172,
        "highway": "cycleway",
        "cycleway": "",
        "name": "",
        "surface": "asphalt",
        "lit": ""
      },
      "geometry": {
        "type": "LineString",
        "coordinates": [
          [
            12.5896151,
            44.0422782
          ],
          [
            12.5893789,
            44.0424042
          ],
          [
            12.5892589,
            44.0424683
          ],
          [
            12.5884074,
            44.0430041
          ],
          [
            12.5882477,
            44.0431046
          ],
          [
            12.5876215,
            44.0434988
          ],
          [
            12.5870973,
            44.0438241
          ],
          [
            12.5864941,
            44.0441985
          ],
          [
            12.5858725,
            44.0445803
          ],
          [
            12.5852619,
            44.044939
          ],
          [
            12.5852303,
            44.0449777
          ],
          [
            12.5852151,
            44.0450211
          ],
          [
            12.5852149,
            44.0450674
          ],
          [
            12.5852597,
            44.045165
          ],
          [
            12.5852635,
            44.0452039
          ],
          [
            12.5852644,
            44.0452136
          ],
          [
            12.5852516,
            44.045246
          ],
          [
            12.5852442,
            44.0452649
          ],
          [
            12.5851786,
            44.0453509
          ]
        ]
      }
    },
    {
      "type": "Feature",
      "properties": {
        "id": 846927621,
        "highway": "cycleway",
        "cycleway": "",
        "name": "Pista ciclo-pedonale Marco Pantani",
        "surface": "",
        "lit": ""
      },
      "geometry": {
        "type": "LineString",
        "coordinates": [
          [
            12.5704799,
            44.006284
          ],
          [
            12.5705421,
            44.0063335
          ],
          [
            12.5704184,
            44.0070981
          ],
          [
            12.5703575,
            44.007724
          ],
          [
            12.5702839,
            44.0085213
          ],
          [
            12.5702489,
            44.0089757
          ],
          [
            12.5701698,
            44.0100713
          ],
          [
            12.5701138,
            44.0104722
          ],
          [
            12.5698894,
            44.0123421
          ],
          [
            12.5698957,
            44.0125408
          ],
          [
            12.5699326,
            44.0127487
          ],
          [
            12.5700422,
            44.0131938
          ],
          [
            12.5702117,
            44.0138703
          ],
          [
            12.5702893,
            44.0142883
          ]
        ]
      }
    },
    {
      "type": "Feature",
      "properties": {
        "id": 846927622,
        "highway": "cycleway",
        "cycleway": "",
        "name": "Pista ciclo-pedonale Marco Pantani",
        "surface": "",
        "lit": ""
      },
      "geometry": {
        "type": "LineString",
        "coordinates": [
          [
            12.5702945,
            44.0144121
          ],
          [
            12.5702886,
            44.0145135
          ],
          [
            12.570226,
            44.014693
          ],
          [
            12.570161,
            44.0148196
          ],
          [
            12.5700873,
            44.0149431
          ],
          [
            12.5698198,
            44.0153197
          ],
          [
            12.5696105,
            44.0156259
          ],
          [
            12.5695034,
            44.0158162
          ],
          [
            12.5694219,
            44.0160883
          ],
          [
            12.5693962,
            44.0163094
          ],
          [
            12.569376,
            44.016776
          ],
          [
            12.5693649,
            44.0174226
          ],
          [
            12.5693212,
            44.018696
          ],
          [
            12.5692704,
            44.0189126
          ],
          [
            12.5691473,
            44.0191386
          ],
          [
            12.5690008,
            44.0192867
          ],
          [
            12.5688343,
            44.019395
          ],
          [
            12.5685748,
            44.0195539
          ]
        ]
      }
    },
    {
      "type": "Feature",
      "properties": {
        "id": 846927623,
        "highway": "cycleway",
        "cycleway": "crossing",
        "name": "Pista ciclo-pedonale Marco Pantani",
        "surface": "",
        "lit": ""
      },
      "geometry": {
        "type": "LineString",
        "coordinates": [
          [
            12.5669442,
            44.0280653
          ],
          [
            12.5668822,
            44.0280918
          ],
          [
            12.5668222,
            44.0281168
          ]
        ]
      }
    },
    {
      "type": "Feature",
      "properties": {
        "id": 846927624,
        "highway": "cycleway",
        "cycleway": "",
        "name": "Pista ciclo-pedonale Marco Pantani",
        "surface": "",
        "lit": ""
      },
      "geometry": {
        "type": "LineString",
        "coordinates": [
          [
            12.5668222,
            44.0281168
          ],
          [
            12.5670437,
            44.0283495
          ],
          [
            12.5685851,
            44.0298958
          ],
          [
            12.56902,
            44.0303321
          ],
          [
            12.5709874,
            44.0322719
          ],
          [
            12.5710921,
            44.0323837
          ],
          [
            12.5717773,
            44.033061
          ],
          [
            12.5719203,
            44.0332187
          ]
        ]
      }
    },
    {
      "type": "Feature",
      "properties": {
        "id": 846927625,
        "highway": "cycleway",
        "cycleway": "",
        "name": "Pista ciclo-pedonale Marco Pantani",
        "surface": "asphalt",
        "lit": ""
      },
      "geometry": {
        "type": "LineString",
        "coordinates": [
          [
            12.5723089,
            44.0335994
          ],
          [
            12.5725141,
            44.0338034
          ],
          [
            12.5742237,
            44.0355034
          ],
          [
            12.5742046,
            44.0355862
          ],
          [
            12.5744426,
            44.0358201
          ],
          [
            12.5745216,
            44.035901
          ],
          [
            12.5745963,
            44.0359307
          ],
          [
            12.5746923,
            44.0360281
          ],
          [
            12.5747867,
            44.0361541
          ],
          [
            12.5748869,
            44.0362529
          ],
          [
            12.5749604,
            44.0363308
          ],
          [
            12.5750033,
            44.0363958
          ],
          [
            12.5750096,
            44.0364407
          ],
          [
            12.575014,
            44.0365015
          ],
          [
            12.5749871,
            44.0365495
          ],
          [
            12.5749531,
            44.0366173
          ],
          [
            12.5749596,
            44.0367235
          ],
          [
            12.5749406,
            44.0367884
          ]
        ]
      }
    },
    {
      "type": "Feature",
      "properties": {
        "id": 846927626,
        "highway": "cycleway",
        "cycleway": "",
        "name": "Pista ciclo-pedonale Marco Pantani",
        "surface": "",
        "lit": ""
      },
      "geometry": {
        "type": "LineString",
        "coordinates": [
          [
            12.5719203,
            44.0332187
          ],
          [
            12.5723089,
            44.0335994
          ]
        ]
      }
    },
    {
      "type": "Feature",
      "properties": {
        "id": 846940753,
        "highway": "cycleway",
        "cycleway": "",
        "name": "Viale Giovanni Pascoli",
        "surface": "",
        "lit": ""
      },
      "geometry": {
        "type": "LineString",
        "coordinates": [
          [
            12.5886718,
            44.0581264
          ],
          [
            12.588651,
            44.0581138
          ],
          [
            12.5886201,
            44.0580951
          ],
          [
            12.5885023,
            44.0580548
          ],
          [
            12.5883637,
            44.0579691
          ]
        ]
      }
    },
    {
      "type": "Feature",
      "properties": {
        "id": 847183771,
        "highway": "cycleway",
        "cycleway": "",
        "name": "",
        "surface": "",
        "lit": ""
      },
      "geometry": {
        "type": "LineString",
        "coordinates": [
          [
            12.5836228,
            44.0526616
          ],
          [
            12.5841888,
            44.0521531
          ],
          [
            12.5842524,
            44.0520661
          ],
          [
            12.5842852,
            44.0519756
          ],
          [
            12.584283,
            44.0518569
          ],
          [
            12.584258,
            44.0517912
          ],
          [
            12.5842012,
            44.0517199
          ],
          [
            12.5838329,
            44.0513529
          ],
          [
            12.583788,
            44.0513133
          ],
          [
            12.5837263,
            44.0512806
          ],
          [
            12.5836791,
            44.0512736
          ]
        ]
      }
    },
    {
      "type": "Feature",
      "properties": {
        "id": 847292800,
        "highway": "cycleway",
        "cycleway": "",
        "name": "",
        "surface": "asphalt",
        "lit": ""
      },
      "geometry": {
        "type": "LineString",
        "coordinates": [
          [
            12.5783158,
            44.0582091
          ],
          [
            12.5783899,
            44.0581358
          ]
        ]
      }
    },
    {
      "type": "Feature",
      "properties": {
        "id": 847292803,
        "highway": "cycleway",
        "cycleway": "",
        "name": "",
        "surface": "paving_stones",
        "lit": ""
      },
      "geometry": {
        "type": "LineString",
        "coordinates": [
          [
            12.5852016,
            44.063343
          ],
          [
            12.5852471,
            44.0633
          ],
          [
            12.5851794,
            44.0632498
          ],
          [
            12.5844763,
            44.0627288
          ],
          [
            12.5840175,
            44.0623999
          ],
          [
            12.5835115,
            44.0620433
          ],
          [
            12.5823318,
            44.0611892
          ]
        ]
      }
    },
    {
      "type": "Feature",
      "properties": {
        "id": 847292806,
        "highway": "cycleway",
        "cycleway": "",
        "name": "",
        "surface": "",
        "lit": ""
      },
      "geometry": {
        "type": "LineString",
        "coordinates": [
          [
            12.5692699,
            44.0510525
          ],
          [
            12.5691553,
            44.0510186
          ],
          [
            12.5690586,
            44.0509562
          ]
        ]
      }
    },
    {
      "type": "Feature",
      "properties": {
        "id": 847292808,
        "highway": "cycleway",
        "cycleway": "",
        "name": "",
        "surface": "",
        "lit": ""
      },
      "geometry": {
        "type": "LineString",
        "coordinates": [
          [
            12.5690586,
            44.0509562
          ],
          [
            12.5684949,
            44.0505899
          ]
        ]
      }
    },
    {
      "type": "Feature",
      "properties": {
        "id": 847292809,
        "highway": "cycleway",
        "cycleway": "",
        "name": "",
        "surface": "",
        "lit": ""
      },
      "geometry": {
        "type": "LineString",
        "coordinates": [
          [
            12.5684949,
            44.0505899
          ],
          [
            12.5684405,
            44.0505526
          ],
          [
            12.5682312,
            44.0504092
          ],
          [
            12.5680264,
            44.0503734
          ],
          [
            12.5678353,
            44.0502499
          ],
          [
            12.5676506,
            44.0501304
          ],
          [
            12.566934,
            44.0496669
          ],
          [
            12.5667788,
            44.0495624
          ],
          [
            12.5666509,
            44.0495479
          ],
          [
            12.5665582,
            44.049587
          ]
        ]
      }
    },
    {
      "type": "Feature",
      "properties": {
        "id": 847292812,
        "highway": "cycleway",
        "cycleway": "",
        "name": "",
        "surface": "asphalt",
        "lit": "yes"
      },
      "geometry": {
        "type": "LineString",
        "coordinates": [
          [
            12.5688569,
            44.0508311
          ],
          [
            12.5690404,
            44.0507034
          ]
        ]
      }
    },
    {
      "type": "Feature",
      "properties": {
        "id": 847292813,
        "highway": "cycleway",
        "cycleway": "",
        "name": "",
        "surface": "asphalt",
        "lit": "yes"
      },
      "geometry": {
        "type": "LineString",
        "coordinates": [
          [
            12.5690404,
            44.0507034
          ],
          [
            12.5694157,
            44.0506139
          ],
          [
            12.5695182,
            44.0504877
          ],
          [
            12.5695052,
            44.0503272
          ],
          [
            12.5694767,
            44.0501145
          ],
          [
            12.5695223,
            44.0498965
          ],
          [
            12.5695413,
            44.0498693
          ],
          [
            12.5696142,
            44.0497648
          ],
          [
            12.5696849,
            44.0496991
          ],
          [
            12.5698484,
            44.0496038
          ],
          [
            12.5700734,
            44.0494109
          ],
          [
            12.5703351,
            44.0491997
          ],
          [
            12.5705831,
            44.0490068
          ],
          [
            12.5707806,
            44.0488231
          ],
          [
            12.5708724,
            44.0487221
          ],
          [
            12.5708862,
            44.0485108
          ],
          [
            12.5708448,
            44.0483515
          ],
          [
            12.5707883,
            44.0482714
          ],
          [
            12.570685,
            44.0482242
          ],
          [
            12.5705814,
            44.0481933
          ],
          [
            12.5704793,
            44.0481691
          ],
          [
            12.5703436,
            44.0479819
          ],
          [
            12.570257,
            44.0478771
          ],
          [
            12.5701055,
            44.0477256
          ],
          [
            12.5698713,
            44.0475052
          ],
          [
            12.5696784,
            44.0472939
          ],
          [
            12.5695728,
            44.0471286
          ],
          [
            12.5695723,
            44.0469909
          ],
          [
            12.5695723,
            44.0469759
          ],
          [
            12.5695866,
            44.0467842
          ],
          [
            12.5695878,
            44.0466232
          ],
          [
            12.5695866,
            44.0463571
          ],
          [
            12.5695223,
            44.0459301
          ],
          [
            12.5694509,
            44.0457251
          ],
          [
            12.56941,
            44.0456722
          ],
          [
            12.5693934,
            44.0456529
          ],
          [
            12.569359,
            44.0456126
          ],
          [
            12.5692468,
            44.0455168
          ],
          [
            12.5690853,
            44.04541
          ],
          [
            12.5690267,
            44.0453906
          ],
          [
            12.5683027,
            44.0453749
          ],
          [
            12.5678237,
            44.0453622
          ],
          [
            12.5674094,
            44.0453676
          ],
          [
            12.5667964,
            44.0453535
          ],
          [
            12.5666466,
            44.0453392
          ],
          [
            12.5665258,
            44.0452725
          ],
          [
            12.5664057,
            44.0451912
          ],
          [
            12.5663179,
            44.0451247
          ],
          [
            12.5662637,
            44.0450865
          ]
        ]
      }
    },
    {
      "type": "Feature",
      "properties": {
        "id": 847717845,
        "highway": "cycleway",
        "cycleway": "",
        "name": "",
        "surface": "",
        "lit": ""
      },
      "geometry": {
        "type": "LineString",
        "coordinates": [
          [
            12.5768281,
            44.0408951
          ],
          [
            12.5779337,
            44.0401468
          ],
          [
            12.578524,
            44.0397493
          ],
          [
            12.5787886,
            44.0395638
          ],
          [
            12.5791542,
            44.0393008
          ],
          [
            12.5793057,
            44.0391599
          ],
          [
            12.5794302,
            44.0389942
          ],
          [
            12.5795252,
            44.0388018
          ],
          [
            12.5795696,
            44.0386635
          ],
          [
            12.579585,
            44.0385245
          ],
          [
            12.5795935,
            44.0383537
          ],
          [
            12.5795739,
            44.0380182
          ],
          [
            12.5795585,
            44.037756
          ],
          [
            12.5795388,
            44.0372366
          ],
          [
            12.5795235,
            44.0367495
          ],
          [
            12.5795236,
            44.0364987
          ],
          [
            12.5795417,
            44.0363444
          ],
          [
            12.579598,
            44.0361876
          ],
          [
            12.5796779,
            44.0360475
          ],
          [
            12.5796782,
            44.0360024
          ],
          [
            12.5796268,
            44.0359253
          ]
        ]
      }
    },
    {
      "type": "Feature",
      "properties": {
        "id": 847717846,
        "highway": "cycleway",
        "cycleway": "",
        "name": "",
        "surface": "asphalt",
        "lit": ""
      },
      "geometry": {
        "type": "LineString",
        "coordinates": [
          [
            12.5796503,
            44.035608
          ],
          [
            12.579713,
            44.0356137
          ],
          [
            12.5797718,
            44.0356078
          ],
          [
            12.5798363,
            44.0355886
          ],
          [
            12.5799317,
            44.0355759
          ],
          [
            12.5799944,
            44.03556
          ],
          [
            12.5800421,
            44.0355353
          ],
          [
            12.5801006,
            44.0354909
          ],
          [
            12.5807498,
            44.0347457
          ],
          [
            12.5809624,
            44.0344382
          ],
          [
            12.5810164,
            44.034329
          ],
          [
            12.5810854,
            44.0341691
          ],
          [
            12.5812537,
            44.0332062
          ],
          [
            12.5812565,
            44.032962
          ],
          [
            12.5812217,
            44.0327602
          ],
          [
            12.580671,
            44.0311879
          ],
          [
            12.5806256,
            44.031111
          ],
          [
            12.5805587,
            44.0310841
          ],
          [
            12.580538,
            44.0310537
          ],
          [
            12.5805427,
            44.0309918
          ],
          [
            12.5805828,
            44.0309361
          ],
          [
            12.5806122,
            44.0308169
          ],
          [
            12.5806496,
            44.0306939
          ],
          [
            12.5808227,
            44.0301484
          ],
          [
            12.5808421,
            44.0300058
          ],
          [
            12.5808341,
            44.0298635
          ],
          [
            12.5807798,
            44.0296867
          ],
          [
            12.5803356,
            44.0289964
          ],
          [
            12.5802457,
            44.0288799
          ],
          [
            12.5801745,
            44.0286929
          ],
          [
            12.5801361,
            44.0284882
          ],
          [
            12.5801498,
            44.0283169
          ],
          [
            12.5802094,
            44.0281813
          ],
          [
            12.580325,
            44.0280118
          ],
          [
            12.5804975,
            44.0278071
          ],
          [
            12.5818231,
            44.0265664
          ],
          [
            12.5818472,
            44.0265237
          ],
          [
            12.5818335,
            44.0264587
          ],
          [
            12.5819051,
            44.026395
          ],
          [
            12.5819595,
            44.0263465
          ],
          [
            12.5820635,
            44.0263328
          ],
          [
            12.5821265,
            44.0262796
          ],
          [
            12.5830777,
            44.0254045
          ],
          [
            12.5834327,
            44.0251218
          ],
          [
            12.5844069,
            44.0244237
          ],
          [
            12.5844546,
            44.0244547
          ]
        ]
      }
    },
    {
      "type": "Feature",
      "properties": {
        "id": 847717847,
        "highway": "cycleway",
        "cycleway": "crossing",
        "name": "",
        "surface": "",
        "lit": ""
      },
      "geometry": {
        "type": "LineString",
        "coordinates": [
          [
            12.57955,
            44.0357076
          ],
          [
            12.5795882,
            44.0356889
          ],
          [
            12.5796289,
            44.0356689
          ],
          [
            12.5796408,
            44.0356351
          ],
          [
            12.5796503,
            44.035608
          ]
        ]
      }
    },
    {
      "type": "Feature",
      "properties": {
        "id": 847899255,
        "highway": "cycleway",
        "cycleway": "",
        "name": "",
        "surface": "sett",
        "lit": ""
      },
      "geometry": {
        "type": "LineString",
        "coordinates": [
          [
            12.5712832,
            44.0660444
          ],
          [
            12.5713096,
            44.0660699
          ],
          [
            12.5713565,
            44.0661152
          ],
          [
            12.571762,
            44.0665065
          ],
          [
            12.5718389,
            44.0665808
          ],
          [
            12.5727443,
            44.0674547
          ],
          [
            12.5739108,
            44.0685807
          ],
          [
            12.5739757,
            44.0686433
          ],
          [
            12.5746839,
            44.0693269
          ],
          [
            12.5747994,
            44.0694384
          ],
          [
            12.5753857,
            44.0700043
          ],
          [
            12.5754738,
            44.0700866
          ],
          [
            12.5761488,
            44.0707174
          ],
          [
            12.5762347,
            44.0707977
          ]
        ]
      }
    },
    {
      "type": "Feature",
      "properties": {
        "id": 847899256,
        "highway": "cycleway",
        "cycleway": "",
        "name": "",
        "surface": "sett",
        "lit": ""
      },
      "geometry": {
        "type": "LineString",
        "coordinates": [
          [
            12.5760764,
            44.0708851
          ],
          [
            12.5756345,
            44.0704678
          ],
          [
            12.5753176,
            44.0701685
          ],
          [
            12.5752303,
            44.070086
          ],
          [
            12.574647,
            44.069515
          ],
          [
            12.5745353,
            44.0694074
          ],
          [
            12.5738311,
            44.0687199
          ],
          [
            12.5737129,
            44.0686045
          ],
          [
            12.5726104,
            44.0675282
          ],
          [
            12.5717101,
            44.0666493
          ],
          [
            12.5711806,
            44.0661324
          ],
          [
            12.5712371,
            44.066105
          ],
          [
            12.5713096,
            44.0660699
          ]
        ]
      }
    },
    {
      "type": "Feature",
      "properties": {
        "id": 847899257,
        "highway": "cycleway",
        "cycleway": "",
        "name": "",
        "surface": "",
        "lit": "yes"
      },
      "geometry": {
        "type": "LineString",
        "coordinates": [
          [
            12.5596581,
            44.056964
          ],
          [
            12.5593589,
            44.056789
          ],
          [
            12.5592853,
            44.0567634
          ],
          [
            12.559212,
            44.0567616
          ],
          [
            12.5591604,
            44.0567722
          ],
          [
            12.5587573,
            44.0567875
          ],
          [
            12.5585107,
            44.0567986
          ],
          [
            12.557125,
            44.0568458
          ],
          [
            12.5570013,
            44.0568525
          ],
          [
            12.5562266,
            44.0568842
          ],
          [
            12.5560638,
            44.0568922
          ],
          [
            12.5554737,
            44.0569119
          ],
          [
            12.5550186,
            44.0569327
          ],
          [
            12.5545329,
            44.0569471
          ],
          [
            12.5539718,
            44.0569683
          ],
          [
            12.5539247,
            44.0569858
          ],
          [
            12.5536629,
            44.0569952
          ],
          [
            12.5534646,
            44.0570056
          ]
        ]
      }
    },
    {
      "type": "Feature",
      "properties": {
        "id": 847899258,
        "highway": "cycleway",
        "cycleway": "",
        "name": "",
        "surface": "asphalt",
        "lit": "yes"
      },
      "geometry": {
        "type": "LineString",
        "coordinates": [
          [
            12.5509154,
            44.056967
          ],
          [
            12.5507562,
            44.0570035
          ],
          [
            12.5503221,
            44.0569921
          ],
          [
            12.5501239,
            44.0569756
          ],
          [
            12.5497551,
            44.0569449
          ],
          [
            12.5496035,
            44.0569025
          ],
          [
            12.5494496,
            44.0568875
          ],
          [
            12.5482942,
            44.0567746
          ],
          [
            12.5475497,
            44.0567018
          ],
          [
            12.5471328,
            44.0566611
          ],
          [
            12.545568,
            44.056635
          ]
        ]
      }
    },
    {
      "type": "Feature",
      "properties": {
        "id": 847928763,
        "highway": "cycleway",
        "cycleway": "",
        "name": "",
        "surface": "asphalt",
        "lit": "yes"
      },
      "geometry": {
        "type": "LineString",
        "coordinates": [
          [
            12.545568,
            44.056635
          ],
          [
            12.5450223,
            44.0566306
          ]
        ]
      }
    },
    {
      "type": "Feature",
      "properties": {
        "id": 847928764,
        "highway": "cycleway",
        "cycleway": "",
        "name": "",
        "surface": "",
        "lit": ""
      },
      "geometry": {
        "type": "LineString",
        "coordinates": [
          [
            12.5430185,
            44.0561732
          ],
          [
            12.542998,
            44.0562194
          ],
          [
            12.5429561,
            44.0563136
          ],
          [
            12.5429398,
            44.0563615
          ]
        ]
      }
    },
    {
      "type": "Feature",
      "properties": {
        "id": 847928765,
        "highway": "cycleway",
        "cycleway": "crossing",
        "name": "",
        "surface": "paving_stones",
        "lit": ""
      },
      "geometry": {
        "type": "LineString",
        "coordinates": [
          [
            12.5429398,
            44.0563615
          ],
          [
            12.5428616,
            44.0563382
          ],
          [
            12.5424741,
            44.0562051
          ]
        ]
      }
    },
    {
      "type": "Feature",
      "properties": {
        "id": 847928766,
        "highway": "cycleway",
        "cycleway": "",
        "name": "",
        "surface": "asphalt",
        "lit": ""
      },
      "geometry": {
        "type": "LineString",
        "coordinates": [
          [
            12.5424741,
            44.0562051
          ],
          [
            12.5424154,
            44.056189
          ],
          [
            12.5423331,
            44.0563253
          ],
          [
            12.5422584,
            44.0563438
          ],
          [
            12.5421907,
            44.0563639
          ],
          [
            12.5421463,
            44.0563908
          ],
          [
            12.542123,
            44.0564428
          ],
          [
            12.5421019,
            44.0564814
          ],
          [
            12.5420669,
            44.0565468
          ],
          [
            12.5419969,
            44.0565921
          ],
          [
            12.5418404,
            44.0566089
          ],
          [
            12.5415112,
            44.0566022
          ],
          [
            12.5413244,
            44.0566005
          ],
          [
            12.5413238,
            44.0566861
          ]
        ]
      }
    },
    {
      "type": "Feature",
      "properties": {
        "id": 847928767,
        "highway": "cycleway",
        "cycleway": "",
        "name": "",
        "surface": "asphalt",
        "lit": "yes"
      },
      "geometry": {
        "type": "LineString",
        "coordinates": [
          [
            12.5231987,
            44.0546784
          ],
          [
            12.5229929,
            44.0547286
          ],
          [
            12.5229547,
            44.0547903
          ],
          [
            12.5229321,
            44.0548004
          ],
          [
            12.5228883,
            44.0548021
          ],
          [
            12.5205795,
            44.0540896
          ]
        ]
      }
    },
    {
      "type": "Feature",
      "properties": {
        "id": 847928768,
        "highway": "cycleway",
        "cycleway": "",
        "name": "",
        "surface": "",
        "lit": ""
      },
      "geometry": {
        "type": "LineString",
        "coordinates": [
          [
            12.5038066,
            44.0485694
          ],
          [
            12.5036172,
            44.0484296
          ],
          [
            12.5032018,
            44.0482541
          ],
          [
            12.5029181,
            44.0481342
          ],
          [
            12.5020506,
            44.0477381
          ],
          [
            12.5019855,
            44.047704
          ],
          [
            12.5014102,
            44.047314
          ],
          [
            12.5013563,
            44.0473064
          ],
          [
            12.5012814,
            44.0472545
          ],
          [
            12.5012477,
            44.0472289
          ],
          [
            12.5002849,
            44.0464886
          ],
          [
            12.5002729,
            44.0464162
          ],
          [
            12.5002034,
            44.0463595
          ],
          [
            12.5001669,
            44.0463276
          ],
          [
            12.5000891,
            44.0463247
          ],
          [
            12.4994634,
            44.0458264
          ],
          [
            12.4989609,
            44.0454262
          ],
          [
            12.4989872,
            44.0453878
          ]
        ]
      }
    },
    {
      "type": "Feature",
      "properties": {
        "id": 847928769,
        "highway": "cycleway",
        "cycleway": "",
        "name": "",
        "surface": "",
        "lit": ""
      },
      "geometry": {
        "type": "LineString",
        "coordinates": [
          [
            12.503905,
            44.048611
          ],
          [
            12.5038066,
            44.0485694
          ]
        ]
      }
    },
    {
      "type": "Feature",
      "properties": {
        "id": 847928770,
        "highway": "cycleway",
        "cycleway": "",
        "name": "",
        "surface": "asphalt",
        "lit": ""
      },
      "geometry": {
        "type": "LineString",
        "coordinates": [
          [
            12.5157496,
            44.0526748
          ],
          [
            12.5140933,
            44.0521643
          ],
          [
            12.5128721,
            44.0518057
          ],
          [
            12.5124905,
            44.051673
          ],
          [
            12.5124534,
            44.0516629
          ],
          [
            12.512229,
            44.0516013
          ],
          [
            12.5121523,
            44.0515335
          ],
          [
            12.5114915,
            44.0513357
          ],
          [
            12.5113458,
            44.051344
          ],
          [
            12.5109549,
            44.0512376
          ],
          [
            12.510875,
            44.051196
          ],
          [
            12.5108885,
            44.0511612
          ]
        ]
      }
    },
    {
      "type": "Feature",
      "properties": {
        "id": 847928771,
        "highway": "cycleway",
        "cycleway": "",
        "name": "",
        "surface": "asphalt",
        "lit": ""
      },
      "geometry": {
        "type": "LineString",
        "coordinates": [
          [
            12.5205795,
            44.0540896
          ],
          [
            12.5203951,
            44.0540292
          ],
          [
            12.5203252,
            44.0540142
          ]
        ]
      }
    },
    {
      "type": "Feature",
      "properties": {
        "id": 848026118,
        "highway": "cycleway",
        "cycleway": "",
        "name": "",
        "surface": "ground",
        "lit": "yes"
      },
      "geometry": {
        "type": "LineString",
        "coordinates": [
          [
            12.5550247,
            44.0443178
          ],
          [
            12.5551884,
            44.0438237
          ]
        ]
      }
    },
    {
      "type": "Feature",
      "properties": {
        "id": 848026119,
        "highway": "cycleway",
        "cycleway": "",
        "name": "",
        "surface": "ground",
        "lit": ""
      },
      "geometry": {
        "type": "LineString",
        "coordinates": [
          [
            12.5551884,
            44.0438237
          ],
          [
            12.5552309,
            44.0437291
          ],
          [
            12.5552773,
            44.0436141
          ],
          [
            12.5553556,
            44.0434856
          ],
          [
            12.5553898,
            44.0434261
          ],
          [
            12.5555454,
            44.04325
          ],
          [
            12.5557187,
            44.0430985
          ],
          [
            12.5559505,
            44.0429502
          ],
          [
            12.5562131,
            44.0428169
          ],
          [
            12.5568995,
            44.0424806
          ],
          [
            12.5573972,
            44.042218
          ],
          [
            12.557544,
            44.0420998
          ],
          [
            12.5576543,
            44.0419626
          ],
          [
            12.5578033,
            44.0417698
          ],
          [
            12.557992,
            44.0414699
          ],
          [
            12.558081,
            44.0413489
          ]
        ]
      }
    },
    {
      "type": "Feature",
      "properties": {
        "id": 848470351,
        "highway": "cycleway",
        "cycleway": "",
        "name": "",
        "surface": "concrete",
        "lit": ""
      },
      "geometry": {
        "type": "LineString",
        "coordinates": [
          [
            12.562475,
            44.0629837
          ],
          [
            12.5625253,
            44.06291
          ],
          [
            12.5626097,
            44.0628623
          ],
          [
            12.5626976,
            44.0628304
          ],
          [
            12.5627917,
            44.0627949
          ],
          [
            12.5629581,
            44.0627745
          ],
          [
            12.5630386,
            44.0627933
          ],
          [
            12.5632399,
            44.0628696
          ],
          [
            12.5634915,
            44.0629004
          ],
          [
            12.5637277,
            44.0629105
          ],
          [
            12.5637551,
            44.0629452
          ],
          [
            12.5638144,
            44.0629562
          ]
        ]
      }
    },
    {
      "type": "Feature",
      "properties": {
        "id": 850781018,
        "highway": "cycleway",
        "cycleway": "",
        "name": "",
        "surface": "",
        "lit": ""
      },
      "geometry": {
        "type": "LineString",
        "coordinates": [
          [
            12.5679374,
            44.0494452
          ],
          [
            12.5679427,
            44.0494081
          ],
          [
            12.5678983,
            44.0493757
          ],
          [
            12.5678145,
            44.0493914
          ],
          [
            12.5677425,
            44.0493972
          ],
          [
            12.5675943,
            44.0494092
          ],
          [
            12.5673456,
            44.0494033
          ],
          [
            12.5671714,
            44.049354
          ],
          [
            12.5671011,
            44.0493431
          ],
          [
            12.5670416,
            44.0493601
          ],
          [
            12.56703,
            44.0493959
          ],
          [
            12.5670579,
            44.0494391
          ],
          [
            12.5671374,
            44.0494929
          ],
          [
            12.5677073,
            44.0498743
          ],
          [
            12.5677477,
            44.0498688
          ],
          [
            12.5678851,
            44.0499571
          ],
          [
            12.5679058,
            44.0499986
          ],
          [
            12.5685698,
            44.0504515
          ],
          [
            12.5686146,
            44.0504815
          ]
        ]
      }
    },
    {
      "type": "Feature",
      "properties": {
        "id": 850781021,
        "highway": "cycleway",
        "cycleway": "",
        "name": "",
        "surface": "",
        "lit": ""
      },
      "geometry": {
        "type": "LineString",
        "coordinates": [
          [
            12.5681303,
            44.0492549
          ],
          [
            12.568184,
            44.0492305
          ],
          [
            12.5681508,
            44.0491833
          ],
          [
            12.5681594,
            44.0491586
          ],
          [
            12.5681724,
            44.0490183
          ],
          [
            12.5681443,
            44.0489339
          ],
          [
            12.5680919,
            44.048764
          ],
          [
            12.5680461,
            44.0486404
          ],
          [
            12.568014,
            44.0485426
          ],
          [
            12.5683683,
            44.0484054
          ],
          [
            12.5684694,
            44.0484334
          ]
        ]
      }
    },
    {
      "type": "Feature",
      "properties": {
        "id": 850781026,
        "highway": "cycleway",
        "cycleway": "",
        "name": "",
        "surface": "",
        "lit": ""
      },
      "geometry": {
        "type": "LineString",
        "coordinates": [
          [
            12.5677307,
            44.0493645
          ],
          [
            12.5677384,
            44.049283
          ],
          [
            12.5678928,
            44.0492052
          ],
          [
            12.5680059,
            44.0491134
          ],
          [
            12.5679936,
            44.0490256
          ],
          [
            12.5678535,
            44.0489717
          ]
        ]
      }
    },
    {
      "type": "Feature",
      "properties": {
        "id": 850781027,
        "highway": "cycleway",
        "cycleway": "",
        "name": "",
        "surface": "",
        "lit": ""
      },
      "geometry": {
        "type": "LineString",
        "coordinates": [
          [
            12.5678928,
            44.0492052
          ],
          [
            12.5679381,
            44.0490793
          ],
          [
            12.5679236,
            44.0490498
          ],
          [
            12.567726,
            44.0490141
          ],
          [
            12.5677203,
            44.0489947
          ]
        ]
      }
    },
    {
      "type": "Feature",
      "properties": {
        "id": 850781028,
        "highway": "cycleway",
        "cycleway": "",
        "name": "",
        "surface": "",
        "lit": ""
      },
      "geometry": {
        "type": "LineString",
        "coordinates": [
          [
            12.5680116,
            44.0489551
          ],
          [
            12.5678535,
            44.0489717
          ],
          [
            12.5677203,
            44.0489947
          ]
        ]
      }
    },
    {
      "type": "Feature",
      "properties": {
        "id": 850781029,
        "highway": "cycleway",
        "cycleway": "",
        "name": "",
        "surface": "",
        "lit": ""
      },
      "geometry": {
        "type": "LineString",
        "coordinates": [
          [
            12.5670416,
            44.0492586
          ],
          [
            12.5670406,
            44.0491977
          ],
          [
            12.5669742,
            44.0491754
          ],
          [
            12.5669007,
            44.0491677
          ],
          [
            12.5668001,
            44.0491287
          ],
          [
            12.5666293,
            44.0491545
          ],
          [
            12.5665669,
            44.0491162
          ],
          [
            12.5664328,
            44.0490336
          ],
          [
            12.5664003,
            44.0489934
          ],
          [
            12.5663977,
            44.0489325
          ],
          [
            12.5663449,
            44.0488606
          ],
          [
            12.5663263,
            44.0488064
          ],
          [
            12.5663468,
            44.048762
          ],
          [
            12.566442,
            44.0486556
          ],
          [
            12.566622,
            44.0485391
          ]
        ]
      }
    },
    {
      "type": "Feature",
      "properties": {
        "id": 881246693,
        "highway": "cycleway",
        "cycleway": "crossing",
        "name": "",
        "surface": "asphalt",
        "lit": ""
      },
      "geometry": {
        "type": "LineString",
        "coordinates": [
          [
            12.5783899,
            44.0581358
          ],
          [
            12.5783474,
            44.0581163
          ],
          [
            12.5782867,
            44.058075
          ],
          [
            12.5782339,
            44.0580416
          ],
          [
            12.5781802,
            44.0580035
          ]
        ]
      }
    },
    {
      "type": "Feature",
      "properties": {
        "id": 881374131,
        "highway": "path",
        "cycleway": "",
        "name": "",
        "surface": "paved",
        "lit": ""
      },
      "geometry": {
        "type": "LineString",
        "coordinates": [
          [
            12.6273482,
            44.0214355
          ],
          [
            12.6260201,
            44.0220586
          ],
          [
            12.6257801,
            44.0221637
          ],
          [
            12.6256716,
            44.0222082
          ],
          [
            12.6255294,
            44.0222557
          ],
          [
            12.6253747,
            44.0222948
          ],
          [
            12.6252448,
            44.0223162
          ],
          [
            12.6251348,
            44.0223323
          ],
          [
            12.6249399,
            44.0223501
          ],
          [
            12.6245524,
            44.0223874
          ],
          [
            12.6244876,
            44.0224248
          ],
          [
            12.6244335,
            44.0224726
          ],
          [
            12.6243575,
            44.0225934
          ],
          [
            12.624327,
            44.0226533
          ],
          [
            12.6243188,
            44.0227011
          ]
        ]
      }
    },
    {
      "type": "Feature",
      "properties": {
        "id": 881569408,
        "highway": "cycleway",
        "cycleway": "",
        "name": "",
        "surface": "asphalt",
        "lit": ""
      },
      "geometry": {
        "type": "LineString",
        "coordinates": [
          [
            12.5715048,
            44.0567417
          ],
          [
            12.5714511,
            44.0567609
          ],
          [
            12.571351,
            44.0567459
          ]
        ]
      }
    },
    {
      "type": "Feature",
      "properties": {
        "id": 881569412,
        "highway": "cycleway",
        "cycleway": "",
        "name": "Ciclabile Borgo San Giovanni",
        "surface": "asphalt",
        "lit": ""
      },
      "geometry": {
        "type": "LineString",
        "coordinates": [
          [
            12.5733846,
            44.0540316
          ],
          [
            12.5732432,
            44.0539283
          ],
          [
            12.5732051,
            44.0539281
          ],
          [
            12.5731612,
            44.0539437
          ],
          [
            12.5731257,
            44.0539705
          ],
          [
            12.5730904,
            44.0540325
          ],
          [
            12.5726794,
            44.0546716
          ],
          [
            12.5722308,
            44.0553778
          ],
          [
            12.5719682,
            44.0558214
          ],
          [
            12.5719283,
            44.0558848
          ],
          [
            12.5716998,
            44.0562478
          ],
          [
            12.57164,
            44.0563428
          ],
          [
            12.5716237,
            44.0563824
          ],
          [
            12.5715428,
            44.0565555
          ],
          [
            12.5715244,
            44.056642
          ],
          [
            12.5715289,
            44.0566829
          ],
          [
            12.5715542,
            44.056722
          ]
        ]
      }
    },
    {
      "type": "Feature",
      "properties": {
        "id": 881569414,
        "highway": "path",
        "cycleway": "",
        "name": "Ciclabile sul Marecchia di Rimini",
        "surface": "fine_gravel",
        "lit": "yes"
      },
      "geometry": {
        "type": "LineString",
        "coordinates": [
          [
            12.5618691,
            44.0754262
          ],
          [
            12.5614759,
            44.0749162
          ]
        ]
      }
    },
    {
      "type": "Feature",
      "properties": {
        "id": 881569415,
        "highway": "cycleway",
        "cycleway": "",
        "name": "",
        "surface": "fine_gravel",
        "lit": "yes"
      },
      "geometry": {
        "type": "LineString",
        "coordinates": [
          [
            12.5615721,
            44.0752204
          ],
          [
            12.5615471,
            44.0751725
          ],
          [
            12.5614473,
            44.0749338
          ],
          [
            12.5614759,
            44.0749162
          ]
        ]
      }
    },
    {
      "type": "Feature",
      "properties": {
        "id": 881569416,
        "highway": "path",
        "cycleway": "",
        "name": "",
        "surface": "fine_gravel",
        "lit": "yes"
      },
      "geometry": {
        "type": "LineString",
        "coordinates": [
          [
            12.5621796,
            44.0758708
          ],
          [
            12.5620166,
            44.0756796
          ],
          [
            12.5618725,
            44.0755081
          ],
          [
            12.5618027,
            44.0754859
          ],
          [
            12.5615844,
            44.0752346
          ],
          [
            12.5615721,
            44.0752204
          ]
        ]
      }
    },
    {
      "type": "Feature",
      "properties": {
        "id": 881569417,
        "highway": "cycleway",
        "cycleway": "",
        "name": "Ciclabile sul Marecchia di Rimini",
        "surface": "compacted",
        "lit": ""
      },
      "geometry": {
        "type": "LineString",
        "coordinates": [
          [
            12.5555522,
            44.0670053
          ],
          [
            12.5554315,
            44.0669007
          ],
          [
            12.555231,
            44.0667591
          ],
          [
            12.5549611,
            44.0665835
          ],
          [
            12.5544291,
            44.0662563
          ],
          [
            12.55362,
            44.0657888
          ],
          [
            12.5532491,
            44.0655821
          ],
          [
            12.5525173,
            44.0652346
          ],
          [
            12.5523142,
            44.0651228
          ],
          [
            12.5520847,
            44.065006
          ],
          [
            12.5519535,
            44.06493
          ],
          [
            12.5518404,
            44.064833
          ],
          [
            12.5517315,
            44.064709
          ],
          [
            12.5516722,
            44.0646464
          ]
        ]
      }
    },
    {
      "type": "Feature",
      "properties": {
        "id": 885801403,
        "highway": "cycleway",
        "cycleway": "",
        "name": "",
        "surface": "",
        "lit": ""
      },
      "geometry": {
        "type": "LineString",
        "coordinates": [
          [
            12.5973452,
            44.0491262
          ],
          [
            12.5973674,
            44.0491061
          ],
          [
            12.5977122,
            44.0492827
          ]
        ]
      }
    },
    {
      "type": "Feature",
      "properties": {
        "id": 931809796,
        "highway": "cycleway",
        "cycleway": "",
        "name": "",
        "surface": "",
        "lit": "yes"
      },
      "geometry": {
        "type": "LineString",
        "coordinates": [
          [
            12.4932295,
            44.1041119
          ],
          [
            12.4932978,
            44.1040549
          ],
          [
            12.4942741,
            44.104729
          ],
          [
            12.4945933,
            44.1049505
          ],
          [
            12.4949272,
            44.1052254
          ],
          [
            12.4950303,
            44.1053157
          ],
          [
            12.4988063,
            44.1086109
          ],
          [
            12.5001297,
            44.1097811
          ],
          [
            12.5003055,
            44.1099271
          ],
          [
            12.5007052,
            44.110259
          ],
          [
            12.5006307,
            44.1103071
          ]
        ]
      }
    },
    {
      "type": "Feature",
      "properties": {
        "id": 937848578,
        "highway": "cycleway",
        "cycleway": "",
        "name": "",
        "surface": "ground",
        "lit": ""
      },
      "geometry": {
        "type": "LineString",
        "coordinates": [
          [
            12.4557187,
            44.0943881
          ],
          [
            12.4545337,
            44.0937692
          ],
          [
            12.4544863,
            44.0935331
          ],
          [
            12.4552767,
            44.0928868
          ],
          [
            12.4566157,
            44.0916662
          ],
          [
            12.457062,
            44.0909881
          ],
          [
            12.4571993,
            44.0905689
          ],
          [
            12.4576285,
            44.0901003
          ],
          [
            12.457371,
            44.0896565
          ],
          [
            12.4564612,
            44.0893482
          ],
          [
            12.4558775,
            44.0892866
          ],
          [
            12.4551565,
            44.0892866
          ],
          [
            12.4540922,
            44.0895332
          ],
          [
            12.4531653,
            44.0899031
          ],
          [
            12.45241,
            44.0901867
          ],
          [
            12.4520554,
            44.090189
          ],
          [
            12.4518684,
            44.0900179
          ],
          [
            12.4517405,
            44.0897428
          ],
          [
            12.4513456,
            44.0887194
          ],
          [
            12.4513456,
            44.0884358
          ],
          [
            12.4515036,
            44.088209
          ],
          [
            12.451689,
            44.0879426
          ],
          [
            12.4520838,
            44.0874741
          ],
          [
            12.4520495,
            44.0866973
          ],
          [
            12.4522383,
            44.0858835
          ],
          [
            12.452307,
            44.0855136
          ],
          [
            12.4524638,
            44.0852866
          ]
        ]
      }
    },
    {
      "type": "Feature",
      "properties": {
        "id": 961423182,
        "highway": "cycleway",
        "cycleway": "",
        "name": "",
        "surface": "asphalt",
        "lit": ""
      },
      "geometry": {
        "type": "LineString",
        "coordinates": [
          [
            12.603691,
            44.0420213
          ],
          [
            12.6036284,
            44.0420265
          ],
          [
            12.6035748,
            44.0420466
          ],
          [
            12.6033667,
            44.0422374
          ],
          [
            12.6033143,
            44.0423094
          ],
          [
            12.6033036,
            44.0423971
          ],
          [
            12.6033172,
            44.0424798
          ],
          [
            12.6033557,
            44.0425545
          ],
          [
            12.6034735,
            44.0426626
          ],
          [
            12.6036156,
            44.0427555
          ],
          [
            12.6038103,
            44.0428466
          ]
        ]
      }
    },
    {
      "type": "Feature",
      "properties": {
        "id": 961423183,
        "highway": "cycleway",
        "cycleway": "",
        "name": "",
        "surface": "asphalt",
        "lit": ""
      },
      "geometry": {
        "type": "LineString",
        "coordinates": [
          [
            12.6041348,
            44.0430179
          ],
          [
            12.6048027,
            44.0433587
          ],
          [
            12.6049366,
            44.0434173
          ],
          [
            12.6050088,
            44.0434178
          ]
        ]
      }
    },
    {
      "type": "Feature",
      "properties": {
        "id": 961423184,
        "highway": "cycleway",
        "cycleway": "",
        "name": "",
        "surface": "",
        "lit": ""
      },
      "geometry": {
        "type": "LineString",
        "coordinates": [
          [
            12.6038103,
            44.0428466
          ],
          [
            12.6039587,
            44.0429249
          ],
          [
            12.6041348,
            44.0430179
          ]
        ]
      }
    },
    {
      "type": "Feature",
      "properties": {
        "id": 971153124,
        "highway": "cycleway",
        "cycleway": "",
        "name": "",
        "surface": "asphalt",
        "lit": "yes"
      },
      "geometry": {
        "type": "LineString",
        "coordinates": [
          [
            12.5813009,
            44.0671278
          ],
          [
            12.5814961,
            44.0669612
          ]
        ]
      }
    },
    {
      "type": "Feature",
      "properties": {
        "id": 971153133,
        "highway": "cycleway",
        "cycleway": "",
        "name": "Piazzale John Fitzgerald Kennedy",
        "surface": "",
        "lit": ""
      },
      "geometry": {
        "type": "LineString",
        "coordinates": [
          [
            12.5825123,
            44.0676507
          ],
          [
            12.5824542,
            44.0677456
          ],
          [
            12.5823536,
            44.0678398
          ],
          [
            12.5822839,
            44.0679065
          ]
        ]
      }
    },
    {
      "type": "Feature",
      "properties": {
        "id": 974086193,
        "highway": "footway",
        "cycleway": "",
        "name": "",
        "surface": "fine_gravel",
        "lit": ""
      },
      "geometry": {
        "type": "LineString",
        "coordinates": [
          [
            12.5299099,
            44.0819784
          ],
          [
            12.5301272,
            44.0819553
          ],
          [
            12.5302452,
            44.0819052
          ],
          [
            12.53039,
            44.0817916
          ],
          [
            12.5306931,
            44.0816875
          ],
          [
            12.5309935,
            44.0815276
          ],
          [
            12.5311947,
            44.0813233
          ],
          [
            12.5313449,
            44.0812675
          ],
          [
            12.5313589,
            44.0811529
          ]
        ]
      }
    },
    {
      "type": "Feature",
      "properties": {
        "id": 974086198,
        "highway": "footway",
        "cycleway": "",
        "name": "",
        "surface": "fine_gravel",
        "lit": ""
      },
      "geometry": {
        "type": "LineString",
        "coordinates": [
          [
            12.5306273,
            44.0805796
          ],
          [
            12.5310214,
            44.0807161
          ],
          [
            12.5311175,
            44.0807342
          ],
          [
            12.5313412,
            44.0810289
          ],
          [
            12.5313524,
            44.0810766
          ]
        ]
      }
    },
    {
      "type": "Feature",
      "properties": {
        "id": 974086199,
        "highway": "footway",
        "cycleway": "",
        "name": "",
        "surface": "fine_gravel",
        "lit": ""
      },
      "geometry": {
        "type": "LineString",
        "coordinates": [
          [
            12.5309024,
            44.0803698
          ],
          [
            12.531143,
            44.0806176
          ]
        ]
      }
    },
    {
      "type": "Feature",
      "properties": {
        "id": 974086201,
        "highway": "footway",
        "cycleway": "",
        "name": "",
        "surface": "fine_gravel",
        "lit": ""
      },
      "geometry": {
        "type": "LineString",
        "coordinates": [
          [
            12.5303826,
            44.0810063
          ],
          [
            12.5304544,
            44.0809264
          ],
          [
            12.5304624,
            44.0808628
          ],
          [
            12.5304879,
            44.0806907
          ],
          [
            12.5306273,
            44.0805796
          ],
          [
            12.5309024,
            44.0803698
          ],
          [
            12.5309765,
            44.0803298
          ],
          [
            12.5311313,
            44.0803156
          ],
          [
            12.5312755,
            44.0803253
          ],
          [
            12.5314677,
            44.0803661
          ],
          [
            12.5315595,
            44.0803748
          ],
          [
            12.5316334,
            44.0803512
          ],
          [
            12.531661,
            44.0803312
          ],
          [
            12.5316708,
            44.0803241
          ]
        ]
      }
    },
    {
      "type": "Feature",
      "properties": {
        "id": 974086202,
        "highway": "cycleway",
        "cycleway": "",
        "name": "",
        "surface": "",
        "lit": ""
      },
      "geometry": {
        "type": "LineString",
        "coordinates": [
          [
            12.5483652,
            44.0751746
          ],
          [
            12.5483333,
            44.0751985
          ],
          [
            12.5483217,
            44.0752441
          ],
          [
            12.5483339,
            44.0753027
          ],
          [
            12.5483181,
            44.0753638
          ],
          [
            12.5482431,
            44.0754617
          ],
          [
            12.5482243,
            44.0755715
          ],
          [
            12.5482277,
            44.0756719
          ],
          [
            12.5482527,
            44.0757551
          ],
          [
            12.5482839,
            44.0758204
          ],
          [
            12.5497084,
            44.0771377
          ],
          [
            12.5498326,
            44.077294
          ],
          [
            12.5497935,
            44.0773193
          ]
        ]
      }
    },
    {
      "type": "Feature",
      "properties": {
        "id": 974086203,
        "highway": "cycleway",
        "cycleway": "",
        "name": "",
        "surface": "",
        "lit": ""
      },
      "geometry": {
        "type": "LineString",
        "coordinates": [
          [
            12.5448159,
            44.0737625
          ],
          [
            12.5447962,
            44.0738464
          ],
          [
            12.544802,
            44.0739277
          ],
          [
            12.544836,
            44.0740083
          ],
          [
            12.5449065,
            44.0740627
          ],
          [
            12.5457497,
            44.0745178
          ],
          [
            12.5461091,
            44.0746824
          ],
          [
            12.5463117,
            44.074742
          ],
          [
            12.546569,
            44.0747688
          ],
          [
            12.5468561,
            44.0747951
          ],
          [
            12.5471334,
            44.074803
          ],
          [
            12.547388,
            44.0748579
          ],
          [
            12.5475704,
            44.0749311
          ],
          [
            12.5477453,
            44.0750401
          ],
          [
            12.5478412,
            44.0750911
          ],
          [
            12.5479244,
            44.0751009
          ],
          [
            12.5480282,
            44.0750885
          ],
          [
            12.548131,
            44.075095
          ],
          [
            12.5481983,
            44.0750897
          ],
          [
            12.5482408,
            44.0750717
          ],
          [
            12.5482603,
            44.0750943
          ]
        ]
      }
    },
    {
      "type": "Feature",
      "properties": {
        "id": 974086204,
        "highway": "footway",
        "cycleway": "",
        "name": "",
        "surface": "asphalt",
        "lit": "yes"
      },
      "geometry": {
        "type": "LineString",
        "coordinates": [
          [
            12.5441706,
            44.0736648
          ],
          [
            12.5441578,
            44.0737506
          ],
          [
            12.5441193,
            44.073841
          ],
          [
            12.5440787,
            44.0739029
          ],
          [
            12.5440191,
            44.0739425
          ],
          [
            12.5427966,
            44.0742872
          ],
          [
            12.5423986,
            44.0744181
          ],
          [
            12.5421265,
            44.0745592
          ],
          [
            12.5419014,
            44.0746975
          ],
          [
            12.5405214,
            44.0755874
          ],
          [
            12.5403672,
            44.0756482
          ],
          [
            12.5402325,
            44.0756537
          ],
          [
            12.5400805,
            44.0756709
          ],
          [
            12.5399676,
            44.0757208
          ],
          [
            12.5398955,
            44.0758037
          ],
          [
            12.5398731,
            44.0759105
          ],
          [
            12.5398768,
            44.0759962
          ],
          [
            12.539826,
            44.0760723
          ],
          [
            12.5381849,
            44.077301
          ],
          [
            12.5369396,
            44.0782255
          ],
          [
            12.5367269,
            44.0784058
          ],
          [
            12.5364996,
            44.0786532
          ],
          [
            12.5363472,
            44.0789765
          ],
          [
            12.5362426,
            44.0790767
          ],
          [
            12.5361219,
            44.0791114
          ],
          [
            12.5360334,
            44.0791884
          ],
          [
            12.5360092,
            44.0792482
          ],
          [
            12.5360039,
            44.0793484
          ],
          [
            12.5358859,
            44.0794755
          ],
          [
            12.5354783,
            44.0797322
          ],
          [
            12.5346528,
            44.0802365
          ],
          [
            12.5345901,
            44.0802596
          ],
          [
            12.5345391,
            44.0802632
          ],
          [
            12.5344868,
            44.0802508
          ],
          [
            12.5343304,
            44.0801351
          ]
        ]
      }
    },
    {
      "type": "Feature",
      "properties": {
        "id": 974086205,
        "highway": "cycleway",
        "cycleway": "",
        "name": "",
        "surface": "asphalt",
        "lit": ""
      },
      "geometry": {
        "type": "LineString",
        "coordinates": [
          [
            12.5298241,
            44.0821499
          ],
          [
            12.5308377,
            44.0829317
          ],
          [
            12.5312553,
            44.0832259
          ],
          [
            12.5317561,
            44.0836399
          ],
          [
            12.5320128,
            44.0838223
          ],
          [
            12.5340164,
            44.0849995
          ],
          [
            12.5354823,
            44.0858542
          ],
          [
            12.535824,
            44.0860535
          ],
          [
            12.5358877,
            44.0860927
          ],
          [
            12.5361621,
            44.0862615
          ],
          [
            12.5361427,
            44.0863055
          ]
        ]
      }
    },
    {
      "type": "Feature",
      "properties": {
        "id": 974086207,
        "highway": "cycleway",
        "cycleway": "",
        "name": "",
        "surface": "asphalt",
        "lit": ""
      },
      "geometry": {
        "type": "LineString",
        "coordinates": [
          [
            12.5848073,
            44.051852
          ],
          [
            12.5851198,
            44.0515916
          ],
          [
            12.5852608,
            44.0514627
          ]
        ]
      }
    },
    {
      "type": "Feature",
      "properties": {
        "id": 974086208,
        "highway": "cycleway",
        "cycleway": "",
        "name": "",
        "surface": "asphalt",
        "lit": ""
      },
      "geometry": {
        "type": "LineString",
        "coordinates": [
          [
            12.5789803,
            44.0575393
          ],
          [
            12.5795439,
            44.0569569
          ],
          [
            12.5797189,
            44.0567791
          ],
          [
            12.5802049,
            44.0562854
          ],
          [
            12.5806108,
            44.0558731
          ],
          [
            12.5808717,
            44.0556273
          ],
          [
            12.5810495,
            44.0554593
          ],
          [
            12.5813585,
            44.0551674
          ],
          [
            12.5817679,
            44.0547866
          ],
          [
            12.5817931,
            44.054733
          ],
          [
            12.5819014,
            44.0546399
          ],
          [
            12.5822436,
            44.0543439
          ],
          [
            12.582258,
            44.0543294
          ],
          [
            12.5822817,
            44.0543177
          ],
          [
            12.5823124,
            44.0543202
          ]
        ]
      }
    },
    {
      "type": "Feature",
      "properties": {
        "id": 974086209,
        "highway": "cycleway",
        "cycleway": "",
        "name": "",
        "surface": "",
        "lit": ""
      },
      "geometry": {
        "type": "LineString",
        "coordinates": [
          [
            12.5879926,
            44.0490951
          ],
          [
            12.5891423,
            44.048174
          ]
        ]
      }
    },
    {
      "type": "Feature",
      "properties": {
        "id": 974086210,
        "highway": "cycleway",
        "cycleway": "",
        "name": "",
        "surface": "asphalt",
        "lit": ""
      },
      "geometry": {
        "type": "LineString",
        "coordinates": [
          [
            12.5868061,
            44.0500749
          ],
          [
            12.5871595,
            44.0497788
          ]
        ]
      }
    },
    {
      "type": "Feature",
      "properties": {
        "id": 974086211,
        "highway": "cycleway",
        "cycleway": "",
        "name": "",
        "surface": "",
        "lit": ""
      },
      "geometry": {
        "type": "LineString",
        "coordinates": [
          [
            12.5854861,
            44.0512699
          ],
          [
            12.5858356,
            44.0509714
          ],
          [
            12.5862683,
            44.0505926
          ],
          [
            12.5863116,
            44.0505722
          ],
          [
            12.5863591,
            44.0505669
          ]
        ]
      }
    },
    {
      "type": "Feature",
      "properties": {
        "id": 974660477,
        "highway": "cycleway",
        "cycleway": "",
        "name": "Pista ciclabile via Ennio Coletti",
        "surface": "asphalt",
        "lit": ""
      },
      "geometry": {
        "type": "LineString",
        "coordinates": [
          [
            12.5613575,
            44.0726173
          ],
          [
            12.5613306,
            44.0726351
          ]
        ]
      }
    },
    {
      "type": "Feature",
      "properties": {
        "id": 974660478,
        "highway": "cycleway",
        "cycleway": "",
        "name": "Pista ciclabile via Ennio Coletti",
        "surface": "asphalt",
        "lit": "yes"
      },
      "geometry": {
        "type": "LineString",
        "coordinates": [
          [
            12.5670444,
            44.0690435
          ],
          [
            12.567892,
            44.0686246
          ],
          [
            12.5679074,
            44.0685879
          ],
          [
            12.5679772,
            44.0685494
          ],
          [
            12.5680268,
            44.0685455
          ],
          [
            12.568067,
            44.068521
          ],
          [
            12.5682041,
            44.0684521
          ],
          [
            12.5682702,
            44.0684106
          ],
          [
            12.5682863,
            44.0684121
          ],
          [
            12.5683513,
            44.0683769
          ],
          [
            12.5683755,
            44.0683514
          ],
          [
            12.5686006,
            44.0682439
          ],
          [
            12.5687649,
            44.0681598
          ],
          [
            12.569223,
            44.0679153
          ],
          [
            12.5692244,
            44.0678941
          ],
          [
            12.5693142,
            44.067845
          ],
          [
            12.5693558,
            44.067846
          ],
          [
            12.5693872,
            44.0678252
          ]
        ]
      }
    },
    {
      "type": "Feature",
      "properties": {
        "id": 988885090,
        "highway": "cycleway",
        "cycleway": "",
        "name": "",
        "surface": "",
        "lit": ""
      },
      "geometry": {
        "type": "LineString",
        "coordinates": [
          [
            12.5755563,
            44.0364568
          ],
          [
            12.5756184,
            44.0364447
          ],
          [
            12.5765312,
            44.0360164
          ],
          [
            12.5774159,
            44.0355712
          ],
          [
            12.5776258,
            44.0354809
          ],
          [
            12.5778494,
            44.0354201
          ],
          [
            12.5780797,
            44.0353732
          ],
          [
            12.5783925,
            44.0353379
          ],
          [
            12.5786824,
            44.0353479
          ],
          [
            12.5789267,
            44.0353752
          ],
          [
            12.5791338,
            44.0354139
          ],
          [
            12.5794197,
            44.0355075
          ],
          [
            12.5795847,
            44.0355793
          ],
          [
            12.5796503,
            44.035608
          ]
        ]
      }
    },
    {
      "type": "Feature",
      "properties": {
        "id": 988885091,
        "highway": "cycleway",
        "cycleway": "crossing",
        "name": "Pista ciclo-pedonale Marco Pantani",
        "surface": "",
        "lit": ""
      },
      "geometry": {
        "type": "LineString",
        "coordinates": [
          [
            12.5751814,
            44.0364052
          ],
          [
            12.5751404,
            44.0364307
          ],
          [
            12.575089,
            44.0364383
          ],
          [
            12.5750096,
            44.0364407
          ]
        ]
      }
    },
    {
      "type": "Feature",
      "properties": {
        "id": 1002137300,
        "highway": "cycleway",
        "cycleway": "",
        "name": "",
        "surface": "concrete",
        "lit": ""
      },
      "geometry": {
        "type": "LineString",
        "coordinates": [
          [
            12.5387313,
            44.0877887
          ],
          [
            12.5387008,
            44.0878336
          ],
          [
            12.5376119,
            44.0885628
          ],
          [
            12.537522,
            44.088609
          ],
          [
            12.5374336,
            44.0886667
          ],
          [
            12.5373168,
            44.0887429
          ],
          [
            12.5372712,
            44.0887862
          ],
          [
            12.5369958,
            44.088974
          ],
          [
            12.5365112,
            44.0893042
          ],
          [
            12.536425,
            44.0893372
          ],
          [
            12.536055,
            44.0895863
          ],
          [
            12.5358041,
            44.0897553
          ],
          [
            12.535733,
            44.0898169
          ],
          [
            12.535376,
            44.09006
          ],
          [
            12.534416,
            44.0907137
          ],
          [
            12.5343516,
            44.0907522
          ],
          [
            12.5342873,
            44.0907753
          ],
          [
            12.5339574,
            44.0909988
          ],
          [
            12.5339044,
            44.0910448
          ],
          [
            12.5338434,
            44.0911009
          ],
          [
            12.5336531,
            44.0912305
          ],
          [
            12.5330643,
            44.0916316
          ],
          [
            12.5325486,
            44.0919829
          ],
          [
            12.5320449,
            44.092326
          ],
          [
            12.5319967,
            44.0923589
          ],
          [
            12.5319296,
            44.0923849
          ],
          [
            12.5315393,
            44.0926482
          ],
          [
            12.5314656,
            44.0926979
          ],
          [
            12.5314213,
            44.0927442
          ],
          [
            12.5311089,
            44.092957
          ],
          [
            12.5310083,
            44.0930013
          ],
          [
            12.5299528,
            44.0937276
          ],
          [
            12.5298844,
            44.0937892
          ],
          [
            12.5295518,
            44.0940165
          ],
          [
            12.5294553,
            44.0940657
          ],
          [
            12.5286305,
            44.0946696
          ],
          [
            12.528601,
            44.0947071
          ],
          [
            12.5285795,
            44.0947351
          ],
          [
            12.5283153,
            44.0949364
          ],
          [
            12.5282684,
            44.0949556
          ],
          [
            12.5282295,
            44.0949739
          ],
          [
            12.5272997,
            44.0956698
          ],
          [
            12.5268677,
            44.0959931
          ],
          [
            12.5262849,
            44.0964292
          ],
          [
            12.5262205,
            44.0965015
          ],
          [
            12.5258492,
            44.0967875
          ],
          [
            12.5251865,
            44.097298
          ],
          [
            12.525102,
            44.0973433
          ],
          [
            12.524756,
            44.0976139
          ],
          [
            12.5246997,
            44.0976842
          ],
          [
            12.524052,
            44.0981821
          ],
          [
            12.5239903,
            44.0982178
          ],
          [
            12.5239031,
            44.0982476
          ],
          [
            12.5234659,
            44.0985847
          ],
          [
            12.5234552,
            44.0986088
          ],
          [
            12.5234203,
            44.0986415
          ],
          [
            12.5233667,
            44.098681
          ],
          [
            12.5232594,
            44.0987273
          ],
          [
            12.5231977,
            44.0987533
          ],
          [
            12.5226156,
            44.099204
          ],
          [
            12.5225808,
            44.0992666
          ],
          [
            12.5222438,
            44.0995314
          ],
          [
            12.5221725,
            44.0995997
          ],
          [
            12.5220702,
            44.0996371
          ],
          [
            12.5219697,
            44.0996839
          ],
          [
            12.5219344,
            44.0997133
          ],
          [
            12.5218451,
            44.0997293
          ],
          [
            12.5218023,
            44.099756
          ],
          [
            12.5217819,
            44.0997867
          ],
          [
            12.5217744,
            44.0998655
          ],
          [
            12.5217484,
            44.0999176
          ],
          [
            12.5216759,
            44.0999577
          ],
          [
            12.5216288,
            44.0999905
          ],
          [
            12.5216052,
            44.1000165
          ],
          [
            12.5215717,
            44.1000712
          ],
          [
            12.5215103,
            44.1001167
          ],
          [
            12.5214398,
            44.1001494
          ],
          [
            12.5214089,
            44.1001928
          ]
        ]
      }
    },
    {
      "type": "Feature",
      "properties": {
        "id": 1003531919,
        "highway": "cycleway",
        "cycleway": "",
        "name": "",
        "surface": "gravel",
        "lit": ""
      },
      "geometry": {
        "type": "LineString",
        "coordinates": [
          [
            12.5584264,
            44.0416283
          ],
          [
            12.56231,
            44.0360441
          ],
          [
            12.5623406,
            44.0360001
          ],
          [
            12.5633645,
            44.0366842
          ]
        ]
      }
    },
    {
      "type": "Feature",
      "properties": {
        "id": 1005028111,
        "highway": "cycleway",
        "cycleway": "",
        "name": "",
        "surface": "",
        "lit": ""
      },
      "geometry": {
        "type": "LineString",
        "coordinates": [
          [
            12.5973674,
            44.0491061
          ],
          [
            12.5976217,
            44.0488398
          ],
          [
            12.5976571,
            44.0488059
          ],
          [
            12.5971904,
            44.0485495
          ],
          [
            12.597114,
            44.0485534
          ]
        ]
      }
    },
    {
      "type": "Feature",
      "properties": {
        "id": 1013514789,
        "highway": "cycleway",
        "cycleway": "",
        "name": "",
        "surface": "gravel",
        "lit": ""
      },
      "geometry": {
        "type": "LineString",
        "coordinates": [
          [
            12.5034734,
            44.061124
          ],
          [
            12.5032769,
            44.0610146
          ],
          [
            12.5032251,
            44.060845
          ],
          [
            12.5032317,
            44.0607757
          ]
        ]
      }
    },
    {
      "type": "Feature",
      "properties": {
        "id": 1013516584,
        "highway": "cycleway",
        "cycleway": "",
        "name": "",
        "surface": "compacted",
        "lit": ""
      },
      "geometry": {
        "type": "LineString",
        "coordinates": [
          [
            12.4660229,
            44.0494408
          ],
          [
            12.4658813,
            44.0493968
          ],
          [
            12.4657215,
            44.049366
          ],
          [
            12.4656096,
            44.0493454
          ],
          [
            12.4655069,
            44.0493053
          ],
          [
            12.4653015,
            44.0491988
          ],
          [
            12.4651862,
            44.0491618
          ],
          [
            12.4650649,
            44.0491629
          ],
          [
            12.4648616,
            44.0492045
          ],
          [
            12.4647526,
            44.0491942
          ]
        ]
      }
    },
    {
      "type": "Feature",
      "properties": {
        "id": 1013516604,
        "highway": "cycleway",
        "cycleway": "",
        "name": "",
        "surface": "compacted",
        "lit": ""
      },
      "geometry": {
        "type": "LineString",
        "coordinates": [
          [
            12.4647526,
            44.0491942
          ],
          [
            12.4645504,
            44.0491768
          ],
          [
            12.4642978,
            44.0491162
          ],
          [
            12.4640406,
            44.0490687
          ],
          [
            12.4629516,
            44.0488474
          ]
        ]
      }
    },
    {
      "type": "Feature",
      "properties": {
        "id": 1015511148,
        "highway": "cycleway",
        "cycleway": "",
        "name": "",
        "surface": "",
        "lit": ""
      },
      "geometry": {
        "type": "LineString",
        "coordinates": [
          [
            12.5628248,
            44.0587873
          ],
          [
            12.5627849,
            44.0588347
          ],
          [
            12.5627639,
            44.0588955
          ]
        ]
      }
    },
    {
      "type": "Feature",
      "properties": {
        "id": 1024686176,
        "highway": "path",
        "cycleway": "",
        "name": "",
        "surface": "asphalt",
        "lit": ""
      },
      "geometry": {
        "type": "LineString",
        "coordinates": [
          [
            12.618584,
            44.0288687
          ],
          [
            12.6195896,
            44.0280368
          ],
          [
            12.6200671,
            44.0276282
          ],
          [
            12.6205508,
            44.0272309
          ],
          [
            12.62114,
            44.0267143
          ],
          [
            12.6215567,
            44.0263888
          ],
          [
            12.6215924,
            44.026361
          ],
          [
            12.621654,
            44.0263174
          ],
          [
            12.6223529,
            44.0258369
          ],
          [
            12.6229914,
            44.0254302
          ],
          [
            12.6235867,
            44.025051
          ],
          [
            12.6241882,
            44.0246678
          ],
          [
            12.6245396,
            44.024444
          ],
          [
            12.624782,
            44.0242896
          ]
        ]
      }
    },
    {
      "type": "Feature",
      "properties": {
        "id": 1033228973,
        "highway": "cycleway",
        "cycleway": "",
        "name": "Ciclabile lungomare di Rimini",
        "surface": "sett",
        "lit": "yes"
      },
      "geometry": {
        "type": "LineString",
        "coordinates": [
          [
            12.5905477,
            44.0599451
          ],
          [
            12.5905858,
            44.0599457
          ],
          [
            12.5907382,
            44.0600266
          ],
          [
            12.590754,
            44.0600237
          ],
          [
            12.5910782,
            44.0597047
          ],
          [
            12.591444,
            44.0593657
          ],
          [
            12.5912274,
            44.0592511
          ],
          [
            12.5912383,
            44.059233
          ],
          [
            12.5920225,
            44.058488
          ],
          [
            12.5925705,
            44.0579674
          ],
          [
            12.5931213,
            44.0574441
          ],
          [
            12.595059,
            44.0556032
          ],
          [
            12.5956262,
            44.0550644
          ],
          [
            12.5957025,
            44.0550533
          ],
          [
            12.5958609,
            44.0550382
          ],
          [
            12.5959266,
            44.0549873
          ],
          [
            12.5962888,
            44.0546618
          ],
          [
            12.5965542,
            44.0544233
          ],
          [
            12.5965382,
            44.0542008
          ],
          [
            12.5967935,
            44.0539661
          ],
          [
            12.5970699,
            44.0537121
          ]
        ]
      }
    },
    {
      "type": "Feature",
      "properties": {
        "id": 1033332241,
        "highway": "cycleway",
        "cycleway": "",
        "name": "Pista ciclabile via Ennio Coletti",
        "surface": "asphalt",
        "lit": ""
      },
      "geometry": {
        "type": "LineString",
        "coordinates": [
          [
            12.5617613,
            44.0723503
          ],
          [
            12.5618125,
            44.0723176
          ]
        ]
      }
    },
    {
      "type": "Feature",
      "properties": {
        "id": 1081795141,
        "highway": "cycleway",
        "cycleway": "",
        "name": "",
        "surface": "asphalt",
        "lit": "yes"
      },
      "geometry": {
        "type": "LineString",
        "coordinates": [
          [
            12.5711461,
            44.0686117
          ],
          [
            12.5710824,
            44.0686575
          ]
        ]
      }
    },
    {
      "type": "Feature",
      "properties": {
        "id": 1081795143,
        "highway": "cycleway",
        "cycleway": "",
        "name": "Piazzale John Fitzgerald Kennedy",
        "surface": "",
        "lit": ""
      },
      "geometry": {
        "type": "LineString",
        "coordinates": [
          [
            12.5828374,
            44.0673598
          ],
          [
            12.582785,
            44.0674225
          ],
          [
            12.5827126,
            44.0674764
          ],
          [
            12.5826354,
            44.0675077
          ],
          [
            12.5825617,
            44.0675646
          ],
          [
            12.5825313,
            44.0676076
          ],
          [
            12.5825123,
            44.0676507
          ]
        ]
      }
    },
    {
      "type": "Feature",
      "properties": {
        "id": 1081795144,
        "highway": "cycleway",
        "cycleway": "",
        "name": "Percorso ciclo-pedonale Claudio Ugolini",
        "surface": "asphalt",
        "lit": "yes"
      },
      "geometry": {
        "type": "LineString",
        "coordinates": [
          [
            12.5757636,
            44.0589666
          ],
          [
            12.5756693,
            44.0588805
          ],
          [
            12.575479,
            44.0587424
          ],
          [
            12.5739528,
            44.0577882
          ],
          [
            12.5738537,
            44.0577002
          ],
          [
            12.5737854,
            44.0574797
          ],
          [
            12.5727598,
            44.057002
          ],
          [
            12.5726333,
            44.0569408
          ]
        ]
      }
    },
    {
      "type": "Feature",
      "properties": {
        "id": 1081795145,
        "highway": "cycleway",
        "cycleway": "",
        "name": "",
        "surface": "asphalt",
        "lit": "yes"
      },
      "geometry": {
        "type": "LineString",
        "coordinates": [
          [
            12.5814961,
            44.0669612
          ],
          [
            12.5815851,
            44.0668814
          ]
        ]
      }
    },
    {
      "type": "Feature",
      "properties": {
        "id": 1081795148,
        "highway": "cycleway",
        "cycleway": "",
        "name": "",
        "surface": "paved",
        "lit": ""
      },
      "geometry": {
        "type": "LineString",
        "coordinates": [
          [
            12.5819475,
            44.0681282
          ],
          [
            12.5819466,
            44.0680548
          ],
          [
            12.5819968,
            44.0678836
          ],
          [
            12.5820462,
            44.0677961
          ],
          [
            12.582024,
            44.0677527
          ]
        ]
      }
    },
    {
      "type": "Feature",
      "properties": {
        "id": 1081795149,
        "highway": "cycleway",
        "cycleway": "",
        "name": "",
        "surface": "paved",
        "lit": ""
      },
      "geometry": {
        "type": "LineString",
        "coordinates": [
          [
            12.5811575,
            44.0690059
          ],
          [
            12.5811094,
            44.0687852
          ],
          [
            12.581049,
            44.0687116
          ],
          [
            12.5810238,
            44.0686532
          ],
          [
            12.5810322,
            44.0685748
          ],
          [
            12.5810066,
            44.0685135
          ],
          [
            12.5809279,
            44.0684394
          ]
        ]
      }
    },
    {
      "type": "Feature",
      "properties": {
        "id": 1081795151,
        "highway": "cycleway",
        "cycleway": "",
        "name": "",
        "surface": "paving_stones",
        "lit": "yes"
      },
      "geometry": {
        "type": "LineString",
        "coordinates": [
          [
            12.5795109,
            44.0708606
          ],
          [
            12.5793145,
            44.0704107
          ]
        ]
      }
    },
    {
      "type": "Feature",
      "properties": {
        "id": 1082540073,
        "highway": "cycleway",
        "cycleway": "",
        "name": "",
        "surface": "paved",
        "lit": ""
      },
      "geometry": {
        "type": "LineString",
        "coordinates": [
          [
            12.5619876,
            44.0357583
          ],
          [
            12.5609576,
            44.0350041
          ]
        ]
      }
    },
    {
      "type": "Feature",
      "properties": {
        "id": 1086364694,
        "highway": "path",
        "cycleway": "",
        "name": "",
        "surface": "asphalt",
        "lit": ""
      },
      "geometry": {
        "type": "LineString",
        "coordinates": [
          [
            12.5673753,
            44.0033969
          ],
          [
            12.5671106,
            44.0032041
          ],
          [
            12.5670575,
            44.0031609
          ],
          [
            12.5670274,
            44.0031125
          ],
          [
            12.5670009,
            44.0030641
          ],
          [
            12.5669956,
            44.0030221
          ],
          [
            12.567015,
            44.002975
          ],
          [
            12.567054,
            44.0029496
          ],
          [
            12.5674291,
            44.0029534
          ],
          [
            12.5674835,
            44.0029459
          ],
          [
            12.5675583,
            44.0029356
          ],
          [
            12.5678167,
            44.0028566
          ],
          [
            12.5679972,
            44.0027854
          ],
          [
            12.5682095,
            44.0026721
          ],
          [
            12.5683369,
            44.0025932
          ]
        ]
      }
    },
    {
      "type": "Feature",
      "properties": {
        "id": 1086364695,
        "highway": "path",
        "cycleway": "",
        "name": "",
        "surface": "asphalt",
        "lit": ""
      },
      "geometry": {
        "type": "LineString",
        "coordinates": [
          [
            12.5683369,
            44.0025932
          ],
          [
            12.56839,
            44.0024659
          ],
          [
            12.5683564,
            44.0023959
          ],
          [
            12.5682729,
            44.0022642
          ]
        ]
      }
    },
    {
      "type": "Feature",
      "properties": {
        "id": 1086364696,
        "highway": "path",
        "cycleway": "",
        "name": "",
        "surface": "asphalt",
        "lit": ""
      },
      "geometry": {
        "type": "LineString",
        "coordinates": [
          [
            12.5683369,
            44.0025932
          ],
          [
            12.5684326,
            44.0025858
          ],
          [
            12.5685935,
            44.0025955
          ],
          [
            12.5687572,
            44.0026283
          ]
        ]
      }
    },
    {
      "type": "Feature",
      "properties": {
        "id": 1086364697,
        "highway": "path",
        "cycleway": "",
        "name": "",
        "surface": "asphalt",
        "lit": ""
      },
      "geometry": {
        "type": "LineString",
        "coordinates": [
          [
            12.5671106,
            44.0032041
          ],
          [
            12.5674835,
            44.0029459
          ]
        ]
      }
    },
    {
      "type": "Feature",
      "properties": {
        "id": 1086364705,
        "highway": "path",
        "cycleway": "",
        "name": "",
        "surface": "asphalt",
        "lit": ""
      },
      "geometry": {
        "type": "LineString",
        "coordinates": [
          [
            12.5686741,
            44.0049138
          ],
          [
            12.5683916,
            44.0051776
          ],
          [
            12.5681987,
            44.0051929
          ],
          [
            12.5680377,
            44.005184
          ],
          [
            12.5679687,
            44.0051331
          ],
          [
            12.5679315,
            44.0049943
          ],
          [
            12.5678908,
            44.0048155
          ],
          [
            12.5679005,
            44.0047223
          ],
          [
            12.5679457,
            44.0046316
          ],
          [
            12.5681262,
            44.0045221
          ],
          [
            12.5679262,
            44.0043808
          ],
          [
            12.5679103,
            44.0043159
          ],
          [
            12.5675316,
            44.0040575
          ],
          [
            12.567452,
            44.0040448
          ],
          [
            12.5671263,
            44.0042917
          ]
        ]
      }
    },
    {
      "type": "Feature",
      "properties": {
        "id": 1086364706,
        "highway": "path",
        "cycleway": "",
        "name": "",
        "surface": "asphalt",
        "lit": ""
      },
      "geometry": {
        "type": "LineString",
        "coordinates": [
          [
            12.5681262,
            44.0045221
          ],
          [
            12.5686741,
            44.0049138
          ]
        ]
      }
    },
    {
      "type": "Feature",
      "properties": {
        "id": 1086364707,
        "highway": "path",
        "cycleway": "",
        "name": "",
        "surface": "asphalt",
        "lit": ""
      },
      "geometry": {
        "type": "LineString",
        "coordinates": [
          [
            12.5683916,
            44.0051776
          ],
          [
            12.5685687,
            44.0052629
          ],
          [
            12.5686813,
            44.0053478
          ],
          [
            12.5687042,
            44.0053859
          ],
          [
            12.5687242,
            44.0054191
          ],
          [
            12.5688101,
            44.005533
          ],
          [
            12.568853,
            44.0056796
          ],
          [
            12.5688771,
            44.0057394
          ],
          [
            12.5689173,
            44.0057973
          ],
          [
            12.56903,
            44.0058204
          ],
          [
            12.5691024,
            44.0058281
          ],
          [
            12.5692124,
            44.0058224
          ],
          [
            12.5693733,
            44.0057703
          ],
          [
            12.5694752,
            44.0057317
          ],
          [
            12.5695906,
            44.0056603
          ],
          [
            12.5696474,
            44.0056054
          ]
        ]
      }
    },
    {
      "type": "Feature",
      "properties": {
        "id": 1086364708,
        "highway": "path",
        "cycleway": "",
        "name": "",
        "surface": "asphalt",
        "lit": ""
      },
      "geometry": {
        "type": "LineString",
        "coordinates": [
          [
            12.5682964,
            44.0063006
          ],
          [
            12.5687451,
            44.0059922
          ],
          [
            12.5688128,
            44.0059653
          ],
          [
            12.5688771,
            44.0057394
          ]
        ]
      }
    },
    {
      "type": "Feature",
      "properties": {
        "id": 1086505720,
        "highway": "cycleway",
        "cycleway": "",
        "name": "",
        "surface": "gravel",
        "lit": ""
      },
      "geometry": {
        "type": "LineString",
        "coordinates": [
          [
            12.5619876,
            44.0357583
          ],
          [
            12.5619931,
            44.035809
          ],
          [
            12.5619532,
            44.0358847
          ],
          [
            12.5610696,
            44.0371169
          ],
          [
            12.5603703,
            44.0381213
          ],
          [
            12.5601247,
            44.0384912
          ],
          [
            12.5598457,
            44.0388458
          ],
          [
            12.5596898,
            44.0390691
          ],
          [
            12.5595097,
            44.0392575
          ],
          [
            12.5594014,
            44.0394445
          ],
          [
            12.558081,
            44.0413489
          ]
        ]
      }
    },
    {
      "type": "Feature",
      "properties": {
        "id": 1089809284,
        "highway": "cycleway",
        "cycleway": "",
        "name": "",
        "surface": "",
        "lit": ""
      },
      "geometry": {
        "type": "LineString",
        "coordinates": [
          [
            12.6138249,
            44.0292872
          ],
          [
            12.6135756,
            44.0291398
          ],
          [
            12.6136329,
            44.0291097
          ]
        ]
      }
    },
    {
      "type": "Feature",
      "properties": {
        "id": 1092173158,
        "highway": "cycleway",
        "cycleway": "",
        "name": "",
        "surface": "asphalt",
        "lit": ""
      },
      "geometry": {
        "type": "LineString",
        "coordinates": [
          [
            12.5844609,
            44.0521441
          ],
          [
            12.5845067,
            44.0521038
          ],
          [
            12.5845898,
            44.0520792
          ],
          [
            12.5846217,
            44.0520841
          ],
          [
            12.5846529,
            44.0520988
          ]
        ]
      }
    },
    {
      "type": "Feature",
      "properties": {
        "id": 1092173159,
        "highway": "cycleway",
        "cycleway": "crossing",
        "name": "",
        "surface": "",
        "lit": ""
      },
      "geometry": {
        "type": "LineString",
        "coordinates": [
          [
            12.5846529,
            44.0520988
          ],
          [
            12.5847072,
            44.0520533
          ],
          [
            12.58476,
            44.0520084
          ]
        ]
      }
    },
    {
      "type": "Feature",
      "properties": {
        "id": 1092173161,
        "highway": "cycleway",
        "cycleway": "crossing",
        "name": "",
        "surface": "asphalt",
        "lit": ""
      },
      "geometry": {
        "type": "LineString",
        "coordinates": [
          [
            12.5891423,
            44.048174
          ],
          [
            12.589094,
            44.0481431
          ],
          [
            12.589058,
            44.0481201
          ],
          [
            12.5890208,
            44.0480963
          ],
          [
            12.5889465,
            44.0480487
          ]
        ]
      }
    },
    {
      "type": "Feature",
      "properties": {
        "id": 1092896353,
        "highway": "cycleway",
        "cycleway": "crossing",
        "name": "",
        "surface": "",
        "lit": ""
      },
      "geometry": {
        "type": "LineString",
        "coordinates": [
          [
            12.5822421,
            44.0495973
          ],
          [
            12.5821939,
            44.0496296
          ],
          [
            12.5821578,
            44.0496538
          ],
          [
            12.5821205,
            44.0496788
          ],
          [
            12.5820614,
            44.0497183
          ],
          [
            12.5820261,
            44.049742
          ],
          [
            12.5819735,
            44.0497773
          ],
          [
            12.5819161,
            44.0498157
          ],
          [
            12.5818823,
            44.0498384
          ],
          [
            12.581847,
            44.049862
          ],
          [
            12.5817887,
            44.0499011
          ]
        ]
      }
    },
    {
      "type": "Feature",
      "properties": {
        "id": 1093098088,
        "highway": "cycleway",
        "cycleway": "",
        "name": "",
        "surface": "asphalt",
        "lit": "yes"
      },
      "geometry": {
        "type": "LineString",
        "coordinates": [
          [
            12.5760258,
            44.0592597
          ],
          [
            12.575915,
            44.0591379
          ],
          [
            12.5758307,
            44.0590871
          ],
          [
            12.5757708,
            44.0590314
          ],
          [
            12.5757515,
            44.0589936
          ],
          [
            12.5757636,
            44.0589666
          ]
        ]
      }
    },
    {
      "type": "Feature",
      "properties": {
        "id": 1093098089,
        "highway": "cycleway",
        "cycleway": "",
        "name": "",
        "surface": "",
        "lit": ""
      },
      "geometry": {
        "type": "LineString",
        "coordinates": [
          [
            12.5779644,
            44.0584819
          ],
          [
            12.5780502,
            44.0583942
          ],
          [
            12.5780853,
            44.0583634
          ],
          [
            12.5781185,
            44.0583641
          ],
          [
            12.5781622,
            44.0583664
          ],
          [
            12.5783201,
            44.0584664
          ]
        ]
      }
    },
    {
      "type": "Feature",
      "properties": {
        "id": 1093098090,
        "highway": "cycleway",
        "cycleway": "",
        "name": "",
        "surface": "asphalt",
        "lit": "yes"
      },
      "geometry": {
        "type": "LineString",
        "coordinates": [
          [
            12.57925,
            44.0613372
          ],
          [
            12.5796146,
            44.0613822
          ],
          [
            12.579683,
            44.0614274
          ]
        ]
      }
    },
    {
      "type": "Feature",
      "properties": {
        "id": 1093232243,
        "highway": "cycleway",
        "cycleway": "",
        "name": "",
        "surface": "asphalt",
        "lit": ""
      },
      "geometry": {
        "type": "LineString",
        "coordinates": [
          [
            12.5735724,
            44.0475006
          ],
          [
            12.5740757,
            44.047512
          ],
          [
            12.5741495,
            44.0475072
          ],
          [
            12.5742111,
            44.0474944
          ],
          [
            12.5743049,
            44.0474631
          ],
          [
            12.5744352,
            44.0474418
          ],
          [
            12.5744761,
            44.0474241
          ]
        ]
      }
    },
    {
      "type": "Feature",
      "properties": {
        "id": 1093232244,
        "highway": "cycleway",
        "cycleway": "crossing",
        "name": "",
        "surface": "",
        "lit": ""
      },
      "geometry": {
        "type": "LineString",
        "coordinates": [
          [
            12.5744761,
            44.0474241
          ],
          [
            12.5744539,
            44.0473477
          ],
          [
            12.5744269,
            44.0472565
          ]
        ]
      }
    },
    {
      "type": "Feature",
      "properties": {
        "id": 1093232252,
        "highway": "cycleway",
        "cycleway": "",
        "name": "",
        "surface": "asphalt",
        "lit": ""
      },
      "geometry": {
        "type": "LineString",
        "coordinates": [
          [
            12.5758656,
            44.0472288
          ],
          [
            12.5760332,
            44.0472041
          ],
          [
            12.576084,
            44.0472026
          ],
          [
            12.576212,
            44.0472387
          ],
          [
            12.5762347,
            44.0473208
          ]
        ]
      }
    },
    {
      "type": "Feature",
      "properties": {
        "id": 1093232253,
        "highway": "cycleway",
        "cycleway": "",
        "name": "",
        "surface": "asphalt",
        "lit": ""
      },
      "geometry": {
        "type": "LineString",
        "coordinates": [
          [
            12.5756029,
            44.0472633
          ],
          [
            12.5758656,
            44.0472288
          ]
        ]
      }
    },
    {
      "type": "Feature",
      "properties": {
        "id": 1093232254,
        "highway": "cycleway",
        "cycleway": "",
        "name": "",
        "surface": "asphalt",
        "lit": ""
      },
      "geometry": {
        "type": "LineString",
        "coordinates": [
          [
            12.5748035,
            44.0473781
          ],
          [
            12.5754037,
            44.0472913
          ]
        ]
      }
    },
    {
      "type": "Feature",
      "properties": {
        "id": 1093261122,
        "highway": "cycleway",
        "cycleway": "",
        "name": "",
        "surface": "asphalt",
        "lit": "yes"
      },
      "geometry": {
        "type": "LineString",
        "coordinates": [
          [
            12.5770795,
            44.0596531
          ],
          [
            12.5769767,
            44.0595956
          ]
        ]
      }
    },
    {
      "type": "Feature",
      "properties": {
        "id": 1097830516,
        "highway": "cycleway",
        "cycleway": "",
        "name": "Ciclabile sul Marecchia di Rimini",
        "surface": "compacted",
        "lit": "no"
      },
      "geometry": {
        "type": "LineString",
        "coordinates": [
          [
            12.5507979,
            44.0654703
          ],
          [
            12.5508839,
            44.0653906
          ]
        ]
      }
    },
    {
      "type": "Feature",
      "properties": {
        "id": 1097840382,
        "highway": "cycleway",
        "cycleway": "",
        "name": "",
        "surface": "concrete",
        "lit": ""
      },
      "geometry": {
        "type": "LineString",
        "coordinates": [
          [
            12.5618031,
            44.0637449
          ],
          [
            12.5618532,
            44.0637143
          ],
          [
            12.5619494,
            44.0636057
          ],
          [
            12.5619694,
            44.0635831
          ],
          [
            12.5619951,
            44.0635478
          ]
        ]
      }
    },
    {
      "type": "Feature",
      "properties": {
        "id": 1097840385,
        "highway": "cycleway",
        "cycleway": "",
        "name": "",
        "surface": "fine_gravel",
        "lit": ""
      },
      "geometry": {
        "type": "LineString",
        "coordinates": [
          [
            12.5611522,
            44.0635128
          ],
          [
            12.5610319,
            44.0631048
          ]
        ]
      }
    },
    {
      "type": "Feature",
      "properties": {
        "id": 1097840390,
        "highway": "cycleway",
        "cycleway": "",
        "name": "",
        "surface": "fine_gravel",
        "lit": ""
      },
      "geometry": {
        "type": "LineString",
        "coordinates": [
          [
            12.5612123,
            44.0637164
          ],
          [
            12.5611614,
            44.063544
          ]
        ]
      }
    },
    {
      "type": "Feature",
      "properties": {
        "id": 1097840391,
        "highway": "cycleway",
        "cycleway": "",
        "name": "",
        "surface": "wood",
        "lit": ""
      },
      "geometry": {
        "type": "LineString",
        "coordinates": [
          [
            12.5611614,
            44.063544
          ],
          [
            12.5611522,
            44.0635128
          ]
        ]
      }
    },
    {
      "type": "Feature",
      "properties": {
        "id": 1097840392,
        "highway": "cycleway",
        "cycleway": "",
        "name": "",
        "surface": "fine_gravel",
        "lit": ""
      },
      "geometry": {
        "type": "LineString",
        "coordinates": [
          [
            12.5583861,
            44.0635131
          ],
          [
            12.5583832,
            44.0636441
          ],
          [
            12.5585101,
            44.0638884
          ],
          [
            12.5586492,
            44.0641433
          ],
          [
            12.5587588,
            44.0642655
          ],
          [
            12.5587892,
            44.0642994
          ],
          [
            12.55885,
            44.0643673
          ],
          [
            12.5589426,
            44.064514
          ]
        ]
      }
    },
    {
      "type": "Feature",
      "properties": {
        "id": 1097840393,
        "highway": "cycleway",
        "cycleway": "",
        "name": "",
        "surface": "wood",
        "lit": ""
      },
      "geometry": {
        "type": "LineString",
        "coordinates": [
          [
            12.5583869,
            44.0634752
          ],
          [
            12.5583861,
            44.0635131
          ]
        ]
      }
    },
    {
      "type": "Feature",
      "properties": {
        "id": 1097840394,
        "highway": "cycleway",
        "cycleway": "",
        "name": "",
        "surface": "fine_gravel",
        "lit": ""
      },
      "geometry": {
        "type": "LineString",
        "coordinates": [
          [
            12.5550309,
            44.0634356
          ],
          [
            12.5550159,
            44.0634849
          ],
          [
            12.5549972,
            44.06352
          ]
        ]
      }
    },
    {
      "type": "Feature",
      "properties": {
        "id": 1097840395,
        "highway": "cycleway",
        "cycleway": "",
        "name": "",
        "surface": "wood",
        "lit": ""
      },
      "geometry": {
        "type": "LineString",
        "coordinates": [
          [
            12.5550343,
            44.0633857
          ],
          [
            12.5550309,
            44.0634356
          ]
        ]
      }
    },
    {
      "type": "Feature",
      "properties": {
        "id": 1097840396,
        "highway": "cycleway",
        "cycleway": "",
        "name": "",
        "surface": "",
        "lit": ""
      },
      "geometry": {
        "type": "LineString",
        "coordinates": [
          [
            12.5517746,
            44.0637037
          ],
          [
            12.5517577,
            44.0636122
          ],
          [
            12.5517674,
            44.0635707
          ]
        ]
      }
    },
    {
      "type": "Feature",
      "properties": {
        "id": 1097840397,
        "highway": "cycleway",
        "cycleway": "",
        "name": "",
        "surface": "",
        "lit": ""
      },
      "geometry": {
        "type": "LineString",
        "coordinates": [
          [
            12.5518048,
            44.0637975
          ],
          [
            12.5517899,
            44.0637566
          ]
        ]
      }
    },
    {
      "type": "Feature",
      "properties": {
        "id": 1097840398,
        "highway": "cycleway",
        "cycleway": "",
        "name": "",
        "surface": "",
        "lit": ""
      },
      "geometry": {
        "type": "LineString",
        "coordinates": [
          [
            12.5517899,
            44.0637566
          ],
          [
            12.5517746,
            44.0637037
          ]
        ]
      }
    },
    {
      "type": "Feature",
      "properties": {
        "id": 1097840425,
        "highway": "cycleway",
        "cycleway": "",
        "name": "",
        "surface": "unpaved",
        "lit": ""
      },
      "geometry": {
        "type": "LineString",
        "coordinates": [
          [
            12.5509999,
            44.0624702
          ],
          [
            12.5510339,
            44.0625909
          ],
          [
            12.5510543,
            44.0626352
          ],
          [
            12.5510647,
            44.0626578
          ],
          [
            12.5511806,
            44.0626758
          ],
          [
            12.5514741,
            44.0626141
          ],
          [
            12.5518294,
            44.0625677
          ]
        ]
      }
    },
    {
      "type": "Feature",
      "properties": {
        "id": 1104128806,
        "highway": "path",
        "cycleway": "",
        "name": "",
        "surface": "",
        "lit": ""
      },
      "geometry": {
        "type": "LineString",
        "coordinates": [
          [
            12.4535503,
            44.086315
          ],
          [
            12.4537108,
            44.0863641
          ],
          [
            12.453801,
            44.0864594
          ],
          [
            12.4538128,
            44.0865743
          ],
          [
            12.453743,
            44.086678
          ],
          [
            12.4536104,
            44.0867427
          ],
          [
            12.4534505,
            44.0867512
          ],
          [
            12.4533061,
            44.0867011
          ],
          [
            12.4532159,
            44.0866059
          ],
          [
            12.4532041,
            44.086491
          ],
          [
            12.4532739,
            44.0863873
          ],
          [
            12.4534065,
            44.0863225
          ],
          [
            12.4535503,
            44.086315
          ]
        ]
      }
    },
    {
      "type": "Feature",
      "properties": {
        "id": 1104128807,
        "highway": "path",
        "cycleway": "",
        "name": "",
        "surface": "",
        "lit": ""
      },
      "geometry": {
        "type": "LineString",
        "coordinates": [
          [
            12.4550628,
            44.085806
          ],
          [
            12.4535503,
            44.086315
          ],
          [
            12.4533722,
            44.0855723
          ]
        ]
      }
    },
    {
      "type": "Feature",
      "properties": {
        "id": 1111442770,
        "highway": "cycleway",
        "cycleway": "",
        "name": "",
        "surface": "",
        "lit": ""
      },
      "geometry": {
        "type": "LineString",
        "coordinates": [
          [
            12.4459234,
            44.012093
          ],
          [
            12.4474947,
            44.0132727
          ]
        ]
      }
    },
    {
      "type": "Feature",
      "properties": {
        "id": 1111442771,
        "highway": "cycleway",
        "cycleway": "",
        "name": "",
        "surface": "",
        "lit": ""
      },
      "geometry": {
        "type": "LineString",
        "coordinates": [
          [
            12.4474947,
            44.0132727
          ],
          [
            12.4478321,
            44.013552
          ],
          [
            12.4479541,
            44.0136806
          ],
          [
            12.4480639,
            44.0137961
          ],
          [
            12.44857,
            44.0144247
          ],
          [
            12.4490457,
            44.0150255
          ],
          [
            12.4494095,
            44.0154948
          ]
        ]
      }
    },
    {
      "type": "Feature",
      "properties": {
        "id": 1111442774,
        "highway": "cycleway",
        "cycleway": "",
        "name": "",
        "surface": "",
        "lit": ""
      },
      "geometry": {
        "type": "LineString",
        "coordinates": [
          [
            12.4494095,
            44.0154948
          ],
          [
            12.4500328,
            44.0162846
          ],
          [
            12.4503455,
            44.0166781
          ]
        ]
      }
    },
    {
      "type": "Feature",
      "properties": {
        "id": 1117804534,
        "highway": "tertiary",
        "cycleway": "lane",
        "name": "Via Verenin Grazia",
        "surface": "asphalt",
        "lit": ""
      },
      "geometry": {
        "type": "LineString",
        "coordinates": [
          [
            12.5103038,
            44.0921271
          ],
          [
            12.51077,
            44.0924594
          ],
          [
            12.513243,
            44.0942204
          ]
        ]
      }
    },
    {
      "type": "Feature",
      "properties": {
        "id": 1120622024,
        "highway": "cycleway",
        "cycleway": "",
        "name": "",
        "surface": "",
        "lit": ""
      },
      "geometry": {
        "type": "LineString",
        "coordinates": [
          [
            12.5361427,
            44.0863055
          ],
          [
            12.536087,
            44.0863645
          ],
          [
            12.5355479,
            44.0867161
          ]
        ]
      }
    },
    {
      "type": "Feature",
      "properties": {
        "id": 1120622026,
        "highway": "cycleway",
        "cycleway": "",
        "name": "",
        "surface": "",
        "lit": ""
      },
      "geometry": {
        "type": "LineString",
        "coordinates": [
          [
            12.5355837,
            44.0867215
          ],
          [
            12.5361175,
            44.0863661
          ],
          [
            12.5361289,
            44.0863585
          ]
        ]
      }
    },
    {
      "type": "Feature",
      "properties": {
        "id": 1120622027,
        "highway": "cycleway",
        "cycleway": "",
        "name": "",
        "surface": "",
        "lit": ""
      },
      "geometry": {
        "type": "LineString",
        "coordinates": [
          [
            12.5364328,
            44.0866617
          ],
          [
            12.5360029,
            44.0869791
          ],
          [
            12.5360782,
            44.0870244
          ]
        ]
      }
    },
    {
      "type": "Feature",
      "properties": {
        "id": 1120622028,
        "highway": "cycleway",
        "cycleway": "",
        "name": "",
        "surface": "",
        "lit": ""
      },
      "geometry": {
        "type": "LineString",
        "coordinates": [
          [
            12.5361289,
            44.0863585
          ],
          [
            12.536527,
            44.0865921
          ]
        ]
      }
    },
    {
      "type": "Feature",
      "properties": {
        "id": 1120622029,
        "highway": "cycleway",
        "cycleway": "",
        "name": "",
        "surface": "",
        "lit": ""
      },
      "geometry": {
        "type": "LineString",
        "coordinates": [
          [
            12.536527,
            44.0865921
          ],
          [
            12.5364966,
            44.0866146
          ],
          [
            12.5364328,
            44.0866617
          ]
        ]
      }
    },
    {
      "type": "Feature",
      "properties": {
        "id": 1132015563,
        "highway": "cycleway",
        "cycleway": "crossing",
        "name": "",
        "surface": "",
        "lit": ""
      },
      "geometry": {
        "type": "LineString",
        "coordinates": [
          [
            12.45173,
            44.0197572
          ],
          [
            12.4517634,
            44.0197412
          ],
          [
            12.4518456,
            44.0197082
          ]
        ]
      }
    },
    {
      "type": "Feature",
      "properties": {
        "id": 1132027323,
        "highway": "cycleway",
        "cycleway": "",
        "name": "",
        "surface": "",
        "lit": ""
      },
      "geometry": {
        "type": "LineString",
        "coordinates": [
          [
            12.4498671,
            44.0187873
          ],
          [
            12.4499768,
            44.0187571
          ],
          [
            12.4500691,
            44.0187691
          ],
          [
            12.4501591,
            44.0188212
          ],
          [
            12.450246,
            44.0188721
          ],
          [
            12.4503903,
            44.0188975
          ],
          [
            12.4504741,
            44.0189129
          ],
          [
            12.4505476,
            44.0189471
          ],
          [
            12.450568,
            44.0189592
          ],
          [
            12.4506039,
            44.0189805
          ],
          [
            12.4506569,
            44.0190249
          ],
          [
            12.4507663,
            44.0190511
          ],
          [
            12.4508276,
            44.0190609
          ],
          [
            12.4508414,
            44.0190631
          ],
          [
            12.4509301,
            44.0190612
          ],
          [
            12.4510717,
            44.0190353
          ],
          [
            12.4511041,
            44.0190274
          ],
          [
            12.4511351,
            44.0190099
          ],
          [
            12.4511426,
            44.0189903
          ],
          [
            12.451149,
            44.0189632
          ],
          [
            12.451149,
            44.0189392
          ],
          [
            12.4511416,
            44.0188885
          ],
          [
            12.451162,
            44.0188579
          ],
          [
            12.4512936,
            44.0187272
          ],
          [
            12.4516885,
            44.0185686
          ]
        ]
      }
    },
    {
      "type": "Feature",
      "properties": {
        "id": 1132027324,
        "highway": "cycleway",
        "cycleway": "crossing",
        "name": "",
        "surface": "",
        "lit": ""
      },
      "geometry": {
        "type": "LineString",
        "coordinates": [
          [
            12.4501189,
            44.0195071
          ],
          [
            12.4500664,
            44.0194695
          ],
          [
            12.4499709,
            44.019401
          ],
          [
            12.4499503,
            44.0193863
          ]
        ]
      }
    },
    {
      "type": "Feature",
      "properties": {
        "id": 1132027326,
        "highway": "cycleway",
        "cycleway": "",
        "name": "",
        "surface": "",
        "lit": ""
      },
      "geometry": {
        "type": "LineString",
        "coordinates": [
          [
            12.4510721,
            44.0201501
          ],
          [
            12.4508424,
            44.0200036
          ],
          [
            12.4508208,
            44.0199898
          ],
          [
            12.450565,
            44.0198271
          ],
          [
            12.4501637,
            44.0195393
          ],
          [
            12.4501189,
            44.0195071
          ]
        ]
      }
    },
    {
      "type": "Feature",
      "properties": {
        "id": 1132027327,
        "highway": "cycleway",
        "cycleway": "crossing",
        "name": "",
        "surface": "",
        "lit": ""
      },
      "geometry": {
        "type": "LineString",
        "coordinates": [
          [
            12.45114,
            44.0201924
          ],
          [
            12.4510933,
            44.0201636
          ],
          [
            12.4510721,
            44.0201501
          ]
        ]
      }
    },
    {
      "type": "Feature",
      "properties": {
        "id": 1132137241,
        "highway": "cycleway",
        "cycleway": "",
        "name": "",
        "surface": "",
        "lit": ""
      },
      "geometry": {
        "type": "LineString",
        "coordinates": [
          [
            12.4499503,
            44.0193863
          ],
          [
            12.4498976,
            44.0193484
          ],
          [
            12.4498595,
            44.0193211
          ],
          [
            12.4498493,
            44.0193138
          ],
          [
            12.4495986,
            44.0191569
          ],
          [
            12.4495253,
            44.0191489
          ],
          [
            12.4494808,
            44.0191321
          ],
          [
            12.4494645,
            44.0191147
          ],
          [
            12.449447,
            44.0190765
          ],
          [
            12.4494555,
            44.0190149
          ],
          [
            12.4494999,
            44.0189769
          ],
          [
            12.4495579,
            44.0189654
          ],
          [
            12.4496169,
            44.0189594
          ],
          [
            12.4496666,
            44.018925
          ],
          [
            12.4498322,
            44.0188058
          ],
          [
            12.4498455,
            44.0187981
          ],
          [
            12.4498611,
            44.018789
          ],
          [
            12.4498671,
            44.0187873
          ]
        ]
      }
    },
    {
      "type": "Feature",
      "properties": {
        "id": 1132406806,
        "highway": "cycleway",
        "cycleway": "",
        "name": "",
        "surface": "",
        "lit": ""
      },
      "geometry": {
        "type": "LineString",
        "coordinates": [
          [
            12.4987412,
            44.0453927
          ],
          [
            12.4980886,
            44.04486
          ],
          [
            12.4975951,
            44.0444709
          ],
          [
            12.4975047,
            44.0444284
          ],
          [
            12.4974439,
            44.0443852
          ],
          [
            12.4973799,
            44.0443088
          ],
          [
            12.4970795,
            44.0440696
          ],
          [
            12.4970433,
            44.0440641
          ],
          [
            12.496994,
            44.0440674
          ]
        ]
      }
    },
    {
      "type": "Feature",
      "properties": {
        "id": 1132406807,
        "highway": "cycleway",
        "cycleway": "crossing",
        "name": "",
        "surface": "",
        "lit": ""
      },
      "geometry": {
        "type": "LineString",
        "coordinates": [
          [
            12.496994,
            44.0440674
          ],
          [
            12.496952,
            44.0440343
          ]
        ]
      }
    },
    {
      "type": "Feature",
      "properties": {
        "id": 1132406808,
        "highway": "cycleway",
        "cycleway": "",
        "name": "",
        "surface": "",
        "lit": ""
      },
      "geometry": {
        "type": "LineString",
        "coordinates": [
          [
            12.4969216,
            44.0440104
          ],
          [
            12.4969193,
            44.0439727
          ],
          [
            12.4969115,
            44.043949
          ],
          [
            12.4968785,
            44.0439113
          ],
          [
            12.496709,
            44.0437823
          ],
          [
            12.4966536,
            44.0437347
          ]
        ]
      }
    },
    {
      "type": "Feature",
      "properties": {
        "id": 1132406809,
        "highway": "cycleway",
        "cycleway": "crossing",
        "name": "",
        "surface": "",
        "lit": ""
      },
      "geometry": {
        "type": "LineString",
        "coordinates": [
          [
            12.4966536,
            44.0437347
          ],
          [
            12.496502,
            44.0436471
          ],
          [
            12.4964456,
            44.0436145
          ]
        ]
      }
    },
    {
      "type": "Feature",
      "properties": {
        "id": 1132406810,
        "highway": "cycleway",
        "cycleway": "",
        "name": "",
        "surface": "",
        "lit": ""
      },
      "geometry": {
        "type": "LineString",
        "coordinates": [
          [
            12.4964456,
            44.0436145
          ],
          [
            12.4962961,
            44.0435068
          ],
          [
            12.4961813,
            44.0434147
          ],
          [
            12.4960878,
            44.0433416
          ],
          [
            12.4959861,
            44.043273
          ],
          [
            12.4958509,
            44.0431955
          ],
          [
            12.4956761,
            44.0431013
          ],
          [
            12.4955633,
            44.0430523
          ],
          [
            12.4954078,
            44.0429946
          ],
          [
            12.4952025,
            44.0429143
          ],
          [
            12.4949708,
            44.0428302
          ],
          [
            12.4946222,
            44.0426936
          ]
        ]
      }
    },
    {
      "type": "Feature",
      "properties": {
        "id": 1132406811,
        "highway": "cycleway",
        "cycleway": "crossing",
        "name": "",
        "surface": "",
        "lit": ""
      },
      "geometry": {
        "type": "LineString",
        "coordinates": [
          [
            12.4946222,
            44.0426936
          ],
          [
            12.4945903,
            44.0426802
          ],
          [
            12.4945012,
            44.0426425
          ]
        ]
      }
    },
    {
      "type": "Feature",
      "properties": {
        "id": 1132406812,
        "highway": "cycleway",
        "cycleway": "",
        "name": "",
        "surface": "",
        "lit": ""
      },
      "geometry": {
        "type": "LineString",
        "coordinates": [
          [
            12.4945012,
            44.0426425
          ],
          [
            12.4941282,
            44.0425015
          ],
          [
            12.4936973,
            44.0423298
          ],
          [
            12.493244,
            44.0421464
          ],
          [
            12.4928476,
            44.0419915
          ],
          [
            12.4924339,
            44.0418271
          ],
          [
            12.4919511,
            44.041635
          ],
          [
            12.4914806,
            44.0414494
          ],
          [
            12.4910923,
            44.0413004
          ],
          [
            12.4906248,
            44.0411097
          ],
          [
            12.4902254,
            44.0409541
          ],
          [
            12.4897172,
            44.0407568
          ],
          [
            12.4892385,
            44.0405647
          ],
          [
            12.4889369,
            44.0404489
          ],
          [
            12.4888031,
            44.0403976
          ],
          [
            12.4887262,
            44.0403681
          ]
        ]
      }
    },
    {
      "type": "Feature",
      "properties": {
        "id": 1132411654,
        "highway": "cycleway",
        "cycleway": "crossing",
        "name": "",
        "surface": "",
        "lit": ""
      },
      "geometry": {
        "type": "LineString",
        "coordinates": [
          [
            12.4887262,
            44.0403681
          ],
          [
            12.4886713,
            44.0403461
          ],
          [
            12.488586,
            44.0403119
          ]
        ]
      }
    },
    {
      "type": "Feature",
      "properties": {
        "id": 1132411658,
        "highway": "cycleway",
        "cycleway": "",
        "name": "",
        "surface": "",
        "lit": ""
      },
      "geometry": {
        "type": "LineString",
        "coordinates": [
          [
            12.4889369,
            44.0404489
          ],
          [
            12.4889835,
            44.040394
          ]
        ]
      }
    },
    {
      "type": "Feature",
      "properties": {
        "id": 1146548568,
        "highway": "cycleway",
        "cycleway": "",
        "name": "",
        "surface": "asphalt",
        "lit": ""
      },
      "geometry": {
        "type": "LineString",
        "coordinates": [
          [
            12.5991341,
            44.041189
          ],
          [
            12.5992651,
            44.0411413
          ],
          [
            12.5994265,
            44.0410911
          ],
          [
            12.5995095,
            44.0410479
          ],
          [
            12.5996076,
            44.0409703
          ],
          [
            12.5997837,
            44.0408108
          ],
          [
            12.5998867,
            44.0406938
          ],
          [
            12.5999097,
            44.0405853
          ],
          [
            12.5999272,
            44.0404839
          ],
          [
            12.5999007,
            44.0403958
          ],
          [
            12.5998247,
            44.0403137
          ],
          [
            12.5998073,
            44.0403014
          ],
          [
            12.5997442,
            44.0402544
          ]
        ]
      }
    },
    {
      "type": "Feature",
      "properties": {
        "id": 1146548620,
        "highway": "cycleway",
        "cycleway": "crossing",
        "name": "Vicolo Comelli",
        "surface": "",
        "lit": ""
      },
      "geometry": {
        "type": "LineString",
        "coordinates": [
          [
            12.5985147,
            44.0417585
          ],
          [
            12.5985688,
            44.0417203
          ],
          [
            12.5986233,
            44.0416649
          ]
        ]
      }
    },
    {
      "type": "Feature",
      "properties": {
        "id": 1147225663,
        "highway": "cycleway",
        "cycleway": "crossing",
        "name": "Vicolo Comelli",
        "surface": "asphalt",
        "lit": ""
      },
      "geometry": {
        "type": "LineString",
        "coordinates": [
          [
            12.5997442,
            44.0402544
          ],
          [
            12.599736,
            44.0402501
          ],
          [
            12.5996852,
            44.0402238
          ],
          [
            12.5995681,
            44.0401764
          ]
        ]
      }
    },
    {
      "type": "Feature",
      "properties": {
        "id": 1147225669,
        "highway": "cycleway",
        "cycleway": "",
        "name": "",
        "surface": "asphalt",
        "lit": "yes"
      },
      "geometry": {
        "type": "LineString",
        "coordinates": [
          [
            12.6036468,
            44.0365135
          ],
          [
            12.6015943,
            44.0382794
          ],
          [
            12.601346,
            44.0385269
          ],
          [
            12.600908,
            44.0389896
          ],
          [
            12.6009044,
            44.0390481
          ],
          [
            12.6007407,
            44.0392278
          ],
          [
            12.6006265,
            44.0392892
          ],
          [
            12.6004402,
            44.039464
          ],
          [
            12.6004466,
            44.0394844
          ],
          [
            12.6004633,
            44.0394942
          ],
          [
            12.6004387,
            44.0395173
          ]
        ]
      }
    },
    {
      "type": "Feature",
      "properties": {
        "id": 1147489078,
        "highway": "cycleway",
        "cycleway": "",
        "name": "",
        "surface": "",
        "lit": ""
      },
      "geometry": {
        "type": "LineString",
        "coordinates": [
          [
            12.5863638,
            44.0504924
          ],
          [
            12.586366,
            44.0504527
          ],
          [
            12.5868061,
            44.0500749
          ]
        ]
      }
    },
    {
      "type": "Feature",
      "properties": {
        "id": 1147489079,
        "highway": "cycleway",
        "cycleway": "crossing",
        "name": "",
        "surface": "asphalt",
        "lit": ""
      },
      "geometry": {
        "type": "LineString",
        "coordinates": [
          [
            12.5863591,
            44.0505669
          ],
          [
            12.5863615,
            44.0505339
          ],
          [
            12.5863638,
            44.0504924
          ]
        ]
      }
    },
    {
      "type": "Feature",
      "properties": {
        "id": 1147491856,
        "highway": "cycleway",
        "cycleway": "crossing",
        "name": "",
        "surface": "asphalt",
        "lit": ""
      },
      "geometry": {
        "type": "LineString",
        "coordinates": [
          [
            12.5823443,
            44.0436796
          ],
          [
            12.5823894,
            44.0436501
          ],
          [
            12.5824335,
            44.0436218
          ]
        ]
      }
    },
    {
      "type": "Feature",
      "properties": {
        "id": 1147491857,
        "highway": "cycleway",
        "cycleway": "",
        "name": "",
        "surface": "",
        "lit": ""
      },
      "geometry": {
        "type": "LineString",
        "coordinates": [
          [
            12.5824335,
            44.0436218
          ],
          [
            12.5824687,
            44.0436027
          ],
          [
            12.582522,
            44.0435215
          ],
          [
            12.5825313,
            44.0435076
          ],
          [
            12.5822064,
            44.0432202
          ],
          [
            12.5821799,
            44.043211
          ],
          [
            12.5821518,
            44.0432155
          ],
          [
            12.582051,
            44.0432765
          ],
          [
            12.5820281,
            44.0432825
          ],
          [
            12.5820038,
            44.0432765
          ],
          [
            12.58191,
            44.0432059
          ],
          [
            12.5818622,
            44.0432087
          ],
          [
            12.5818292,
            44.0432042
          ],
          [
            12.5814572,
            44.0429256
          ],
          [
            12.5814228,
            44.0428847
          ],
          [
            12.5813988,
            44.0428499
          ],
          [
            12.5813713,
            44.0427698
          ],
          [
            12.5813713,
            44.0427266
          ],
          [
            12.5813746,
            44.0426641
          ],
          [
            12.5813692,
            44.0426263
          ],
          [
            12.5813413,
            44.0425885
          ],
          [
            12.581308,
            44.0425646
          ],
          [
            12.5812469,
            44.0425446
          ],
          [
            12.581175,
            44.0425423
          ],
          [
            12.5811224,
            44.0425562
          ],
          [
            12.5810784,
            44.0425816
          ],
          [
            12.5810377,
            44.0426194
          ],
          [
            12.5810173,
            44.0426572
          ],
          [
            12.5810098,
            44.0427011
          ],
          [
            12.5810194,
            44.042749
          ],
          [
            12.5810316,
            44.042774
          ],
          [
            12.581042,
            44.0427952
          ],
          [
            12.5810484,
            44.0428376
          ],
          [
            12.5810463,
            44.0428762
          ],
          [
            12.581028,
            44.0429055
          ]
        ]
      }
    },
    {
      "type": "Feature",
      "properties": {
        "id": 1147491858,
        "highway": "cycleway",
        "cycleway": "",
        "name": "",
        "surface": "",
        "lit": ""
      },
      "geometry": {
        "type": "LineString",
        "coordinates": [
          [
            12.5810316,
            44.042774
          ],
          [
            12.5810722,
            44.0428016
          ],
          [
            12.5811143,
            44.0428208
          ],
          [
            12.5811717,
            44.0428355
          ],
          [
            12.5812285,
            44.0428383
          ],
          [
            12.5812942,
            44.0428346
          ],
          [
            12.581358,
            44.0428406
          ],
          [
            12.5813988,
            44.0428499
          ]
        ]
      }
    },
    {
      "type": "Feature",
      "properties": {
        "id": 1147491862,
        "highway": "cycleway",
        "cycleway": "",
        "name": "",
        "surface": "",
        "lit": ""
      },
      "geometry": {
        "type": "LineString",
        "coordinates": [
          [
            12.5823443,
            44.0436796
          ],
          [
            12.5823708,
            44.0436987
          ],
          [
            12.582382,
            44.0437161
          ],
          [
            12.5823799,
            44.0437346
          ],
          [
            12.5823064,
            44.0438337
          ],
          [
            12.5823682,
            44.043869
          ]
        ]
      }
    },
    {
      "type": "Feature",
      "properties": {
        "id": 1147491864,
        "highway": "cycleway",
        "cycleway": "",
        "name": "",
        "surface": "",
        "lit": ""
      },
      "geometry": {
        "type": "LineString",
        "coordinates": [
          [
            12.582522,
            44.0435215
          ],
          [
            12.5825992,
            44.0435575
          ]
        ]
      }
    },
    {
      "type": "Feature",
      "properties": {
        "id": 1147491866,
        "highway": "cycleway",
        "cycleway": "",
        "name": "",
        "surface": "",
        "lit": ""
      },
      "geometry": {
        "type": "LineString",
        "coordinates": [
          [
            12.5833082,
            44.0434751
          ],
          [
            12.5833328,
            44.0435032
          ],
          [
            12.583581,
            44.0437869
          ],
          [
            12.5836598,
            44.043876
          ],
          [
            12.5837433,
            44.04396
          ],
          [
            12.5837498,
            44.0439826
          ]
        ]
      }
    },
    {
      "type": "Feature",
      "properties": {
        "id": 1147491868,
        "highway": "cycleway",
        "cycleway": "",
        "name": "",
        "surface": "concrete",
        "lit": "yes"
      },
      "geometry": {
        "type": "LineString",
        "coordinates": [
          [
            12.5838148,
            44.0440489
          ],
          [
            12.583838,
            44.0440725
          ],
          [
            12.5838758,
            44.0441109
          ],
          [
            12.5839577,
            44.0441962
          ],
          [
            12.5841341,
            44.0443833
          ],
          [
            12.5841821,
            44.0443587
          ]
        ]
      }
    },
    {
      "type": "Feature",
      "properties": {
        "id": 1147491869,
        "highway": "cycleway",
        "cycleway": "",
        "name": "",
        "surface": "",
        "lit": ""
      },
      "geometry": {
        "type": "LineString",
        "coordinates": [
          [
            12.5838758,
            44.0441109
          ],
          [
            12.5838469,
            44.04413
          ],
          [
            12.5834503,
            44.0443866
          ],
          [
            12.583357,
            44.044447
          ],
          [
            12.5830251,
            44.0446644
          ],
          [
            12.5828589,
            44.0445618
          ],
          [
            12.5828409,
            44.044557
          ],
          [
            12.5828222,
            44.0445613
          ],
          [
            12.5824063,
            44.0448268
          ],
          [
            12.5825475,
            44.0449468
          ]
        ]
      }
    },
    {
      "type": "Feature",
      "properties": {
        "id": 1147491870,
        "highway": "cycleway",
        "cycleway": "",
        "name": "",
        "surface": "",
        "lit": ""
      },
      "geometry": {
        "type": "LineString",
        "coordinates": [
          [
            12.5830251,
            44.0446644
          ],
          [
            12.5830616,
            44.0446911
          ],
          [
            12.5833791,
            44.0449109
          ]
        ]
      }
    },
    {
      "type": "Feature",
      "properties": {
        "id": 1147926645,
        "highway": "cycleway",
        "cycleway": "",
        "name": "",
        "surface": "asphalt",
        "lit": ""
      },
      "geometry": {
        "type": "LineString",
        "coordinates": [
          [
            12.6237448,
            44.0220709
          ],
          [
            12.6237517,
            44.0221078
          ],
          [
            12.623722,
            44.0221813
          ],
          [
            12.6237022,
            44.0222132
          ],
          [
            12.6236413,
            44.022268
          ],
          [
            12.6235704,
            44.0223202
          ],
          [
            12.6235414,
            44.0223299
          ],
          [
            12.6234289,
            44.0223468
          ],
          [
            12.6227687,
            44.0224029
          ],
          [
            12.6226854,
            44.0224402
          ]
        ]
      }
    },
    {
      "type": "Feature",
      "properties": {
        "id": 1147926646,
        "highway": "cycleway",
        "cycleway": "crossing",
        "name": "",
        "surface": "",
        "lit": ""
      },
      "geometry": {
        "type": "LineString",
        "coordinates": [
          [
            12.6240189,
            44.0219948
          ],
          [
            12.6239542,
            44.0220363
          ],
          [
            12.6239106,
            44.022042
          ],
          [
            12.623807,
            44.0220569
          ],
          [
            12.6237448,
            44.0220709
          ]
        ]
      }
    },
    {
      "type": "Feature",
      "properties": {
        "id": 1148198571,
        "highway": "cycleway",
        "cycleway": "",
        "name": "",
        "surface": "",
        "lit": ""
      },
      "geometry": {
        "type": "LineString",
        "coordinates": [
          [
            12.5681312,
            44.0546544
          ],
          [
            12.5681712,
            44.0546876
          ],
          [
            12.5682023,
            44.0547274
          ],
          [
            12.5682043,
            44.0547705
          ],
          [
            12.5681964,
            44.0548612
          ],
          [
            12.5682024,
            44.0548819
          ],
          [
            12.5682284,
            44.0549115
          ],
          [
            12.5682978,
            44.0549374
          ],
          [
            12.5688483,
            44.0550517
          ],
          [
            12.5689221,
            44.0548527
          ],
          [
            12.5690012,
            44.0547578
          ],
          [
            12.5692756,
            44.0545906
          ]
        ]
      }
    },
    {
      "type": "Feature",
      "properties": {
        "id": 1148198572,
        "highway": "cycleway",
        "cycleway": "",
        "name": "",
        "surface": "",
        "lit": ""
      },
      "geometry": {
        "type": "LineString",
        "coordinates": [
          [
            12.5688483,
            44.0550517
          ],
          [
            12.5690909,
            44.0551014
          ],
          [
            12.5695144,
            44.055113
          ],
          [
            12.5696646,
            44.0551569
          ],
          [
            12.5697524,
            44.0552325
          ],
          [
            12.5698876,
            44.0553648
          ],
          [
            12.5699538,
            44.0553928
          ],
          [
            12.5700235,
            44.0553865
          ],
          [
            12.5702885,
            44.0552833
          ]
        ]
      }
    },
    {
      "type": "Feature",
      "properties": {
        "id": 1148198580,
        "highway": "cycleway",
        "cycleway": "",
        "name": "",
        "surface": "",
        "lit": ""
      },
      "geometry": {
        "type": "LineString",
        "coordinates": [
          [
            12.5688483,
            44.0550517
          ],
          [
            12.5687849,
            44.0551676
          ]
        ]
      }
    },
    {
      "type": "Feature",
      "properties": {
        "id": 1148203571,
        "highway": "cycleway",
        "cycleway": "",
        "name": "Pista ciclopedonale Viale Losanna",
        "surface": "asphalt",
        "lit": ""
      },
      "geometry": {
        "type": "LineString",
        "coordinates": [
          [
            12.6210624,
            44.023498
          ],
          [
            12.6215922,
            44.0231582
          ],
          [
            12.6218926,
            44.0229564
          ],
          [
            12.6221488,
            44.0227934
          ],
          [
            12.6223054,
            44.0227135
          ],
          [
            12.6224088,
            44.0226762
          ],
          [
            12.6225209,
            44.0226496
          ],
          [
            12.6226628,
            44.0226234
          ],
          [
            12.6234109,
            44.0225438
          ],
          [
            12.6235303,
            44.022532
          ],
          [
            12.6236271,
            44.0225489
          ],
          [
            12.6240077,
            44.0227237
          ]
        ]
      }
    },
    {
      "type": "Feature",
      "properties": {
        "id": 1148203572,
        "highway": "cycleway",
        "cycleway": "crossing",
        "name": "Pista ciclopedonale Viale Losanna",
        "surface": "asphalt",
        "lit": ""
      },
      "geometry": {
        "type": "LineString",
        "coordinates": [
          [
            12.6209658,
            44.0235612
          ],
          [
            12.6210098,
            44.0235321
          ],
          [
            12.6210624,
            44.023498
          ]
        ]
      }
    },
    {
      "type": "Feature",
      "properties": {
        "id": 1148203575,
        "highway": "cycleway",
        "cycleway": "",
        "name": "Pista ciclopedonale Viale Losanna",
        "surface": "asphalt",
        "lit": ""
      },
      "geometry": {
        "type": "LineString",
        "coordinates": [
          [
            12.6179258,
            44.0255237
          ],
          [
            12.6182083,
            44.0252981
          ],
          [
            12.6186186,
            44.0250242
          ],
          [
            12.6188934,
            44.0248449
          ],
          [
            12.6189694,
            44.0247997
          ],
          [
            12.6190171,
            44.0247869
          ]
        ]
      }
    },
    {
      "type": "Feature",
      "properties": {
        "id": 1148203576,
        "highway": "cycleway",
        "cycleway": "crossing",
        "name": "Pista ciclopedonale Viale Losanna",
        "surface": "",
        "lit": ""
      },
      "geometry": {
        "type": "LineString",
        "coordinates": [
          [
            12.6190171,
            44.0247869
          ],
          [
            12.6190945,
            44.0247403
          ],
          [
            12.6191622,
            44.024695
          ]
        ]
      }
    },
    {
      "type": "Feature",
      "properties": {
        "id": 1148576763,
        "highway": "cycleway",
        "cycleway": "",
        "name": "",
        "surface": "asphalt",
        "lit": "yes"
      },
      "geometry": {
        "type": "LineString",
        "coordinates": [
          [
            12.5739642,
            44.0624892
          ],
          [
            12.5738114,
            44.0625337
          ],
          [
            12.5736013,
            44.0626097
          ],
          [
            12.5732972,
            44.0627439
          ],
          [
            12.573228,
            44.0627745
          ],
          [
            12.5732096,
            44.0627902
          ],
          [
            12.5732084,
            44.0628098
          ],
          [
            12.5732696,
            44.0628742
          ],
          [
            12.5734261,
            44.0630759
          ],
          [
            12.5736028,
            44.0632937
          ],
          [
            12.5736556,
            44.0633589
          ]
        ]
      }
    },
    {
      "type": "Feature",
      "properties": {
        "id": 1148576764,
        "highway": "cycleway",
        "cycleway": "crossing",
        "name": "",
        "surface": "asphalt",
        "lit": "yes"
      },
      "geometry": {
        "type": "LineString",
        "coordinates": [
          [
            12.574121,
            44.0624171
          ],
          [
            12.5740483,
            44.0624534
          ],
          [
            12.5739642,
            44.0624892
          ]
        ]
      }
    },
    {
      "type": "Feature",
      "properties": {
        "id": 1148821112,
        "highway": "cycleway",
        "cycleway": "",
        "name": "Pista ciclo-pedonale Marco Pantani",
        "surface": "",
        "lit": ""
      },
      "geometry": {
        "type": "LineString",
        "coordinates": [
          [
            12.5764516,
            44.0384834
          ],
          [
            12.5764355,
            44.0384756
          ],
          [
            12.5764152,
            44.0384764
          ],
          [
            12.5763959,
            44.0384834
          ],
          [
            12.5762746,
            44.0387302
          ],
          [
            12.5762446,
            44.0388189
          ],
          [
            12.5762102,
            44.0389777
          ],
          [
            12.5761705,
            44.0392014
          ],
          [
            12.5761394,
            44.0395809
          ],
          [
            12.5761126,
            44.0397953
          ],
          [
            12.5760978,
            44.04
          ]
        ]
      }
    },
    {
      "type": "Feature",
      "properties": {
        "id": 1148821113,
        "highway": "cycleway",
        "cycleway": "crossing",
        "name": "Pista ciclo-pedonale Marco Pantani",
        "surface": "asphalt",
        "lit": ""
      },
      "geometry": {
        "type": "LineString",
        "coordinates": [
          [
            12.5764516,
            44.0384834
          ],
          [
            12.5764889,
            44.038434
          ],
          [
            12.57653,
            44.0383803
          ],
          [
            12.5765616,
            44.0383386
          ]
        ]
      }
    },
    {
      "type": "Feature",
      "properties": {
        "id": 1148821114,
        "highway": "cycleway",
        "cycleway": "",
        "name": "Pista ciclo-pedonale Marco Pantani",
        "surface": "",
        "lit": ""
      },
      "geometry": {
        "type": "LineString",
        "coordinates": [
          [
            12.575643,
            44.036548
          ],
          [
            12.5756058,
            44.0365742
          ],
          [
            12.5755835,
            44.0366165
          ],
          [
            12.5755889,
            44.0366957
          ],
          [
            12.5756377,
            44.0367657
          ],
          [
            12.5757008,
            44.0368267
          ],
          [
            12.5757622,
            44.0368695
          ],
          [
            12.5759845,
            44.0370071
          ],
          [
            12.5761554,
            44.0371868
          ],
          [
            12.5762626,
            44.0373868
          ],
          [
            12.5763218,
            44.037609
          ],
          [
            12.5763419,
            44.0377742
          ],
          [
            12.5763453,
            44.0379356
          ],
          [
            12.5763517,
            44.0380752
          ],
          [
            12.5763444,
            44.0382087
          ],
          [
            12.5763613,
            44.0382414
          ],
          [
            12.5763927,
            44.0382627
          ],
          [
            12.5765616,
            44.0383386
          ]
        ]
      }
    },
    {
      "type": "Feature",
      "properties": {
        "id": 1148821115,
        "highway": "cycleway",
        "cycleway": "crossing",
        "name": "Pista ciclo-pedonale Marco Pantani",
        "surface": "",
        "lit": ""
      },
      "geometry": {
        "type": "LineString",
        "coordinates": [
          [
            12.575643,
            44.036548
          ],
          [
            12.5755838,
            44.036515
          ],
          [
            12.575565,
            44.0364783
          ],
          [
            12.5755563,
            44.0364568
          ]
        ]
      }
    },
    {
      "type": "Feature",
      "properties": {
        "id": 1148821116,
        "highway": "cycleway",
        "cycleway": "crossing",
        "name": "Pista ciclo-pedonale Marco Pantani",
        "surface": "",
        "lit": ""
      },
      "geometry": {
        "type": "LineString",
        "coordinates": [
          [
            12.5751814,
            44.0364052
          ],
          [
            12.575197,
            44.0363934
          ],
          [
            12.5752129,
            44.0363815
          ]
        ]
      }
    },
    {
      "type": "Feature",
      "properties": {
        "id": 1148821117,
        "highway": "cycleway",
        "cycleway": "",
        "name": "Pista ciclo-pedonale Marco Pantani",
        "surface": "",
        "lit": ""
      },
      "geometry": {
        "type": "LineString",
        "coordinates": [
          [
            12.5752129,
            44.0363815
          ],
          [
            12.5752517,
            44.0364132
          ],
          [
            12.5753199,
            44.0364361
          ],
          [
            12.5753486,
            44.0364416
          ],
          [
            12.5754538,
            44.0364619
          ],
          [
            12.5755563,
            44.0364568
          ]
        ]
      }
    },
    {
      "type": "Feature",
      "properties": {
        "id": 1148821118,
        "highway": "cycleway",
        "cycleway": "",
        "name": "Pista ciclo-pedonale Marco Pantani",
        "surface": "",
        "lit": ""
      },
      "geometry": {
        "type": "LineString",
        "coordinates": [
          [
            12.5732174,
            44.0343596
          ],
          [
            12.5718776,
            44.033012
          ],
          [
            12.5718141,
            44.0329481
          ],
          [
            12.5717908,
            44.0329257
          ],
          [
            12.5717443,
            44.032881
          ],
          [
            12.5714372,
            44.032578
          ],
          [
            12.5714049,
            44.0325463
          ],
          [
            12.5713804,
            44.0325222
          ],
          [
            12.5710836,
            44.0322258
          ],
          [
            12.5695243,
            44.030666
          ],
          [
            12.5691373,
            44.030275
          ],
          [
            12.5689878,
            44.030124
          ],
          [
            12.5689672,
            44.0300964
          ],
          [
            12.5689564,
            44.0300571
          ],
          [
            12.5689596,
            44.0300211
          ],
          [
            12.568974,
            44.0299825
          ],
          [
            12.5690151,
            44.0299395
          ]
        ]
      }
    },
    {
      "type": "Feature",
      "properties": {
        "id": 1148821119,
        "highway": "cycleway",
        "cycleway": "",
        "name": "Pista ciclo-pedonale Marco Pantani",
        "surface": "",
        "lit": ""
      },
      "geometry": {
        "type": "LineString",
        "coordinates": [
          [
            12.5752129,
            44.0363815
          ],
          [
            12.5752518,
            44.0363564
          ]
        ]
      }
    },
    {
      "type": "Feature",
      "properties": {
        "id": 1148821120,
        "highway": "cycleway",
        "cycleway": "",
        "name": "Pista ciclo-pedonale Marco Pantani",
        "surface": "",
        "lit": ""
      },
      "geometry": {
        "type": "LineString",
        "coordinates": [
          [
            12.5689176,
            44.0298223
          ],
          [
            12.5688423,
            44.0298348
          ],
          [
            12.5687845,
            44.0298337
          ],
          [
            12.568722,
            44.029824
          ],
          [
            12.5686703,
            44.0298066
          ],
          [
            12.5679075,
            44.0290502
          ],
          [
            12.5678551,
            44.028999
          ],
          [
            12.5677922,
            44.0289376
          ],
          [
            12.5675462,
            44.0286843
          ],
          [
            12.5675223,
            44.0286467
          ],
          [
            12.5675142,
            44.0286123
          ],
          [
            12.5675196,
            44.0285851
          ],
          [
            12.5675427,
            44.0285335
          ],
          [
            12.5675844,
            44.0284823
          ],
          [
            12.5676148,
            44.0284626
          ]
        ]
      }
    },
    {
      "type": "Feature",
      "properties": {
        "id": 1148821121,
        "highway": "cycleway",
        "cycleway": "crossing",
        "name": "Pista ciclo-pedonale Marco Pantani",
        "surface": "",
        "lit": ""
      },
      "geometry": {
        "type": "LineString",
        "coordinates": [
          [
            12.5690151,
            44.0299395
          ],
          [
            12.5689825,
            44.0298994
          ],
          [
            12.5689271,
            44.0298337
          ],
          [
            12.5689176,
            44.0298223
          ]
        ]
      }
    },
    {
      "type": "Feature",
      "properties": {
        "id": 1148821123,
        "highway": "cycleway",
        "cycleway": "crossing",
        "name": "",
        "surface": "",
        "lit": ""
      },
      "geometry": {
        "type": "LineString",
        "coordinates": [
          [
            12.5709874,
            44.0322719
          ],
          [
            12.5710428,
            44.0322464
          ],
          [
            12.5710836,
            44.0322258
          ]
        ]
      }
    },
    {
      "type": "Feature",
      "properties": {
        "id": 1148821124,
        "highway": "cycleway",
        "cycleway": "crossing",
        "name": "",
        "surface": "",
        "lit": ""
      },
      "geometry": {
        "type": "LineString",
        "coordinates": [
          [
            12.5717773,
            44.033061
          ],
          [
            12.5718304,
            44.0330355
          ],
          [
            12.5718776,
            44.033012
          ]
        ]
      }
    },
    {
      "type": "Feature",
      "properties": {
        "id": 1148821126,
        "highway": "cycleway",
        "cycleway": "crossing",
        "name": "Pista ciclo-pedonale Marco Pantani",
        "surface": "",
        "lit": ""
      },
      "geometry": {
        "type": "LineString",
        "coordinates": [
          [
            12.5732904,
            44.0344298
          ],
          [
            12.5732458,
            44.0343869
          ],
          [
            12.5732174,
            44.0343596
          ]
        ]
      }
    },
    {
      "type": "Feature",
      "properties": {
        "id": 1148821127,
        "highway": "cycleway",
        "cycleway": "",
        "name": "Pista ciclo-pedonale Marco Pantani",
        "surface": "",
        "lit": ""
      },
      "geometry": {
        "type": "LineString",
        "coordinates": [
          [
            12.5738107,
            44.0349497
          ],
          [
            12.5732904,
            44.0344298
          ]
        ]
      }
    },
    {
      "type": "Feature",
      "properties": {
        "id": 1148821128,
        "highway": "cycleway",
        "cycleway": "crossing",
        "name": "Pista ciclo-pedonale Marco Pantani",
        "surface": "",
        "lit": ""
      },
      "geometry": {
        "type": "LineString",
        "coordinates": [
          [
            12.573888,
            44.0350284
          ],
          [
            12.5738597,
            44.0349996
          ],
          [
            12.5738107,
            44.0349497
          ]
        ]
      }
    },
    {
      "type": "Feature",
      "properties": {
        "id": 1148821129,
        "highway": "cycleway",
        "cycleway": "crossing",
        "name": "",
        "surface": "",
        "lit": ""
      },
      "geometry": {
        "type": "LineString",
        "coordinates": [
          [
            12.5744426,
            44.0358201
          ],
          [
            12.5745432,
            44.0357662
          ],
          [
            12.5745843,
            44.0357441
          ]
        ]
      }
    },
    {
      "type": "Feature",
      "properties": {
        "id": 1148821130,
        "highway": "cycleway",
        "cycleway": "",
        "name": "Pista ciclo-pedonale Marco Pantani",
        "surface": "",
        "lit": ""
      },
      "geometry": {
        "type": "LineString",
        "coordinates": [
          [
            12.5745843,
            44.0357441
          ],
          [
            12.573888,
            44.0350284
          ]
        ]
      }
    },
    {
      "type": "Feature",
      "properties": {
        "id": 1148821131,
        "highway": "cycleway",
        "cycleway": "",
        "name": "Pista ciclo-pedonale Marco Pantani",
        "surface": "",
        "lit": ""
      },
      "geometry": {
        "type": "LineString",
        "coordinates": [
          [
            12.5753486,
            44.0364416
          ],
          [
            12.5752518,
            44.0363564
          ],
          [
            12.5750765,
            44.0362022
          ]
        ]
      }
    },
    {
      "type": "Feature",
      "properties": {
        "id": 1148821133,
        "highway": "cycleway",
        "cycleway": "",
        "name": "Pista ciclo-pedonale Marco Pantani",
        "surface": "",
        "lit": ""
      },
      "geometry": {
        "type": "LineString",
        "coordinates": [
          [
            12.5675151,
            44.0283673
          ],
          [
            12.5674429,
            44.0283829
          ],
          [
            12.5673667,
            44.0283855
          ],
          [
            12.5672891,
            44.0283722
          ],
          [
            12.567239,
            44.0283508
          ],
          [
            12.5671811,
            44.0283115
          ],
          [
            12.5669442,
            44.0280653
          ]
        ]
      }
    },
    {
      "type": "Feature",
      "properties": {
        "id": 1148821135,
        "highway": "cycleway",
        "cycleway": "crossing",
        "name": "Pista ciclo-pedonale Marco Pantani",
        "surface": "asphalt",
        "lit": ""
      },
      "geometry": {
        "type": "LineString",
        "coordinates": [
          [
            12.5676148,
            44.0284626
          ],
          [
            12.5675654,
            44.0284426
          ],
          [
            12.5675516,
            44.028437
          ],
          [
            12.5675244,
            44.0283851
          ],
          [
            12.5675151,
            44.0283673
          ]
        ]
      }
    },
    {
      "type": "Feature",
      "properties": {
        "id": 1148821136,
        "highway": "cycleway",
        "cycleway": "",
        "name": "Pista ciclo-pedonale Marco Pantani",
        "surface": "",
        "lit": ""
      },
      "geometry": {
        "type": "LineString",
        "coordinates": [
          [
            12.5659412,
            44.0215068
          ],
          [
            12.565798,
            44.0218808
          ],
          [
            12.5655534,
            44.0226433
          ],
          [
            12.5654236,
            44.0233051
          ],
          [
            12.5653395,
            44.0239604
          ],
          [
            12.5653047,
            44.0243743
          ],
          [
            12.5653182,
            44.024661
          ],
          [
            12.5653521,
            44.0249731
          ],
          [
            12.5654347,
            44.0254519
          ],
          [
            12.5654882,
            44.0256421
          ],
          [
            12.5655044,
            44.0256995
          ],
          [
            12.5655437,
            44.0257735
          ],
          [
            12.5658811,
            44.0264088
          ],
          [
            12.5664912,
            44.0275426
          ],
          [
            12.5669442,
            44.0280653
          ]
        ]
      }
    },
    {
      "type": "Feature",
      "properties": {
        "id": 1148821137,
        "highway": "cycleway",
        "cycleway": "crossing",
        "name": "Pista ciclo-pedonale Marco Pantani",
        "surface": "",
        "lit": ""
      },
      "geometry": {
        "type": "LineString",
        "coordinates": [
          [
            12.5661111,
            44.021221
          ],
          [
            12.5660401,
            44.0213242
          ],
          [
            12.5659412,
            44.0215068
          ]
        ]
      }
    },
    {
      "type": "Feature",
      "properties": {
        "id": 1148821138,
        "highway": "cycleway",
        "cycleway": "",
        "name": "Pista ciclo-pedonale Marco Pantani",
        "surface": "",
        "lit": ""
      },
      "geometry": {
        "type": "LineString",
        "coordinates": [
          [
            12.5674689,
            44.0201807
          ],
          [
            12.5666741,
            44.020648
          ],
          [
            12.5664756,
            44.0207901
          ],
          [
            12.5663196,
            44.0209454
          ],
          [
            12.5661111,
            44.021221
          ]
        ]
      }
    },
    {
      "type": "Feature",
      "properties": {
        "id": 1148821139,
        "highway": "cycleway",
        "cycleway": "crossing",
        "name": "Pista ciclo-pedonale Marco Pantani",
        "surface": "",
        "lit": ""
      },
      "geometry": {
        "type": "LineString",
        "coordinates": [
          [
            12.5678086,
            44.0199923
          ],
          [
            12.5675749,
            44.020121
          ],
          [
            12.5674689,
            44.0201807
          ]
        ]
      }
    },
    {
      "type": "Feature",
      "properties": {
        "id": 1148821140,
        "highway": "cycleway",
        "cycleway": "",
        "name": "Pista ciclo-pedonale Marco Pantani",
        "surface": "",
        "lit": ""
      },
      "geometry": {
        "type": "LineString",
        "coordinates": [
          [
            12.568443,
            44.0196308
          ],
          [
            12.5678086,
            44.0199923
          ]
        ]
      }
    },
    {
      "type": "Feature",
      "properties": {
        "id": 1148821141,
        "highway": "cycleway",
        "cycleway": "crossing",
        "name": "Pista ciclo-pedonale Marco Pantani",
        "surface": "",
        "lit": ""
      },
      "geometry": {
        "type": "LineString",
        "coordinates": [
          [
            12.5685748,
            44.0195539
          ],
          [
            12.5685187,
            44.0195876
          ],
          [
            12.568443,
            44.0196308
          ]
        ]
      }
    },
    {
      "type": "Feature",
      "properties": {
        "id": 1148821142,
        "highway": "cycleway",
        "cycleway": "crossing",
        "name": "Pista ciclo-pedonale Marco Pantani",
        "surface": "",
        "lit": ""
      },
      "geometry": {
        "type": "LineString",
        "coordinates": [
          [
            12.5702893,
            44.0142883
          ],
          [
            12.5702986,
            44.014341
          ],
          [
            12.5702945,
            44.0144121
          ]
        ]
      }
    },
    {
      "type": "Feature",
      "properties": {
        "id": 1148821144,
        "highway": "cycleway",
        "cycleway": "",
        "name": "Pista ciclo-pedonale Marco Pantani",
        "surface": "asphalt",
        "lit": ""
      },
      "geometry": {
        "type": "LineString",
        "coordinates": [
          [
            12.5750877,
            44.0369019
          ],
          [
            12.5751368,
            44.0368881
          ],
          [
            12.5751934,
            44.0368917
          ],
          [
            12.5752679,
            44.0369025
          ],
          [
            12.5753508,
            44.0368983
          ],
          [
            12.575427,
            44.0368812
          ],
          [
            12.5755208,
            44.0368889
          ],
          [
            12.5757033,
            44.0369802
          ],
          [
            12.5759108,
            44.0371294
          ],
          [
            12.5760289,
            44.0372686
          ],
          [
            12.5761281,
            44.0374926
          ],
          [
            12.5761716,
            44.0376886
          ],
          [
            12.5761801,
            44.0378483
          ],
          [
            12.5761799,
            44.0380185
          ],
          [
            12.5761799,
            44.0380482
          ],
          [
            12.5762126,
            44.0380704
          ]
        ]
      }
    },
    {
      "type": "Feature",
      "properties": {
        "id": 1148821145,
        "highway": "cycleway",
        "cycleway": "crossing",
        "name": "Pista ciclo-pedonale Marco Pantani",
        "surface": "asphalt",
        "lit": ""
      },
      "geometry": {
        "type": "LineString",
        "coordinates": [
          [
            12.5749406,
            44.0367884
          ],
          [
            12.5749796,
            44.0368049
          ],
          [
            12.5750464,
            44.0368495
          ],
          [
            12.5750877,
            44.0369019
          ]
        ]
      }
    },
    {
      "type": "Feature",
      "properties": {
        "id": 1148821146,
        "highway": "cycleway",
        "cycleway": "crossing",
        "name": "",
        "surface": "asphalt",
        "lit": ""
      },
      "geometry": {
        "type": "LineString",
        "coordinates": [
          [
            12.5762126,
            44.0380704
          ],
          [
            12.5762841,
            44.0380735
          ],
          [
            12.5763517,
            44.0380752
          ]
        ]
      }
    },
    {
      "type": "Feature",
      "properties": {
        "id": 1148821147,
        "highway": "cycleway",
        "cycleway": "crossing",
        "name": "",
        "surface": "",
        "lit": ""
      },
      "geometry": {
        "type": "LineString",
        "coordinates": [
          [
            12.5760978,
            44.04
          ],
          [
            12.5760391,
            44.0399968
          ],
          [
            12.5759784,
            44.0399949
          ]
        ]
      }
    },
    {
      "type": "Feature",
      "properties": {
        "id": 1148821148,
        "highway": "cycleway",
        "cycleway": "",
        "name": "Pista ciclo-pedonale Marco Pantani",
        "surface": "",
        "lit": ""
      },
      "geometry": {
        "type": "LineString",
        "coordinates": [
          [
            12.575962,
            44.0401775
          ],
          [
            12.5759726,
            44.040067
          ],
          [
            12.5759784,
            44.0399949
          ]
        ]
      }
    },
    {
      "type": "Feature",
      "properties": {
        "id": 1148821149,
        "highway": "cycleway",
        "cycleway": "",
        "name": "Pista ciclo-pedonale Marco Pantani",
        "surface": "",
        "lit": ""
      },
      "geometry": {
        "type": "LineString",
        "coordinates": [
          [
            12.5759784,
            44.0399949
          ],
          [
            12.5759952,
            44.0397931
          ],
          [
            12.5760233,
            44.0396251
          ],
          [
            12.5760339,
            44.0395149
          ],
          [
            12.5760339,
            44.0394151
          ],
          [
            12.576053,
            44.0391985
          ],
          [
            12.5760617,
            44.0391006
          ],
          [
            12.5760911,
            44.0388997
          ],
          [
            12.5761326,
            44.0386507
          ],
          [
            12.5761714,
            44.0383511
          ],
          [
            12.5762126,
            44.0380704
          ]
        ]
      }
    },
    {
      "type": "Feature",
      "properties": {
        "id": 1148877266,
        "highway": "cycleway",
        "cycleway": "",
        "name": "",
        "surface": "",
        "lit": ""
      },
      "geometry": {
        "type": "LineString",
        "coordinates": [
          [
            12.5882559,
            44.0408849
          ],
          [
            12.5880935,
            44.0407336
          ],
          [
            12.5880199,
            44.0406974
          ],
          [
            12.5879393,
            44.0406771
          ],
          [
            12.5878576,
            44.0406736
          ],
          [
            12.5877951,
            44.0406823
          ]
        ]
      }
    },
    {
      "type": "Feature",
      "properties": {
        "id": 1148877267,
        "highway": "cycleway",
        "cycleway": "crossing",
        "name": "",
        "surface": "",
        "lit": ""
      },
      "geometry": {
        "type": "LineString",
        "coordinates": [
          [
            12.5877951,
            44.0406823
          ],
          [
            12.5877338,
            44.0406715
          ],
          [
            12.5876904,
            44.0406638
          ]
        ]
      }
    },
    {
      "type": "Feature",
      "properties": {
        "id": 1148877269,
        "highway": "cycleway",
        "cycleway": "crossing",
        "name": "",
        "surface": "",
        "lit": ""
      },
      "geometry": {
        "type": "LineString",
        "coordinates": [
          [
            12.5882819,
            44.0409362
          ],
          [
            12.5882697,
            44.0409122
          ],
          [
            12.5882559,
            44.0408849
          ]
        ]
      }
    },
    {
      "type": "Feature",
      "properties": {
        "id": 1148877270,
        "highway": "cycleway",
        "cycleway": "",
        "name": "",
        "surface": "",
        "lit": ""
      },
      "geometry": {
        "type": "LineString",
        "coordinates": [
          [
            12.5896776,
            44.0382968
          ],
          [
            12.5900734,
            44.0387334
          ],
          [
            12.5901847,
            44.0388788
          ],
          [
            12.5902412,
            44.039004
          ],
          [
            12.5902809,
            44.0391427
          ],
          [
            12.5901037,
            44.0400297
          ],
          [
            12.590021,
            44.0403083
          ],
          [
            12.589878,
            44.0406398
          ],
          [
            12.5897557,
            44.0407401
          ],
          [
            12.5896089,
            44.0408173
          ],
          [
            12.5893746,
            44.0408574
          ],
          [
            12.588309,
            44.0409778
          ],
          [
            12.5882819,
            44.0409362
          ]
        ]
      }
    },
    {
      "type": "Feature",
      "properties": {
        "id": 1148877271,
        "highway": "cycleway",
        "cycleway": "crossing",
        "name": "",
        "surface": "",
        "lit": ""
      },
      "geometry": {
        "type": "LineString",
        "coordinates": [
          [
            12.5896356,
            44.0382512
          ],
          [
            12.5896572,
            44.0382746
          ],
          [
            12.5896776,
            44.0382968
          ]
        ]
      }
    },
    {
      "type": "Feature",
      "properties": {
        "id": 1148877272,
        "highway": "cycleway",
        "cycleway": "",
        "name": "",
        "surface": "asphalt",
        "lit": ""
      },
      "geometry": {
        "type": "LineString",
        "coordinates": [
          [
            12.589878,
            44.0406398
          ],
          [
            12.5899821,
            44.0406883
          ]
        ]
      }
    },
    {
      "type": "Feature",
      "properties": {
        "id": 1148877273,
        "highway": "cycleway",
        "cycleway": "",
        "name": "",
        "surface": "asphalt",
        "lit": "yes"
      },
      "geometry": {
        "type": "LineString",
        "coordinates": [
          [
            12.5899821,
            44.0406883
          ],
          [
            12.5900573,
            44.0407311
          ],
          [
            12.5901088,
            44.0407909
          ],
          [
            12.5901248,
            44.0408304
          ],
          [
            12.5901388,
            44.0408867
          ],
          [
            12.5901292,
            44.0409722
          ]
        ]
      }
    },
    {
      "type": "Feature",
      "properties": {
        "id": 1148877274,
        "highway": "cycleway",
        "cycleway": "crossing",
        "name": "",
        "surface": "asphalt",
        "lit": ""
      },
      "geometry": {
        "type": "LineString",
        "coordinates": [
          [
            12.5894632,
            44.0422
          ],
          [
            12.5895309,
            44.0422352
          ],
          [
            12.5896151,
            44.0422782
          ]
        ]
      }
    },
    {
      "type": "Feature",
      "properties": {
        "id": 1148877275,
        "highway": "cycleway",
        "cycleway": "",
        "name": "",
        "surface": "asphalt",
        "lit": "yes"
      },
      "geometry": {
        "type": "LineString",
        "coordinates": [
          [
            12.5893765,
            44.0419079
          ],
          [
            12.5894632,
            44.0422
          ]
        ]
      }
    },
    {
      "type": "Feature",
      "properties": {
        "id": 1148877276,
        "highway": "cycleway",
        "cycleway": "crossing",
        "name": "",
        "surface": "asphalt",
        "lit": ""
      },
      "geometry": {
        "type": "LineString",
        "coordinates": [
          [
            12.5894275,
            44.0418437
          ],
          [
            12.5893986,
            44.0418784
          ],
          [
            12.5893765,
            44.0419079
          ]
        ]
      }
    },
    {
      "type": "Feature",
      "properties": {
        "id": 1148877285,
        "highway": "cycleway",
        "cycleway": "crossing",
        "name": "",
        "surface": "",
        "lit": ""
      },
      "geometry": {
        "type": "LineString",
        "coordinates": [
          [
            12.5807561,
            44.0401491
          ],
          [
            12.5806923,
            44.0401389
          ],
          [
            12.5805775,
            44.0401206
          ],
          [
            12.580513,
            44.0401102
          ]
        ]
      }
    },
    {
      "type": "Feature",
      "properties": {
        "id": 1148877286,
        "highway": "cycleway",
        "cycleway": "",
        "name": "",
        "surface": "",
        "lit": ""
      },
      "geometry": {
        "type": "LineString",
        "coordinates": [
          [
            12.580513,
            44.0401102
          ],
          [
            12.5804364,
            44.0400978
          ],
          [
            12.5803859,
            44.0400634
          ],
          [
            12.5800088,
            44.0396473
          ],
          [
            12.5799757,
            44.0396107
          ],
          [
            12.5799768,
            44.0395621
          ],
          [
            12.5800025,
            44.0395058
          ],
          [
            12.5800347,
            44.0393809
          ],
          [
            12.5800229,
            44.0393222
          ],
          [
            12.5800165,
            44.0392829
          ],
          [
            12.5800218,
            44.0392451
          ],
          [
            12.580041,
            44.0392136
          ]
        ]
      }
    },
    {
      "type": "Feature",
      "properties": {
        "id": 1148877287,
        "highway": "cycleway",
        "cycleway": "crossing",
        "name": "",
        "surface": "asphalt",
        "lit": ""
      },
      "geometry": {
        "type": "LineString",
        "coordinates": [
          [
            12.580041,
            44.0392136
          ],
          [
            12.5799773,
            44.0391929
          ],
          [
            12.5799637,
            44.0391806
          ],
          [
            12.5799424,
            44.0391422
          ],
          [
            12.5799283,
            44.0391143
          ]
        ]
      }
    },
    {
      "type": "Feature",
      "properties": {
        "id": 1148877288,
        "highway": "cycleway",
        "cycleway": "",
        "name": "",
        "surface": "",
        "lit": ""
      },
      "geometry": {
        "type": "LineString",
        "coordinates": [
          [
            12.5799283,
            44.0391143
          ],
          [
            12.5798907,
            44.0391192
          ],
          [
            12.5798384,
            44.0391121
          ],
          [
            12.5798012,
            44.0391002
          ],
          [
            12.5797701,
            44.0390822
          ],
          [
            12.5797375,
            44.0390543
          ],
          [
            12.5797177,
            44.039032
          ],
          [
            12.5797026,
            44.0390069
          ]
        ]
      }
    },
    {
      "type": "Feature",
      "properties": {
        "id": 1148877289,
        "highway": "cycleway",
        "cycleway": "crossing",
        "name": "",
        "surface": "asphalt",
        "lit": ""
      },
      "geometry": {
        "type": "LineString",
        "coordinates": [
          [
            12.5797026,
            44.0390069
          ],
          [
            12.5796345,
            44.0390285
          ],
          [
            12.5796207,
            44.0390329
          ],
          [
            12.5795372,
            44.0390269
          ],
          [
            12.579476,
            44.0390082
          ],
          [
            12.5794302,
            44.0389942
          ]
        ]
      }
    },
    {
      "type": "Feature",
      "properties": {
        "id": 1148877292,
        "highway": "cycleway",
        "cycleway": "",
        "name": "",
        "surface": "",
        "lit": ""
      },
      "geometry": {
        "type": "LineString",
        "coordinates": [
          [
            12.5795634,
            44.0358492
          ],
          [
            12.5795931,
            44.0358298
          ],
          [
            12.579593,
            44.0357792
          ],
          [
            12.5795742,
            44.0357367
          ],
          [
            12.57955,
            44.0357076
          ]
        ]
      }
    },
    {
      "type": "Feature",
      "properties": {
        "id": 1148877293,
        "highway": "cycleway",
        "cycleway": "crossing",
        "name": "",
        "surface": "",
        "lit": ""
      },
      "geometry": {
        "type": "LineString",
        "coordinates": [
          [
            12.5796268,
            44.0359253
          ],
          [
            12.5796026,
            44.0358962
          ],
          [
            12.5795634,
            44.0358492
          ]
        ]
      }
    },
    {
      "type": "Feature",
      "properties": {
        "id": 1148877296,
        "highway": "cycleway",
        "cycleway": "",
        "name": "",
        "surface": "",
        "lit": ""
      },
      "geometry": {
        "type": "LineString",
        "coordinates": [
          [
            12.5746545,
            44.0417887
          ],
          [
            12.5747303,
            44.0417853
          ],
          [
            12.5748282,
            44.0417809
          ],
          [
            12.575199,
            44.0417318
          ],
          [
            12.5752748,
            44.0417197
          ],
          [
            12.5753385,
            44.0417043
          ],
          [
            12.5754029,
            44.0416845
          ],
          [
            12.5754679,
            44.0416595
          ],
          [
            12.5756778,
            44.0415491
          ],
          [
            12.5757401,
            44.0415091
          ],
          [
            12.575777,
            44.0414725
          ],
          [
            12.5758152,
            44.0414238
          ],
          [
            12.5758447,
            44.0413635
          ],
          [
            12.5758555,
            44.0413332
          ],
          [
            12.5758966,
            44.0413312
          ],
          [
            12.5759683,
            44.0413279
          ],
          [
            12.576001,
            44.0413264
          ],
          [
            12.5761659,
            44.0413495
          ],
          [
            12.576203,
            44.0413275
          ],
          [
            12.5765887,
            44.0410605
          ],
          [
            12.5767225,
            44.0409667
          ]
        ]
      }
    },
    {
      "type": "Feature",
      "properties": {
        "id": 1148877297,
        "highway": "cycleway",
        "cycleway": "crossing",
        "name": "",
        "surface": "asphalt",
        "lit": ""
      },
      "geometry": {
        "type": "LineString",
        "coordinates": [
          [
            12.5767225,
            44.0409667
          ],
          [
            12.5767726,
            44.0409327
          ],
          [
            12.5768281,
            44.0408951
          ]
        ]
      }
    },
    {
      "type": "Feature",
      "properties": {
        "id": 1148983526,
        "highway": "cycleway",
        "cycleway": "",
        "name": "",
        "surface": "",
        "lit": ""
      },
      "geometry": {
        "type": "LineString",
        "coordinates": [
          [
            12.589135,
            44.0377301
          ],
          [
            12.5896356,
            44.0382512
          ]
        ]
      }
    },
    {
      "type": "Feature",
      "properties": {
        "id": 1148983527,
        "highway": "cycleway",
        "cycleway": "crossing",
        "name": "",
        "surface": "",
        "lit": ""
      },
      "geometry": {
        "type": "LineString",
        "coordinates": [
          [
            12.5890472,
            44.0376732
          ],
          [
            12.5891073,
            44.0377088
          ],
          [
            12.589135,
            44.0377301
          ]
        ]
      }
    },
    {
      "type": "Feature",
      "properties": {
        "id": 1148983543,
        "highway": "cycleway",
        "cycleway": "",
        "name": "",
        "surface": "",
        "lit": ""
      },
      "geometry": {
        "type": "LineString",
        "coordinates": [
          [
            12.5735208,
            44.0539451
          ],
          [
            12.5743726,
            44.054741
          ],
          [
            12.5744409,
            44.0547582
          ]
        ]
      }
    },
    {
      "type": "Feature",
      "properties": {
        "id": 1149006872,
        "highway": "cycleway",
        "cycleway": "",
        "name": "",
        "surface": "",
        "lit": ""
      },
      "geometry": {
        "type": "LineString",
        "coordinates": [
          [
            12.573429,
            44.0523394
          ],
          [
            12.5732007,
            44.0524982
          ],
          [
            12.5729615,
            44.0526867
          ],
          [
            12.5724457,
            44.0532025
          ]
        ]
      }
    },
    {
      "type": "Feature",
      "properties": {
        "id": 1149006873,
        "highway": "cycleway",
        "cycleway": "",
        "name": "",
        "surface": "",
        "lit": ""
      },
      "geometry": {
        "type": "LineString",
        "coordinates": [
          [
            12.5740488,
            44.0519419
          ],
          [
            12.5737142,
            44.0521515
          ],
          [
            12.5735027,
            44.0522883
          ]
        ]
      }
    },
    {
      "type": "Feature",
      "properties": {
        "id": 1149006875,
        "highway": "cycleway",
        "cycleway": "",
        "name": "",
        "surface": "asphalt",
        "lit": ""
      },
      "geometry": {
        "type": "LineString",
        "coordinates": [
          [
            12.574509,
            44.0520434
          ],
          [
            12.5741681,
            44.0525221
          ],
          [
            12.5740504,
            44.0526993
          ],
          [
            12.5736189,
            44.0533682
          ],
          [
            12.5734404,
            44.0536744
          ],
          [
            12.5734164,
            44.0537247
          ],
          [
            12.5734095,
            44.0537717
          ],
          [
            12.5734169,
            44.0538269
          ],
          [
            12.5734445,
            44.0538674
          ],
          [
            12.5735208,
            44.0539451
          ]
        ]
      }
    },
    {
      "type": "Feature",
      "properties": {
        "id": 1149006876,
        "highway": "cycleway",
        "cycleway": "crossing",
        "name": "",
        "surface": "asphalt",
        "lit": ""
      },
      "geometry": {
        "type": "LineString",
        "coordinates": [
          [
            12.574621,
            44.0519164
          ],
          [
            12.5745993,
            44.0519382
          ],
          [
            12.5745737,
            44.0519672
          ],
          [
            12.5745425,
            44.0520054
          ],
          [
            12.574509,
            44.0520434
          ]
        ]
      }
    },
    {
      "type": "Feature",
      "properties": {
        "id": 1149114344,
        "highway": "cycleway",
        "cycleway": "crossing",
        "name": "",
        "surface": "asphalt",
        "lit": ""
      },
      "geometry": {
        "type": "LineString",
        "coordinates": [
          [
            12.5785861,
            44.0536885
          ],
          [
            12.5785535,
            44.0536649
          ],
          [
            12.5784923,
            44.053618
          ],
          [
            12.5784542,
            44.0535893
          ]
        ]
      }
    },
    {
      "type": "Feature",
      "properties": {
        "id": 1149271035,
        "highway": "cycleway",
        "cycleway": "",
        "name": "",
        "surface": "asphalt",
        "lit": ""
      },
      "geometry": {
        "type": "LineString",
        "coordinates": [
          [
            12.5850893,
            44.0453918
          ],
          [
            12.5850274,
            44.0453843
          ],
          [
            12.5849618,
            44.0453863
          ],
          [
            12.5848886,
            44.0453717
          ],
          [
            12.5847973,
            44.0453334
          ],
          [
            12.5847114,
            44.045321
          ],
          [
            12.5846314,
            44.0453311
          ],
          [
            12.5845642,
            44.0453524
          ],
          [
            12.5841935,
            44.045597
          ]
        ]
      }
    },
    {
      "type": "Feature",
      "properties": {
        "id": 1149271036,
        "highway": "cycleway",
        "cycleway": "crossing",
        "name": "",
        "surface": "asphalt",
        "lit": ""
      },
      "geometry": {
        "type": "LineString",
        "coordinates": [
          [
            12.5851786,
            44.0453509
          ],
          [
            12.5851313,
            44.0453741
          ],
          [
            12.5850893,
            44.0453918
          ]
        ]
      }
    },
    {
      "type": "Feature",
      "properties": {
        "id": 1149271045,
        "highway": "cycleway",
        "cycleway": "",
        "name": "",
        "surface": "asphalt",
        "lit": ""
      },
      "geometry": {
        "type": "LineString",
        "coordinates": [
          [
            12.5837682,
            44.0458631
          ],
          [
            12.5832091,
            44.0461489
          ],
          [
            12.5831567,
            44.0461563
          ]
        ]
      }
    },
    {
      "type": "Feature",
      "properties": {
        "id": 1149271046,
        "highway": "cycleway",
        "cycleway": "crossing",
        "name": "",
        "surface": "asphalt",
        "lit": ""
      },
      "geometry": {
        "type": "LineString",
        "coordinates": [
          [
            12.5838335,
            44.0458247
          ],
          [
            12.5837992,
            44.0458449
          ],
          [
            12.5837682,
            44.0458631
          ]
        ]
      }
    },
    {
      "type": "Feature",
      "properties": {
        "id": 1149944873,
        "highway": "cycleway",
        "cycleway": "",
        "name": "",
        "surface": "",
        "lit": ""
      },
      "geometry": {
        "type": "LineString",
        "coordinates": [
          [
            12.6097237,
            44.0278282
          ],
          [
            12.610326,
            44.0284499
          ],
          [
            12.6102308,
            44.0285065
          ]
        ]
      }
    },
    {
      "type": "Feature",
      "properties": {
        "id": 1149944884,
        "highway": "cycleway",
        "cycleway": "",
        "name": "",
        "surface": "",
        "lit": ""
      },
      "geometry": {
        "type": "LineString",
        "coordinates": [
          [
            12.610326,
            44.0284499
          ],
          [
            12.6104001,
            44.0284058
          ],
          [
            12.612699,
            44.02697
          ],
          [
            12.6127904,
            44.0269141
          ],
          [
            12.6129963,
            44.0270827
          ],
          [
            12.613203,
            44.0272557
          ],
          [
            12.6131175,
            44.0273071
          ],
          [
            12.6129699,
            44.027396
          ]
        ]
      }
    },
    {
      "type": "Feature",
      "properties": {
        "id": 1149944885,
        "highway": "cycleway",
        "cycleway": "",
        "name": "",
        "surface": "",
        "lit": ""
      },
      "geometry": {
        "type": "LineString",
        "coordinates": [
          [
            12.6129963,
            44.0270827
          ],
          [
            12.6129099,
            44.0271386
          ],
          [
            12.6127713,
            44.027228
          ]
        ]
      }
    },
    {
      "type": "Feature",
      "properties": {
        "id": 1149944886,
        "highway": "cycleway",
        "cycleway": "",
        "name": "",
        "surface": "",
        "lit": ""
      },
      "geometry": {
        "type": "LineString",
        "coordinates": [
          [
            12.6131175,
            44.0273071
          ],
          [
            12.6129099,
            44.0271386
          ],
          [
            12.612699,
            44.02697
          ]
        ]
      }
    },
    {
      "type": "Feature",
      "properties": {
        "id": 1149944887,
        "highway": "cycleway",
        "cycleway": "",
        "name": "",
        "surface": "",
        "lit": ""
      },
      "geometry": {
        "type": "LineString",
        "coordinates": [
          [
            12.6104001,
            44.0284058
          ],
          [
            12.610779,
            44.0288171
          ]
        ]
      }
    },
    {
      "type": "Feature",
      "properties": {
        "id": 1149947023,
        "highway": "cycleway",
        "cycleway": "",
        "name": "",
        "surface": "",
        "lit": ""
      },
      "geometry": {
        "type": "LineString",
        "coordinates": [
          [
            12.5667699,
            44.0484401
          ],
          [
            12.5672769,
            44.0481042
          ],
          [
            12.5676642,
            44.0482862
          ],
          [
            12.5678583,
            44.0483195
          ],
          [
            12.5679141,
            44.0483471
          ],
          [
            12.5679544,
            44.0484203
          ],
          [
            12.568014,
            44.0485426
          ]
        ]
      }
    },
    {
      "type": "Feature",
      "properties": {
        "id": 1149947024,
        "highway": "cycleway",
        "cycleway": "crossing",
        "name": "",
        "surface": "",
        "lit": ""
      },
      "geometry": {
        "type": "LineString",
        "coordinates": [
          [
            12.566622,
            44.0485391
          ],
          [
            12.566696,
            44.0484891
          ],
          [
            12.5667699,
            44.0484401
          ]
        ]
      }
    },
    {
      "type": "Feature",
      "properties": {
        "id": 1150136748,
        "highway": "cycleway",
        "cycleway": "",
        "name": "",
        "surface": "asphalt",
        "lit": ""
      },
      "geometry": {
        "type": "LineString",
        "coordinates": [
          [
            12.5824375,
            44.0542238
          ],
          [
            12.582414,
            44.0542059
          ],
          [
            12.5824028,
            44.0541745
          ],
          [
            12.5824045,
            44.054113
          ],
          [
            12.5824166,
            44.0540849
          ],
          [
            12.5824887,
            44.0540079
          ],
          [
            12.58298,
            44.0534788
          ],
          [
            12.5830302,
            44.0534334
          ],
          [
            12.5844609,
            44.0521441
          ]
        ]
      }
    },
    {
      "type": "Feature",
      "properties": {
        "id": 1150136749,
        "highway": "cycleway",
        "cycleway": "crossing",
        "name": "",
        "surface": "asphalt",
        "lit": ""
      },
      "geometry": {
        "type": "LineString",
        "coordinates": [
          [
            12.5823124,
            44.0543202
          ],
          [
            12.5823758,
            44.0542714
          ],
          [
            12.5824154,
            44.0542409
          ],
          [
            12.5824375,
            44.0542238
          ]
        ]
      }
    },
    {
      "type": "Feature",
      "properties": {
        "id": 1150136752,
        "highway": "cycleway",
        "cycleway": "",
        "name": "",
        "surface": "asphalt",
        "lit": ""
      },
      "geometry": {
        "type": "LineString",
        "coordinates": [
          [
            12.5820855,
            44.0541216
          ],
          [
            12.5820032,
            44.0540738
          ],
          [
            12.5816133,
            44.0538471
          ]
        ]
      }
    },
    {
      "type": "Feature",
      "properties": {
        "id": 1150136754,
        "highway": "cycleway",
        "cycleway": "",
        "name": "",
        "surface": "",
        "lit": ""
      },
      "geometry": {
        "type": "LineString",
        "coordinates": [
          [
            12.5814485,
            44.0537368
          ],
          [
            12.5805587,
            44.053099
          ]
        ]
      }
    },
    {
      "type": "Feature",
      "properties": {
        "id": 1150754207,
        "highway": "cycleway",
        "cycleway": "",
        "name": "",
        "surface": "",
        "lit": ""
      },
      "geometry": {
        "type": "LineString",
        "coordinates": [
          [
            12.5043898,
            44.0488086
          ],
          [
            12.503905,
            44.048611
          ]
        ]
      }
    },
    {
      "type": "Feature",
      "properties": {
        "id": 1150754208,
        "highway": "cycleway",
        "cycleway": "crossing",
        "name": "",
        "surface": "",
        "lit": ""
      },
      "geometry": {
        "type": "LineString",
        "coordinates": [
          [
            12.5045307,
            44.0488679
          ],
          [
            12.5044187,
            44.0488207
          ],
          [
            12.5043898,
            44.0488086
          ]
        ]
      }
    },
    {
      "type": "Feature",
      "properties": {
        "id": 1150754209,
        "highway": "cycleway",
        "cycleway": "",
        "name": "",
        "surface": "",
        "lit": ""
      },
      "geometry": {
        "type": "LineString",
        "coordinates": [
          [
            12.5084439,
            44.0504175
          ],
          [
            12.5080166,
            44.0502948
          ],
          [
            12.5069355,
            44.0498733
          ],
          [
            12.5064587,
            44.049688
          ],
          [
            12.5059202,
            44.0494559
          ],
          [
            12.5058784,
            44.049435
          ],
          [
            12.5050914,
            44.0490572
          ],
          [
            12.5046108,
            44.0489021
          ],
          [
            12.5045307,
            44.0488679
          ]
        ]
      }
    },
    {
      "type": "Feature",
      "properties": {
        "id": 1150754210,
        "highway": "cycleway",
        "cycleway": "crossing",
        "name": "",
        "surface": "",
        "lit": ""
      },
      "geometry": {
        "type": "LineString",
        "coordinates": [
          [
            12.5108885,
            44.0511612
          ],
          [
            12.5108315,
            44.0511423
          ],
          [
            12.5107802,
            44.0511263
          ]
        ]
      }
    },
    {
      "type": "Feature",
      "properties": {
        "id": 1150754211,
        "highway": "cycleway",
        "cycleway": "",
        "name": "",
        "surface": "",
        "lit": ""
      },
      "geometry": {
        "type": "LineString",
        "coordinates": [
          [
            12.5107802,
            44.0511263
          ],
          [
            12.5084897,
            44.0504327
          ]
        ]
      }
    },
    {
      "type": "Feature",
      "properties": {
        "id": 1150754212,
        "highway": "cycleway",
        "cycleway": "crossing",
        "name": "",
        "surface": "",
        "lit": ""
      },
      "geometry": {
        "type": "LineString",
        "coordinates": [
          [
            12.5084897,
            44.0504327
          ],
          [
            12.5084667,
            44.0504257
          ],
          [
            12.5084439,
            44.0504175
          ]
        ]
      }
    },
    {
      "type": "Feature",
      "properties": {
        "id": 1150823228,
        "highway": "cycleway",
        "cycleway": "",
        "name": "",
        "surface": "",
        "lit": ""
      },
      "geometry": {
        "type": "LineString",
        "coordinates": [
          [
            12.5635615,
            44.0752138
          ],
          [
            12.5636236,
            44.0752896
          ],
          [
            12.5636192,
            44.0752977
          ],
          [
            12.5636077,
            44.0752986
          ],
          [
            12.5634572,
            44.0751147
          ]
        ]
      }
    },
    {
      "type": "Feature",
      "properties": {
        "id": 1150949242,
        "highway": "cycleway",
        "cycleway": "",
        "name": "",
        "surface": "",
        "lit": ""
      },
      "geometry": {
        "type": "LineString",
        "coordinates": [
          [
            12.4989298,
            44.0453429
          ],
          [
            12.498881,
            44.0453047
          ],
          [
            12.4988492,
            44.0453227
          ]
        ]
      }
    },
    {
      "type": "Feature",
      "properties": {
        "id": 1150949243,
        "highway": "cycleway",
        "cycleway": "crossing",
        "name": "",
        "surface": "",
        "lit": ""
      },
      "geometry": {
        "type": "LineString",
        "coordinates": [
          [
            12.4989872,
            44.0453878
          ],
          [
            12.4989528,
            44.0453608
          ]
        ]
      }
    },
    {
      "type": "Feature",
      "properties": {
        "id": 1152657153,
        "highway": "cycleway",
        "cycleway": "",
        "name": "Viale Giovanni Pascoli",
        "surface": "",
        "lit": ""
      },
      "geometry": {
        "type": "LineString",
        "coordinates": [
          [
            12.5876948,
            44.0575495
          ],
          [
            12.5877422,
            44.0575788
          ],
          [
            12.5880113,
            44.0577455
          ]
        ]
      }
    },
    {
      "type": "Feature",
      "properties": {
        "id": 1159629534,
        "highway": "cycleway",
        "cycleway": "",
        "name": "",
        "surface": "",
        "lit": ""
      },
      "geometry": {
        "type": "LineString",
        "coordinates": [
          [
            12.5442189,
            44.0813057
          ],
          [
            12.5445265,
            44.0811066
          ],
          [
            12.5446203,
            44.0811779
          ]
        ]
      }
    },
    {
      "type": "Feature",
      "properties": {
        "id": 1171323973,
        "highway": "cycleway",
        "cycleway": "",
        "name": "",
        "surface": "asphalt",
        "lit": ""
      },
      "geometry": {
        "type": "LineString",
        "coordinates": [
          [
            12.5724452,
            44.0706691
          ],
          [
            12.5721531,
            44.0701803
          ],
          [
            12.5718329,
            44.0696836
          ],
          [
            12.5713062,
            44.0689585
          ]
        ]
      }
    },
    {
      "type": "Feature",
      "properties": {
        "id": 1171323974,
        "highway": "cycleway",
        "cycleway": "crossing",
        "name": "",
        "surface": "asphalt",
        "lit": ""
      },
      "geometry": {
        "type": "LineString",
        "coordinates": [
          [
            12.5725891,
            44.0708458
          ],
          [
            12.5725168,
            44.070758
          ],
          [
            12.5724452,
            44.0706691
          ]
        ]
      }
    },
    {
      "type": "Feature",
      "properties": {
        "id": 1177173261,
        "highway": "cycleway",
        "cycleway": "",
        "name": "",
        "surface": "",
        "lit": ""
      },
      "geometry": {
        "type": "LineString",
        "coordinates": [
          [
            12.5203252,
            44.0540142
          ],
          [
            12.519685,
            44.0538296
          ],
          [
            12.5180372,
            44.0533546
          ],
          [
            12.5173063,
            44.0531155
          ],
          [
            12.517098,
            44.0530474
          ],
          [
            12.5165679,
            44.0529001
          ],
          [
            12.5160688,
            44.0527615
          ],
          [
            12.5158789,
            44.0527147
          ]
        ]
      }
    },
    {
      "type": "Feature",
      "properties": {
        "id": 1177173262,
        "highway": "cycleway",
        "cycleway": "crossing",
        "name": "",
        "surface": "",
        "lit": ""
      },
      "geometry": {
        "type": "LineString",
        "coordinates": [
          [
            12.5158789,
            44.0527147
          ],
          [
            12.5158063,
            44.0526923
          ],
          [
            12.5157496,
            44.0526748
          ]
        ]
      }
    },
    {
      "type": "Feature",
      "properties": {
        "id": 1178723554,
        "highway": "cycleway",
        "cycleway": "",
        "name": "",
        "surface": "",
        "lit": ""
      },
      "geometry": {
        "type": "LineString",
        "coordinates": [
          [
            12.523328,
            44.0546653
          ],
          [
            12.5234063,
            44.0547581
          ],
          [
            12.5235099,
            44.0548713
          ],
          [
            12.5236055,
            44.0549772
          ],
          [
            12.5237244,
            44.0550437
          ],
          [
            12.5238829,
            44.0551014
          ],
          [
            12.5239643,
            44.0551204
          ],
          [
            12.5240506,
            44.0551306
          ],
          [
            12.5242346,
            44.0551554
          ],
          [
            12.5244521,
            44.0552109
          ],
          [
            12.5245792,
            44.0552869
          ],
          [
            12.5247204,
            44.0553592
          ],
          [
            12.5248566,
            44.0554111
          ]
        ]
      }
    },
    {
      "type": "Feature",
      "properties": {
        "id": 1178723556,
        "highway": "cycleway",
        "cycleway": "",
        "name": "",
        "surface": "",
        "lit": ""
      },
      "geometry": {
        "type": "LineString",
        "coordinates": [
          [
            12.5240506,
            44.0551306
          ],
          [
            12.524041,
            44.0551625
          ]
        ]
      }
    },
    {
      "type": "Feature",
      "properties": {
        "id": 1178723558,
        "highway": "cycleway",
        "cycleway": "",
        "name": "",
        "surface": "asphalt",
        "lit": ""
      },
      "geometry": {
        "type": "LineString",
        "coordinates": [
          [
            12.523328,
            44.0546653
          ],
          [
            12.523312,
            44.0546278
          ],
          [
            12.5233049,
            44.0545591
          ]
        ]
      }
    },
    {
      "type": "Feature",
      "properties": {
        "id": 1179673980,
        "highway": "cycleway",
        "cycleway": "",
        "name": "",
        "surface": "",
        "lit": "yes"
      },
      "geometry": {
        "type": "LineString",
        "coordinates": [
          [
            12.5628248,
            44.0587873
          ],
          [
            12.5625625,
            44.0586548
          ],
          [
            12.5612909,
            44.0579245
          ],
          [
            12.5597173,
            44.0569995
          ]
        ]
      }
    },
    {
      "type": "Feature",
      "properties": {
        "id": 1179673981,
        "highway": "cycleway",
        "cycleway": "crossing",
        "name": "",
        "surface": "",
        "lit": "yes"
      },
      "geometry": {
        "type": "LineString",
        "coordinates": [
          [
            12.5597173,
            44.0569995
          ],
          [
            12.5596906,
            44.0569835
          ],
          [
            12.5596581,
            44.056964
          ]
        ]
      }
    },
    {
      "type": "Feature",
      "properties": {
        "id": 1179673982,
        "highway": "cycleway",
        "cycleway": "crossing",
        "name": "",
        "surface": "",
        "lit": ""
      },
      "geometry": {
        "type": "LineString",
        "coordinates": [
          [
            12.5628248,
            44.0587873
          ],
          [
            12.5628484,
            44.0587614
          ],
          [
            12.5629014,
            44.0587033
          ]
        ]
      }
    },
    {
      "type": "Feature",
      "properties": {
        "id": 1189696505,
        "highway": "cycleway",
        "cycleway": "",
        "name": "",
        "surface": "asphalt",
        "lit": ""
      },
      "geometry": {
        "type": "LineString",
        "coordinates": [
          [
            12.5762369,
            44.0427421
          ],
          [
            12.5762022,
            44.0424433
          ],
          [
            12.5762102,
            44.0423608
          ],
          [
            12.5762482,
            44.0422849
          ],
          [
            12.5763023,
            44.0422163
          ],
          [
            12.5764409,
            44.0421314
          ],
          [
            12.5768036,
            44.0420301
          ],
          [
            12.5768629,
            44.0419878
          ],
          [
            12.5768915,
            44.0419386
          ],
          [
            12.5768893,
            44.0418552
          ]
        ]
      }
    },
    {
      "type": "Feature",
      "properties": {
        "id": 1189696506,
        "highway": "cycleway",
        "cycleway": "crossing",
        "name": "",
        "surface": "",
        "lit": ""
      },
      "geometry": {
        "type": "LineString",
        "coordinates": [
          [
            12.5766874,
            44.0411362
          ],
          [
            12.5766449,
            44.0411036
          ],
          [
            12.5765887,
            44.0410605
          ]
        ]
      }
    },
    {
      "type": "Feature",
      "properties": {
        "id": 1189696507,
        "highway": "cycleway",
        "cycleway": "",
        "name": "",
        "surface": "asphalt",
        "lit": ""
      },
      "geometry": {
        "type": "LineString",
        "coordinates": [
          [
            12.5768742,
            44.0416808
          ],
          [
            12.5768486,
            44.0416436
          ],
          [
            12.576574,
            44.041485
          ],
          [
            12.5765409,
            44.0414507
          ],
          [
            12.5765227,
            44.0413737
          ],
          [
            12.5765581,
            44.0413058
          ],
          [
            12.5766652,
            44.041216
          ],
          [
            12.5766962,
            44.0411554
          ],
          [
            12.5766874,
            44.0411362
          ]
        ]
      }
    },
    {
      "type": "Feature",
      "properties": {
        "id": 1189696508,
        "highway": "cycleway",
        "cycleway": "",
        "name": "",
        "surface": "asphalt",
        "lit": ""
      },
      "geometry": {
        "type": "LineString",
        "coordinates": [
          [
            12.5768893,
            44.0418552
          ],
          [
            12.5768742,
            44.0416808
          ]
        ]
      }
    },
    {
      "type": "Feature",
      "properties": {
        "id": 1190007283,
        "highway": "cycleway",
        "cycleway": "",
        "name": "",
        "surface": "",
        "lit": ""
      },
      "geometry": {
        "type": "LineString",
        "coordinates": [
          [
            12.5637156,
            44.0592796
          ],
          [
            12.5636876,
            44.0592693
          ],
          [
            12.5637148,
            44.0592272
          ],
          [
            12.5633548,
            44.0590977
          ],
          [
            12.5632661,
            44.0590887
          ],
          [
            12.563192,
            44.0590951
          ],
          [
            12.5631058,
            44.0591157
          ],
          [
            12.5630313,
            44.0591524
          ],
          [
            12.5629367,
            44.0592299
          ],
          [
            12.562851,
            44.0593168
          ],
          [
            12.5627834,
            44.0594141
          ],
          [
            12.5627276,
            44.0594908
          ],
          [
            12.5627089,
            44.0596267
          ],
          [
            12.5626841,
            44.0598141
          ],
          [
            12.5626819,
            44.0599592
          ],
          [
            12.5627031,
            44.0600942
          ],
          [
            12.5627852,
            44.0603129
          ],
          [
            12.5628831,
            44.0605275
          ]
        ]
      }
    },
    {
      "type": "Feature",
      "properties": {
        "id": 1190007288,
        "highway": "cycleway",
        "cycleway": "",
        "name": "",
        "surface": "paved",
        "lit": ""
      },
      "geometry": {
        "type": "LineString",
        "coordinates": [
          [
            12.5628831,
            44.0605275
          ],
          [
            12.562903,
            44.0605827
          ],
          [
            12.56345,
            44.0613234
          ]
        ]
      }
    },
    {
      "type": "Feature",
      "properties": {
        "id": 1190007290,
        "highway": "cycleway",
        "cycleway": "",
        "name": "",
        "surface": "asphalt",
        "lit": ""
      },
      "geometry": {
        "type": "LineString",
        "coordinates": [
          [
            12.56345,
            44.0613234
          ],
          [
            12.5634897,
            44.0613832
          ],
          [
            12.5636189,
            44.0613901
          ],
          [
            12.5638961,
            44.0617232
          ],
          [
            12.5639646,
            44.0621837
          ],
          [
            12.5639292,
            44.062251
          ],
          [
            12.563818,
            44.062462
          ],
          [
            12.5638646,
            44.0627255
          ]
        ]
      }
    },
    {
      "type": "Feature",
      "properties": {
        "id": 1190007295,
        "highway": "pedestrian",
        "cycleway": "",
        "name": "Viale Tiberio",
        "surface": "paving_stones",
        "lit": ""
      },
      "geometry": {
        "type": "LineString",
        "coordinates": [
          [
            12.5640265,
            44.0633758
          ],
          [
            12.5640653,
            44.0633329
          ]
        ]
      }
    },
    {
      "type": "Feature",
      "properties": {
        "id": 1190058074,
        "highway": "cycleway",
        "cycleway": "crossing",
        "name": "",
        "surface": "",
        "lit": ""
      },
      "geometry": {
        "type": "LineString",
        "coordinates": [
          [
            12.5482603,
            44.0750943
          ],
          [
            12.548282,
            44.0751109
          ],
          [
            12.5483187,
            44.0751391
          ],
          [
            12.5483652,
            44.0751746
          ]
        ]
      }
    },
    {
      "type": "Feature",
      "properties": {
        "id": 1191260135,
        "highway": "cycleway",
        "cycleway": "crossing",
        "name": "",
        "surface": "asphalt",
        "lit": ""
      },
      "geometry": {
        "type": "LineString",
        "coordinates": [
          [
            12.5749639,
            44.0514258
          ],
          [
            12.5749047,
            44.0513788
          ],
          [
            12.5748861,
            44.051364
          ],
          [
            12.5748488,
            44.0513351
          ],
          [
            12.574815,
            44.0513088
          ]
        ]
      }
    },
    {
      "type": "Feature",
      "properties": {
        "id": 1191262281,
        "highway": "cycleway",
        "cycleway": "",
        "name": "",
        "surface": "",
        "lit": ""
      },
      "geometry": {
        "type": "LineString",
        "coordinates": [
          [
            12.5766874,
            44.0411362
          ],
          [
            12.577134,
            44.0408363
          ],
          [
            12.5780298,
            44.0402194
          ],
          [
            12.5781164,
            44.0401701
          ],
          [
            12.578194,
            44.0401507
          ],
          [
            12.5782806,
            44.0401521
          ],
          [
            12.5783096,
            44.0401587
          ],
          [
            12.5784098,
            44.0402073
          ]
        ]
      }
    },
    {
      "type": "Feature",
      "properties": {
        "id": 1191262286,
        "highway": "cycleway",
        "cycleway": "crossing",
        "name": "",
        "surface": "",
        "lit": ""
      },
      "geometry": {
        "type": "LineString",
        "coordinates": [
          [
            12.5820157,
            44.0467604
          ],
          [
            12.5820592,
            44.0467982
          ],
          [
            12.5821033,
            44.0468365
          ],
          [
            12.5821557,
            44.046882
          ]
        ]
      }
    },
    {
      "type": "Feature",
      "properties": {
        "id": 1191778139,
        "highway": "cycleway",
        "cycleway": "",
        "name": "",
        "surface": "",
        "lit": ""
      },
      "geometry": {
        "type": "LineString",
        "coordinates": [
          [
            12.547866,
            44.0523662
          ],
          [
            12.547817,
            44.0523506
          ],
          [
            12.5477262,
            44.0523195
          ]
        ]
      }
    },
    {
      "type": "Feature",
      "properties": {
        "id": 1192097265,
        "highway": "cycleway",
        "cycleway": "",
        "name": "",
        "surface": "",
        "lit": ""
      },
      "geometry": {
        "type": "LineString",
        "coordinates": [
          [
            12.5664486,
            44.0495211
          ],
          [
            12.5664851,
            44.0494294
          ],
          [
            12.5664677,
            44.0492989
          ],
          [
            12.5664154,
            44.0492405
          ],
          [
            12.5662842,
            44.0491624
          ],
          [
            12.5662075,
            44.049159
          ],
          [
            12.5661367,
            44.0491935
          ],
          [
            12.566111,
            44.0492195
          ]
        ]
      }
    },
    {
      "type": "Feature",
      "properties": {
        "id": 1192097266,
        "highway": "cycleway",
        "cycleway": "crossing",
        "name": "",
        "surface": "",
        "lit": ""
      },
      "geometry": {
        "type": "LineString",
        "coordinates": [
          [
            12.5665582,
            44.049587
          ],
          [
            12.5664986,
            44.0495485
          ],
          [
            12.5664486,
            44.0495211
          ]
        ]
      }
    },
    {
      "type": "Feature",
      "properties": {
        "id": 1192097267,
        "highway": "cycleway",
        "cycleway": "crossing",
        "name": "",
        "surface": "",
        "lit": ""
      },
      "geometry": {
        "type": "LineString",
        "coordinates": [
          [
            12.5677425,
            44.0493972
          ],
          [
            12.5677307,
            44.0493645
          ]
        ]
      }
    },
    {
      "type": "Feature",
      "properties": {
        "id": 1192097268,
        "highway": "cycleway",
        "cycleway": "crossing",
        "name": "",
        "surface": "",
        "lit": ""
      },
      "geometry": {
        "type": "LineString",
        "coordinates": [
          [
            12.5681443,
            44.0489339
          ],
          [
            12.5680547,
            44.0489482
          ],
          [
            12.5680116,
            44.0489551
          ]
        ]
      }
    },
    {
      "type": "Feature",
      "properties": {
        "id": 1192097270,
        "highway": "cycleway",
        "cycleway": "crossing",
        "name": "",
        "surface": "",
        "lit": ""
      },
      "geometry": {
        "type": "LineString",
        "coordinates": [
          [
            12.5670416,
            44.0492586
          ],
          [
            12.5670416,
            44.0492872
          ],
          [
            12.5670416,
            44.049325
          ],
          [
            12.5670416,
            44.0493601
          ]
        ]
      }
    },
    {
      "type": "Feature",
      "properties": {
        "id": 1192097272,
        "highway": "cycleway",
        "cycleway": "crossing",
        "name": "",
        "surface": "",
        "lit": ""
      },
      "geometry": {
        "type": "LineString",
        "coordinates": [
          [
            12.5684405,
            44.0505526
          ],
          [
            12.5685068,
            44.0505007
          ],
          [
            12.5685698,
            44.0504515
          ]
        ]
      }
    },
    {
      "type": "Feature",
      "properties": {
        "id": 1192097273,
        "highway": "cycleway",
        "cycleway": "",
        "name": "",
        "surface": "",
        "lit": ""
      },
      "geometry": {
        "type": "LineString",
        "coordinates": [
          [
            12.5686146,
            44.0504815
          ],
          [
            12.568615,
            44.050517
          ],
          [
            12.5691949,
            44.0508964
          ]
        ]
      }
    },
    {
      "type": "Feature",
      "properties": {
        "id": 1192910863,
        "highway": "cycleway",
        "cycleway": "",
        "name": "",
        "surface": "",
        "lit": ""
      },
      "geometry": {
        "type": "LineString",
        "coordinates": [
          [
            12.5394926,
            44.055008
          ],
          [
            12.5387745,
            44.054981
          ],
          [
            12.5386663,
            44.0549576
          ],
          [
            12.5385725,
            44.0549045
          ],
          [
            12.5385219,
            44.0548072
          ],
          [
            12.5384552,
            44.0544221
          ],
          [
            12.5383974,
            44.0543935
          ],
          [
            12.5380134,
            44.0544005
          ]
        ]
      }
    },
    {
      "type": "Feature",
      "properties": {
        "id": 1194027225,
        "highway": "cycleway",
        "cycleway": "",
        "name": "",
        "surface": "asphalt",
        "lit": ""
      },
      "geometry": {
        "type": "LineString",
        "coordinates": [
          [
            12.5831567,
            44.0461563
          ],
          [
            12.5830871,
            44.046166
          ],
          [
            12.5828041,
            44.0463202
          ],
          [
            12.5826835,
            44.0464209
          ],
          [
            12.5825809,
            44.0465065
          ],
          [
            12.5824813,
            44.0466623
          ]
        ]
      }
    },
    {
      "type": "Feature",
      "properties": {
        "id": 1196897489,
        "highway": "cycleway",
        "cycleway": "crossing",
        "name": "",
        "surface": "asphalt",
        "lit": ""
      },
      "geometry": {
        "type": "LineString",
        "coordinates": [
          [
            12.6057124,
            44.0349867
          ],
          [
            12.6057463,
            44.03502
          ],
          [
            12.6057817,
            44.0350615
          ]
        ]
      }
    },
    {
      "type": "Feature",
      "properties": {
        "id": 1197464924,
        "highway": "cycleway",
        "cycleway": "",
        "name": "",
        "surface": "asphalt",
        "lit": ""
      },
      "geometry": {
        "type": "LineString",
        "coordinates": [
          [
            12.5824813,
            44.0466623
          ],
          [
            12.5821557,
            44.046882
          ],
          [
            12.5816584,
            44.0472176
          ],
          [
            12.5810787,
            44.0475939
          ],
          [
            12.580767,
            44.0477846
          ],
          [
            12.5806465,
            44.0478596
          ],
          [
            12.5802557,
            44.0480938
          ],
          [
            12.5802455,
            44.0481353
          ],
          [
            12.5802684,
            44.0481758
          ]
        ]
      }
    },
    {
      "type": "Feature",
      "properties": {
        "id": 1197464925,
        "highway": "cycleway",
        "cycleway": "crossing",
        "name": "",
        "surface": "asphalt",
        "lit": ""
      },
      "geometry": {
        "type": "LineString",
        "coordinates": [
          [
            12.5802684,
            44.0481758
          ],
          [
            12.5802196,
            44.0482031
          ],
          [
            12.5801678,
            44.0482327
          ]
        ]
      }
    },
    {
      "type": "Feature",
      "properties": {
        "id": 1202623267,
        "highway": "cycleway",
        "cycleway": "",
        "name": "",
        "surface": "",
        "lit": ""
      },
      "geometry": {
        "type": "LineString",
        "coordinates": [
          [
            12.5986337,
            44.0405325
          ],
          [
            12.5982342,
            44.0402582
          ],
          [
            12.598109,
            44.0402683
          ],
          [
            12.5979021,
            44.0401354
          ],
          [
            12.5977224,
            44.0400136
          ],
          [
            12.5975419,
            44.0398869
          ],
          [
            12.5973968,
            44.039782
          ],
          [
            12.5973655,
            44.0396696
          ],
          [
            12.5971313,
            44.0395056
          ],
          [
            12.5970787,
            44.0394707
          ]
        ]
      }
    },
    {
      "type": "Feature",
      "properties": {
        "id": 1202623268,
        "highway": "cycleway",
        "cycleway": "crossing",
        "name": "",
        "surface": "",
        "lit": ""
      },
      "geometry": {
        "type": "LineString",
        "coordinates": [
          [
            12.5970787,
            44.0394707
          ],
          [
            12.5970403,
            44.0394446
          ],
          [
            12.5970122,
            44.0394253
          ]
        ]
      }
    },
    {
      "type": "Feature",
      "properties": {
        "id": 1202623269,
        "highway": "cycleway",
        "cycleway": "",
        "name": "",
        "surface": "",
        "lit": ""
      },
      "geometry": {
        "type": "LineString",
        "coordinates": [
          [
            12.5970122,
            44.0394253
          ],
          [
            12.5967117,
            44.0392192
          ],
          [
            12.5966718,
            44.0391887
          ],
          [
            12.5966607,
            44.0391607
          ],
          [
            12.596676,
            44.0391248
          ],
          [
            12.5969555,
            44.0389059
          ],
          [
            12.596987,
            44.0388905
          ],
          [
            12.597031,
            44.0388904
          ],
          [
            12.5970673,
            44.0389034
          ],
          [
            12.5973919,
            44.0391237
          ]
        ]
      }
    },
    {
      "type": "Feature",
      "properties": {
        "id": 1202623270,
        "highway": "cycleway",
        "cycleway": "crossing",
        "name": "",
        "surface": "",
        "lit": ""
      },
      "geometry": {
        "type": "LineString",
        "coordinates": [
          [
            12.5973919,
            44.0391237
          ],
          [
            12.5974338,
            44.0391494
          ],
          [
            12.5974714,
            44.0391762
          ]
        ]
      }
    },
    {
      "type": "Feature",
      "properties": {
        "id": 1202623272,
        "highway": "cycleway",
        "cycleway": "crossing",
        "name": "",
        "surface": "",
        "lit": ""
      },
      "geometry": {
        "type": "LineString",
        "coordinates": [
          [
            12.5976162,
            44.0394871
          ],
          [
            12.5975658,
            44.0395221
          ],
          [
            12.5975243,
            44.0395549
          ]
        ]
      }
    },
    {
      "type": "Feature",
      "properties": {
        "id": 1202623291,
        "highway": "cycleway",
        "cycleway": "",
        "name": "",
        "surface": "asphalt",
        "lit": ""
      },
      "geometry": {
        "type": "LineString",
        "coordinates": [
          [
            12.5989153,
            44.0402668
          ],
          [
            12.5990084,
            44.0402165
          ],
          [
            12.5991994,
            44.040077
          ],
          [
            12.5993525,
            44.0399867
          ],
          [
            12.5994781,
            44.0398755
          ],
          [
            12.5996831,
            44.0396746
          ],
          [
            12.5998519,
            44.0395337
          ],
          [
            12.5999944,
            44.0393918
          ],
          [
            12.6001405,
            44.0392865
          ],
          [
            12.6002773,
            44.0391576
          ],
          [
            12.6002897,
            44.0391162
          ],
          [
            12.6002726,
            44.0390757
          ],
          [
            12.6002249,
            44.0390363
          ],
          [
            12.600187,
            44.0390155
          ]
        ]
      }
    },
    {
      "type": "Feature",
      "properties": {
        "id": 1202623292,
        "highway": "cycleway",
        "cycleway": "crossing",
        "name": "",
        "surface": "",
        "lit": ""
      },
      "geometry": {
        "type": "LineString",
        "coordinates": [
          [
            12.5987095,
            44.0404272
          ],
          [
            12.5987641,
            44.0403799
          ],
          [
            12.5988344,
            44.0403254
          ],
          [
            12.5989153,
            44.0402668
          ]
        ]
      }
    },
    {
      "type": "Feature",
      "properties": {
        "id": 1209335062,
        "highway": "cycleway",
        "cycleway": "",
        "name": "Pista ciclopedonale Viale Losanna",
        "surface": "asphalt",
        "lit": ""
      },
      "geometry": {
        "type": "LineString",
        "coordinates": [
          [
            12.6177794,
            44.0256945
          ],
          [
            12.6177786,
            44.0256574
          ],
          [
            12.6178216,
            44.0256084
          ]
        ]
      }
    },
    {
      "type": "Feature",
      "properties": {
        "id": 1209335063,
        "highway": "cycleway",
        "cycleway": "crossing",
        "name": "Pista ciclopedonale Viale Losanna",
        "surface": "",
        "lit": ""
      },
      "geometry": {
        "type": "LineString",
        "coordinates": [
          [
            12.6178216,
            44.0256084
          ],
          [
            12.6178735,
            44.0255655
          ],
          [
            12.6179258,
            44.0255237
          ]
        ]
      }
    },
    {
      "type": "Feature",
      "properties": {
        "id": 1209335064,
        "highway": "cycleway",
        "cycleway": "crossing",
        "name": "Pista ciclopedonale Viale Losanna",
        "surface": "asphalt",
        "lit": ""
      },
      "geometry": {
        "type": "LineString",
        "coordinates": [
          [
            12.6177423,
            44.0257305
          ],
          [
            12.6177794,
            44.0256945
          ]
        ]
      }
    },
    {
      "type": "Feature",
      "properties": {
        "id": 1209335065,
        "highway": "cycleway",
        "cycleway": "crossing",
        "name": "",
        "surface": "",
        "lit": ""
      },
      "geometry": {
        "type": "LineString",
        "coordinates": [
          [
            12.6121724,
            44.0309573
          ],
          [
            12.61213,
            44.0309215
          ],
          [
            12.6120918,
            44.0308962
          ],
          [
            12.6120494,
            44.0308775
          ],
          [
            12.6120089,
            44.030858
          ]
        ]
      }
    },
    {
      "type": "Feature",
      "properties": {
        "id": 1209335066,
        "highway": "cycleway",
        "cycleway": "",
        "name": "",
        "surface": "",
        "lit": ""
      },
      "geometry": {
        "type": "LineString",
        "coordinates": [
          [
            12.6076,
            44.0341696
          ],
          [
            12.6075253,
            44.0342071
          ],
          [
            12.6072809,
            44.0343225
          ],
          [
            12.6070209,
            44.0344677
          ],
          [
            12.6068262,
            44.0346076
          ],
          [
            12.6064575,
            44.0348049
          ],
          [
            12.6063691,
            44.034867
          ],
          [
            12.6063197,
            44.0349189
          ],
          [
            12.6062939,
            44.0349483
          ],
          [
            12.6062806,
            44.034991
          ],
          [
            12.6062717,
            44.0350535
          ],
          [
            12.6062965,
            44.0351176
          ],
          [
            12.6063512,
            44.0351732
          ],
          [
            12.6064788,
            44.0352465
          ]
        ]
      }
    },
    {
      "type": "Feature",
      "properties": {
        "id": 1209335067,
        "highway": "cycleway",
        "cycleway": "crossing",
        "name": "",
        "surface": "",
        "lit": ""
      },
      "geometry": {
        "type": "LineString",
        "coordinates": [
          [
            12.6087663,
            44.0336526
          ],
          [
            12.6086992,
            44.033681
          ],
          [
            12.6086336,
            44.0337087
          ]
        ]
      }
    },
    {
      "type": "Feature",
      "properties": {
        "id": 1210002525,
        "highway": "cycleway",
        "cycleway": "crossing",
        "name": "",
        "surface": "asphalt",
        "lit": ""
      },
      "geometry": {
        "type": "LineString",
        "coordinates": [
          [
            12.5762347,
            44.0473208
          ],
          [
            12.5762982,
            44.0473129
          ]
        ]
      }
    },
    {
      "type": "Feature",
      "properties": {
        "id": 1217372478,
        "highway": "cycleway",
        "cycleway": "crossing",
        "name": "Ciclabile Borgo San Giovanni",
        "surface": "asphalt",
        "lit": ""
      },
      "geometry": {
        "type": "LineString",
        "coordinates": [
          [
            12.5735208,
            44.0539451
          ],
          [
            12.5734532,
            44.0539878
          ],
          [
            12.5733846,
            44.0540316
          ]
        ]
      }
    },
    {
      "type": "Feature",
      "properties": {
        "id": 1219331932,
        "highway": "cycleway",
        "cycleway": "",
        "name": "",
        "surface": "asphalt",
        "lit": ""
      },
      "geometry": {
        "type": "LineString",
        "coordinates": [
          [
            12.619216,
            44.0243742
          ],
          [
            12.6193096,
            44.02434
          ],
          [
            12.6194156,
            44.0242891
          ],
          [
            12.6194381,
            44.024275
          ],
          [
            12.6195037,
            44.0242341
          ],
          [
            12.6190678,
            44.0238592
          ]
        ]
      }
    },
    {
      "type": "Feature",
      "properties": {
        "id": 1219332515,
        "highway": "cycleway",
        "cycleway": "crossing",
        "name": "",
        "surface": "asphalt",
        "lit": ""
      },
      "geometry": {
        "type": "LineString",
        "coordinates": [
          [
            12.6190678,
            44.0238592
          ],
          [
            12.6190227,
            44.0238204
          ]
        ]
      }
    },
    {
      "type": "Feature",
      "properties": {
        "id": 1219361549,
        "highway": "cycleway",
        "cycleway": "",
        "name": "Percorso ciclo-pedonale Margherita Zoebeli",
        "surface": "sett",
        "lit": "yes"
      },
      "geometry": {
        "type": "LineString",
        "coordinates": [
          [
            12.5755368,
            44.0604543
          ],
          [
            12.5756415,
            44.0604081
          ],
          [
            12.5756916,
            44.0603957
          ],
          [
            12.5757307,
            44.0603957
          ]
        ]
      }
    },
    {
      "type": "Feature",
      "properties": {
        "id": 1219361550,
        "highway": "cycleway",
        "cycleway": "",
        "name": "Percorso ciclo-pedonale Margherita Zoebeli",
        "surface": "asphalt",
        "lit": "yes"
      },
      "geometry": {
        "type": "LineString",
        "coordinates": [
          [
            12.5757307,
            44.0603957
          ],
          [
            12.5757776,
            44.0604115
          ],
          [
            12.5758441,
            44.0604536
          ],
          [
            12.575899,
            44.0604884
          ],
          [
            12.5759903,
            44.0605356
          ]
        ]
      }
    },
    {
      "type": "Feature",
      "properties": {
        "id": 1222734041,
        "highway": "cycleway",
        "cycleway": "",
        "name": "",
        "surface": "paving_stones",
        "lit": ""
      },
      "geometry": {
        "type": "LineString",
        "coordinates": [
          [
            12.5048302,
            44.1135792
          ],
          [
            12.5049378,
            44.1135436
          ],
          [
            12.5049864,
            44.113471
          ],
          [
            12.5050975,
            44.113375
          ],
          [
            12.5052418,
            44.1132502
          ],
          [
            12.5053639,
            44.1131746
          ],
          [
            12.5054716,
            44.1130858
          ],
          [
            12.5057629,
            44.1128303
          ],
          [
            12.505815,
            44.1127986
          ],
          [
            12.5058491,
            44.112762
          ],
          [
            12.5058724,
            44.112729
          ],
          [
            12.5059615,
            44.1126529
          ],
          [
            12.506102,
            44.1125296
          ],
          [
            12.5061798,
            44.1124851
          ],
          [
            12.506222,
            44.1124524
          ],
          [
            12.5062419,
            44.1124337
          ],
          [
            12.5066123,
            44.1121179
          ],
          [
            12.5066475,
            44.1120851
          ],
          [
            12.5066836,
            44.1120454
          ],
          [
            12.5067163,
            44.1120007
          ],
          [
            12.5068366,
            44.1118984
          ],
          [
            12.5069472,
            44.1118045
          ],
          [
            12.5069784,
            44.1117927
          ],
          [
            12.5070061,
            44.1117701
          ],
          [
            12.507044,
            44.1117387
          ],
          [
            12.5070849,
            44.1116916
          ],
          [
            12.5072216,
            44.111576
          ],
          [
            12.5073751,
            44.1114461
          ],
          [
            12.5074472,
            44.1114095
          ],
          [
            12.5074752,
            44.1113861
          ],
          [
            12.5075125,
            44.1113531
          ],
          [
            12.5079395,
            44.1109899
          ],
          [
            12.5079661,
            44.1109674
          ],
          [
            12.5080087,
            44.1109322
          ],
          [
            12.5080428,
            44.1108946
          ],
          [
            12.5080631,
            44.1108671
          ],
          [
            12.508332,
            44.1106419
          ],
          [
            12.508542,
            44.1104661
          ],
          [
            12.5086552,
            44.1103714
          ],
          [
            12.5086924,
            44.1103402
          ],
          [
            12.5087529,
            44.1103152
          ],
          [
            12.5087858,
            44.1102933
          ],
          [
            12.5088142,
            44.110266
          ],
          [
            12.50883,
            44.1102232
          ],
          [
            12.5089901,
            44.1100883
          ],
          [
            12.5090129,
            44.1100721
          ],
          [
            12.5090815,
            44.1100394
          ],
          [
            12.5091434,
            44.1099985
          ],
          [
            12.5092348,
            44.1099114
          ],
          [
            12.509279,
            44.1098679
          ],
          [
            12.509726,
            44.1095043
          ],
          [
            12.509743,
            44.1094908
          ],
          [
            12.5098006,
            44.1094515
          ],
          [
            12.509844,
            44.1093841
          ],
          [
            12.5098977,
            44.1093347
          ],
          [
            12.5101603,
            44.1091166
          ],
          [
            12.5104472,
            44.1088782
          ],
          [
            12.5107629,
            44.108616
          ],
          [
            12.5108104,
            44.1085806
          ],
          [
            12.5108766,
            44.1085417
          ],
          [
            12.5109682,
            44.1084611
          ],
          [
            12.5112786,
            44.1082123
          ],
          [
            12.5113876,
            44.1081257
          ],
          [
            12.5113976,
            44.1080937
          ],
          [
            12.5116664,
            44.1078732
          ],
          [
            12.5116913,
            44.1078528
          ],
          [
            12.5119033,
            44.1076789
          ],
          [
            12.512049,
            44.1075593
          ],
          [
            12.5121649,
            44.1074966
          ],
          [
            12.5122309,
            44.1074449
          ],
          [
            12.5125159,
            44.1072102
          ],
          [
            12.5125618,
            44.107168
          ],
          [
            12.5125999,
            44.1071153
          ],
          [
            12.5126258,
            44.1070944
          ],
          [
            12.5127732,
            44.106975
          ],
          [
            12.5128957,
            44.1068757
          ],
          [
            12.5131727,
            44.1066514
          ],
          [
            12.5132252,
            44.106617
          ],
          [
            12.5132842,
            44.1065852
          ],
          [
            12.5135715,
            44.1063582
          ],
          [
            12.5136111,
            44.1063011
          ],
          [
            12.5136491,
            44.1062652
          ],
          [
            12.5140507,
            44.1059395
          ],
          [
            12.5141141,
            44.1059093
          ],
          [
            12.5141846,
            44.1058644
          ],
          [
            12.5145398,
            44.1055737
          ],
          [
            12.5145806,
            44.1055371
          ],
          [
            12.5146173,
            44.1054775
          ],
          [
            12.5146724,
            44.105434
          ],
          [
            12.5147612,
            44.1053638
          ],
          [
            12.5149112,
            44.1052455
          ],
          [
            12.5151254,
            44.1050763
          ],
          [
            12.515185,
            44.1050293
          ],
          [
            12.5152564,
            44.1049965
          ],
          [
            12.5153361,
            44.1049358
          ],
          [
            12.5157362,
            44.1046042
          ],
          [
            12.5158076,
            44.1045277
          ],
          [
            12.5158277,
            44.1045064
          ],
          [
            12.5161339,
            44.1042623
          ],
          [
            12.5162076,
            44.1042293
          ],
          [
            12.5163078,
            44.1041531
          ],
          [
            12.5163628,
            44.1041069
          ],
          [
            12.5166036,
            44.1039184
          ],
          [
            12.5166752,
            44.1038732
          ],
          [
            12.5167306,
            44.1037926
          ],
          [
            12.5168816,
            44.1036764
          ],
          [
            12.5171444,
            44.1034741
          ],
          [
            12.517259,
            44.1033858
          ],
          [
            12.5173253,
            44.1033381
          ],
          [
            12.5173896,
            44.1033064
          ],
          [
            12.5176009,
            44.1031437
          ],
          [
            12.5178667,
            44.102939
          ],
          [
            12.5180381,
            44.102807
          ],
          [
            12.5180908,
            44.1027338
          ],
          [
            12.5182812,
            44.102594
          ],
          [
            12.5183389,
            44.1025612
          ],
          [
            12.5184137,
            44.1025014
          ],
          [
            12.518694,
            44.1022772
          ],
          [
            12.5187709,
            44.1022373
          ],
          [
            12.5192131,
            44.101902
          ],
          [
            12.5193232,
            44.1018158
          ],
          [
            12.5194413,
            44.1016725
          ],
          [
            12.5194916,
            44.1016301
          ],
          [
            12.5197805,
            44.101409
          ],
          [
            12.5200169,
            44.1012282
          ],
          [
            12.52004,
            44.1012105
          ],
          [
            12.5203399,
            44.100981
          ],
          [
            12.5203913,
            44.1009418
          ],
          [
            12.5204616,
            44.100865
          ],
          [
            12.5204923,
            44.1008417
          ],
          [
            12.5207286,
            44.1006617
          ],
          [
            12.5208223,
            44.1005903
          ],
          [
            12.5209022,
            44.100555
          ],
          [
            12.521177,
            44.1003469
          ],
          [
            12.5212377,
            44.100301
          ],
          [
            12.5212946,
            44.1002579
          ],
          [
            12.5213662,
            44.1002211
          ],
          [
            12.5213962,
            44.1002089
          ],
          [
            12.5214089,
            44.1001928
          ]
        ]
      }
    },
    {
      "type": "Feature",
      "properties": {
        "id": 1223254615,
        "highway": "cycleway",
        "cycleway": "",
        "name": "",
        "surface": "",
        "lit": ""
      },
      "geometry": {
        "type": "LineString",
        "coordinates": [
          [
            12.56231,
            44.0360441
          ],
          [
            12.5619532,
            44.0358847
          ]
        ]
      }
    },
    {
      "type": "Feature",
      "properties": {
        "id": 1226340539,
        "highway": "cycleway",
        "cycleway": "",
        "name": "",
        "surface": "",
        "lit": ""
      },
      "geometry": {
        "type": "LineString",
        "coordinates": [
          [
            12.5716123,
            44.0723768
          ],
          [
            12.5715094,
            44.0724036
          ]
        ]
      }
    },
    {
      "type": "Feature",
      "properties": {
        "id": 1235171605,
        "highway": "cycleway",
        "cycleway": "crossing",
        "name": "",
        "surface": "",
        "lit": ""
      },
      "geometry": {
        "type": "LineString",
        "coordinates": [
          [
            12.4987412,
            44.0453927
          ],
          [
            12.498782,
            44.0453663
          ],
          [
            12.4988492,
            44.0453227
          ]
        ]
      }
    },
    {
      "type": "Feature",
      "properties": {
        "id": 1235171607,
        "highway": "cycleway",
        "cycleway": "",
        "name": "",
        "surface": "",
        "lit": ""
      },
      "geometry": {
        "type": "LineString",
        "coordinates": [
          [
            12.5032018,
            44.0482541
          ],
          [
            12.5031701,
            44.048288
          ]
        ]
      }
    },
    {
      "type": "Feature",
      "properties": {
        "id": 1235171608,
        "highway": "cycleway",
        "cycleway": "crossing",
        "name": "",
        "surface": "",
        "lit": ""
      },
      "geometry": {
        "type": "LineString",
        "coordinates": [
          [
            12.5031701,
            44.048288
          ],
          [
            12.5031354,
            44.0483316
          ],
          [
            12.5031033,
            44.0483718
          ]
        ]
      }
    },
    {
      "type": "Feature",
      "properties": {
        "id": 1243498695,
        "highway": "cycleway",
        "cycleway": "",
        "name": "Rotonda Lucio Battisti",
        "surface": "",
        "lit": ""
      },
      "geometry": {
        "type": "LineString",
        "coordinates": [
          [
            12.5778103,
            44.0731073
          ],
          [
            12.5780892,
            44.073115
          ],
          [
            12.5783897,
            44.073061
          ],
          [
            12.5784181,
            44.0730419
          ],
          [
            12.5785506,
            44.0729531
          ],
          [
            12.5786686,
            44.0727681
          ],
          [
            12.5786793,
            44.0725908
          ],
          [
            12.5786042,
            44.072429
          ],
          [
            12.5784922,
            44.0722976
          ]
        ]
      }
    },
    {
      "type": "Feature",
      "properties": {
        "id": 1243498696,
        "highway": "cycleway",
        "cycleway": "",
        "name": "Largo Ruggero Boscovich",
        "surface": "",
        "lit": ""
      },
      "geometry": {
        "type": "LineString",
        "coordinates": [
          [
            12.5750967,
            44.0776727
          ],
          [
            12.5753016,
            44.0775407
          ],
          [
            12.575392,
            44.0773191
          ],
          [
            12.5755357,
            44.0769665
          ]
        ]
      }
    },
    {
      "type": "Feature",
      "properties": {
        "id": 1243498697,
        "highway": "cycleway",
        "cycleway": "",
        "name": "Percorso ciclo-pedonale Cantieri Gentili",
        "surface": "asphalt",
        "lit": ""
      },
      "geometry": {
        "type": "LineString",
        "coordinates": [
          [
            12.5750967,
            44.0776727
          ],
          [
            12.574881,
            44.0767607
          ]
        ]
      }
    },
    {
      "type": "Feature",
      "properties": {
        "id": 1243498698,
        "highway": "cycleway",
        "cycleway": "",
        "name": "Percorso ciclo-pedonale Cantieri Gentili",
        "surface": "asphalt",
        "lit": ""
      },
      "geometry": {
        "type": "LineString",
        "coordinates": [
          [
            12.574881,
            44.0767607
          ],
          [
            12.5747027,
            44.0759214
          ],
          [
            12.57469,
            44.0758413
          ],
          [
            12.5746471,
            44.0755696
          ],
          [
            12.5746075,
            44.075397
          ],
          [
            12.5745841,
            44.0752916
          ],
          [
            12.5745642,
            44.0751116
          ]
        ]
      }
    },
    {
      "type": "Feature",
      "properties": {
        "id": 1251837904,
        "highway": "cycleway",
        "cycleway": "",
        "name": "",
        "surface": "",
        "lit": ""
      },
      "geometry": {
        "type": "LineString",
        "coordinates": [
          [
            12.5817021,
            44.0537238
          ],
          [
            12.5821013,
            44.0540066
          ],
          [
            12.5821319,
            44.0540283
          ],
          [
            12.5821726,
            44.0540438
          ],
          [
            12.5822119,
            44.0540451
          ],
          [
            12.5822422,
            44.0540377
          ],
          [
            12.5822746,
            44.0540199
          ],
          [
            12.5823437,
            44.0539398
          ]
        ]
      }
    },
    {
      "type": "Feature",
      "properties": {
        "id": 1251837905,
        "highway": "cycleway",
        "cycleway": "crossing",
        "name": "",
        "surface": "asphalt",
        "lit": ""
      },
      "geometry": {
        "type": "LineString",
        "coordinates": [
          [
            12.5823437,
            44.0539398
          ],
          [
            12.5823799,
            44.0539577
          ],
          [
            12.5824453,
            44.0539891
          ],
          [
            12.5824887,
            44.0540079
          ]
        ]
      }
    },
    {
      "type": "Feature",
      "properties": {
        "id": 1251837906,
        "highway": "cycleway",
        "cycleway": "crossing",
        "name": "",
        "surface": "asphalt",
        "lit": ""
      },
      "geometry": {
        "type": "LineString",
        "coordinates": [
          [
            12.5816433,
            44.053683
          ],
          [
            12.5817021,
            44.0537238
          ]
        ]
      }
    },
    {
      "type": "Feature",
      "properties": {
        "id": 1251837907,
        "highway": "cycleway",
        "cycleway": "crossing",
        "name": "",
        "surface": "asphalt",
        "lit": ""
      },
      "geometry": {
        "type": "LineString",
        "coordinates": [
          [
            12.5821013,
            44.0540066
          ],
          [
            12.5820614,
            44.054034
          ],
          [
            12.5820032,
            44.0540738
          ]
        ]
      }
    },
    {
      "type": "Feature",
      "properties": {
        "id": 1252040097,
        "highway": "cycleway",
        "cycleway": "crossing",
        "name": "",
        "surface": "asphalt",
        "lit": ""
      },
      "geometry": {
        "type": "LineString",
        "coordinates": [
          [
            12.5735355,
            44.0728998
          ],
          [
            12.5735986,
            44.0728762
          ],
          [
            12.5736308,
            44.072864
          ]
        ]
      }
    },
    {
      "type": "Feature",
      "properties": {
        "id": 1252040098,
        "highway": "cycleway",
        "cycleway": "",
        "name": "",
        "surface": "asphalt",
        "lit": ""
      },
      "geometry": {
        "type": "LineString",
        "coordinates": [
          [
            12.5735355,
            44.0728998
          ],
          [
            12.5733062,
            44.0724287
          ],
          [
            12.5731688,
            44.0721649
          ],
          [
            12.5731378,
            44.0720712
          ],
          [
            12.5731993,
            44.071773
          ],
          [
            12.5732034,
            44.0716277
          ],
          [
            12.5731803,
            44.0715012
          ],
          [
            12.5731504,
            44.071418
          ],
          [
            12.5730863,
            44.0713218
          ],
          [
            12.5728011,
            44.0710536
          ],
          [
            12.5725891,
            44.0708458
          ]
        ]
      }
    },
    {
      "type": "Feature",
      "properties": {
        "id": 1252040099,
        "highway": "cycleway",
        "cycleway": "crossing",
        "name": "",
        "surface": "asphalt",
        "lit": ""
      },
      "geometry": {
        "type": "LineString",
        "coordinates": [
          [
            12.5736032,
            44.073028
          ],
          [
            12.5735663,
            44.0729562
          ],
          [
            12.5735355,
            44.0728998
          ]
        ]
      }
    },
    {
      "type": "Feature",
      "properties": {
        "id": 1253644225,
        "highway": "path",
        "cycleway": "",
        "name": "",
        "surface": "",
        "lit": ""
      },
      "geometry": {
        "type": "LineString",
        "coordinates": [
          [
            12.6020526,
            44.0375401
          ],
          [
            12.602113,
            44.0375204
          ],
          [
            12.6027211,
            44.0370193
          ],
          [
            12.6031656,
            44.0366496
          ],
          [
            12.6033753,
            44.0364679
          ],
          [
            12.6037713,
            44.0361463
          ]
        ]
      }
    },
    {
      "type": "Feature",
      "properties": {
        "id": 1253644226,
        "highway": "cycleway",
        "cycleway": "crossing",
        "name": "",
        "surface": "asphalt",
        "lit": ""
      },
      "geometry": {
        "type": "LineString",
        "coordinates": [
          [
            12.601922,
            44.037653
          ],
          [
            12.6019618,
            44.0376136
          ],
          [
            12.6020089,
            44.0375709
          ],
          [
            12.6020526,
            44.0375401
          ]
        ]
      }
    },
    {
      "type": "Feature",
      "properties": {
        "id": 1256042205,
        "highway": "cycleway",
        "cycleway": "crossing",
        "name": "",
        "surface": "asphalt",
        "lit": ""
      },
      "geometry": {
        "type": "LineString",
        "coordinates": [
          [
            12.5780298,
            44.0402194
          ],
          [
            12.5779852,
            44.0401842
          ],
          [
            12.5779337,
            44.0401468
          ]
        ]
      }
    },
    {
      "type": "Feature",
      "properties": {
        "id": 1271093295,
        "highway": "cycleway",
        "cycleway": "",
        "name": "",
        "surface": "asphalt",
        "lit": "yes"
      },
      "geometry": {
        "type": "LineString",
        "coordinates": [
          [
            12.5707191,
            44.0410714
          ],
          [
            12.5704797,
            44.0408703
          ],
          [
            12.5703957,
            44.0407026
          ],
          [
            12.5702841,
            44.0404678
          ],
          [
            12.570241,
            44.0403327
          ],
          [
            12.5702297,
            44.0402089
          ],
          [
            12.5702523,
            44.0401129
          ],
          [
            12.5705293,
            44.0396655
          ],
          [
            12.5707379,
            44.039312
          ],
          [
            12.5707727,
            44.0391878
          ],
          [
            12.5708112,
            44.039142
          ],
          [
            12.570888,
            44.0391171
          ],
          [
            12.5710232,
            44.0391037
          ],
          [
            12.5716172,
            44.0388685
          ]
        ]
      }
    },
    {
      "type": "Feature",
      "properties": {
        "id": 1271093297,
        "highway": "cycleway",
        "cycleway": "",
        "name": "",
        "surface": "asphalt",
        "lit": "yes"
      },
      "geometry": {
        "type": "LineString",
        "coordinates": [
          [
            12.5709282,
            44.0414519
          ],
          [
            12.5707191,
            44.0410714
          ]
        ]
      }
    },
    {
      "type": "Feature",
      "properties": {
        "id": 1271093438,
        "highway": "cycleway",
        "cycleway": "",
        "name": "",
        "surface": "asphalt",
        "lit": "yes"
      },
      "geometry": {
        "type": "LineString",
        "coordinates": [
          [
            12.5705293,
            44.0396655
          ],
          [
            12.5707043,
            44.039708
          ],
          [
            12.5707997,
            44.0397094
          ],
          [
            12.5708724,
            44.0396731
          ]
        ]
      }
    },
    {
      "type": "Feature",
      "properties": {
        "id": 1275878918,
        "highway": "cycleway",
        "cycleway": "crossing",
        "name": "",
        "surface": "asphalt",
        "lit": ""
      },
      "geometry": {
        "type": "LineString",
        "coordinates": [
          [
            12.6054219,
            44.043564
          ],
          [
            12.6053865,
            44.0436068
          ],
          [
            12.6053477,
            44.0436517
          ]
        ]
      }
    },
    {
      "type": "Feature",
      "properties": {
        "id": 1275878919,
        "highway": "cycleway",
        "cycleway": "",
        "name": "",
        "surface": "",
        "lit": ""
      },
      "geometry": {
        "type": "LineString",
        "coordinates": [
          [
            12.6051185,
            44.0434089
          ],
          [
            12.6054219,
            44.043564
          ]
        ]
      }
    },
    {
      "type": "Feature",
      "properties": {
        "id": 1275878920,
        "highway": "cycleway",
        "cycleway": "crossing",
        "name": "",
        "surface": "asphalt",
        "lit": ""
      },
      "geometry": {
        "type": "LineString",
        "coordinates": [
          [
            12.6050088,
            44.0434178
          ],
          [
            12.6050811,
            44.0434117
          ],
          [
            12.6051185,
            44.0434089
          ]
        ]
      }
    },
    {
      "type": "Feature",
      "properties": {
        "id": 1278731073,
        "highway": "cycleway",
        "cycleway": "crossing",
        "name": "",
        "surface": "asphalt",
        "lit": ""
      },
      "geometry": {
        "type": "LineString",
        "coordinates": [
          [
            12.6037166,
            44.0419083
          ],
          [
            12.6037113,
            44.0419316
          ],
          [
            12.6036977,
            44.0419916
          ],
          [
            12.603691,
            44.0420213
          ]
        ]
      }
    },
    {
      "type": "Feature",
      "properties": {
        "id": 1278731074,
        "highway": "cycleway",
        "cycleway": "crossing",
        "name": "",
        "surface": "asphalt",
        "lit": ""
      },
      "geometry": {
        "type": "LineString",
        "coordinates": [
          [
            12.6028578,
            44.0423348
          ],
          [
            12.6028951,
            44.0423773
          ],
          [
            12.6029243,
            44.042412
          ]
        ]
      }
    },
    {
      "type": "Feature",
      "properties": {
        "id": 1278731075,
        "highway": "cycleway",
        "cycleway": "",
        "name": "",
        "surface": "",
        "lit": ""
      },
      "geometry": {
        "type": "LineString",
        "coordinates": [
          [
            12.6027364,
            44.0422423
          ],
          [
            12.6028329,
            44.0423045
          ],
          [
            12.6028578,
            44.0423348
          ]
        ]
      }
    },
    {
      "type": "Feature",
      "properties": {
        "id": 1278731085,
        "highway": "cycleway",
        "cycleway": "",
        "name": "",
        "surface": "",
        "lit": ""
      },
      "geometry": {
        "type": "LineString",
        "coordinates": [
          [
            12.6037166,
            44.0419083
          ],
          [
            12.6036093,
            44.0418434
          ],
          [
            12.6035817,
            44.0417914
          ]
        ]
      }
    },
    {
      "type": "Feature",
      "properties": {
        "id": 1278731086,
        "highway": "cycleway",
        "cycleway": "crossing",
        "name": "",
        "surface": "asphalt",
        "lit": ""
      },
      "geometry": {
        "type": "LineString",
        "coordinates": [
          [
            12.6035817,
            44.0417914
          ],
          [
            12.6034715,
            44.0417319
          ],
          [
            12.6033758,
            44.0416803
          ]
        ]
      }
    },
    {
      "type": "Feature",
      "properties": {
        "id": 1278731087,
        "highway": "cycleway",
        "cycleway": "",
        "name": "",
        "surface": "",
        "lit": ""
      },
      "geometry": {
        "type": "LineString",
        "coordinates": [
          [
            12.6033758,
            44.0416803
          ],
          [
            12.6033245,
            44.0416906
          ]
        ]
      }
    },
    {
      "type": "Feature",
      "properties": {
        "id": 1278731088,
        "highway": "cycleway",
        "cycleway": "crossing",
        "name": "",
        "surface": "asphalt",
        "lit": ""
      },
      "geometry": {
        "type": "LineString",
        "coordinates": [
          [
            12.6033245,
            44.0416906
          ],
          [
            12.6032843,
            44.0416987
          ],
          [
            12.6032598,
            44.0417037
          ],
          [
            12.6031716,
            44.0417215
          ]
        ]
      }
    },
    {
      "type": "Feature",
      "properties": {
        "id": 1278731089,
        "highway": "cycleway",
        "cycleway": "",
        "name": "",
        "surface": "",
        "lit": ""
      },
      "geometry": {
        "type": "LineString",
        "coordinates": [
          [
            12.6030249,
            44.0420874
          ],
          [
            12.6031412,
            44.0419769
          ],
          [
            12.6031854,
            44.041897
          ],
          [
            12.603201,
            44.0418046
          ],
          [
            12.6031716,
            44.0417215
          ]
        ]
      }
    },
    {
      "type": "Feature",
      "properties": {
        "id": 1279922597,
        "highway": "cycleway",
        "cycleway": "",
        "name": "",
        "surface": "asphalt",
        "lit": "yes"
      },
      "geometry": {
        "type": "LineString",
        "coordinates": [
          [
            12.5698992,
            44.04261
          ],
          [
            12.5698756,
            44.0425432
          ],
          [
            12.5698779,
            44.0425111
          ],
          [
            12.5698942,
            44.0424897
          ],
          [
            12.5699167,
            44.0424777
          ],
          [
            12.5699598,
            44.0424598
          ],
          [
            12.5704964,
            44.0423385
          ]
        ]
      }
    },
    {
      "type": "Feature",
      "properties": {
        "id": 1279922598,
        "highway": "cycleway",
        "cycleway": "",
        "name": "",
        "surface": "asphalt",
        "lit": "yes"
      },
      "geometry": {
        "type": "LineString",
        "coordinates": [
          [
            12.5708468,
            44.0420431
          ],
          [
            12.570882,
            44.0420227
          ],
          [
            12.5709298,
            44.0419492
          ],
          [
            12.5709522,
            44.0417511
          ],
          [
            12.5709761,
            44.041539
          ],
          [
            12.5709282,
            44.0414519
          ]
        ]
      }
    },
    {
      "type": "Feature",
      "properties": {
        "id": 1279922599,
        "highway": "cycleway",
        "cycleway": "",
        "name": "",
        "surface": "asphalt",
        "lit": "yes"
      },
      "geometry": {
        "type": "LineString",
        "coordinates": [
          [
            12.5706046,
            44.0422589
          ],
          [
            12.5708468,
            44.0420431
          ]
        ]
      }
    },
    {
      "type": "Feature",
      "properties": {
        "id": 1279922600,
        "highway": "cycleway",
        "cycleway": "",
        "name": "",
        "surface": "asphalt",
        "lit": "yes"
      },
      "geometry": {
        "type": "LineString",
        "coordinates": [
          [
            12.5699992,
            44.0428248
          ],
          [
            12.5698992,
            44.04261
          ]
        ]
      }
    },
    {
      "type": "Feature",
      "properties": {
        "id": 1279940749,
        "highway": "cycleway",
        "cycleway": "",
        "name": "",
        "surface": "asphalt",
        "lit": ""
      },
      "geometry": {
        "type": "LineString",
        "coordinates": [
          [
            12.5605685,
            44.0445542
          ],
          [
            12.5605127,
            44.0444281
          ],
          [
            12.5604601,
            44.0441986
          ],
          [
            12.5604771,
            44.0441532
          ],
          [
            12.5605311,
            44.0441135
          ],
          [
            12.5606532,
            44.0440678
          ],
          [
            12.5606876,
            44.044059
          ],
          [
            12.5610289,
            44.0439711
          ],
          [
            12.5610754,
            44.0439513
          ],
          [
            12.5611013,
            44.0439237
          ],
          [
            12.5611007,
            44.0438945
          ]
        ]
      }
    },
    {
      "type": "Feature",
      "properties": {
        "id": 1279940750,
        "highway": "cycleway",
        "cycleway": "",
        "name": "",
        "surface": "asphalt",
        "lit": ""
      },
      "geometry": {
        "type": "LineString",
        "coordinates": [
          [
            12.5611007,
            44.0438945
          ],
          [
            12.5609914,
            44.0436889
          ]
        ]
      }
    },
    {
      "type": "Feature",
      "properties": {
        "id": 1279940751,
        "highway": "cycleway",
        "cycleway": "",
        "name": "",
        "surface": "asphalt",
        "lit": ""
      },
      "geometry": {
        "type": "LineString",
        "coordinates": [
          [
            12.5618608,
            44.0434663
          ],
          [
            12.5609914,
            44.0436889
          ],
          [
            12.5603106,
            44.043861
          ],
          [
            12.5601896,
            44.0438672
          ],
          [
            12.5600824,
            44.0438466
          ],
          [
            12.5600083,
            44.043801
          ]
        ]
      }
    },
    {
      "type": "Feature",
      "properties": {
        "id": 1279940752,
        "highway": "cycleway",
        "cycleway": "crossing",
        "name": "",
        "surface": "asphalt",
        "lit": ""
      },
      "geometry": {
        "type": "LineString",
        "coordinates": [
          [
            12.5598478,
            44.0435227
          ],
          [
            12.5597995,
            44.0435285
          ],
          [
            12.5597162,
            44.0435385
          ]
        ]
      }
    },
    {
      "type": "Feature",
      "properties": {
        "id": 1284310701,
        "highway": "cycleway",
        "cycleway": "",
        "name": "",
        "surface": "",
        "lit": ""
      },
      "geometry": {
        "type": "LineString",
        "coordinates": [
          [
            12.5442189,
            44.0813057
          ],
          [
            12.5440392,
            44.0814376
          ],
          [
            12.5440902,
            44.0814764
          ]
        ]
      }
    },
    {
      "type": "Feature",
      "properties": {
        "id": 1284310702,
        "highway": "cycleway",
        "cycleway": "",
        "name": "",
        "surface": "",
        "lit": ""
      },
      "geometry": {
        "type": "LineString",
        "coordinates": [
          [
            12.5443833,
            44.0809963
          ],
          [
            12.5443814,
            44.0810291
          ],
          [
            12.5440955,
            44.0812157
          ],
          [
            12.5442189,
            44.0813057
          ]
        ]
      }
    },
    {
      "type": "Feature",
      "properties": {
        "id": 1284485028,
        "highway": "cycleway",
        "cycleway": "",
        "name": "",
        "surface": "",
        "lit": ""
      },
      "geometry": {
        "type": "LineString",
        "coordinates": [
          [
            12.5625216,
            44.04388
          ],
          [
            12.5624296,
            44.0438186
          ],
          [
            12.5623269,
            44.0437815
          ],
          [
            12.5621785,
            44.0437747
          ],
          [
            12.5620065,
            44.0437968
          ],
          [
            12.5618382,
            44.0438341
          ],
          [
            12.5609023,
            44.0440794
          ],
          [
            12.5608025,
            44.0440904
          ],
          [
            12.5607322,
            44.0440845
          ],
          [
            12.5606876,
            44.044059
          ]
        ]
      }
    },
    {
      "type": "Feature",
      "properties": {
        "id": 1284587763,
        "highway": "cycleway",
        "cycleway": "",
        "name": "",
        "surface": "",
        "lit": ""
      },
      "geometry": {
        "type": "LineString",
        "coordinates": [
          [
            12.5065503,
            44.1029505
          ],
          [
            12.5066961,
            44.1030247
          ],
          [
            12.5066876,
            44.1030839
          ]
        ]
      }
    },
    {
      "type": "Feature",
      "properties": {
        "id": 1290083831,
        "highway": "cycleway",
        "cycleway": "crossing",
        "name": "Piazzale John Fitzgerald Kennedy",
        "surface": "asphalt",
        "lit": "yes"
      },
      "geometry": {
        "type": "LineString",
        "coordinates": [
          [
            12.5814961,
            44.0669612
          ],
          [
            12.5815839,
            44.0670152
          ],
          [
            12.5816293,
            44.0670452
          ]
        ]
      }
    },
    {
      "type": "Feature",
      "properties": {
        "id": 1293104803,
        "highway": "cycleway",
        "cycleway": "",
        "name": "",
        "surface": "compacted",
        "lit": ""
      },
      "geometry": {
        "type": "LineString",
        "coordinates": [
          [
            12.5866925,
            44.0636343
          ],
          [
            12.5867615,
            44.0636875
          ],
          [
            12.5868361,
            44.0638068
          ],
          [
            12.5868385,
            44.0639134
          ],
          [
            12.5867993,
            44.0640393
          ],
          [
            12.586713,
            44.0641361
          ],
          [
            12.586586,
            44.0642192
          ],
          [
            12.5864481,
            44.0642904
          ],
          [
            12.5862584,
            44.0643279
          ],
          [
            12.5861133,
            44.0643216
          ],
          [
            12.5860399,
            44.064292
          ]
        ]
      }
    },
    {
      "type": "Feature",
      "properties": {
        "id": 1295980400,
        "highway": "cycleway",
        "cycleway": "",
        "name": "Via Gabriele Rossetti",
        "surface": "",
        "lit": ""
      },
      "geometry": {
        "type": "LineString",
        "coordinates": [
          [
            12.5806712,
            44.0478792
          ],
          [
            12.5806465,
            44.0478596
          ]
        ]
      }
    },
    {
      "type": "Feature",
      "properties": {
        "id": 1298537489,
        "highway": "cycleway",
        "cycleway": "",
        "name": "",
        "surface": "gravel",
        "lit": ""
      },
      "geometry": {
        "type": "LineString",
        "coordinates": [
          [
            12.5068539,
            44.0639255
          ],
          [
            12.5069657,
            44.0637618
          ]
        ]
      }
    },
    {
      "type": "Feature",
      "properties": {
        "id": 1300912542,
        "highway": "cycleway",
        "cycleway": "",
        "name": "",
        "surface": "paving_stones",
        "lit": ""
      },
      "geometry": {
        "type": "LineString",
        "coordinates": [
          [
            12.5866131,
            44.0635869
          ],
          [
            12.5866925,
            44.0636343
          ]
        ]
      }
    },
    {
      "type": "Feature",
      "properties": {
        "id": 1300912543,
        "highway": "cycleway",
        "cycleway": "",
        "name": "Lungomare Augusto Murri",
        "surface": "concrete",
        "lit": ""
      },
      "geometry": {
        "type": "LineString",
        "coordinates": [
          [
            12.5860399,
            44.064292
          ],
          [
            12.5859254,
            44.0643967
          ]
        ]
      }
    },
    {
      "type": "Feature",
      "properties": {
        "id": 1309324294,
        "highway": "cycleway",
        "cycleway": "",
        "name": "",
        "surface": "",
        "lit": ""
      },
      "geometry": {
        "type": "LineString",
        "coordinates": [
          [
            12.5727814,
            44.0380467
          ],
          [
            12.5738283,
            44.0380442
          ],
          [
            12.5745812,
            44.0380455
          ],
          [
            12.5754312,
            44.038047
          ],
          [
            12.5757767,
            44.0380476
          ],
          [
            12.5758582,
            44.0380477
          ],
          [
            12.5761602,
            44.0380482
          ],
          [
            12.5761799,
            44.0380482
          ]
        ]
      }
    },
    {
      "type": "Feature",
      "properties": {
        "id": 1309324295,
        "highway": "cycleway",
        "cycleway": "",
        "name": "",
        "surface": "",
        "lit": ""
      },
      "geometry": {
        "type": "LineString",
        "coordinates": [
          [
            12.5754312,
            44.038047
          ],
          [
            12.575435,
            44.0380931
          ]
        ]
      }
    },
    {
      "type": "Feature",
      "properties": {
        "id": 1309324296,
        "highway": "cycleway",
        "cycleway": "",
        "name": "",
        "surface": "",
        "lit": ""
      },
      "geometry": {
        "type": "LineString",
        "coordinates": [
          [
            12.5745826,
            44.0380795
          ],
          [
            12.5745812,
            44.0380455
          ]
        ]
      }
    },
    {
      "type": "Feature",
      "properties": {
        "id": 1312374982,
        "highway": "cycleway",
        "cycleway": "",
        "name": "",
        "surface": "",
        "lit": ""
      },
      "geometry": {
        "type": "LineString",
        "coordinates": [
          [
            12.5677086,
            44.0547715
          ],
          [
            12.5671442,
            44.0548604
          ],
          [
            12.5664101,
            44.0549752
          ],
          [
            12.5659819,
            44.0550426
          ],
          [
            12.5647861,
            44.0552161
          ],
          [
            12.5646966,
            44.0552296
          ],
          [
            12.5643646,
            44.0552794
          ],
          [
            12.5641489,
            44.0553101
          ],
          [
            12.5638172,
            44.0553573
          ],
          [
            12.5637231,
            44.0552549
          ],
          [
            12.5632727,
            44.055513
          ],
          [
            12.5633254,
            44.0555571
          ],
          [
            12.5632627,
            44.0555888
          ]
        ]
      }
    },
    {
      "type": "Feature",
      "properties": {
        "id": 1312374984,
        "highway": "cycleway",
        "cycleway": "",
        "name": "",
        "surface": "asphalt",
        "lit": "yes"
      },
      "geometry": {
        "type": "LineString",
        "coordinates": [
          [
            12.5626834,
            44.0552617
          ],
          [
            12.5631128,
            44.055622
          ],
          [
            12.5634393,
            44.0559128
          ],
          [
            12.564009,
            44.0564286
          ],
          [
            12.564347,
            44.0567136
          ]
        ]
      }
    },
    {
      "type": "Feature",
      "properties": {
        "id": 1312374986,
        "highway": "cycleway",
        "cycleway": "",
        "name": "",
        "surface": "",
        "lit": ""
      },
      "geometry": {
        "type": "LineString",
        "coordinates": [
          [
            12.564347,
            44.0567136
          ],
          [
            12.5643457,
            44.0567324
          ],
          [
            12.5643399,
            44.0567565
          ],
          [
            12.5643124,
            44.0567889
          ],
          [
            12.5641978,
            44.0568625
          ],
          [
            12.56403,
            44.0568954
          ],
          [
            12.5639908,
            44.0569031
          ]
        ]
      }
    },
    {
      "type": "Feature",
      "properties": {
        "id": 1312375685,
        "highway": "cycleway",
        "cycleway": "",
        "name": "",
        "surface": "",
        "lit": ""
      },
      "geometry": {
        "type": "LineString",
        "coordinates": [
          [
            12.5986233,
            44.0416649
          ],
          [
            12.5988888,
            44.0414124
          ],
          [
            12.5990491,
            44.0412416
          ],
          [
            12.5991341,
            44.041189
          ]
        ]
      }
    },
    {
      "type": "Feature",
      "properties": {
        "id": 1312573595,
        "highway": "cycleway",
        "cycleway": "",
        "name": "",
        "surface": "asphalt",
        "lit": ""
      },
      "geometry": {
        "type": "LineString",
        "coordinates": [
          [
            12.5729674,
            44.0638628
          ],
          [
            12.5718686,
            44.0643607
          ],
          [
            12.5712679,
            44.0646314
          ],
          [
            12.5712328,
            44.0646472
          ],
          [
            12.5711628,
            44.0646788
          ],
          [
            12.5703801,
            44.065031
          ],
          [
            12.570186,
            44.0651231
          ]
        ]
      }
    },
    {
      "type": "Feature",
      "properties": {
        "id": 1312573596,
        "highway": "cycleway",
        "cycleway": "",
        "name": "",
        "surface": "",
        "lit": ""
      },
      "geometry": {
        "type": "LineString",
        "coordinates": [
          [
            12.5729674,
            44.0638628
          ],
          [
            12.5730093,
            44.0639081
          ]
        ]
      }
    },
    {
      "type": "Feature",
      "properties": {
        "id": 1312574391,
        "highway": "cycleway",
        "cycleway": "",
        "name": "",
        "surface": "",
        "lit": ""
      },
      "geometry": {
        "type": "LineString",
        "coordinates": [
          [
            12.5677731,
            44.0510991
          ],
          [
            12.5679569,
            44.0509862
          ],
          [
            12.5680299,
            44.0508564
          ],
          [
            12.5680419,
            44.050708
          ],
          [
            12.5679748,
            44.0505809
          ],
          [
            12.5679012,
            44.0505315
          ],
          [
            12.5678844,
            44.0504405
          ]
        ]
      }
    },
    {
      "type": "Feature",
      "properties": {
        "id": 1312574392,
        "highway": "cycleway",
        "cycleway": "",
        "name": "",
        "surface": "",
        "lit": ""
      },
      "geometry": {
        "type": "LineString",
        "coordinates": [
          [
            12.567685,
            44.0511724
          ],
          [
            12.5677731,
            44.0510991
          ]
        ]
      }
    },
    {
      "type": "Feature",
      "properties": {
        "id": 1312574393,
        "highway": "cycleway",
        "cycleway": "",
        "name": "",
        "surface": "",
        "lit": ""
      },
      "geometry": {
        "type": "LineString",
        "coordinates": [
          [
            12.5678844,
            44.0504405
          ],
          [
            12.5678353,
            44.0502499
          ]
        ]
      }
    },
    {
      "type": "Feature",
      "properties": {
        "id": 1312574745,
        "highway": "cycleway",
        "cycleway": "",
        "name": "",
        "surface": "",
        "lit": ""
      },
      "geometry": {
        "type": "LineString",
        "coordinates": [
          [
            12.5713889,
            44.0564248
          ],
          [
            12.5716535,
            44.0565398
          ]
        ]
      }
    },
    {
      "type": "Feature",
      "properties": {
        "id": 1312574746,
        "highway": "cycleway",
        "cycleway": "",
        "name": "",
        "surface": "",
        "lit": ""
      },
      "geometry": {
        "type": "LineString",
        "coordinates": [
          [
            12.571108,
            44.0560875
          ],
          [
            12.5712041,
            44.0562606
          ],
          [
            12.5713727,
            44.0564177
          ],
          [
            12.5713889,
            44.0564248
          ]
        ]
      }
    },
    {
      "type": "Feature",
      "properties": {
        "id": 1312574747,
        "highway": "cycleway",
        "cycleway": "",
        "name": "",
        "surface": "",
        "lit": ""
      },
      "geometry": {
        "type": "LineString",
        "coordinates": [
          [
            12.5716535,
            44.0565398
          ],
          [
            12.5719181,
            44.0566548
          ]
        ]
      }
    },
    {
      "type": "Feature",
      "properties": {
        "id": 1313079104,
        "highway": "cycleway",
        "cycleway": "crossing",
        "name": "",
        "surface": "",
        "lit": ""
      },
      "geometry": {
        "type": "LineString",
        "coordinates": [
          [
            12.5933699,
            44.0531937
          ],
          [
            12.5933128,
            44.0531607
          ]
        ]
      }
    },
    {
      "type": "Feature",
      "properties": {
        "id": 1313079940,
        "highway": "cycleway",
        "cycleway": "crossing",
        "name": "",
        "surface": "",
        "lit": ""
      },
      "geometry": {
        "type": "LineString",
        "coordinates": [
          [
            12.5629254,
            44.0493677
          ],
          [
            12.5628927,
            44.0493408
          ]
        ]
      }
    },
    {
      "type": "Feature",
      "properties": {
        "id": 1313252351,
        "highway": "cycleway",
        "cycleway": "",
        "name": "",
        "surface": "",
        "lit": ""
      },
      "geometry": {
        "type": "LineString",
        "coordinates": [
          [
            12.5774388,
            44.0388458
          ],
          [
            12.5776736,
            44.0389505
          ],
          [
            12.577697,
            44.0389754
          ],
          [
            12.5776929,
            44.0390021
          ],
          [
            12.577463,
            44.0392779
          ],
          [
            12.5774212,
            44.0393224
          ],
          [
            12.5773591,
            44.0393873
          ]
        ]
      }
    },
    {
      "type": "Feature",
      "properties": {
        "id": 1313252352,
        "highway": "cycleway",
        "cycleway": "crossing",
        "name": "",
        "surface": "asphalt",
        "lit": ""
      },
      "geometry": {
        "type": "LineString",
        "coordinates": [
          [
            12.5775012,
            44.0387706
          ],
          [
            12.5774712,
            44.0388076
          ],
          [
            12.5774388,
            44.0388458
          ]
        ]
      }
    },
    {
      "type": "Feature",
      "properties": {
        "id": 1317806253,
        "highway": "cycleway",
        "cycleway": "",
        "name": "",
        "surface": "",
        "lit": ""
      },
      "geometry": {
        "type": "LineString",
        "coordinates": [
          [
            12.6006217,
            44.0474298
          ],
          [
            12.6006509,
            44.0474043
          ]
        ]
      }
    },
    {
      "type": "Feature",
      "properties": {
        "id": 1318641672,
        "highway": "cycleway",
        "cycleway": "crossing",
        "name": "",
        "surface": "",
        "lit": ""
      },
      "geometry": {
        "type": "LineString",
        "coordinates": [
          [
            12.5450516,
            44.0561926
          ],
          [
            12.5449848,
            44.0561884
          ],
          [
            12.5449219,
            44.0561844
          ]
        ]
      }
    },
    {
      "type": "Feature",
      "properties": {
        "id": 1318641673,
        "highway": "cycleway",
        "cycleway": "",
        "name": "",
        "surface": "",
        "lit": ""
      },
      "geometry": {
        "type": "LineString",
        "coordinates": [
          [
            12.5449219,
            44.0561844
          ],
          [
            12.5445011,
            44.0561889
          ],
          [
            12.5438225,
            44.0562001
          ],
          [
            12.542998,
            44.0562194
          ]
        ]
      }
    },
    {
      "type": "Feature",
      "properties": {
        "id": 1319225033,
        "highway": "cycleway",
        "cycleway": "",
        "name": "",
        "surface": "asphalt",
        "lit": "yes"
      },
      "geometry": {
        "type": "LineString",
        "coordinates": [
          [
            12.5806633,
            44.0638094
          ],
          [
            12.5805873,
            44.0637018
          ],
          [
            12.5804906,
            44.0634445
          ],
          [
            12.5803642,
            44.0631016
          ],
          [
            12.5801497,
            44.0627089
          ],
          [
            12.5800557,
            44.0625107
          ],
          [
            12.5800321,
            44.0624003
          ],
          [
            12.5798919,
            44.0621683
          ],
          [
            12.5798483,
            44.0620677
          ]
        ]
      }
    },
    {
      "type": "Feature",
      "properties": {
        "id": 1321779579,
        "highway": "cycleway",
        "cycleway": "",
        "name": "",
        "surface": "",
        "lit": ""
      },
      "geometry": {
        "type": "LineString",
        "coordinates": [
          [
            12.5548514,
            44.0776791
          ],
          [
            12.5548994,
            44.0776881
          ],
          [
            12.5551669,
            44.0775834
          ],
          [
            12.5552921,
            44.0775128
          ],
          [
            12.5554202,
            44.0774585
          ],
          [
            12.5555424,
            44.0774138
          ],
          [
            12.555676,
            44.0773808
          ],
          [
            12.5559819,
            44.0772578
          ],
          [
            12.5560751,
            44.0772211
          ],
          [
            12.5563036,
            44.077131
          ],
          [
            12.5563609,
            44.0770928
          ],
          [
            12.5568837,
            44.0768874
          ],
          [
            12.5573596,
            44.0766999
          ],
          [
            12.5575315,
            44.0766429
          ],
          [
            12.5579672,
            44.0764706
          ],
          [
            12.558054,
            44.0764214
          ],
          [
            12.5582717,
            44.0763342
          ],
          [
            12.5590256,
            44.0760448
          ],
          [
            12.5592627,
            44.0759503
          ],
          [
            12.5593414,
            44.0759317
          ],
          [
            12.5597769,
            44.0757677
          ],
          [
            12.5598805,
            44.075724
          ],
          [
            12.5600116,
            44.0756658
          ],
          [
            12.5604486,
            44.0755142
          ],
          [
            12.5605595,
            44.0754984
          ],
          [
            12.5607101,
            44.0754631
          ],
          [
            12.5607957,
            44.0754397
          ],
          [
            12.5612193,
            44.0753317
          ],
          [
            12.5613487,
            44.0752833
          ],
          [
            12.5615721,
            44.0752204
          ]
        ]
      }
    },
    {
      "type": "Feature",
      "properties": {
        "id": 1321779587,
        "highway": "cycleway",
        "cycleway": "",
        "name": "Pista ciclabile via Ennio Coletti",
        "surface": "asphalt",
        "lit": "yes"
      },
      "geometry": {
        "type": "LineString",
        "coordinates": [
          [
            12.5618125,
            44.0723176
          ],
          [
            12.5623374,
            44.0719744
          ]
        ]
      }
    },
    {
      "type": "Feature",
      "properties": {
        "id": 1321779588,
        "highway": "cycleway",
        "cycleway": "",
        "name": "Pista ciclabile via Ennio Coletti",
        "surface": "asphalt",
        "lit": "yes"
      },
      "geometry": {
        "type": "LineString",
        "coordinates": [
          [
            12.5623374,
            44.0719744
          ],
          [
            12.5623532,
            44.0719546
          ],
          [
            12.562362,
            44.0719301
          ],
          [
            12.562364,
            44.0719084
          ],
          [
            12.5623551,
            44.0718868
          ]
        ]
      }
    },
    {
      "type": "Feature",
      "properties": {
        "id": 1321779589,
        "highway": "cycleway",
        "cycleway": "crossing",
        "name": "Pista ciclabile via Ennio Coletti",
        "surface": "asphalt",
        "lit": "yes"
      },
      "geometry": {
        "type": "LineString",
        "coordinates": [
          [
            12.5623978,
            44.0718563
          ],
          [
            12.5624632,
            44.0718132
          ]
        ]
      }
    },
    {
      "type": "Feature",
      "properties": {
        "id": 1321779590,
        "highway": "cycleway",
        "cycleway": "crossing",
        "name": "Pista ciclabile via Ennio Coletti",
        "surface": "asphalt",
        "lit": "yes"
      },
      "geometry": {
        "type": "LineString",
        "coordinates": [
          [
            12.5623551,
            44.0718868
          ],
          [
            12.5623978,
            44.0718563
          ]
        ]
      }
    },
    {
      "type": "Feature",
      "properties": {
        "id": 1321779591,
        "highway": "cycleway",
        "cycleway": "",
        "name": "Pista ciclabile via Ennio Coletti",
        "surface": "asphalt",
        "lit": "yes"
      },
      "geometry": {
        "type": "LineString",
        "coordinates": [
          [
            12.5624632,
            44.0718132
          ],
          [
            12.5625125,
            44.0718323
          ],
          [
            12.562547,
            44.0718303
          ],
          [
            12.5629735,
            44.0715461
          ],
          [
            12.5629909,
            44.0715153
          ],
          [
            12.563062,
            44.0714709
          ],
          [
            12.563113,
            44.0714603
          ],
          [
            12.5633898,
            44.0712604
          ],
          [
            12.5635019,
            44.0711864
          ],
          [
            12.5635703,
            44.0711375
          ],
          [
            12.5635703,
            44.0711173
          ],
          [
            12.5636575,
            44.0710576
          ],
          [
            12.5637017,
            44.0710643
          ],
          [
            12.5638035,
            44.0709919
          ],
          [
            12.5639715,
            44.0708788
          ],
          [
            12.5642258,
            44.0707076
          ],
          [
            12.5642501,
            44.0706633
          ],
          [
            12.5643373,
            44.0706046
          ],
          [
            12.5643947,
            44.0705939
          ],
          [
            12.5648547,
            44.0702843
          ]
        ]
      }
    },
    {
      "type": "Feature",
      "properties": {
        "id": 1321779592,
        "highway": "cycleway",
        "cycleway": "crossing",
        "name": "Pista ciclabile via Ennio Coletti",
        "surface": "asphalt",
        "lit": "yes"
      },
      "geometry": {
        "type": "LineString",
        "coordinates": [
          [
            12.5648547,
            44.0702843
          ],
          [
            12.5649057,
            44.0702524
          ],
          [
            12.5649497,
            44.0702266
          ]
        ]
      }
    },
    {
      "type": "Feature",
      "properties": {
        "id": 1321779593,
        "highway": "cycleway",
        "cycleway": "",
        "name": "Pista ciclabile via Ennio Coletti",
        "surface": "asphalt",
        "lit": "yes"
      },
      "geometry": {
        "type": "LineString",
        "coordinates": [
          [
            12.5649497,
            44.0702266
          ],
          [
            12.5654404,
            44.0699343
          ],
          [
            12.5655036,
            44.0698868
          ],
          [
            12.5656879,
            44.0697857
          ],
          [
            12.5657859,
            44.0697416
          ],
          [
            12.5662163,
            44.0695146
          ],
          [
            12.5662582,
            44.0694827
          ],
          [
            12.5663215,
            44.0694452
          ],
          [
            12.5666135,
            44.0692749
          ]
        ]
      }
    },
    {
      "type": "Feature",
      "properties": {
        "id": 1321779595,
        "highway": "cycleway",
        "cycleway": "",
        "name": "Pista ciclabile via Ennio Coletti",
        "surface": "asphalt",
        "lit": "yes"
      },
      "geometry": {
        "type": "LineString",
        "coordinates": [
          [
            12.5666135,
            44.0692749
          ],
          [
            12.5670444,
            44.0690435
          ]
        ]
      }
    },
    {
      "type": "Feature",
      "properties": {
        "id": 1327251371,
        "highway": "cycleway",
        "cycleway": "",
        "name": "",
        "surface": "unpaved",
        "lit": ""
      },
      "geometry": {
        "type": "LineString",
        "coordinates": [
          [
            12.5460769,
            44.0641499
          ],
          [
            12.5461348,
            44.0640801
          ],
          [
            12.5462839,
            44.0640655
          ],
          [
            12.5463955,
            44.0640203
          ],
          [
            12.5465267,
            44.0639331
          ],
          [
            12.5466303,
            44.0638938
          ]
        ]
      }
    },
    {
      "type": "Feature",
      "properties": {
        "id": 1327873345,
        "highway": "construction",
        "cycleway": "",
        "name": "",
        "surface": "",
        "lit": ""
      },
      "geometry": {
        "type": "LineString",
        "coordinates": [
          [
            12.5641302,
            44.0263329
          ],
          [
            12.5642717,
            44.026315
          ],
          [
            12.5649116,
            44.0263618
          ],
          [
            12.5649403,
            44.0262394
          ],
          [
            12.5657601,
            44.026321
          ]
        ]
      }
    },
    {
      "type": "Feature",
      "properties": {
        "id": 1327877561,
        "highway": "construction",
        "cycleway": "",
        "name": "",
        "surface": "",
        "lit": ""
      },
      "geometry": {
        "type": "LineString",
        "coordinates": [
          [
            12.5633671,
            44.0263277
          ],
          [
            12.5636333,
            44.026211
          ],
          [
            12.5638116,
            44.0262161
          ]
        ]
      }
    },
    {
      "type": "Feature",
      "properties": {
        "id": 1327877562,
        "highway": "construction",
        "cycleway": "",
        "name": "",
        "surface": "",
        "lit": ""
      },
      "geometry": {
        "type": "LineString",
        "coordinates": [
          [
            12.5638116,
            44.0262161
          ],
          [
            12.5641302,
            44.0263329
          ]
        ]
      }
    },
    {
      "type": "Feature",
      "properties": {
        "id": 1328109043,
        "highway": "cycleway",
        "cycleway": "crossing",
        "name": "",
        "surface": "asphalt",
        "lit": "yes"
      },
      "geometry": {
        "type": "LineString",
        "coordinates": [
          [
            12.5448159,
            44.0737625
          ],
          [
            12.5447742,
            44.0737438
          ],
          [
            12.5447289,
            44.0737241
          ],
          [
            12.5447169,
            44.073699
          ],
          [
            12.5446994,
            44.0736511
          ]
        ]
      }
    },
    {
      "type": "Feature",
      "properties": {
        "id": 1328109044,
        "highway": "cycleway",
        "cycleway": "",
        "name": "",
        "surface": "asphalt",
        "lit": "yes"
      },
      "geometry": {
        "type": "LineString",
        "coordinates": [
          [
            12.5446994,
            44.0736511
          ],
          [
            12.5445892,
            44.0736621
          ],
          [
            12.5444545,
            44.0736409
          ],
          [
            12.5443697,
            44.0736043
          ]
        ]
      }
    },
    {
      "type": "Feature",
      "properties": {
        "id": 1328109045,
        "highway": "cycleway",
        "cycleway": "crossing",
        "name": "",
        "surface": "asphalt",
        "lit": "yes"
      },
      "geometry": {
        "type": "LineString",
        "coordinates": [
          [
            12.5443697,
            44.0736043
          ],
          [
            12.5443232,
            44.0736347
          ],
          [
            12.5442809,
            44.0736579
          ],
          [
            12.5442323,
            44.0736612
          ],
          [
            12.5441706,
            44.0736648
          ]
        ]
      }
    },
    {
      "type": "Feature",
      "properties": {
        "id": 1331405667,
        "highway": "cycleway",
        "cycleway": "",
        "name": "Percorso ciclo-pedonale Alda Merini",
        "surface": "unpaved",
        "lit": ""
      },
      "geometry": {
        "type": "LineString",
        "coordinates": [
          [
            12.5477262,
            44.0523195
          ],
          [
            12.5479931,
            44.0520259
          ],
          [
            12.5482664,
            44.0517473
          ],
          [
            12.5490917,
            44.0509666
          ],
          [
            12.5492516,
            44.0508153
          ],
          [
            12.5493042,
            44.0507656
          ],
          [
            12.5493735,
            44.0507268
          ]
        ]
      }
    },
    {
      "type": "Feature",
      "properties": {
        "id": 1331405668,
        "highway": "cycleway",
        "cycleway": "crossing",
        "name": "Percorso ciclo-pedonale Alda Merini",
        "surface": "asphalt",
        "lit": ""
      },
      "geometry": {
        "type": "LineString",
        "coordinates": [
          [
            12.5493735,
            44.0507268
          ],
          [
            12.5494345,
            44.0506732
          ],
          [
            12.5495177,
            44.0506012
          ]
        ]
      }
    },
    {
      "type": "Feature",
      "properties": {
        "id": 1331902494,
        "highway": "cycleway",
        "cycleway": "",
        "name": "",
        "surface": "",
        "lit": ""
      },
      "geometry": {
        "type": "LineString",
        "coordinates": [
          [
            12.5562061,
            44.0673464
          ],
          [
            12.5562474,
            44.0673403
          ],
          [
            12.5563337,
            44.067353
          ],
          [
            12.5568356,
            44.0672097
          ],
          [
            12.556861,
            44.067202
          ],
          [
            12.5572947,
            44.0670715
          ]
        ]
      }
    },
    {
      "type": "Feature",
      "properties": {
        "id": 1331902495,
        "highway": "cycleway",
        "cycleway": "",
        "name": "",
        "surface": "",
        "lit": ""
      },
      "geometry": {
        "type": "LineString",
        "coordinates": [
          [
            12.5584817,
            44.0668959
          ],
          [
            12.5584586,
            44.0668819
          ],
          [
            12.5584354,
            44.0668723
          ],
          [
            12.5583904,
            44.0668732
          ],
          [
            12.5583474,
            44.066886
          ],
          [
            12.5578164,
            44.0670447
          ],
          [
            12.5574708,
            44.067148
          ],
          [
            12.557357,
            44.067182
          ]
        ]
      }
    },
    {
      "type": "Feature",
      "properties": {
        "id": 1331902497,
        "highway": "cycleway",
        "cycleway": "",
        "name": "",
        "surface": "asphalt",
        "lit": "yes"
      },
      "geometry": {
        "type": "LineString",
        "coordinates": [
          [
            12.557357,
            44.067182
          ],
          [
            12.5572002,
            44.0672271
          ],
          [
            12.5569898,
            44.0672877
          ],
          [
            12.5569176,
            44.0673085
          ],
          [
            12.5563357,
            44.0674542
          ],
          [
            12.5562594,
            44.0674767
          ]
        ]
      }
    },
    {
      "type": "Feature",
      "properties": {
        "id": 1331902498,
        "highway": "cycleway",
        "cycleway": "",
        "name": "",
        "surface": "asphalt",
        "lit": "yes"
      },
      "geometry": {
        "type": "LineString",
        "coordinates": [
          [
            12.5572947,
            44.0670715
          ],
          [
            12.557324,
            44.0671241
          ],
          [
            12.557357,
            44.067182
          ]
        ]
      }
    },
    {
      "type": "Feature",
      "properties": {
        "id": 1331902500,
        "highway": "cycleway",
        "cycleway": "",
        "name": "",
        "surface": "",
        "lit": ""
      },
      "geometry": {
        "type": "LineString",
        "coordinates": [
          [
            12.5582962,
            44.0667962
          ],
          [
            12.5584102,
            44.0667415
          ]
        ]
      }
    },
    {
      "type": "Feature",
      "properties": {
        "id": 1331902501,
        "highway": "cycleway",
        "cycleway": "",
        "name": "",
        "surface": "",
        "lit": ""
      },
      "geometry": {
        "type": "LineString",
        "coordinates": [
          [
            12.5585207,
            44.0667082
          ],
          [
            12.5586639,
            44.0666906
          ]
        ]
      }
    },
    {
      "type": "Feature",
      "properties": {
        "id": 1331902503,
        "highway": "cycleway",
        "cycleway": "",
        "name": "",
        "surface": "asphalt",
        "lit": "yes"
      },
      "geometry": {
        "type": "LineString",
        "coordinates": [
          [
            12.5579362,
            44.0668982
          ],
          [
            12.5582962,
            44.0667962
          ],
          [
            12.5583185,
            44.0668411
          ],
          [
            12.5583474,
            44.066886
          ]
        ]
      }
    },
    {
      "type": "Feature",
      "properties": {
        "id": 1332946412,
        "highway": "cycleway",
        "cycleway": "crossing",
        "name": "",
        "surface": "asphalt",
        "lit": ""
      },
      "geometry": {
        "type": "LineString",
        "coordinates": [
          [
            12.556395,
            44.0410578
          ],
          [
            12.5563619,
            44.0410459
          ],
          [
            12.5562596,
            44.0410446
          ]
        ]
      }
    },
    {
      "type": "Feature",
      "properties": {
        "id": 1340032324,
        "highway": "cycleway",
        "cycleway": "",
        "name": "",
        "surface": "",
        "lit": ""
      },
      "geometry": {
        "type": "LineString",
        "coordinates": [
          [
            12.5338973,
            44.050945
          ],
          [
            12.5344499,
            44.0500387
          ],
          [
            12.5345716,
            44.0498637
          ],
          [
            12.5346008,
            44.0498655
          ],
          [
            12.5346665,
            44.0498812
          ],
          [
            12.5347493,
            44.0498987
          ],
          [
            12.5347858,
            44.0499005
          ],
          [
            12.5348296,
            44.0498725
          ],
          [
            12.5349314,
            44.0496878
          ]
        ]
      }
    },
    {
      "type": "Feature",
      "properties": {
        "id": 1340032325,
        "highway": "cycleway",
        "cycleway": "crossing",
        "name": "",
        "surface": "",
        "lit": ""
      },
      "geometry": {
        "type": "LineString",
        "coordinates": [
          [
            12.5349314,
            44.0496878
          ],
          [
            12.5349517,
            44.0496573
          ]
        ]
      }
    },
    {
      "type": "Feature",
      "properties": {
        "id": 1343183840,
        "highway": "cycleway",
        "cycleway": "crossing",
        "name": "",
        "surface": "asphalt",
        "lit": ""
      },
      "geometry": {
        "type": "LineString",
        "coordinates": [
          [
            12.5646912,
            44.0480917
          ],
          [
            12.56474,
            44.0481283
          ]
        ]
      }
    },
    {
      "type": "Feature",
      "properties": {
        "id": 1347559273,
        "highway": "cycleway",
        "cycleway": "",
        "name": "",
        "surface": "",
        "lit": ""
      },
      "geometry": {
        "type": "LineString",
        "coordinates": [
          [
            12.5957289,
            44.0471914
          ],
          [
            12.5957021,
            44.0471959
          ],
          [
            12.5955873,
            44.0472048
          ]
        ]
      }
    },
    {
      "type": "Feature",
      "properties": {
        "id": 1347559275,
        "highway": "cycleway",
        "cycleway": "",
        "name": "",
        "surface": "",
        "lit": ""
      },
      "geometry": {
        "type": "LineString",
        "coordinates": [
          [
            12.5957833,
            44.0472617
          ],
          [
            12.5956877,
            44.0473673
          ]
        ]
      }
    },
    {
      "type": "Feature",
      "properties": {
        "id": 1347671549,
        "highway": "footway",
        "cycleway": "",
        "name": "",
        "surface": "paving_stones",
        "lit": ""
      },
      "geometry": {
        "type": "LineString",
        "coordinates": [
          [
            12.5302315,
            44.0810982
          ],
          [
            12.5303137,
            44.0810482
          ],
          [
            12.5303826,
            44.0810063
          ]
        ]
      }
    },
    {
      "type": "Feature",
      "properties": {
        "id": 1349070513,
        "highway": "cycleway",
        "cycleway": "",
        "name": "",
        "surface": "asphalt",
        "lit": ""
      },
      "geometry": {
        "type": "LineString",
        "coordinates": [
          [
            12.5599062,
            44.0436232
          ],
          [
            12.5598478,
            44.0435227
          ]
        ]
      }
    },
    {
      "type": "Feature",
      "properties": {
        "id": 1351803547,
        "highway": "cycleway",
        "cycleway": "",
        "name": "",
        "surface": "",
        "lit": ""
      },
      "geometry": {
        "type": "LineString",
        "coordinates": [
          [
            12.5460179,
            44.0521835
          ],
          [
            12.5460488,
            44.0521014
          ],
          [
            12.5463939,
            44.0517655
          ],
          [
            12.5467973,
            44.051356
          ],
          [
            12.547195,
            44.0509875
          ]
        ]
      }
    },
    {
      "type": "Feature",
      "properties": {
        "id": 1351803548,
        "highway": "cycleway",
        "cycleway": "",
        "name": "",
        "surface": "",
        "lit": ""
      },
      "geometry": {
        "type": "LineString",
        "coordinates": [
          [
            12.5479126,
            44.0514965
          ],
          [
            12.5472275,
            44.0521483
          ]
        ]
      }
    },
    {
      "type": "Feature",
      "properties": {
        "id": 1351803549,
        "highway": "cycleway",
        "cycleway": "",
        "name": "",
        "surface": "",
        "lit": ""
      },
      "geometry": {
        "type": "LineString",
        "coordinates": [
          [
            12.547195,
            44.0509875
          ],
          [
            12.5475616,
            44.050634
          ]
        ]
      }
    },
    {
      "type": "Feature",
      "properties": {
        "id": 1351803550,
        "highway": "cycleway",
        "cycleway": "",
        "name": "",
        "surface": "",
        "lit": ""
      },
      "geometry": {
        "type": "LineString",
        "coordinates": [
          [
            12.5477844,
            44.0508355
          ],
          [
            12.5479126,
            44.0514965
          ]
        ]
      }
    },
    {
      "type": "Feature",
      "properties": {
        "id": 1351803551,
        "highway": "cycleway",
        "cycleway": "",
        "name": "",
        "surface": "",
        "lit": ""
      },
      "geometry": {
        "type": "LineString",
        "coordinates": [
          [
            12.5475616,
            44.050634
          ],
          [
            12.5476443,
            44.0506788
          ],
          [
            12.5477844,
            44.0508355
          ]
        ]
      }
    },
    {
      "type": "Feature",
      "properties": {
        "id": 1356619239,
        "highway": "cycleway",
        "cycleway": "",
        "name": "",
        "surface": "",
        "lit": ""
      },
      "geometry": {
        "type": "LineString",
        "coordinates": [
          [
            12.568184,
            44.0492305
          ],
          [
            12.5681961,
            44.0492773
          ],
          [
            12.5682395,
            44.0493079
          ],
          [
            12.5683134,
            44.0493513
          ],
          [
            12.5683815,
            44.0493914
          ]
        ]
      }
    },
    {
      "type": "Feature",
      "properties": {
        "id": 1356619240,
        "highway": "cycleway",
        "cycleway": "crossing",
        "name": "",
        "surface": "",
        "lit": ""
      },
      "geometry": {
        "type": "LineString",
        "coordinates": [
          [
            12.5682289,
            44.0494144
          ],
          [
            12.5682681,
            44.0493851
          ],
          [
            12.5683134,
            44.0493513
          ]
        ]
      }
    },
    {
      "type": "Feature",
      "properties": {
        "id": 1356619241,
        "highway": "cycleway",
        "cycleway": "crossing",
        "name": "",
        "surface": "",
        "lit": ""
      },
      "geometry": {
        "type": "LineString",
        "coordinates": [
          [
            12.5680321,
            44.0494865
          ],
          [
            12.5679813,
            44.0494647
          ],
          [
            12.5679374,
            44.0494452
          ]
        ]
      }
    },
    {
      "type": "Feature",
      "properties": {
        "id": 1356619242,
        "highway": "cycleway",
        "cycleway": "",
        "name": "",
        "surface": "",
        "lit": ""
      },
      "geometry": {
        "type": "LineString",
        "coordinates": [
          [
            12.5680321,
            44.0494865
          ],
          [
            12.5680754,
            44.0494376
          ],
          [
            12.5681181,
            44.0494051
          ],
          [
            12.5681582,
            44.0493916
          ],
          [
            12.5682022,
            44.0493972
          ],
          [
            12.5682289,
            44.0494144
          ],
          [
            12.5683089,
            44.0494665
          ]
        ]
      }
    },
    {
      "type": "Feature",
      "properties": {
        "id": 1356619245,
        "highway": "cycleway",
        "cycleway": "",
        "name": "",
        "surface": "",
        "lit": ""
      },
      "geometry": {
        "type": "LineString",
        "coordinates": [
          [
            12.5677203,
            44.0489947
          ],
          [
            12.5676579,
            44.0490043
          ]
        ]
      }
    },
    {
      "type": "Feature",
      "properties": {
        "id": 1361715395,
        "highway": "cycleway",
        "cycleway": "crossing",
        "name": "",
        "surface": "",
        "lit": ""
      },
      "geometry": {
        "type": "LineString",
        "coordinates": [
          [
            12.5727814,
            44.0380467
          ],
          [
            12.5727769,
            44.0379995
          ],
          [
            12.5727731,
            44.0379604
          ],
          [
            12.5727696,
            44.0379238
          ]
        ]
      }
    },
    {
      "type": "Feature",
      "properties": {
        "id": 1368112168,
        "highway": "cycleway",
        "cycleway": "crossing",
        "name": "",
        "surface": "asphalt",
        "lit": ""
      },
      "geometry": {
        "type": "LineString",
        "coordinates": [
          [
            12.5598844,
            44.0570379
          ],
          [
            12.5599209,
            44.0570057
          ]
        ]
      }
    },
    {
      "type": "Feature",
      "properties": {
        "id": 1368112170,
        "highway": "cycleway",
        "cycleway": "",
        "name": "",
        "surface": "",
        "lit": "yes"
      },
      "geometry": {
        "type": "LineString",
        "coordinates": [
          [
            12.553305,
            44.0569949
          ],
          [
            12.5527855,
            44.0570127
          ],
          [
            12.5523175,
            44.0570285
          ],
          [
            12.5521721,
            44.0570334
          ],
          [
            12.5518816,
            44.057045
          ],
          [
            12.5514316,
            44.0570494
          ],
          [
            12.5513704,
            44.0570516
          ],
          [
            12.5513045,
            44.0570718
          ],
          [
            12.550969,
            44.0570877
          ]
        ]
      }
    },
    {
      "type": "Feature",
      "properties": {
        "id": 1368112171,
        "highway": "cycleway",
        "cycleway": "crossing",
        "name": "",
        "surface": "asphalt",
        "lit": "yes"
      },
      "geometry": {
        "type": "LineString",
        "coordinates": [
          [
            12.5534646,
            44.0570056
          ],
          [
            12.553403,
            44.0570015
          ],
          [
            12.553305,
            44.0569949
          ]
        ]
      }
    },
    {
      "type": "Feature",
      "properties": {
        "id": 1368112172,
        "highway": "cycleway",
        "cycleway": "crossing",
        "name": "",
        "surface": "asphalt",
        "lit": "yes"
      },
      "geometry": {
        "type": "LineString",
        "coordinates": [
          [
            12.550969,
            44.0570877
          ],
          [
            12.5509685,
            44.0570502
          ],
          [
            12.5509652,
            44.057028
          ],
          [
            12.5509428,
            44.0569997
          ],
          [
            12.5509154,
            44.056967
          ]
        ]
      }
    },
    {
      "type": "Feature",
      "properties": {
        "id": 1368346909,
        "highway": "cycleway",
        "cycleway": "",
        "name": "",
        "surface": "",
        "lit": ""
      },
      "geometry": {
        "type": "LineString",
        "coordinates": [
          [
            12.5907865,
            44.0594421
          ],
          [
            12.590252,
            44.0591091
          ]
        ]
      }
    },
    {
      "type": "Feature",
      "properties": {
        "id": 1368346910,
        "highway": "cycleway",
        "cycleway": "crossing",
        "name": "",
        "surface": "asphalt",
        "lit": ""
      },
      "geometry": {
        "type": "LineString",
        "coordinates": [
          [
            12.590252,
            44.0591091
          ],
          [
            12.5901902,
            44.0590697
          ],
          [
            12.590117,
            44.0590203
          ]
        ]
      }
    },
    {
      "type": "Feature",
      "properties": {
        "id": 1381479104,
        "highway": "cycleway",
        "cycleway": "",
        "name": "Percorso ciclo-pedonale Cantieri Gentili",
        "surface": "asphalt",
        "lit": ""
      },
      "geometry": {
        "type": "LineString",
        "coordinates": [
          [
            12.5745642,
            44.0751116
          ],
          [
            12.5741922,
            44.0741707
          ]
        ]
      }
    },
    {
      "type": "Feature",
      "properties": {
        "id": 1385502723,
        "highway": "cycleway",
        "cycleway": "",
        "name": "",
        "surface": "",
        "lit": ""
      },
      "geometry": {
        "type": "LineString",
        "coordinates": [
          [
            12.5433103,
            44.0625515
          ],
          [
            12.5432555,
            44.062633
          ],
          [
            12.5431544,
            44.0627644
          ],
          [
            12.5431544,
            44.0627988
          ],
          [
            12.5432005,
            44.06286
          ],
          [
            12.5432857,
            44.062897
          ],
          [
            12.5434177,
            44.0629442
          ],
          [
            12.5434475,
            44.0629823
          ],
          [
            12.5435056,
            44.0630743
          ],
          [
            12.5435359,
            44.063099
          ]
        ]
      }
    },
    {
      "type": "Feature",
      "properties": {
        "id": 1389233509,
        "highway": "cycleway",
        "cycleway": "crossing",
        "name": "",
        "surface": "",
        "lit": ""
      },
      "geometry": {
        "type": "LineString",
        "coordinates": [
          [
            12.5457445,
            44.069372
          ],
          [
            12.5457641,
            44.0693119
          ]
        ]
      }
    },
    {
      "type": "Feature",
      "properties": {
        "id": 1391096808,
        "highway": "cycleway",
        "cycleway": "crossing",
        "name": "",
        "surface": "",
        "lit": ""
      },
      "geometry": {
        "type": "LineString",
        "coordinates": [
          [
            12.5783201,
            44.0584664
          ],
          [
            12.5784011,
            44.0584063
          ],
          [
            12.5784812,
            44.0583468
          ]
        ]
      }
    },
    {
      "type": "Feature",
      "properties": {
        "id": 1391189151,
        "highway": "cycleway",
        "cycleway": "",
        "name": "",
        "surface": "",
        "lit": ""
      },
      "geometry": {
        "type": "LineString",
        "coordinates": [
          [
            12.597881,
            44.0488328
          ],
          [
            12.5979667,
            44.0487536
          ]
        ]
      }
    },
    {
      "type": "Feature",
      "properties": {
        "id": 1391308063,
        "highway": "cycleway",
        "cycleway": "",
        "name": "",
        "surface": "",
        "lit": ""
      },
      "geometry": {
        "type": "LineString",
        "coordinates": [
          [
            12.5957529,
            44.0474469
          ],
          [
            12.5957579,
            44.0474736
          ],
          [
            12.5957834,
            44.0475493
          ]
        ]
      }
    },
    {
      "type": "Feature",
      "properties": {
        "id": 1393476220,
        "highway": "cycleway",
        "cycleway": "",
        "name": "",
        "surface": "",
        "lit": ""
      },
      "geometry": {
        "type": "LineString",
        "coordinates": [
          [
            12.5952376,
            44.0478318
          ],
          [
            12.5956877,
            44.0473673
          ]
        ]
      }
    },
    {
      "type": "Feature",
      "properties": {
        "id": 1395135808,
        "highway": "cycleway",
        "cycleway": "",
        "name": "",
        "surface": "",
        "lit": ""
      },
      "geometry": {
        "type": "LineString",
        "coordinates": [
          [
            12.5757555,
            44.061979
          ],
          [
            12.5758315,
            44.061882
          ],
          [
            12.5759,
            44.0617593
          ],
          [
            12.5759199,
            44.0616926
          ],
          [
            12.5762139,
            44.0613838
          ]
        ]
      }
    },
    {
      "type": "Feature",
      "properties": {
        "id": 1408616326,
        "highway": "cycleway",
        "cycleway": "crossing",
        "name": "",
        "surface": "",
        "lit": ""
      },
      "geometry": {
        "type": "LineString",
        "coordinates": [
          [
            12.514318,
            44.0949202
          ],
          [
            12.5142745,
            44.0949539
          ],
          [
            12.5142255,
            44.0949924
          ]
        ]
      }
    },
    {
      "type": "Feature",
      "properties": {
        "id": 1408616327,
        "highway": "cycleway",
        "cycleway": "crossing",
        "name": "",
        "surface": "",
        "lit": ""
      },
      "geometry": {
        "type": "LineString",
        "coordinates": [
          [
            12.5136882,
            44.0944697
          ],
          [
            12.5136512,
            44.0944959
          ],
          [
            12.513626,
            44.0945137
          ],
          [
            12.5135882,
            44.0945404
          ]
        ]
      }
    },
    {
      "type": "Feature",
      "properties": {
        "id": 1408616328,
        "highway": "cycleway",
        "cycleway": "",
        "name": "",
        "surface": "",
        "lit": ""
      },
      "geometry": {
        "type": "LineString",
        "coordinates": [
          [
            12.513573,
            44.0943189
          ],
          [
            12.5136351,
            44.0944079
          ],
          [
            12.5136882,
            44.0944697
          ],
          [
            12.5143001,
            44.0949094
          ],
          [
            12.514318,
            44.0949202
          ],
          [
            12.5143417,
            44.0949344
          ],
          [
            12.5143625,
            44.0949436
          ],
          [
            12.5144128,
            44.0949518
          ],
          [
            12.5144497,
            44.0949544
          ],
          [
            12.5144953,
            44.0949552
          ],
          [
            12.514539,
            44.0949648
          ],
          [
            12.5145782,
            44.0949824
          ],
          [
            12.5146071,
            44.0950048
          ],
          [
            12.5146323,
            44.09504
          ],
          [
            12.5146404,
            44.0950747
          ],
          [
            12.5146347,
            44.0951097
          ],
          [
            12.5146428,
            44.0951386
          ],
          [
            12.5151189,
            44.0955003
          ],
          [
            12.5151173,
            44.0955621
          ]
        ]
      }
    },
    {
      "type": "Feature",
      "properties": {
        "id": 1408616329,
        "highway": "cycleway",
        "cycleway": "",
        "name": "",
        "surface": "",
        "lit": ""
      },
      "geometry": {
        "type": "LineString",
        "coordinates": [
          [
            12.5132018,
            44.0942544
          ],
          [
            12.5132695,
            44.094304
          ],
          [
            12.5132909,
            44.0943353
          ],
          [
            12.5132976,
            44.0943715
          ],
          [
            12.5132876,
            44.0943902
          ]
        ]
      }
    },
    {
      "type": "Feature",
      "properties": {
        "id": 1408616331,
        "highway": "cycleway",
        "cycleway": "",
        "name": "",
        "surface": "",
        "lit": ""
      },
      "geometry": {
        "type": "LineString",
        "coordinates": [
          [
            12.5150337,
            44.0955701
          ],
          [
            12.5145583,
            44.0952287
          ],
          [
            12.5145194,
            44.0952133
          ],
          [
            12.5144892,
            44.095207
          ],
          [
            12.5144408,
            44.0952009
          ],
          [
            12.5143917,
            44.0951898
          ],
          [
            12.5143491,
            44.0951689
          ],
          [
            12.5143169,
            44.0951398
          ],
          [
            12.5142984,
            44.0951051
          ],
          [
            12.5142946,
            44.0950682
          ],
          [
            12.5142854,
            44.0950471
          ],
          [
            12.5142592,
            44.0950163
          ],
          [
            12.5142255,
            44.0949924
          ],
          [
            12.5135882,
            44.0945404
          ],
          [
            12.5134974,
            44.0944945
          ],
          [
            12.5134519,
            44.0944798
          ],
          [
            12.5133897,
            44.0944784
          ],
          [
            12.5133536,
            44.0944969
          ],
          [
            12.5133207,
            44.0945358
          ],
          [
            12.5133212,
            44.0945558
          ],
          [
            12.5133628,
            44.094585
          ]
        ]
      }
    },
    {
      "type": "Feature",
      "properties": {
        "id": 1408616332,
        "highway": "cycleway",
        "cycleway": "",
        "name": "",
        "surface": "",
        "lit": ""
      },
      "geometry": {
        "type": "LineString",
        "coordinates": [
          [
            12.5151173,
            44.0955621
          ],
          [
            12.5150337,
            44.0955701
          ]
        ]
      }
    },
    {
      "type": "Feature",
      "properties": {
        "id": 1408616333,
        "highway": "tertiary",
        "cycleway": "lane",
        "name": "Via Verenin Grazia",
        "surface": "asphalt",
        "lit": ""
      },
      "geometry": {
        "type": "LineString",
        "coordinates": [
          [
            12.5151173,
            44.0955621
          ],
          [
            12.5188998,
            44.0982917
          ]
        ]
      }
    },
    {
      "type": "Feature",
      "properties": {
        "id": 1409397783,
        "highway": "cycleway",
        "cycleway": "",
        "name": "",
        "surface": "",
        "lit": ""
      },
      "geometry": {
        "type": "LineString",
        "coordinates": [
          [
            12.5490917,
            44.0509666
          ],
          [
            12.5491986,
            44.050948
          ],
          [
            12.5492863,
            44.050948
          ],
          [
            12.5493611,
            44.0509537
          ]
        ]
      }
    },
    {
      "type": "Feature",
      "properties": {
        "id": 1409397784,
        "highway": "cycleway",
        "cycleway": "",
        "name": "",
        "surface": "",
        "lit": ""
      },
      "geometry": {
        "type": "LineString",
        "coordinates": [
          [
            12.5493611,
            44.0509537
          ],
          [
            12.5493571,
            44.0509107
          ],
          [
            12.5493481,
            44.0508828
          ],
          [
            12.5493122,
            44.0508541
          ],
          [
            12.5492516,
            44.0508153
          ]
        ]
      }
    },
    {
      "type": "Feature",
      "properties": {
        "id": 1411751544,
        "highway": "cycleway",
        "cycleway": "",
        "name": "",
        "surface": "",
        "lit": ""
      },
      "geometry": {
        "type": "LineString",
        "coordinates": [
          [
            12.4499245,
            44.0188606
          ],
          [
            12.4498455,
            44.0187981
          ]
        ]
      }
    },
    {
      "type": "Feature",
      "properties": {
        "id": 1412755599,
        "highway": "cycleway",
        "cycleway": "crossing",
        "name": "",
        "surface": "asphalt",
        "lit": ""
      },
      "geometry": {
        "type": "LineString",
        "coordinates": [
          [
            12.5719031,
            44.0388628
          ],
          [
            12.5718633,
            44.0388636
          ],
          [
            12.5717851,
            44.0388651
          ],
          [
            12.5716172,
            44.0388685
          ]
        ]
      }
    },
    {
      "type": "Feature",
      "properties": {
        "id": 1412755600,
        "highway": "cycleway",
        "cycleway": "crossing",
        "name": "",
        "surface": "asphalt",
        "lit": ""
      },
      "geometry": {
        "type": "LineString",
        "coordinates": [
          [
            12.5726512,
            44.0388657
          ],
          [
            12.5725925,
            44.0388638
          ],
          [
            12.5725355,
            44.0388656
          ]
        ]
      }
    },
    {
      "type": "Feature",
      "properties": {
        "id": 1412873001,
        "highway": "cycleway",
        "cycleway": "crossing",
        "name": "",
        "surface": "concrete",
        "lit": "yes"
      },
      "geometry": {
        "type": "LineString",
        "coordinates": [
          [
            12.5837498,
            44.0439826
          ],
          [
            12.5837831,
            44.0440167
          ],
          [
            12.5838148,
            44.0440489
          ]
        ]
      }
    },
    {
      "type": "Feature",
      "properties": {
        "id": 1415336295,
        "highway": "pedestrian",
        "cycleway": "",
        "name": "Viale Tiberio",
        "surface": "asphalt",
        "lit": "yes"
      },
      "geometry": {
        "type": "LineString",
        "coordinates": [
          [
            12.5635591,
            44.0639452
          ],
          [
            12.5635816,
            44.0639184
          ],
          [
            12.5635881,
            44.0639055
          ]
        ]
      }
    },
    {
      "type": "Feature",
      "properties": {
        "id": 1420118618,
        "highway": "cycleway",
        "cycleway": "",
        "name": "",
        "surface": "asphalt",
        "lit": ""
      },
      "geometry": {
        "type": "LineString",
        "coordinates": [
          [
            12.5771924,
            44.0503719
          ],
          [
            12.5770475,
            44.0502671
          ]
        ]
      }
    },
    {
      "type": "Feature",
      "properties": {
        "id": 1420678319,
        "highway": "cycleway",
        "cycleway": "",
        "name": "",
        "surface": "",
        "lit": ""
      },
      "geometry": {
        "type": "LineString",
        "coordinates": [
          [
            12.5366118,
            44.0745902
          ],
          [
            12.535257,
            44.0745129
          ],
          [
            12.5349189,
            44.0744936
          ]
        ]
      }
    },
    {
      "type": "Feature",
      "properties": {
        "id": 1420678320,
        "highway": "cycleway",
        "cycleway": "crossing",
        "name": "",
        "surface": "asphalt",
        "lit": ""
      },
      "geometry": {
        "type": "LineString",
        "coordinates": [
          [
            12.5349189,
            44.0744936
          ],
          [
            12.5348756,
            44.0744911
          ],
          [
            12.534827,
            44.0744725
          ],
          [
            12.5347949,
            44.0744523
          ]
        ]
      }
    },
    {
      "type": "Feature",
      "properties": {
        "id": 1421126080,
        "highway": "cycleway",
        "cycleway": "",
        "name": "",
        "surface": "asphalt",
        "lit": ""
      },
      "geometry": {
        "type": "LineString",
        "coordinates": [
          [
            12.5841028,
            44.0456548
          ],
          [
            12.5838335,
            44.0458247
          ]
        ]
      }
    },
    {
      "type": "Feature",
      "properties": {
        "id": 1421126081,
        "highway": "cycleway",
        "cycleway": "crossing",
        "name": "",
        "surface": "asphalt",
        "lit": ""
      },
      "geometry": {
        "type": "LineString",
        "coordinates": [
          [
            12.5841935,
            44.045597
          ],
          [
            12.5841469,
            44.0456267
          ],
          [
            12.5841028,
            44.0456548
          ]
        ]
      }
    },
    {
      "type": "Feature",
      "properties": {
        "id": 1423241422,
        "highway": "cycleway",
        "cycleway": "crossing",
        "name": "",
        "surface": "",
        "lit": ""
      },
      "geometry": {
        "type": "LineString",
        "coordinates": [
          [
            12.5457445,
            44.069372
          ],
          [
            12.5457352,
            44.0694004
          ]
        ]
      }
    },
    {
      "type": "Feature",
      "properties": {
        "id": 1423241423,
        "highway": "cycleway",
        "cycleway": "",
        "name": "",
        "surface": "",
        "lit": ""
      },
      "geometry": {
        "type": "LineString",
        "coordinates": [
          [
            12.5457352,
            44.0694004
          ],
          [
            12.5455109,
            44.0693568
          ],
          [
            12.5452567,
            44.0693123
          ],
          [
            12.5442699,
            44.0691634
          ],
          [
            12.5442106,
            44.0691547
          ],
          [
            12.5435792,
            44.069062
          ],
          [
            12.5431763,
            44.0690029
          ]
        ]
      }
    },
    {
      "type": "Feature",
      "properties": {
        "id": 1423241424,
        "highway": "cycleway",
        "cycleway": "",
        "name": "",
        "surface": "",
        "lit": ""
      },
      "geometry": {
        "type": "LineString",
        "coordinates": [
          [
            12.543305,
            44.0688727
          ],
          [
            12.545099,
            44.0691515
          ]
        ]
      }
    },
    {
      "type": "Feature",
      "properties": {
        "id": 1423241428,
        "highway": "cycleway",
        "cycleway": "",
        "name": "",
        "surface": "",
        "lit": ""
      },
      "geometry": {
        "type": "LineString",
        "coordinates": [
          [
            12.5428825,
            44.0688095
          ],
          [
            12.5426299,
            44.068779
          ]
        ]
      }
    },
    {
      "type": "Feature",
      "properties": {
        "id": 1423241429,
        "highway": "cycleway",
        "cycleway": "",
        "name": "",
        "surface": "",
        "lit": ""
      },
      "geometry": {
        "type": "LineString",
        "coordinates": [
          [
            12.543006,
            44.0688263
          ],
          [
            12.5432164,
            44.068859
          ],
          [
            12.543305,
            44.0688727
          ]
        ]
      }
    },
    {
      "type": "Feature",
      "properties": {
        "id": 1423241430,
        "highway": "cycleway",
        "cycleway": "",
        "name": "",
        "surface": "",
        "lit": ""
      },
      "geometry": {
        "type": "LineString",
        "coordinates": [
          [
            12.5424071,
            44.0687312
          ],
          [
            12.5423038,
            44.0687419
          ],
          [
            12.5421292,
            44.0687229
          ],
          [
            12.5419637,
            44.0687065
          ],
          [
            12.5416616,
            44.0686925
          ],
          [
            12.5413536,
            44.0686673
          ],
          [
            12.5412554,
            44.0686643
          ],
          [
            12.5407767,
            44.0686331
          ],
          [
            12.5400343,
            44.0685847
          ],
          [
            12.5398712,
            44.0685741
          ]
        ]
      }
    },
    {
      "type": "Feature",
      "properties": {
        "id": 1423241432,
        "highway": "cycleway",
        "cycleway": "",
        "name": "",
        "surface": "",
        "lit": ""
      },
      "geometry": {
        "type": "LineString",
        "coordinates": [
          [
            12.5396387,
            44.0685183
          ],
          [
            12.5390623,
            44.0684886
          ]
        ]
      }
    },
    {
      "type": "Feature",
      "properties": {
        "id": 1423241434,
        "highway": "cycleway",
        "cycleway": "",
        "name": "",
        "surface": "",
        "lit": ""
      },
      "geometry": {
        "type": "LineString",
        "coordinates": [
          [
            12.5387798,
            44.0684738
          ],
          [
            12.5382057,
            44.0684449
          ]
        ]
      }
    },
    {
      "type": "Feature",
      "properties": {
        "id": 1423241436,
        "highway": "cycleway",
        "cycleway": "",
        "name": "",
        "surface": "",
        "lit": ""
      },
      "geometry": {
        "type": "LineString",
        "coordinates": [
          [
            12.5381081,
            44.0684391
          ],
          [
            12.5377981,
            44.0684193
          ],
          [
            12.5377682,
            44.0684168
          ],
          [
            12.5377567,
            44.0684053
          ],
          [
            12.5377418,
            44.0683805
          ],
          [
            12.5377108,
            44.0683632
          ],
          [
            12.537689,
            44.0683401
          ],
          [
            12.5376901,
            44.0682848
          ]
        ]
      }
    },
    {
      "type": "Feature",
      "properties": {
        "id": 1423241437,
        "highway": "cycleway",
        "cycleway": "crossing",
        "name": "",
        "surface": "",
        "lit": ""
      },
      "geometry": {
        "type": "LineString",
        "coordinates": [
          [
            12.5376901,
            44.0682848
          ],
          [
            12.5376394,
            44.0682829
          ],
          [
            12.5375629,
            44.0682799
          ],
          [
            12.5375418,
            44.068279
          ]
        ]
      }
    },
    {
      "type": "Feature",
      "properties": {
        "id": 1423241438,
        "highway": "cycleway",
        "cycleway": "",
        "name": "",
        "surface": "",
        "lit": ""
      },
      "geometry": {
        "type": "LineString",
        "coordinates": [
          [
            12.5347126,
            44.0682646
          ],
          [
            12.5357142,
            44.068319
          ],
          [
            12.5368782,
            44.068376
          ]
        ]
      }
    },
    {
      "type": "Feature",
      "properties": {
        "id": 1423241440,
        "highway": "cycleway",
        "cycleway": "",
        "name": "",
        "surface": "",
        "lit": ""
      },
      "geometry": {
        "type": "LineString",
        "coordinates": [
          [
            12.5369893,
            44.0683807
          ],
          [
            12.5373715,
            44.0683997
          ]
        ]
      }
    },
    {
      "type": "Feature",
      "properties": {
        "id": 1423241441,
        "highway": "cycleway",
        "cycleway": "crossing",
        "name": "",
        "surface": "",
        "lit": ""
      },
      "geometry": {
        "type": "LineString",
        "coordinates": [
          [
            12.5373715,
            44.0683997
          ],
          [
            12.5373814,
            44.0683566
          ],
          [
            12.5373871,
            44.068327
          ]
        ]
      }
    },
    {
      "type": "Feature",
      "properties": {
        "id": 1423241442,
        "highway": "cycleway",
        "cycleway": "",
        "name": "",
        "surface": "",
        "lit": ""
      },
      "geometry": {
        "type": "LineString",
        "coordinates": [
          [
            12.5373871,
            44.068327
          ],
          [
            12.5374607,
            44.0683319
          ],
          [
            12.5375103,
            44.0683314
          ],
          [
            12.5375305,
            44.0683243
          ],
          [
            12.5375411,
            44.0683087
          ],
          [
            12.5375418,
            44.068279
          ]
        ]
      }
    },
    {
      "type": "Feature",
      "properties": {
        "id": 1424332444,
        "highway": "cycleway",
        "cycleway": "",
        "name": "",
        "surface": "asphalt",
        "lit": ""
      },
      "geometry": {
        "type": "LineString",
        "coordinates": [
          [
            12.5744761,
            44.0474241
          ],
          [
            12.5747197,
            44.04739
          ]
        ]
      }
    },
    {
      "type": "Feature",
      "properties": {
        "id": 1424332445,
        "highway": "cycleway",
        "cycleway": "crossing",
        "name": "",
        "surface": "asphalt",
        "lit": ""
      },
      "geometry": {
        "type": "LineString",
        "coordinates": [
          [
            12.5747197,
            44.04739
          ],
          [
            12.5747599,
            44.0473844
          ],
          [
            12.5748035,
            44.0473781
          ]
        ]
      }
    },
    {
      "type": "Feature",
      "properties": {
        "id": 1424332446,
        "highway": "cycleway",
        "cycleway": "crossing",
        "name": "",
        "surface": "asphalt",
        "lit": ""
      },
      "geometry": {
        "type": "LineString",
        "coordinates": [
          [
            12.5754037,
            44.0472913
          ],
          [
            12.5755235,
            44.0472742
          ]
        ]
      }
    },
    {
      "type": "Feature",
      "properties": {
        "id": 1424332447,
        "highway": "cycleway",
        "cycleway": "crossing",
        "name": "",
        "surface": "asphalt",
        "lit": ""
      },
      "geometry": {
        "type": "LineString",
        "coordinates": [
          [
            12.5755235,
            44.0472742
          ],
          [
            12.5755653,
            44.0472682
          ],
          [
            12.5756029,
            44.0472633
          ]
        ]
      }
    },
    {
      "type": "Feature",
      "properties": {
        "id": 1425219716,
        "highway": "cycleway",
        "cycleway": "",
        "name": "",
        "surface": "",
        "lit": ""
      },
      "geometry": {
        "type": "LineString",
        "coordinates": [
          [
            12.5283425,
            44.0779795
          ],
          [
            12.5283252,
            44.0779484
          ],
          [
            12.5282736,
            44.0779509
          ],
          [
            12.5279003,
            44.0779695
          ],
          [
            12.5274209,
            44.0780006
          ]
        ]
      }
    },
    {
      "type": "Feature",
      "properties": {
        "id": 1425219718,
        "highway": "cycleway",
        "cycleway": "",
        "name": "",
        "surface": "",
        "lit": ""
      },
      "geometry": {
        "type": "LineString",
        "coordinates": [
          [
            12.5273205,
            44.0780081
          ],
          [
            12.5271454,
            44.0780767
          ],
          [
            12.5270557,
            44.0781119
          ],
          [
            12.5270263,
            44.0781964
          ],
          [
            12.5270003,
            44.078225
          ],
          [
            12.5266489,
            44.0783537
          ],
          [
            12.5266401,
            44.078361
          ],
          [
            12.5263729,
            44.0785812
          ],
          [
            12.5262985,
            44.0786416
          ],
          [
            12.5262647,
            44.078672
          ],
          [
            12.5262362,
            44.0787124
          ],
          [
            12.5262128,
            44.0788038
          ],
          [
            12.5262223,
            44.0788703
          ],
          [
            12.5262439,
            44.0789592
          ]
        ]
      }
    },
    {
      "type": "Feature",
      "properties": {
        "id": 1425219732,
        "highway": "cycleway",
        "cycleway": "crossing",
        "name": "",
        "surface": "",
        "lit": ""
      },
      "geometry": {
        "type": "LineString",
        "coordinates": [
          [
            12.5262439,
            44.0789592
          ],
          [
            12.5261774,
            44.078981
          ],
          [
            12.5261363,
            44.0789945
          ]
        ]
      }
    },
    {
      "type": "Feature",
      "properties": {
        "id": 1425219735,
        "highway": "cycleway",
        "cycleway": "crossing",
        "name": "",
        "surface": "",
        "lit": ""
      },
      "geometry": {
        "type": "LineString",
        "coordinates": [
          [
            12.5259219,
            44.0793099
          ],
          [
            12.5260102,
            44.0792223
          ],
          [
            12.5260883,
            44.0791449
          ]
        ]
      }
    },
    {
      "type": "Feature",
      "properties": {
        "id": 1425219736,
        "highway": "cycleway",
        "cycleway": "",
        "name": "",
        "surface": "",
        "lit": ""
      },
      "geometry": {
        "type": "LineString",
        "coordinates": [
          [
            12.5260883,
            44.0791449
          ],
          [
            12.5260587,
            44.0790959
          ],
          [
            12.5260248,
            44.0790365
          ],
          [
            12.5261363,
            44.0789945
          ]
        ]
      }
    },
    {
      "type": "Feature",
      "properties": {
        "id": 1425219737,
        "highway": "cycleway",
        "cycleway": "crossing",
        "name": "",
        "surface": "",
        "lit": ""
      },
      "geometry": {
        "type": "LineString",
        "coordinates": [
          [
            12.5266401,
            44.078361
          ],
          [
            12.5265605,
            44.0783143
          ],
          [
            12.5265424,
            44.0783036
          ],
          [
            12.5264907,
            44.0782732
          ]
        ]
      }
    },
    {
      "type": "Feature",
      "properties": {
        "id": 1425743628,
        "highway": "cycleway",
        "cycleway": "",
        "name": "",
        "surface": "",
        "lit": ""
      },
      "geometry": {
        "type": "LineString",
        "coordinates": [
          [
            12.5264907,
            44.0782732
          ],
          [
            12.5264927,
            44.0782515
          ],
          [
            12.5265364,
            44.0781641
          ],
          [
            12.5265364,
            44.0781443
          ],
          [
            12.526526,
            44.0781311
          ],
          [
            12.5257177,
            44.0781691
          ],
          [
            12.5241894,
            44.0776832
          ],
          [
            12.5241377,
            44.0776453
          ],
          [
            12.5241216,
            44.0776172
          ],
          [
            12.524109,
            44.0775859
          ],
          [
            12.5241067,
            44.0775388
          ],
          [
            12.524109,
            44.0774926
          ],
          [
            12.5241182,
            44.0774679
          ],
          [
            12.52414,
            44.0774308
          ]
        ]
      }
    },
    {
      "type": "Feature",
      "properties": {
        "id": 1425743629,
        "highway": "cycleway",
        "cycleway": "crossing",
        "name": "",
        "surface": "",
        "lit": ""
      },
      "geometry": {
        "type": "LineString",
        "coordinates": [
          [
            12.52414,
            44.0774308
          ],
          [
            12.5240938,
            44.0774129
          ],
          [
            12.5240387,
            44.0773931
          ]
        ]
      }
    },
    {
      "type": "Feature",
      "properties": {
        "id": 1425743630,
        "highway": "cycleway",
        "cycleway": "",
        "name": "",
        "surface": "",
        "lit": ""
      },
      "geometry": {
        "type": "LineString",
        "coordinates": [
          [
            12.5228955,
            44.0772457
          ],
          [
            12.5229262,
            44.0772185
          ],
          [
            12.5233961,
            44.0774729
          ],
          [
            12.5234072,
            44.0774755
          ],
          [
            12.5235097,
            44.0774994
          ],
          [
            12.5236044,
            44.077513
          ],
          [
            12.523735,
            44.0775044
          ],
          [
            12.5238446,
            44.0774879
          ],
          [
            12.5239254,
            44.0774679
          ],
          [
            12.5239752,
            44.0774492
          ],
          [
            12.5240191,
            44.0774156
          ],
          [
            12.5240387,
            44.0773931
          ]
        ]
      }
    },
    {
      "type": "Feature",
      "properties": {
        "id": 1425743631,
        "highway": "cycleway",
        "cycleway": "crossing",
        "name": "",
        "surface": "",
        "lit": ""
      },
      "geometry": {
        "type": "LineString",
        "coordinates": [
          [
            12.5234072,
            44.0774755
          ],
          [
            12.5233375,
            44.0775357
          ],
          [
            12.5232668,
            44.0775967
          ],
          [
            12.5232297,
            44.0776287
          ]
        ]
      }
    },
    {
      "type": "Feature",
      "properties": {
        "id": 1425743632,
        "highway": "cycleway",
        "cycleway": "",
        "name": "",
        "surface": "",
        "lit": ""
      },
      "geometry": {
        "type": "LineString",
        "coordinates": [
          [
            12.5228955,
            44.0772457
          ],
          [
            12.5224342,
            44.0769803
          ],
          [
            12.5219504,
            44.0767036
          ],
          [
            12.5215861,
            44.0764922
          ],
          [
            12.5212426,
            44.076292
          ],
          [
            12.5205832,
            44.0759142
          ],
          [
            12.5203194,
            44.0757606
          ],
          [
            12.5198804,
            44.075505
          ],
          [
            12.5191605,
            44.075095
          ],
          [
            12.5184968,
            44.0747263
          ],
          [
            12.5184276,
            44.0746855
          ],
          [
            12.5183234,
            44.074624
          ]
        ]
      }
    },
    {
      "type": "Feature",
      "properties": {
        "id": 1425743634,
        "highway": "cycleway",
        "cycleway": "",
        "name": "",
        "surface": "",
        "lit": ""
      },
      "geometry": {
        "type": "LineString",
        "coordinates": [
          [
            12.5181856,
            44.0745407
          ],
          [
            12.5175839,
            44.0741975
          ]
        ]
      }
    },
    {
      "type": "Feature",
      "properties": {
        "id": 1425743635,
        "highway": "cycleway",
        "cycleway": "crossing",
        "name": "",
        "surface": "asphalt",
        "lit": ""
      },
      "geometry": {
        "type": "LineString",
        "coordinates": [
          [
            12.5155108,
            44.0729666
          ],
          [
            12.5155487,
            44.0729381
          ],
          [
            12.5156422,
            44.0728679
          ],
          [
            12.5156746,
            44.0728435
          ]
        ]
      }
    },
    {
      "type": "Feature",
      "properties": {
        "id": 1425743636,
        "highway": "cycleway",
        "cycleway": "crossing",
        "name": "",
        "surface": "",
        "lit": ""
      },
      "geometry": {
        "type": "LineString",
        "coordinates": [
          [
            12.5170066,
            44.0739668
          ],
          [
            12.5170801,
            44.0739133
          ],
          [
            12.5171237,
            44.0738815
          ]
        ]
      }
    },
    {
      "type": "Feature",
      "properties": {
        "id": 1425743637,
        "highway": "cycleway",
        "cycleway": "",
        "name": "",
        "surface": "asphalt",
        "lit": ""
      },
      "geometry": {
        "type": "LineString",
        "coordinates": [
          [
            12.5171237,
            44.0738815
          ],
          [
            12.5171667,
            44.073912
          ],
          [
            12.5175839,
            44.0741975
          ]
        ]
      }
    },
    {
      "type": "Feature",
      "properties": {
        "id": 1425743638,
        "highway": "cycleway",
        "cycleway": "",
        "name": "",
        "surface": "",
        "lit": ""
      },
      "geometry": {
        "type": "LineString",
        "coordinates": [
          [
            12.5232297,
            44.0776287
          ],
          [
            12.5227644,
            44.0773605
          ],
          [
            12.5221864,
            44.0770317
          ],
          [
            12.52141,
            44.0765861
          ],
          [
            12.5207209,
            44.076187
          ],
          [
            12.5199631,
            44.0757537
          ],
          [
            12.5195576,
            44.0755223
          ],
          [
            12.5189909,
            44.0751988
          ],
          [
            12.5180439,
            44.0746515
          ],
          [
            12.5176568,
            44.0744296
          ],
          [
            12.5176337,
            44.0744163
          ],
          [
            12.5175841,
            44.0743879
          ],
          [
            12.5174157,
            44.0742913
          ],
          [
            12.5173526,
            44.0742559
          ],
          [
            12.5171789,
            44.0741583
          ],
          [
            12.5167239,
            44.0738305
          ],
          [
            12.5166298,
            44.0737626
          ]
        ]
      }
    },
    {
      "type": "Feature",
      "properties": {
        "id": 1425743639,
        "highway": "cycleway",
        "cycleway": "",
        "name": "",
        "surface": "",
        "lit": ""
      },
      "geometry": {
        "type": "LineString",
        "coordinates": [
          [
            12.5165106,
            44.0736766
          ],
          [
            12.5163562,
            44.0735653
          ],
          [
            12.5158659,
            44.0732248
          ],
          [
            12.5155108,
            44.0729666
          ]
        ]
      }
    },
    {
      "type": "Feature",
      "properties": {
        "id": 1425743657,
        "highway": "cycleway",
        "cycleway": "",
        "name": "",
        "surface": "",
        "lit": ""
      },
      "geometry": {
        "type": "LineString",
        "coordinates": [
          [
            12.5131522,
            44.0725196
          ],
          [
            12.5132354,
            44.0729114
          ],
          [
            12.513292,
            44.0731706
          ],
          [
            12.5133134,
            44.0732686
          ]
        ]
      }
    },
    {
      "type": "Feature",
      "properties": {
        "id": 1425743659,
        "highway": "cycleway",
        "cycleway": "",
        "name": "",
        "surface": "",
        "lit": ""
      },
      "geometry": {
        "type": "LineString",
        "coordinates": [
          [
            12.5133262,
            44.0733363
          ],
          [
            12.5133088,
            44.0733781
          ],
          [
            12.5133367,
            44.0735471
          ],
          [
            12.513374,
            44.0735697
          ],
          [
            12.5134264,
            44.0738332
          ],
          [
            12.5134427,
            44.0739118
          ],
          [
            12.5134392,
            44.0739444
          ],
          [
            12.5134171,
            44.0739829
          ],
          [
            12.513374,
            44.074023
          ],
          [
            12.5128244,
            44.0742246
          ]
        ]
      }
    },
    {
      "type": "Feature",
      "properties": {
        "id": 1425743661,
        "highway": "cycleway",
        "cycleway": "",
        "name": "",
        "surface": "",
        "lit": ""
      },
      "geometry": {
        "type": "LineString",
        "coordinates": [
          [
            12.5127246,
            44.0742626
          ],
          [
            12.5124158,
            44.0743844
          ],
          [
            12.5123576,
            44.0743852
          ],
          [
            12.5121352,
            44.0744613
          ],
          [
            12.5120747,
            44.0744664
          ],
          [
            12.5120211,
            44.0744572
          ],
          [
            12.5119908,
            44.0744321
          ],
          [
            12.5119652,
            44.0743969
          ],
          [
            12.5118988,
            44.0741
          ],
          [
            12.5119163,
            44.0739979
          ],
          [
            12.5119175,
            44.0738984
          ],
          [
            12.5118884,
            44.0736985
          ],
          [
            12.5118977,
            44.0736726
          ],
          [
            12.5119198,
            44.07365
          ],
          [
            12.5119757,
            44.0736199
          ],
          [
            12.5121061,
            44.0735864
          ],
          [
            12.5121969,
            44.0735463
          ],
          [
            12.512311,
            44.0734927
          ],
          [
            12.5123855,
            44.0734542
          ],
          [
            12.5125916,
            44.0733087
          ],
          [
            12.5126882,
            44.0732702
          ],
          [
            12.5127651,
            44.0732411
          ],
          [
            12.5127767,
            44.0732368
          ],
          [
            12.5129397,
            44.0732117
          ],
          [
            12.513292,
            44.0731706
          ]
        ]
      }
    },
    {
      "type": "Feature",
      "properties": {
        "id": 1427316263,
        "highway": "cycleway",
        "cycleway": "",
        "name": "Devizione ciclabile del Marecchia",
        "surface": "",
        "lit": ""
      },
      "geometry": {
        "type": "LineString",
        "coordinates": [
          [
            12.4660229,
            44.0494408
          ],
          [
            12.4661747,
            44.0493523
          ],
          [
            12.4663292,
            44.0491303
          ],
          [
            12.4667114,
            44.0491799
          ],
          [
            12.4669472,
            44.0493027
          ],
          [
            12.46737,
            44.0495861
          ],
          [
            12.4679269,
            44.0498169
          ],
          [
            12.4684392,
            44.0499659
          ],
          [
            12.4687116,
            44.0500788
          ]
        ]
      }
    },
    {
      "type": "Feature",
      "properties": {
        "id": 1432760468,
        "highway": "cycleway",
        "cycleway": "",
        "name": "",
        "surface": "asphalt",
        "lit": "yes"
      },
      "geometry": {
        "type": "LineString",
        "coordinates": [
          [
            12.5704964,
            44.0423385
          ],
          [
            12.5706046,
            44.0422589
          ]
        ]
      }
    },
    {
      "type": "Feature",
      "properties": {
        "id": 1432776842,
        "highway": "cycleway",
        "cycleway": "",
        "name": "",
        "surface": "asphalt",
        "lit": "yes"
      },
      "geometry": {
        "type": "LineString",
        "coordinates": [
          [
            12.5701081,
            44.0426171
          ],
          [
            12.5702372,
            44.0425578
          ],
          [
            12.5703203,
            44.0425013
          ],
          [
            12.5703511,
            44.0424789
          ],
          [
            12.5704964,
            44.0423385
          ]
        ]
      }
    },
    {
      "type": "Feature",
      "properties": {
        "id": 1433557059,
        "highway": "cycleway",
        "cycleway": "",
        "name": "",
        "surface": "",
        "lit": ""
      },
      "geometry": {
        "type": "LineString",
        "coordinates": [
          [
            12.6002494,
            44.0400602
          ],
          [
            12.6004243,
            44.0401503
          ],
          [
            12.6003902,
            44.0401843
          ],
          [
            12.6003683,
            44.040206
          ],
          [
            12.6003185,
            44.0401771
          ]
        ]
      }
    },
    {
      "type": "Feature",
      "properties": {
        "id": 1433557060,
        "highway": "cycleway",
        "cycleway": "",
        "name": "",
        "surface": "",
        "lit": ""
      },
      "geometry": {
        "type": "LineString",
        "coordinates": [
          [
            12.6002371,
            44.0402539
          ],
          [
            12.600219,
            44.0402702
          ]
        ]
      }
    },
    {
      "type": "Feature",
      "properties": {
        "id": 1433557061,
        "highway": "cycleway",
        "cycleway": "",
        "name": "",
        "surface": "asphalt",
        "lit": ""
      },
      "geometry": {
        "type": "LineString",
        "coordinates": [
          [
            12.600219,
            44.0402702
          ],
          [
            12.600305,
            44.0403157
          ],
          [
            12.5999805,
            44.0406225
          ]
        ]
      }
    },
    {
      "type": "Feature",
      "properties": {
        "id": 1433557062,
        "highway": "cycleway",
        "cycleway": "",
        "name": "",
        "surface": "",
        "lit": ""
      },
      "geometry": {
        "type": "LineString",
        "coordinates": [
          [
            12.6002371,
            44.0402539
          ],
          [
            12.6002743,
            44.0402188
          ],
          [
            12.6003185,
            44.0401771
          ]
        ]
      }
    },
    {
      "type": "Feature",
      "properties": {
        "id": 1433558250,
        "highway": "cycleway",
        "cycleway": "",
        "name": "",
        "surface": "",
        "lit": ""
      },
      "geometry": {
        "type": "LineString",
        "coordinates": [
          [
            12.600219,
            44.0402702
          ],
          [
            12.6000759,
            44.0401852
          ],
          [
            12.6000935,
            44.0401712
          ],
          [
            12.6000606,
            44.0401564
          ],
          [
            12.6000416,
            44.0401517
          ],
          [
            12.5999997,
            44.0401431
          ],
          [
            12.5999736,
            44.0401404
          ],
          [
            12.5999446,
            44.0401417
          ],
          [
            12.5999155,
            44.0401438
          ],
          [
            12.5998922,
            44.0401493
          ],
          [
            12.5998642,
            44.0401571
          ],
          [
            12.5998423,
            44.0401684
          ],
          [
            12.5998237,
            44.0401797
          ],
          [
            12.599736,
            44.0402501
          ]
        ]
      }
    },
    {
      "type": "Feature",
      "properties": {
        "id": 1433558252,
        "highway": "cycleway",
        "cycleway": "",
        "name": "",
        "surface": "",
        "lit": ""
      },
      "geometry": {
        "type": "LineString",
        "coordinates": [
          [
            12.600572,
            44.0402888
          ],
          [
            12.6010093,
            44.0405439
          ]
        ]
      }
    },
    {
      "type": "Feature",
      "properties": {
        "id": 1433558253,
        "highway": "footway",
        "cycleway": "",
        "name": "",
        "surface": "",
        "lit": ""
      },
      "geometry": {
        "type": "LineString",
        "coordinates": [
          [
            12.6010093,
            44.0405439
          ],
          [
            12.6010312,
            44.0405234
          ],
          [
            12.6010359,
            44.0405172
          ],
          [
            12.6010369,
            44.0405104
          ],
          [
            12.6010331,
            44.0405029
          ],
          [
            12.6010212,
            44.040493
          ],
          [
            12.600602,
            44.040256
          ],
          [
            12.6005696,
            44.0402876
          ]
        ]
      }
    },
    {
      "type": "Feature",
      "properties": {
        "id": 1433752545,
        "highway": "cycleway",
        "cycleway": "",
        "name": "",
        "surface": "asphalt",
        "lit": "yes"
      },
      "geometry": {
        "type": "LineString",
        "coordinates": [
          [
            12.5580811,
            44.0748057
          ],
          [
            12.5575832,
            44.0751375
          ],
          [
            12.5573328,
            44.0753038
          ],
          [
            12.5572251,
            44.075364
          ],
          [
            12.5569962,
            44.0755244
          ]
        ]
      }
    },
    {
      "type": "Feature",
      "properties": {
        "id": 1433752546,
        "highway": "cycleway",
        "cycleway": "",
        "name": "",
        "surface": "asphalt",
        "lit": "yes"
      },
      "geometry": {
        "type": "LineString",
        "coordinates": [
          [
            12.5582018,
            44.0747334
          ],
          [
            12.5581589,
            44.0747324
          ],
          [
            12.5580905,
            44.0747768
          ],
          [
            12.5580811,
            44.0748057
          ]
        ]
      }
    },
    {
      "type": "Feature",
      "properties": {
        "id": 1433752547,
        "highway": "cycleway",
        "cycleway": "",
        "name": "",
        "surface": "asphalt",
        "lit": "yes"
      },
      "geometry": {
        "type": "LineString",
        "coordinates": [
          [
            12.5568795,
            44.0755957
          ],
          [
            12.5566368,
            44.0757653
          ]
        ]
      }
    },
    {
      "type": "Feature",
      "properties": {
        "id": 1433752548,
        "highway": "cycleway",
        "cycleway": "",
        "name": "",
        "surface": "asphalt",
        "lit": "yes"
      },
      "geometry": {
        "type": "LineString",
        "coordinates": [
          [
            12.5569962,
            44.0755244
          ],
          [
            12.5569613,
            44.0755235
          ],
          [
            12.5568862,
            44.0755688
          ],
          [
            12.5568795,
            44.0755957
          ]
        ]
      }
    },
    {
      "type": "Feature",
      "properties": {
        "id": 1433752549,
        "highway": "cycleway",
        "cycleway": "",
        "name": "",
        "surface": "asphalt",
        "lit": "yes"
      },
      "geometry": {
        "type": "LineString",
        "coordinates": [
          [
            12.5564571,
            44.075879
          ],
          [
            12.5562252,
            44.0760342
          ],
          [
            12.5557543,
            44.0763511
          ]
        ]
      }
    },
    {
      "type": "Feature",
      "properties": {
        "id": 1433752550,
        "highway": "cycleway",
        "cycleway": "",
        "name": "",
        "surface": "asphalt",
        "lit": "yes"
      },
      "geometry": {
        "type": "LineString",
        "coordinates": [
          [
            12.5566368,
            44.0757653
          ],
          [
            12.5566073,
            44.0757653
          ],
          [
            12.5564638,
            44.0758617
          ],
          [
            12.5564571,
            44.075879
          ]
        ]
      }
    },
    {
      "type": "Feature",
      "properties": {
        "id": 1433752551,
        "highway": "cycleway",
        "cycleway": "",
        "name": "",
        "surface": "asphalt",
        "lit": "yes"
      },
      "geometry": {
        "type": "LineString",
        "coordinates": [
          [
            12.5556175,
            44.0764311
          ],
          [
            12.5551848,
            44.0767275
          ],
          [
            12.5547096,
            44.0770362
          ],
          [
            12.5546318,
            44.0770872
          ]
        ]
      }
    },
    {
      "type": "Feature",
      "properties": {
        "id": 1433752552,
        "highway": "cycleway",
        "cycleway": "",
        "name": "",
        "surface": "asphalt",
        "lit": "yes"
      },
      "geometry": {
        "type": "LineString",
        "coordinates": [
          [
            12.5557543,
            44.0763511
          ],
          [
            12.5557289,
            44.0763472
          ],
          [
            12.5556229,
            44.0764137
          ],
          [
            12.5556175,
            44.0764311
          ]
        ]
      }
    },
    {
      "type": "Feature",
      "properties": {
        "id": 1433752553,
        "highway": "cycleway",
        "cycleway": "",
        "name": "",
        "surface": "asphalt",
        "lit": "yes"
      },
      "geometry": {
        "type": "LineString",
        "coordinates": [
          [
            12.5544548,
            44.0772115
          ],
          [
            12.5542317,
            44.0773583
          ],
          [
            12.5535147,
            44.0778474
          ],
          [
            12.5534049,
            44.0779182
          ],
          [
            12.55306,
            44.0781509
          ],
          [
            12.553001,
            44.0781872
          ],
          [
            12.5529018,
            44.0782568
          ]
        ]
      }
    },
    {
      "type": "Feature",
      "properties": {
        "id": 1433752554,
        "highway": "cycleway",
        "cycleway": "",
        "name": "",
        "surface": "asphalt",
        "lit": "yes"
      },
      "geometry": {
        "type": "LineString",
        "coordinates": [
          [
            12.5546318,
            44.0770872
          ],
          [
            12.5545768,
            44.0771074
          ],
          [
            12.554487,
            44.0771691
          ],
          [
            12.5544548,
            44.0772115
          ]
        ]
      }
    },
    {
      "type": "Feature",
      "properties": {
        "id": 1433752555,
        "highway": "cycleway",
        "cycleway": "",
        "name": "",
        "surface": "asphalt",
        "lit": "yes"
      },
      "geometry": {
        "type": "LineString",
        "coordinates": [
          [
            12.5527328,
            44.0783551
          ],
          [
            12.5526942,
            44.0783822
          ],
          [
            12.5526515,
            44.0784121
          ]
        ]
      }
    },
    {
      "type": "Feature",
      "properties": {
        "id": 1433752556,
        "highway": "cycleway",
        "cycleway": "",
        "name": "",
        "surface": "asphalt",
        "lit": "yes"
      },
      "geometry": {
        "type": "LineString",
        "coordinates": [
          [
            12.5529018,
            44.0782568
          ],
          [
            12.5528696,
            44.0782491
          ],
          [
            12.5527395,
            44.078331
          ],
          [
            12.5527328,
            44.0783551
          ]
        ]
      }
    },
    {
      "type": "Feature",
      "properties": {
        "id": 1446787899,
        "highway": "cycleway",
        "cycleway": "",
        "name": "",
        "surface": "",
        "lit": ""
      },
      "geometry": {
        "type": "LineString",
        "coordinates": [
          [
            12.6075734,
            44.0441732
          ],
          [
            12.6076055,
            44.0440883
          ],
          [
            12.607694,
            44.0439032
          ],
          [
            12.6077852,
            44.043749
          ],
          [
            12.6078925,
            44.0436333
          ],
          [
            12.6080587,
            44.0435157
          ],
          [
            12.6081638,
            44.0434629
          ],
          [
            12.6083243,
            44.0433884
          ],
          [
            12.6084745,
            44.0433383
          ],
          [
            12.6085764,
            44.0432882
          ],
          [
            12.6090995,
            44.0428162
          ],
          [
            12.6107557,
            44.0414155
          ],
          [
            12.6108161,
            44.0413447
          ],
          [
            12.6109032,
            44.041231
          ],
          [
            12.6110816,
            44.041069
          ],
          [
            12.6112224,
            44.0409437
          ],
          [
            12.611378,
            44.0408135
          ],
          [
            12.6115188,
            44.0406786
          ],
          [
            12.6116055,
            44.0405861
          ],
          [
            12.6116931,
            44.0404655
          ],
          [
            12.6117615,
            44.0403392
          ],
          [
            12.6118326,
            44.0402139
          ],
          [
            12.611956,
            44.0400963
          ],
          [
            12.6120047,
            44.0400517
          ],
          [
            12.6125489,
            44.0396117
          ],
          [
            12.6130917,
            44.0391755
          ],
          [
            12.6135576,
            44.0387752
          ],
          [
            12.6140609,
            44.0383732
          ],
          [
            12.6144765,
            44.0380348
          ],
          [
            12.6149729,
            44.0376332
          ],
          [
            12.6153177,
            44.0374717
          ]
        ]
      }
    },
    {
      "type": "Feature",
      "properties": {
        "id": 1446787900,
        "highway": "cycleway",
        "cycleway": "",
        "name": "",
        "surface": "",
        "lit": "yes"
      },
      "geometry": {
        "type": "LineString",
        "coordinates": [
          [
            12.6025195,
            44.0487095
          ],
          [
            12.6026697,
            44.0486555
          ],
          [
            12.6026914,
            44.0486372
          ],
          [
            12.6034743,
            44.0479769
          ],
          [
            12.603469,
            44.0478855
          ],
          [
            12.6048858,
            44.0466547
          ],
          [
            12.6053774,
            44.0462276
          ],
          [
            12.6058673,
            44.045802
          ],
          [
            12.6058861,
            44.0457857
          ],
          [
            12.6062769,
            44.045446
          ],
          [
            12.6067962,
            44.044995
          ],
          [
            12.6074767,
            44.0443964
          ],
          [
            12.607631,
            44.0442302
          ],
          [
            12.6075734,
            44.0441732
          ]
        ]
      }
    },
    {
      "type": "Feature",
      "properties": {
        "id": 1446790077,
        "highway": "cycleway",
        "cycleway": "",
        "name": "Lungomare Guido Spadazzi",
        "surface": "",
        "lit": ""
      },
      "geometry": {
        "type": "LineString",
        "coordinates": [
          [
            12.6181564,
            44.035087
          ],
          [
            12.6181948,
            44.0349981
          ],
          [
            12.6182424,
            44.0349175
          ],
          [
            12.6182833,
            44.0348583
          ],
          [
            12.618345,
            44.0347879
          ],
          [
            12.6184885,
            44.034597
          ],
          [
            12.6186641,
            44.0344747
          ],
          [
            12.6189016,
            44.0343001
          ],
          [
            12.6191524,
            44.0340619
          ],
          [
            12.6194091,
            44.0338578
          ],
          [
            12.6197284,
            44.0335966
          ],
          [
            12.6202583,
            44.0331631
          ],
          [
            12.6206557,
            44.0328365
          ],
          [
            12.620843,
            44.0327412
          ],
          [
            12.6208824,
            44.0327121
          ],
          [
            12.6209776,
            44.0325829
          ],
          [
            12.6214071,
            44.0322349
          ],
          [
            12.6215838,
            44.0320728
          ],
          [
            12.6220042,
            44.0317472
          ],
          [
            12.6223895,
            44.0314348
          ],
          [
            12.6230328,
            44.0309372
          ],
          [
            12.6232691,
            44.030779
          ]
        ]
      }
    },
    {
      "type": "Feature",
      "properties": {
        "id": 1449381860,
        "highway": "footway",
        "cycleway": "",
        "name": "",
        "surface": "fine_gravel",
        "lit": ""
      },
      "geometry": {
        "type": "LineString",
        "coordinates": [
          [
            12.5317477,
            44.0802712
          ],
          [
            12.5317564,
            44.0802654
          ],
          [
            12.5318546,
            44.0801994
          ],
          [
            12.5322363,
            44.0799969
          ],
          [
            12.5327809,
            44.0799905
          ]
        ]
      }
    },
    {
      "type": "Feature",
      "properties": {
        "id": 1449381861,
        "highway": "footway",
        "cycleway": "",
        "name": "",
        "surface": "fine_gravel",
        "lit": ""
      },
      "geometry": {
        "type": "LineString",
        "coordinates": [
          [
            12.5316708,
            44.0803241
          ],
          [
            12.5317091,
            44.0802978
          ],
          [
            12.5317477,
            44.0802712
          ]
        ]
      }
    },
    {
      "type": "Feature",
      "properties": {
        "id": 1449381865,
        "highway": "footway",
        "cycleway": "",
        "name": "",
        "surface": "asphalt",
        "lit": "yes"
      },
      "geometry": {
        "type": "LineString",
        "coordinates": [
          [
            12.5321784,
            44.0809026
          ],
          [
            12.5321791,
            44.0810102
          ],
          [
            12.5321465,
            44.0810646
          ],
          [
            12.5313524,
            44.0810766
          ],
          [
            12.5311656,
            44.0810791
          ],
          [
            12.5309099,
            44.081153
          ],
          [
            12.5306817,
            44.0812905
          ],
          [
            12.5306178,
            44.0813185
          ],
          [
            12.5305459,
            44.0813223
          ],
          [
            12.5304737,
            44.081297
          ],
          [
            12.5304228,
            44.0812565
          ],
          [
            12.5303774,
            44.0812859
          ],
          [
            12.5303279,
            44.0813177
          ],
          [
            12.5303889,
            44.0813816
          ],
          [
            12.5303988,
            44.0814424
          ],
          [
            12.5303718,
            44.081487
          ],
          [
            12.529808,
            44.0818725
          ],
          [
            12.5298442,
            44.0818907
          ],
          [
            12.5298938,
            44.0819284
          ],
          [
            12.5299099,
            44.0819784
          ],
          [
            12.5299126,
            44.0820536
          ],
          [
            12.529875,
            44.0821268
          ],
          [
            12.5298241,
            44.0821499
          ]
        ]
      }
    },
    {
      "type": "Feature",
      "properties": {
        "id": 1449381866,
        "highway": "cycleway",
        "cycleway": "crossing",
        "name": "",
        "surface": "asphalt",
        "lit": "yes"
      },
      "geometry": {
        "type": "LineString",
        "coordinates": [
          [
            12.5323051,
            44.0809041
          ],
          [
            12.5322433,
            44.0809034
          ],
          [
            12.5321784,
            44.0809026
          ]
        ]
      }
    },
    {
      "type": "Feature",
      "properties": {
        "id": 1449381867,
        "highway": "footway",
        "cycleway": "",
        "name": "",
        "surface": "asphalt",
        "lit": "yes"
      },
      "geometry": {
        "type": "LineString",
        "coordinates": [
          [
            12.5342291,
            44.0802063
          ],
          [
            12.5341861,
            44.0802365
          ],
          [
            12.5341893,
            44.0805008
          ],
          [
            12.5338108,
            44.0807302
          ],
          [
            12.5336239,
            44.0808385
          ],
          [
            12.5335255,
            44.0808676
          ],
          [
            12.53337,
            44.0809014
          ],
          [
            12.5333094,
            44.0809469
          ],
          [
            12.5332157,
            44.081036
          ],
          [
            12.5331532,
            44.0810599
          ],
          [
            12.5330597,
            44.0810776
          ],
          [
            12.5324618,
            44.0810787
          ],
          [
            12.5323868,
            44.0810647
          ],
          [
            12.5323366,
            44.0810369
          ],
          [
            12.532309,
            44.0810033
          ],
          [
            12.5323051,
            44.0809041
          ]
        ]
      }
    },
    {
      "type": "Feature",
      "properties": {
        "id": 1449381868,
        "highway": "footway",
        "cycleway": "",
        "name": "",
        "surface": "asphalt",
        "lit": "yes"
      },
      "geometry": {
        "type": "LineString",
        "coordinates": [
          [
            12.5343304,
            44.0801351
          ],
          [
            12.5342793,
            44.080171
          ],
          [
            12.5342291,
            44.0802063
          ]
        ]
      }
    },
    {
      "type": "Feature",
      "properties": {
        "id": 1449381870,
        "highway": "cycleway",
        "cycleway": "crossing",
        "name": "",
        "surface": "",
        "lit": ""
      },
      "geometry": {
        "type": "LineString",
        "coordinates": [
          [
            12.5338805,
            44.0807769
          ],
          [
            12.5339005,
            44.0807903
          ],
          [
            12.5339403,
            44.0808171
          ]
        ]
      }
    },
    {
      "type": "Feature",
      "properties": {
        "id": 1449381871,
        "highway": "cycleway",
        "cycleway": "crossing",
        "name": "",
        "surface": "",
        "lit": ""
      },
      "geometry": {
        "type": "LineString",
        "coordinates": [
          [
            12.5330597,
            44.0810776
          ],
          [
            12.5330623,
            44.081122
          ],
          [
            12.5330652,
            44.0811599
          ]
        ]
      }
    },
    {
      "type": "Feature",
      "properties": {
        "id": 1449382500,
        "highway": "cycleway",
        "cycleway": "crossing",
        "name": "",
        "surface": "",
        "lit": ""
      },
      "geometry": {
        "type": "LineString",
        "coordinates": [
          [
            12.5701395,
            44.0655678
          ],
          [
            12.5700955,
            44.0655397
          ],
          [
            12.5700389,
            44.0655036
          ],
          [
            12.5700026,
            44.0654804
          ]
        ]
      }
    },
    {
      "type": "Feature",
      "properties": {
        "id": 1449382501,
        "highway": "cycleway",
        "cycleway": "",
        "name": "",
        "surface": "",
        "lit": ""
      },
      "geometry": {
        "type": "LineString",
        "coordinates": [
          [
            12.5700026,
            44.0654804
          ],
          [
            12.569276,
            44.0661149
          ]
        ]
      }
    },
    {
      "type": "Feature",
      "properties": {
        "id": 1449382502,
        "highway": "cycleway",
        "cycleway": "crossing",
        "name": "",
        "surface": "",
        "lit": ""
      },
      "geometry": {
        "type": "LineString",
        "coordinates": [
          [
            12.571453,
            44.0648476
          ],
          [
            12.5713943,
            44.064779
          ],
          [
            12.5713108,
            44.0646815
          ],
          [
            12.5712679,
            44.0646314
          ]
        ]
      }
    },
    {
      "type": "Feature",
      "properties": {
        "id": 1449671447,
        "highway": "cycleway",
        "cycleway": "crossing",
        "name": "",
        "surface": "asphalt",
        "lit": ""
      },
      "geometry": {
        "type": "LineString",
        "coordinates": [
          [
            12.5132876,
            44.0943902
          ],
          [
            12.5133305,
            44.0944272
          ],
          [
            12.5133667,
            44.0944585
          ],
          [
            12.5133897,
            44.0944784
          ]
        ]
      }
    },
    {
      "type": "Feature",
      "properties": {
        "id": 1449671449,
        "highway": "cycleway",
        "cycleway": "crossing",
        "name": "",
        "surface": "",
        "lit": ""
      },
      "geometry": {
        "type": "LineString",
        "coordinates": [
          [
            12.5132018,
            44.0942544
          ],
          [
            12.513243,
            44.0942204
          ],
          [
            12.5132876,
            44.0941836
          ]
        ]
      }
    },
    {
      "type": "Feature",
      "properties": {
        "id": 1449671450,
        "highway": "cycleway",
        "cycleway": "",
        "name": "",
        "surface": "",
        "lit": ""
      },
      "geometry": {
        "type": "LineString",
        "coordinates": [
          [
            12.5132876,
            44.0941836
          ],
          [
            12.5133988,
            44.0942525
          ],
          [
            12.5134306,
            44.0942578
          ],
          [
            12.5134535,
            44.0942373
          ]
        ]
      }
    },
    {
      "type": "Feature",
      "properties": {
        "id": 1449671451,
        "highway": "cycleway",
        "cycleway": "crossing",
        "name": "",
        "surface": "",
        "lit": ""
      },
      "geometry": {
        "type": "LineString",
        "coordinates": [
          [
            12.5134535,
            44.0942373
          ],
          [
            12.5134863,
            44.0942607
          ],
          [
            12.513573,
            44.0943189
          ]
        ]
      }
    },
    {
      "type": "Feature",
      "properties": {
        "id": 1449917518,
        "highway": "cycleway",
        "cycleway": "crossing",
        "name": "",
        "surface": "asphalt",
        "lit": ""
      },
      "geometry": {
        "type": "LineString",
        "coordinates": [
          [
            12.5695461,
            44.0677266
          ],
          [
            12.5694688,
            44.0677621
          ],
          [
            12.5693984,
            44.0677943
          ]
        ]
      }
    },
    {
      "type": "Feature",
      "properties": {
        "id": 1452341278,
        "highway": "cycleway",
        "cycleway": "",
        "name": "",
        "surface": "",
        "lit": ""
      },
      "geometry": {
        "type": "LineString",
        "coordinates": [
          [
            12.6135096,
            44.0298485
          ],
          [
            12.61293,
            44.0303312
          ],
          [
            12.6129409,
            44.0303667
          ],
          [
            12.6125955,
            44.0306491
          ],
          [
            12.612562,
            44.0307097
          ],
          [
            12.6125663,
            44.030782
          ],
          [
            12.6125985,
            44.0308427
          ],
          [
            12.6126405,
            44.0308871
          ]
        ]
      }
    },
    {
      "type": "Feature",
      "properties": {
        "id": 1452341279,
        "highway": "cycleway",
        "cycleway": "crossing",
        "name": "",
        "surface": "asphalt",
        "lit": ""
      },
      "geometry": {
        "type": "LineString",
        "coordinates": [
          [
            12.6126405,
            44.0308871
          ],
          [
            12.6125989,
            44.0309193
          ],
          [
            12.6125495,
            44.0309575
          ]
        ]
      }
    },
    {
      "type": "Feature",
      "properties": {
        "id": 1452341280,
        "highway": "cycleway",
        "cycleway": "",
        "name": "",
        "surface": "",
        "lit": ""
      },
      "geometry": {
        "type": "LineString",
        "coordinates": [
          [
            12.6146791,
            44.0285879
          ],
          [
            12.6138529,
            44.029265
          ],
          [
            12.6138249,
            44.0292872
          ],
          [
            12.6133258,
            44.0296922
          ],
          [
            12.6132086,
            44.0297906
          ],
          [
            12.6132515,
            44.0298137
          ],
          [
            12.612911,
            44.0300873
          ],
          [
            12.6124243,
            44.0304775
          ],
          [
            12.612385,
            44.0305085
          ],
          [
            12.61234,
            44.0305274
          ],
          [
            12.6122988,
            44.0305382
          ],
          [
            12.6122463,
            44.0305395
          ],
          [
            12.6121976,
            44.0305314
          ],
          [
            12.6121582,
            44.0305193
          ],
          [
            12.6121338,
            44.0305018
          ],
          [
            12.6120415,
            44.0304216
          ]
        ]
      }
    },
    {
      "type": "Feature",
      "properties": {
        "id": 1452341281,
        "highway": "cycleway",
        "cycleway": "crossing",
        "name": "",
        "surface": "asphalt",
        "lit": ""
      },
      "geometry": {
        "type": "LineString",
        "coordinates": [
          [
            12.6120415,
            44.0304216
          ],
          [
            12.6119955,
            44.0304534
          ],
          [
            12.6119482,
            44.0304861
          ]
        ]
      }
    },
    {
      "type": "Feature",
      "properties": {
        "id": 1452341282,
        "highway": "cycleway",
        "cycleway": "crossing",
        "name": "",
        "surface": "asphalt",
        "lit": ""
      },
      "geometry": {
        "type": "LineString",
        "coordinates": [
          [
            12.6119482,
            44.0304861
          ],
          [
            12.6119777,
            44.0305077
          ],
          [
            12.6120098,
            44.0305523
          ],
          [
            12.6120313,
            44.0305817
          ]
        ]
      }
    },
    {
      "type": "Feature",
      "properties": {
        "id": 1452341285,
        "highway": "cycleway",
        "cycleway": "",
        "name": "",
        "surface": "",
        "lit": ""
      },
      "geometry": {
        "type": "LineString",
        "coordinates": [
          [
            12.6081224,
            44.0333195
          ],
          [
            12.6080755,
            44.0333577
          ]
        ]
      }
    },
    {
      "type": "Feature",
      "properties": {
        "id": 1452341286,
        "highway": "cycleway",
        "cycleway": "crossing",
        "name": "",
        "surface": "asphalt",
        "lit": ""
      },
      "geometry": {
        "type": "LineString",
        "coordinates": [
          [
            12.6081833,
            44.0332433
          ],
          [
            12.6081523,
            44.033282
          ],
          [
            12.6081224,
            44.0333195
          ]
        ]
      }
    },
    {
      "type": "Feature",
      "properties": {
        "id": 1452341287,
        "highway": "cycleway",
        "cycleway": "",
        "name": "",
        "surface": "",
        "lit": ""
      },
      "geometry": {
        "type": "LineString",
        "coordinates": [
          [
            12.6086336,
            44.0337087
          ],
          [
            12.6085765,
            44.0336369
          ],
          [
            12.6085315,
            44.03361
          ],
          [
            12.6084851,
            44.033603
          ],
          [
            12.6084412,
            44.0336136
          ],
          [
            12.6083901,
            44.0336499
          ],
          [
            12.6077045,
            44.0341037
          ]
        ]
      }
    },
    {
      "type": "Feature",
      "properties": {
        "id": 1452341288,
        "highway": "cycleway",
        "cycleway": "crossing",
        "name": "",
        "surface": "asphalt",
        "lit": ""
      },
      "geometry": {
        "type": "LineString",
        "coordinates": [
          [
            12.6077045,
            44.0341037
          ],
          [
            12.6076622,
            44.0341304
          ],
          [
            12.6076,
            44.0341696
          ]
        ]
      }
    },
    {
      "type": "Feature",
      "properties": {
        "id": 1452451457,
        "highway": "cycleway",
        "cycleway": "",
        "name": "",
        "surface": "",
        "lit": ""
      },
      "geometry": {
        "type": "LineString",
        "coordinates": [
          [
            12.6064225,
            44.0460801
          ],
          [
            12.6058861,
            44.0457857
          ]
        ]
      }
    },
    {
      "type": "Feature",
      "properties": {
        "id": 1452451476,
        "highway": "cycleway",
        "cycleway": "",
        "name": "",
        "surface": "",
        "lit": ""
      },
      "geometry": {
        "type": "LineString",
        "coordinates": [
          [
            12.6070009,
            44.0451299
          ],
          [
            12.6068302,
            44.0450364
          ]
        ]
      }
    },
    {
      "type": "Feature",
      "properties": {
        "id": 1452628197,
        "highway": "cycleway",
        "cycleway": "crossing",
        "name": "",
        "surface": "asphalt",
        "lit": ""
      },
      "geometry": {
        "type": "LineString",
        "coordinates": [
          [
            12.5677086,
            44.0547715
          ],
          [
            12.5677224,
            44.0548174
          ]
        ]
      }
    },
    {
      "type": "Feature",
      "properties": {
        "id": 1452628202,
        "highway": "cycleway",
        "cycleway": "",
        "name": "",
        "surface": "",
        "lit": ""
      },
      "geometry": {
        "type": "LineString",
        "coordinates": [
          [
            12.5677086,
            44.0547715
          ],
          [
            12.5678408,
            44.0547518
          ],
          [
            12.5678564,
            44.054736
          ],
          [
            12.5678146,
            44.0545941
          ]
        ]
      }
    },
    {
      "type": "Feature",
      "properties": {
        "id": 1452628203,
        "highway": "cycleway",
        "cycleway": "crossing",
        "name": "",
        "surface": "asphalt",
        "lit": ""
      },
      "geometry": {
        "type": "LineString",
        "coordinates": [
          [
            12.5678146,
            44.0545941
          ],
          [
            12.5678975,
            44.0545793
          ]
        ]
      }
    },
    {
      "type": "Feature",
      "properties": {
        "id": 1453540011,
        "highway": "cycleway",
        "cycleway": "crossing",
        "name": "",
        "surface": "asphalt",
        "lit": ""
      },
      "geometry": {
        "type": "LineString",
        "coordinates": [
          [
            12.6271539,
            44.0271524
          ],
          [
            12.6271042,
            44.0271199
          ],
          [
            12.627036,
            44.0270724
          ]
        ]
      }
    },
    {
      "type": "Feature",
      "properties": {
        "id": 1453540012,
        "highway": "cycleway",
        "cycleway": "crossing",
        "name": "",
        "surface": "asphalt",
        "lit": "yes"
      },
      "geometry": {
        "type": "LineString",
        "coordinates": [
          [
            12.6263814,
            44.0277797
          ],
          [
            12.6263288,
            44.0277311
          ],
          [
            12.6263115,
            44.027702
          ],
          [
            12.6262649,
            44.0276164
          ],
          [
            12.6262419,
            44.0275562
          ]
        ]
      }
    },
    {
      "type": "Feature",
      "properties": {
        "id": 1455337848,
        "highway": "cycleway",
        "cycleway": "",
        "name": "",
        "surface": "",
        "lit": ""
      },
      "geometry": {
        "type": "LineString",
        "coordinates": [
          [
            12.5871595,
            44.0497788
          ],
          [
            12.5872764,
            44.0496805
          ],
          [
            12.5876929,
            44.0493335
          ],
          [
            12.5877737,
            44.0493022
          ],
          [
            12.5878338,
            44.0492445
          ],
          [
            12.5878641,
            44.0492076
          ]
        ]
      }
    },
    {
      "type": "Feature",
      "properties": {
        "id": 1455337849,
        "highway": "cycleway",
        "cycleway": "crossing",
        "name": "",
        "surface": "asphalt",
        "lit": ""
      },
      "geometry": {
        "type": "LineString",
        "coordinates": [
          [
            12.5878641,
            44.0492076
          ],
          [
            12.5879062,
            44.049171
          ],
          [
            12.5879926,
            44.0490951
          ]
        ]
      }
    },
    {
      "type": "Feature",
      "properties": {
        "id": 1455337855,
        "highway": "cycleway",
        "cycleway": "crossing",
        "name": "",
        "surface": "asphalt",
        "lit": ""
      },
      "geometry": {
        "type": "LineString",
        "coordinates": [
          [
            12.5853547,
            44.0513832
          ],
          [
            12.5854171,
            44.0513286
          ],
          [
            12.5854861,
            44.0512699
          ]
        ]
      }
    },
    {
      "type": "Feature",
      "properties": {
        "id": 1455337856,
        "highway": "cycleway",
        "cycleway": "",
        "name": "",
        "surface": "",
        "lit": ""
      },
      "geometry": {
        "type": "LineString",
        "coordinates": [
          [
            12.5852608,
            44.0514627
          ],
          [
            12.5853547,
            44.0513832
          ]
        ]
      }
    },
    {
      "type": "Feature",
      "properties": {
        "id": 1455726935,
        "highway": "cycleway",
        "cycleway": "crossing",
        "name": "Viale Giovanni Pascoli",
        "surface": "",
        "lit": ""
      },
      "geometry": {
        "type": "LineString",
        "coordinates": [
          [
            12.5889429,
            44.0582896
          ],
          [
            12.5889118,
            44.0582716
          ],
          [
            12.5888907,
            44.0582588
          ]
        ]
      }
    },
    {
      "type": "Feature",
      "properties": {
        "id": 1455726943,
        "highway": "cycleway",
        "cycleway": "",
        "name": "",
        "surface": "asphalt",
        "lit": ""
      },
      "geometry": {
        "type": "LineString",
        "coordinates": [
          [
            12.5887168,
            44.0574542
          ],
          [
            12.5891028,
            44.0576217
          ],
          [
            12.5893042,
            44.0577524
          ],
          [
            12.5895177,
            44.0579043
          ]
        ]
      }
    },
    {
      "type": "Feature",
      "properties": {
        "id": 1455726944,
        "highway": "cycleway",
        "cycleway": "",
        "name": "",
        "surface": "",
        "lit": ""
      },
      "geometry": {
        "type": "LineString",
        "coordinates": [
          [
            12.5895177,
            44.0579043
          ],
          [
            12.5896112,
            44.0579709
          ],
          [
            12.5898214,
            44.0581339
          ],
          [
            12.589925,
            44.0582006
          ],
          [
            12.5900112,
            44.0582441
          ],
          [
            12.5900143,
            44.0582457
          ],
          [
            12.5903036,
            44.0583992
          ],
          [
            12.5905879,
            44.0585534
          ]
        ]
      }
    },
    {
      "type": "Feature",
      "properties": {
        "id": 1455726945,
        "highway": "cycleway",
        "cycleway": "",
        "name": "",
        "surface": "",
        "lit": ""
      },
      "geometry": {
        "type": "LineString",
        "coordinates": [
          [
            12.5880333,
            44.0572001
          ],
          [
            12.588051,
            44.0572064
          ],
          [
            12.5884253,
            44.0573378
          ],
          [
            12.5886365,
            44.0574193
          ]
        ]
      }
    },
    {
      "type": "Feature",
      "properties": {
        "id": 1455931559,
        "highway": "cycleway",
        "cycleway": "",
        "name": "",
        "surface": "asphalt",
        "lit": ""
      },
      "geometry": {
        "type": "LineString",
        "coordinates": [
          [
            12.5868399,
            44.0569476
          ],
          [
            12.587005,
            44.0567649
          ],
          [
            12.5871311,
            44.0566437
          ]
        ]
      }
    },
    {
      "type": "Feature",
      "properties": {
        "id": 1455931561,
        "highway": "cycleway",
        "cycleway": "",
        "name": "",
        "surface": "asphalt",
        "lit": ""
      },
      "geometry": {
        "type": "LineString",
        "coordinates": [
          [
            12.5871871,
            44.0565866
          ],
          [
            12.587458,
            44.0562998
          ],
          [
            12.5877224,
            44.0560186
          ],
          [
            12.5879512,
            44.0557696
          ]
        ]
      }
    },
    {
      "type": "Feature",
      "properties": {
        "id": 1456205598,
        "highway": "cycleway",
        "cycleway": "",
        "name": "",
        "surface": "asphalt",
        "lit": "yes"
      },
      "geometry": {
        "type": "LineString",
        "coordinates": [
          [
            12.5709522,
            44.0417511
          ],
          [
            12.5709099,
            44.0417469
          ],
          [
            12.5709304,
            44.0416411
          ],
          [
            12.5709001,
            44.0416381
          ],
          [
            12.5708789,
            44.0417471
          ],
          [
            12.5708517,
            44.0417444
          ],
          [
            12.5708724,
            44.0416381
          ]
        ]
      }
    },
    {
      "type": "Feature",
      "properties": {
        "id": 1456277849,
        "highway": "cycleway",
        "cycleway": "",
        "name": "",
        "surface": "",
        "lit": "yes"
      },
      "geometry": {
        "type": "LineString",
        "coordinates": [
          [
            12.6308597,
            44.024276
          ],
          [
            12.6309617,
            44.0242126
          ],
          [
            12.6312865,
            44.0239526
          ],
          [
            12.6315503,
            44.0237512
          ],
          [
            12.6319417,
            44.0234283
          ],
          [
            12.6326578,
            44.022877
          ],
          [
            12.6327268,
            44.0228558
          ],
          [
            12.632819,
            44.0227927
          ],
          [
            12.6328363,
            44.0227528
          ],
          [
            12.6329649,
            44.022655
          ],
          [
            12.6329813,
            44.0226448
          ],
          [
            12.6330036,
            44.0226342
          ],
          [
            12.6330306,
            44.0226279
          ],
          [
            12.6330585,
            44.0226228
          ],
          [
            12.633087,
            44.0226243
          ],
          [
            12.6331129,
            44.0226272
          ],
          [
            12.6331368,
            44.0226305
          ],
          [
            12.6331627,
            44.022632
          ],
          [
            12.6331856,
            44.0226334
          ],
          [
            12.6332089,
            44.0226338
          ],
          [
            12.6332323,
            44.0226301
          ],
          [
            12.6332694,
            44.0226203
          ],
          [
            12.6332953,
            44.0226097
          ],
          [
            12.6333091,
            44.0226031
          ],
          [
            12.6333255,
            44.0225932
          ],
          [
            12.6333533,
            44.0225702
          ],
          [
            12.63337,
            44.0225516
          ],
          [
            12.6333807,
            44.0225351
          ],
          [
            12.6333863,
            44.0225147
          ],
          [
            12.6333904,
            44.0225004
          ],
          [
            12.6333914,
            44.0224873
          ],
          [
            12.6333919,
            44.0224748
          ],
          [
            12.6333883,
            44.0224544
          ],
          [
            12.6333817,
            44.0224394
          ],
          [
            12.6333731,
            44.0224226
          ],
          [
            12.633368,
            44.0224094
          ],
          [
            12.633366,
            44.0224007
          ],
          [
            12.633366,
            44.0223842
          ],
          [
            12.6333721,
            44.0223703
          ],
          [
            12.6333807,
            44.0223517
          ],
          [
            12.6333893,
            44.0223411
          ],
          [
            12.6334158,
            44.0223232
          ]
        ]
      }
    },
    {
      "type": "Feature",
      "properties": {
        "id": 1456431696,
        "highway": "cycleway",
        "cycleway": "",
        "name": "",
        "surface": "asphalt",
        "lit": ""
      },
      "geometry": {
        "type": "LineString",
        "coordinates": [
          [
            12.5871311,
            44.0566437
          ],
          [
            12.5878439,
            44.0570817
          ],
          [
            12.5879713,
            44.0571594
          ]
        ]
      }
    },
    {
      "type": "Feature",
      "properties": {
        "id": 1456433187,
        "highway": "cycleway",
        "cycleway": "",
        "name": "",
        "surface": "",
        "lit": ""
      },
      "geometry": {
        "type": "LineString",
        "coordinates": [
          [
            12.5889429,
            44.0582896
          ],
          [
            12.5895333,
            44.0586525
          ],
          [
            12.5897525,
            44.0587906
          ],
          [
            12.590117,
            44.0590203
          ]
        ]
      }
    },
    {
      "type": "Feature",
      "properties": {
        "id": 1456751911,
        "highway": "cycleway",
        "cycleway": "",
        "name": "Ciclabile lungomare di Rimini",
        "surface": "sett",
        "lit": "yes"
      },
      "geometry": {
        "type": "LineString",
        "coordinates": [
          [
            12.600876,
            44.0502167
          ],
          [
            12.6019923,
            44.049193
          ],
          [
            12.6025195,
            44.0487095
          ]
        ]
      }
    },
    {
      "type": "Feature",
      "properties": {
        "id": 1456751913,
        "highway": "construction",
        "cycleway": "",
        "name": "Ciclabile lungomare di Rimini",
        "surface": "sett",
        "lit": "yes"
      },
      "geometry": {
        "type": "LineString",
        "coordinates": [
          [
            12.5970699,
            44.0537121
          ],
          [
            12.597326,
            44.0534767
          ],
          [
            12.5988834,
            44.0520451
          ],
          [
            12.5991236,
            44.0518237
          ],
          [
            12.600876,
            44.0502167
          ]
        ]
      }
    },
    {
      "type": "Feature",
      "properties": {
        "id": 1459786384,
        "highway": "cycleway",
        "cycleway": "crossing",
        "name": "",
        "surface": "",
        "lit": ""
      },
      "geometry": {
        "type": "LineString",
        "coordinates": [
          [
            12.496952,
            44.0440343
          ],
          [
            12.4969216,
            44.0440104
          ]
        ]
      }
    },
    {
      "type": "Feature",
      "properties": {
        "id": 1459786385,
        "highway": "cycleway",
        "cycleway": "crossing",
        "name": "",
        "surface": "",
        "lit": ""
      },
      "geometry": {
        "type": "LineString",
        "coordinates": [
          [
            12.4989528,
            44.0453608
          ],
          [
            12.4989298,
            44.0453429
          ]
        ]
      }
    },
    {
      "type": "Feature",
      "properties": {
        "id": 1460591141,
        "highway": "cycleway",
        "cycleway": "",
        "name": "",
        "surface": "compacted",
        "lit": ""
      },
      "geometry": {
        "type": "LineString",
        "coordinates": [
          [
            12.4661838,
            44.0494873
          ],
          [
            12.4660229,
            44.0494408
          ]
        ]
      }
    },
    {
      "type": "Feature",
      "properties": {
        "id": 1460591142,
        "highway": "cycleway",
        "cycleway": "",
        "name": "",
        "surface": "compacted",
        "lit": ""
      },
      "geometry": {
        "type": "LineString",
        "coordinates": [
          [
            12.4684516,
            44.0506377
          ],
          [
            12.4682991,
            44.0506101
          ],
          [
            12.4682777,
            44.0505694
          ]
        ]
      }
    },
    {
      "type": "Feature",
      "properties": {
        "id": 1462503516,
        "highway": "cycleway",
        "cycleway": "",
        "name": "",
        "surface": "",
        "lit": ""
      },
      "geometry": {
        "type": "LineString",
        "coordinates": [
          [
            12.5736308,
            44.072864
          ],
          [
            12.5740943,
            44.0726057
          ]
        ]
      }
    },
    {
      "type": "Feature",
      "properties": {
        "id": 1462503517,
        "highway": "cycleway",
        "cycleway": "crossing",
        "name": "",
        "surface": "",
        "lit": ""
      },
      "geometry": {
        "type": "LineString",
        "coordinates": [
          [
            12.5740943,
            44.0726057
          ],
          [
            12.5741361,
            44.0725742
          ],
          [
            12.5741805,
            44.0725452
          ]
        ]
      }
    },
    {
      "type": "Feature",
      "properties": {
        "id": 1462503518,
        "highway": "cycleway",
        "cycleway": "crossing",
        "name": "",
        "surface": "",
        "lit": ""
      },
      "geometry": {
        "type": "LineString",
        "coordinates": [
          [
            12.5741805,
            44.0725452
          ],
          [
            12.5750087,
            44.0720786
          ]
        ]
      }
    },
    {
      "type": "Feature",
      "properties": {
        "id": 1462503519,
        "highway": "cycleway",
        "cycleway": "crossing",
        "name": "",
        "surface": "",
        "lit": ""
      },
      "geometry": {
        "type": "LineString",
        "coordinates": [
          [
            12.5750087,
            44.0720786
          ],
          [
            12.5750619,
            44.0720496
          ],
          [
            12.5751303,
            44.0720122
          ]
        ]
      }
    },
    {
      "type": "Feature",
      "properties": {
        "id": 1462503520,
        "highway": "cycleway",
        "cycleway": "",
        "name": "",
        "surface": "",
        "lit": ""
      },
      "geometry": {
        "type": "LineString",
        "coordinates": [
          [
            12.5751303,
            44.0720122
          ],
          [
            12.5755905,
            44.0717613
          ],
          [
            12.5756154,
            44.0717321
          ]
        ]
      }
    },
    {
      "type": "Feature",
      "properties": {
        "id": 1465790621,
        "highway": "cycleway",
        "cycleway": "",
        "name": "Viale Giovanni Pascoli",
        "surface": "",
        "lit": ""
      },
      "geometry": {
        "type": "LineString",
        "coordinates": [
          [
            12.5888907,
            44.0582588
          ],
          [
            12.5887204,
            44.0581558
          ],
          [
            12.5886718,
            44.0581264
          ]
        ]
      }
    },
    {
      "type": "Feature",
      "properties": {
        "id": 1468509250,
        "highway": "cycleway",
        "cycleway": "",
        "name": "",
        "surface": "asphalt",
        "lit": "yes"
      },
      "geometry": {
        "type": "LineString",
        "coordinates": [
          [
            12.5548384,
            44.067791
          ],
          [
            12.5548105,
            44.0677993
          ],
          [
            12.5547912,
            44.0678165
          ],
          [
            12.5547901,
            44.0678405
          ]
        ]
      }
    },
    {
      "type": "Feature",
      "properties": {
        "id": 1468509251,
        "highway": "cycleway",
        "cycleway": "crossing",
        "name": "",
        "surface": "asphalt",
        "lit": "yes"
      },
      "geometry": {
        "type": "LineString",
        "coordinates": [
          [
            12.5547901,
            44.0678405
          ],
          [
            12.5547527,
            44.067852
          ],
          [
            12.554689,
            44.0678715
          ],
          [
            12.5546174,
            44.0678934
          ]
        ]
      }
    },
    {
      "type": "Feature",
      "properties": {
        "id": 1474658649,
        "highway": "cycleway",
        "cycleway": "",
        "name": "Lungomare Augusto Murri",
        "surface": "concrete",
        "lit": ""
      },
      "geometry": {
        "type": "LineString",
        "coordinates": [
          [
            12.5859254,
            44.0643967
          ],
          [
            12.5858531,
            44.0643627
          ]
        ]
      }
    },
    {
      "type": "Feature",
      "properties": {
        "id": 1474658650,
        "highway": "cycleway",
        "cycleway": "",
        "name": "Lungomare Augusto Murri",
        "surface": "wood",
        "lit": ""
      },
      "geometry": {
        "type": "LineString",
        "coordinates": [
          [
            12.5860399,
            44.064292
          ],
          [
            12.5859254,
            44.0643967
          ]
        ]
      }
    },
    {
      "type": "Feature",
      "properties": {
        "id": 1475481620,
        "highway": "cycleway",
        "cycleway": "",
        "name": "",
        "surface": "asphalt",
        "lit": ""
      },
      "geometry": {
        "type": "LineString",
        "coordinates": [
          [
            12.6005158,
            44.0402594
          ],
          [
            12.6005696,
            44.0402876
          ],
          [
            12.600572,
            44.0402888
          ]
        ]
      }
    },
    {
      "type": "Feature",
      "properties": {
        "id": 1475481621,
        "highway": "cycleway",
        "cycleway": "",
        "name": "",
        "surface": "asphalt",
        "lit": ""
      },
      "geometry": {
        "type": "LineString",
        "coordinates": [
          [
            12.6003902,
            44.0401843
          ],
          [
            12.6004442,
            44.0402183
          ]
        ]
      }
    },
    {
      "type": "Feature",
      "properties": {
        "id": 1475481622,
        "highway": "cycleway",
        "cycleway": "crossing",
        "name": "",
        "surface": "",
        "lit": ""
      },
      "geometry": {
        "type": "LineString",
        "coordinates": [
          [
            12.6004442,
            44.0402183
          ],
          [
            12.6004793,
            44.0402385
          ],
          [
            12.6005158,
            44.0402594
          ]
        ]
      }
    }
  ]
}