{
  "type": "FeatureCollection",
  "features": [
    {
      "type": "Feature",
      "properties": {
        "id": 310142466,
        "name": "",
        "access": "",
        "fee": "",
        "capacity": "",
        "parking": ""
      },
      "geometry": {
        "type": "Point",
        "coordinates": [
          12.6120823,
          44.0293243
        ]
      }
    },
    {
      "type": "Feature",
      "properties": {
        "id": 310142706,
        "name": "",
        "access": "",
        "fee": "",
        "capacity": "",
        "parking": "street_side"
      },
      "geometry": {
        "type": "Point",
        "coordinates": [
          12.613082,
          44.0307331
        ]
      }
    },
    {
      "type": "Feature",
      "properties": {
        "id": 310148743,
        "name": "",
        "access": "yes",
        "fee": "no",
        "capacity": "",
        "parking": ""
      },
      "geometry": {
        "type": "Point",
        "coordinates": [
          12.5984878,
          44.0476117
        ]
      }
    },
    {
      "type": "Feature",
      "properties": {
        "id": 2421855179,
        "name": "",
        "access": "",
        "fee": "",
        "capacity": "",
        "parking": ""
      },
      "geometry": {
        "type": "Point",
        "coordinates": [
          12.603482,
          44.0372975
        ]
      }
    },
    {
      "type": "Feature",
      "properties": {
        "id": 2675769448,
        "name": "",
        "access": "private",
        "fee": "",
        "capacity": "",
        "parking": "underground"
      },
      "geometry": {
        "type": "Point",
        "coordinates": [
          12.549007,
          44.0658085
        ]
      }
    },
    {
      "type": "Feature",
      "properties": {
        "id": 3320850823,
        "name": "",
        "access": "",
        "fee": "",
        "capacity": "",
        "parking": ""
      },
      "geometry": {
        "type": "Point",
        "coordinates": [
          12.5647435,
          44.0579451
        ]
      }
    },
    {
      "type": "Feature",
      "properties": {
        "id": 7994534982,
        "name": "",
        "access": "",
        "fee": "",
        "capacity": "",
        "parking": ""
      },
      "geometry": {
        "type": "Point",
        "coordinates": [
          12.565326,
          44.0559286
        ]
      }
    },
    {
      "type": "Feature",
      "properties": {
        "id": 8127268101,
        "name": "",
        "access": "",
        "fee": "",
        "capacity": "",
        "parking": ""
      },
      "geometry": {
        "type": "Point",
        "coordinates": [
          12.537235,
          44.0510923
        ]
      }
    },
    {
      "type": "Feature",
      "properties": {
        "id": 8127268335,
        "name": "",
        "access": "",
        "fee": "",
        "capacity": "",
        "parking": ""
      },
      "geometry": {
        "type": "Point",
        "coordinates": [
          12.5719267,
          44.0546662
        ]
      }
    },
    {
      "type": "Feature",
      "properties": {
        "id": 10134814409,
        "name": "",
        "access": "",
        "fee": "",
        "capacity": "",
        "parking": ""
      },
      "geometry": {
        "type": "Point",
        "coordinates": [
          12.507623,
          44.1073172
        ]
      }
    },
    {
      "type": "Feature",
      "properties": {
        "id": 10134818225,
        "name": "Montmartre Parking",
        "access": "customers",
        "fee": "",
        "capacity": "",
        "parking": "surface"
      },
      "geometry": {
        "type": "Point",
        "coordinates": [
          12.51564,
          44.1040576
        ]
      }
    },
    {
      "type": "Feature",
      "properties": {
        "id": 11883251219,
        "name": "",
        "access": "customers",
        "fee": "no",
        "capacity": "",
        "parking": "surface"
      },
      "geometry": {
        "type": "Point",
        "coordinates": [
          12.6035541,
          44.0338704
        ]
      }
    },
    {
      "type": "Feature",
      "properties": {
        "id": 12323207088,
        "name": "",
        "access": "private",
        "fee": "no",
        "capacity": "",
        "parking": "underground"
      },
      "geometry": {
        "type": "Point",
        "coordinates": [
          12.5780043,
          44.0391687
        ]
      }
    },
    {
      "type": "Feature",
      "properties": {
        "id": 12323207091,
        "name": "",
        "access": "private",
        "fee": "no",
        "capacity": "",
        "parking": "underground"
      },
      "geometry": {
        "type": "Point",
        "coordinates": [
          12.5780794,
          44.0390807
        ]
      }
    },
    {
      "type": "Feature",
      "properties": {
        "id": 12842551939,
        "name": "",
        "access": "private",
        "fee": "",
        "capacity": "",
        "parking": "underground"
      },
      "geometry": {
        "type": "Point",
        "coordinates": [
          12.5497883,
          44.0660392
        ]
      }
    },
    {
      "type": "Feature",
      "properties": {
        "id": 12860173706,
        "name": "",
        "access": "private",
        "fee": "",
        "capacity": "",
        "parking": "underground"
      },
      "geometry": {
        "type": "Point",
        "coordinates": [
          12.5473427,
          44.0682623
        ]
      }
    },
    {
      "type": "Feature",
      "properties": {
        "id": 12925117457,
        "name": "",
        "access": "private",
        "fee": "",
        "capacity": "",
        "parking": "underground"
      },
      "geometry": {
        "type": "Point",
        "coordinates": [
          12.5894628,
          44.0432892
        ]
      }
    },
    {
      "type": "Feature",
      "properties": {
        "id": 12951079230,
        "name": "",
        "access": "private",
        "fee": "",
        "capacity": "",
        "parking": "underground"
      },
      "geometry": {
        "type": "Point",
        "coordinates": [
          12.6180588,
          44.0308134
        ]
      }
    },
    {
      "type": "Feature",
      "properties": {
        "id": 13040677472,
        "name": "",
        "access": "",
        "fee": "",
        "capacity": "",
        "parking": "underground"
      },
      "geometry": {
        "type": "Point",
        "coordinates": [
          12.5389808,
          44.083098
        ]
      }
    },
    {
      "type": "Feature",
      "properties": {
        "id": 13095744167,
        "name": "",
        "access": "",
        "fee": "",
        "capacity": "",
        "parking": "underground"
      },
      "geometry": {
        "type": "Point",
        "coordinates": [
          12.5300374,
          44.0874881
        ]
      }
    },
    {
      "type": "Feature",
      "properties": {
        "id": 13114056533,
        "name": "",
        "access": "private",
        "fee": "",
        "capacity": "",
        "parking": "underground"
      },
      "geometry": {
        "type": "Point",
        "coordinates": [
          12.5960364,
          44.038959
        ]
      }
    },
    {
      "type": "Feature",
      "properties": {
        "id": 13371367139,
        "name": "",
        "access": "private",
        "fee": "no",
        "capacity": "",
        "parking": "underground"
      },
      "geometry": {
        "type": "Point",
        "coordinates": [
          12.5906966,
          44.0590495
        ]
      }
    },
    {
      "type": "Feature",
      "properties": {
        "id": 13397073456,
        "name": "",
        "access": "customers",
        "fee": "",
        "capacity": "",
        "parking": "underground"
      },
      "geometry": {
        "type": "Point",
        "coordinates": [
          12.5922004,
          44.0577767
        ]
      }
    },
    {
      "type": "Feature",
      "properties": {
        "id": 13415105291,
        "name": "",
        "access": "private",
        "fee": "",
        "capacity": "",
        "parking": "underground"
      },
      "geometry": {
        "type": "Point",
        "coordinates": [
          12.5327642,
          44.0806938
        ]
      }
    },
    {
      "type": "Feature",
      "properties": {
        "id": 13417429848,
        "name": "",
        "access": "",
        "fee": "",
        "capacity": "",
        "parking": "underground"
      },
      "geometry": {
        "type": "Point",
        "coordinates": [
          12.5899045,
          44.0586435
        ]
      }
    },
    {
      "type": "Feature",
      "properties": {
        "id": 13505937073,
        "name": "",
        "access": "",
        "fee": "",
        "capacity": "",
        "parking": ""
      },
      "geometry": {
        "type": "Point",
        "coordinates": [
          12.5559099,
          44.0583647
        ]
      }
    },
    {
      "type": "Feature",
      "properties": {
        "id": 13551216518,
        "name": "",
        "access": "private",
        "fee": "",
        "capacity": "",
        "parking": "underground"
      },
      "geometry": {
        "type": "Point",
        "coordinates": [
          12.5482923,
          44.0697776
        ]
      }
    },
    {
      "type": "Feature",
      "properties": {
        "id": 13551237029,
        "name": "",
        "access": "private",
        "fee": "",
        "capacity": "",
        "parking": "underground"
      },
      "geometry": {
        "type": "Point",
        "coordinates": [
          12.5710893,
          44.0722602
        ]
      }
    },
    {
      "type": "Feature",
      "properties": {
        "id": 13588966899,
        "name": "",
        "access": "private",
        "fee": "",
        "capacity": "",
        "parking": "underground"
      },
      "geometry": {
        "type": "Point",
        "coordinates": [
          12.5140776,
          44.0954058
        ]
      }
    },
    {
      "type": "Feature",
      "properties": {
        "id": 13589006319,
        "name": "",
        "access": "private",
        "fee": "",
        "capacity": "",
        "parking": "underground"
      },
      "geometry": {
        "type": "Point",
        "coordinates": [
          12.5150957,
          44.0961335
        ]
      }
    },
    {
      "type": "Feature",
      "properties": {
        "id": 25780339,
        "name": "Piazzale Renzo Pasolini",
        "access": "",
        "fee": "",
        "capacity": "",
        "parking": ""
      },
      "geometry": {
        "type": "Polygon",
        "coordinates": [
          [
            [
              12.5824039,
              44.0393129
            ],
            [
              12.58393,
              44.0395158
            ],
            [
              12.5839121,
              44.0396771
            ],
            [
              12.5842359,
              44.0397321
            ],
            [
              12.584036,
              44.0403824
            ],
            [
              12.5833105,
              44.0402741
            ],
            [
              12.5832248,
              44.0403134
            ],
            [
              12.5821476,
              44.0401554
            ],
            [
              12.5824039,
              44.0393129
            ]
          ]
        ]
      }
    },
    {
      "type": "Feature",
      "properties": {
        "id": 26036686,
        "name": "",
        "access": "private",
        "fee": "no",
        "capacity": "",
        "parking": "surface"
      },
      "geometry": {
        "type": "Polygon",
        "coordinates": [
          [
            [
              12.5896198,
              44.047343
            ],
            [
              12.5895561,
              44.047266
            ],
            [
              12.5895335,
              44.0471935
            ],
            [
              12.5895365,
              44.0469563
            ],
            [
              12.5899001,
              44.046672
            ],
            [
              12.5897542,
              44.0465896
            ],
            [
              12.5904551,
              44.0460476
            ],
            [
              12.5908119,
              44.0462657
            ],
            [
              12.5908103,
              44.0463426
            ],
            [
              12.5907783,
              44.046417
            ],
            [
              12.5907297,
              44.0464822
            ],
            [
              12.5906643,
              44.0465473
            ],
            [
              12.5897083,
              44.0473002
            ],
            [
              12.5896835,
              44.0473124
            ],
            [
              12.5896198,
              44.047343
            ]
          ]
        ]
      }
    },
    {
      "type": "Feature",
      "properties": {
        "id": 26570157,
        "name": "P8 - Ex Sartini",
        "access": "yes",
        "fee": "yes",
        "capacity": "",
        "parking": "surface"
      },
      "geometry": {
        "type": "Polygon",
        "coordinates": [
          [
            [
              12.5635966,
              44.0614023
            ],
            [
              12.5637699,
              44.0616029
            ],
            [
              12.5638676,
              44.0617249
            ],
            [
              12.5639307,
              44.06218
            ],
            [
              12.5638972,
              44.0622481
            ],
            [
              12.5637636,
              44.06226
            ],
            [
              12.5636905,
              44.0618726
            ],
            [
              12.5636501,
              44.061653
            ],
            [
              12.5636152,
              44.0615487
            ],
            [
              12.5635475,
              44.0614442
            ],
            [
              12.5635262,
              44.0614417
            ],
            [
              12.563495,
              44.0613948
            ],
            [
              12.5635966,
              44.0614023
            ]
          ]
        ]
      }
    },
    {
      "type": "Feature",
      "properties": {
        "id": 26570158,
        "name": "Italo Flori",
        "access": "private",
        "fee": "yes",
        "capacity": "251",
        "parking": "multi-storey"
      },
      "geometry": {
        "type": "Polygon",
        "coordinates": [
          [
            [
              12.5612959,
              44.0597426
            ],
            [
              12.5611214,
              44.0604305
            ],
            [
              12.5617115,
              44.0605078
            ],
            [
              12.5617731,
              44.0605159
            ],
            [
              12.5619476,
              44.059828
            ],
            [
              12.5612959,
              44.0597426
            ]
          ]
        ]
      }
    },
    {
      "type": "Feature",
      "properties": {
        "id": 26593849,
        "name": "",
        "access": "yes",
        "fee": "no",
        "capacity": "84",
        "parking": "surface"
      },
      "geometry": {
        "type": "Polygon",
        "coordinates": [
          [
            [
              12.5709896,
              44.0484059
            ],
            [
              12.571052,
              44.0486835
            ],
            [
              12.5710552,
              44.0487458
            ],
            [
              12.5715278,
              44.0487352
            ],
            [
              12.5712657,
              44.0480638
            ],
            [
              12.5709896,
              44.0484059
            ]
          ]
        ]
      }
    },
    {
      "type": "Feature",
      "properties": {
        "id": 26593853,
        "name": "",
        "access": "no",
        "fee": "no",
        "capacity": "",
        "parking": "surface"
      },
      "geometry": {
        "type": "Polygon",
        "coordinates": [
          [
            [
              12.5712254,
              44.0476882
            ],
            [
              12.5719941,
              44.0475881
            ],
            [
              12.5729295,
              44.0474663
            ],
            [
              12.5728823,
              44.0473363
            ],
            [
              12.5721278,
              44.0474364
            ],
            [
              12.5721095,
              44.0473685
            ],
            [
              12.5714013,
              44.0473598
            ],
            [
              12.5711265,
              44.0473978
            ],
            [
              12.5712254,
              44.0476882
            ]
          ]
        ]
      }
    },
    {
      "type": "Feature",
      "properties": {
        "id": 26593861,
        "name": "",
        "access": "yes",
        "fee": "no",
        "capacity": "",
        "parking": "surface"
      },
      "geometry": {
        "type": "Polygon",
        "coordinates": [
          [
            [
              12.5654332,
              44.0538777
            ],
            [
              12.5653658,
              44.0535557
            ],
            [
              12.5644298,
              44.0536569
            ],
            [
              12.5644418,
              44.0537141
            ],
            [
              12.5644973,
              44.0539791
            ],
            [
              12.5654332,
              44.0538777
            ]
          ]
        ]
      }
    },
    {
      "type": "Feature",
      "properties": {
        "id": 26610640,
        "name": "",
        "access": "",
        "fee": "",
        "capacity": "",
        "parking": ""
      },
      "geometry": {
        "type": "Polygon",
        "coordinates": [
          [
            [
              12.5567992,
              44.0450683
            ],
            [
              12.5568735,
              44.0452041
            ],
            [
              12.5571088,
              44.0451418
            ],
            [
              12.5572926,
              44.0450341
            ],
            [
              12.557205,
              44.0449633
            ],
            [
              12.5567992,
              44.0450683
            ]
          ]
        ]
      }
    },
    {
      "type": "Feature",
      "properties": {
        "id": 26611220,
        "name": "",
        "access": "yes",
        "fee": "no",
        "capacity": "",
        "parking": "surface"
      },
      "geometry": {
        "type": "Polygon",
        "coordinates": [
          [
            [
              12.567046,
              44.0444485
            ],
            [
              12.5671864,
              44.0445571
            ],
            [
              12.5681462,
              44.0438808
            ],
            [
              12.5680726,
              44.0438289
            ],
            [
              12.5680092,
              44.0437829
            ],
            [
              12.567046,
              44.0444485
            ]
          ]
        ]
      }
    },
    {
      "type": "Feature",
      "properties": {
        "id": 27289753,
        "name": "",
        "access": "",
        "fee": "",
        "capacity": "",
        "parking": "street_side"
      },
      "geometry": {
        "type": "Polygon",
        "coordinates": [
          [
            [
              12.5667689,
              44.0426405
            ],
            [
              12.5667164,
              44.0428798
            ],
            [
              12.5665318,
              44.0428719
            ],
            [
              12.5665636,
              44.0427218
            ],
            [
              12.5667332,
              44.0426357
            ],
            [
              12.5667689,
              44.0426405
            ]
          ]
        ]
      }
    },
    {
      "type": "Feature",
      "properties": {
        "id": 28237417,
        "name": "",
        "access": "yes",
        "fee": "no",
        "capacity": "",
        "parking": "surface"
      },
      "geometry": {
        "type": "Polygon",
        "coordinates": [
          [
            [
              12.6147242,
              44.0285178
            ],
            [
              12.6145285,
              44.0283896
            ],
            [
              12.6136329,
              44.0291097
            ],
            [
              12.6136125,
              44.0291271
            ],
            [
              12.613828,
              44.0292687
            ],
            [
              12.6138481,
              44.0292509
            ],
            [
              12.6147242,
              44.0285178
            ]
          ]
        ]
      }
    },
    {
      "type": "Feature",
      "properties": {
        "id": 28237430,
        "name": "",
        "access": "",
        "fee": "",
        "capacity": "",
        "parking": "street_side"
      },
      "geometry": {
        "type": "Polygon",
        "coordinates": [
          [
            [
              12.6104549,
              44.0293699
            ],
            [
              12.6103261,
              44.029462
            ],
            [
              12.6107398,
              44.0297611
            ],
            [
              12.6108686,
              44.0296691
            ],
            [
              12.6105711,
              44.029424
            ],
            [
              12.6106774,
              44.029258
            ],
            [
              12.6104549,
              44.0293699
            ]
          ]
        ]
      }
    },
    {
      "type": "Feature",
      "properties": {
        "id": 28237431,
        "name": "",
        "access": "yes",
        "fee": "no",
        "capacity": "",
        "parking": "surface"
      },
      "geometry": {
        "type": "Polygon",
        "coordinates": [
          [
            [
              12.6119728,
              44.030574
            ],
            [
              12.6118791,
              44.0306366
            ],
            [
              12.6115062,
              44.0303483
            ],
            [
              12.6115999,
              44.0302857
            ],
            [
              12.6119728,
              44.030574
            ]
          ]
        ]
      }
    },
    {
      "type": "Feature",
      "properties": {
        "id": 29100509,
        "name": "",
        "access": "yes",
        "fee": "yes",
        "capacity": "",
        "parking": "surface"
      },
      "geometry": {
        "type": "Polygon",
        "coordinates": [
          [
            [
              12.5731808,
              44.0554964
            ],
            [
              12.5731681,
              44.0556396
            ],
            [
              12.573793,
              44.0552411
            ],
            [
              12.5737938,
              44.0551189
            ],
            [
              12.5731808,
              44.0554964
            ]
          ]
        ]
      }
    },
    {
      "type": "Feature",
      "properties": {
        "id": 29118616,
        "name": "",
        "access": "yes",
        "fee": "no",
        "capacity": "",
        "parking": "surface"
      },
      "geometry": {
        "type": "Polygon",
        "coordinates": [
          [
            [
              12.5866786,
              44.0484499
            ],
            [
              12.5865139,
              44.048317
            ],
            [
              12.5857923,
              44.0476707
            ],
            [
              12.5860794,
              44.0475016
            ],
            [
              12.5862157,
              44.0474214
            ],
            [
              12.5866794,
              44.0478233
            ],
            [
              12.5868252,
              44.0481761
            ],
            [
              12.586661,
              44.0482789
            ],
            [
              12.586665,
              44.0483018
            ],
            [
              12.5867347,
              44.0483566
            ],
            [
              12.5867759,
              44.0483924
            ],
            [
              12.5866786,
              44.0484499
            ]
          ]
        ]
      }
    },
    {
      "type": "Feature",
      "properties": {
        "id": 29120030,
        "name": "",
        "access": "yes",
        "fee": "yes",
        "capacity": "",
        "parking": "surface"
      },
      "geometry": {
        "type": "Polygon",
        "coordinates": [
          [
            [
              12.5890114,
              44.0479783
            ],
            [
              12.5881862,
              44.0486317
            ],
            [
              12.5881275,
              44.0486791
            ],
            [
              12.5880609,
              44.0487328
            ],
            [
              12.5879681,
              44.0488108
            ],
            [
              12.5875657,
              44.048499
            ],
            [
              12.5885994,
              44.0476809
            ],
            [
              12.5886119,
              44.0476904
            ],
            [
              12.5886366,
              44.0477029
            ],
            [
              12.5886645,
              44.0477116
            ],
            [
              12.5886868,
              44.047717
            ],
            [
              12.5887112,
              44.0477187
            ],
            [
              12.5887365,
              44.0477168
            ],
            [
              12.5889785,
              44.0478679
            ],
            [
              12.5890114,
              44.0479783
            ]
          ]
        ]
      }
    },
    {
      "type": "Feature",
      "properties": {
        "id": 29120032,
        "name": "",
        "access": "",
        "fee": "",
        "capacity": "",
        "parking": ""
      },
      "geometry": {
        "type": "Polygon",
        "coordinates": [
          [
            [
              12.5890844,
              44.047764
            ],
            [
              12.5891542,
              44.0478721
            ],
            [
              12.5891688,
              44.0478849
            ],
            [
              12.5891902,
              44.0478895
            ],
            [
              12.5892156,
              44.0478863
            ],
            [
              12.5894374,
              44.0477073
            ],
            [
              12.5894434,
              44.047687
            ],
            [
              12.5894417,
              44.0476656
            ],
            [
              12.5894267,
              44.0476388
            ],
            [
              12.5893544,
              44.0475346
            ],
            [
              12.5891022,
              44.0477489
            ],
            [
              12.5890924,
              44.0477572
            ],
            [
              12.5890844,
              44.047764
            ]
          ]
        ]
      }
    },
    {
      "type": "Feature",
      "properties": {
        "id": 29120034,
        "name": "",
        "access": "yes",
        "fee": "no",
        "capacity": "",
        "parking": "surface"
      },
      "geometry": {
        "type": "Polygon",
        "coordinates": [
          [
            [
              12.5908475,
              44.0463079
            ],
            [
              12.5909507,
              44.046319
            ],
            [
              12.5909173,
              44.0464232
            ],
            [
              12.5908566,
              44.0465077
            ],
            [
              12.5907875,
              44.0465835
            ],
            [
              12.5906657,
              44.046687
            ],
            [
              12.5897018,
              44.047459
            ],
            [
              12.5896212,
              44.0474064
            ],
            [
              12.5905999,
              44.0466309
            ],
            [
              12.5907169,
              44.0465468
            ],
            [
              12.5907714,
              44.0464836
            ],
            [
              12.5908188,
              44.0464127
            ],
            [
              12.5908475,
              44.0463079
            ]
          ]
        ]
      }
    },
    {
      "type": "Feature",
      "properties": {
        "id": 29167702,
        "name": "",
        "access": "yes",
        "fee": "no",
        "capacity": "",
        "parking": "multi-storey"
      },
      "geometry": {
        "type": "Polygon",
        "coordinates": [
          [
            [
              12.5892225,
              44.0385685
            ],
            [
              12.5895883,
              44.0386394
            ],
            [
              12.5895356,
              44.0387701
            ],
            [
              12.589932,
              44.0388472
            ],
            [
              12.589867,
              44.0390514
            ],
            [
              12.5901006,
              44.0390986
            ],
            [
              12.5900694,
              44.0391825
            ],
            [
              12.5900146,
              44.0393297
            ],
            [
              12.5899442,
              44.039519
            ],
            [
              12.5898891,
              44.0396671
            ],
            [
              12.5898202,
              44.0398523
            ],
            [
              12.5897633,
              44.0400054
            ],
            [
              12.5896926,
              44.0401954
            ],
            [
              12.5896362,
              44.0403469
            ],
            [
              12.589607,
              44.0404254
            ],
            [
              12.5895492,
              44.0404155
            ],
            [
              12.5895101,
              44.0405284
            ],
            [
              12.5894648,
              44.0406535
            ],
            [
              12.5894516,
              44.0406895
            ],
            [
              12.5894205,
              44.0407139
            ],
            [
              12.589374,
              44.0407273
            ],
            [
              12.5893202,
              44.0407238
            ],
            [
              12.5890717,
              44.0406778
            ],
            [
              12.5890306,
              44.0407785
            ],
            [
              12.5884538,
              44.0406657
            ],
            [
              12.5884344,
              44.0407171
            ],
            [
              12.5878273,
              44.0406031
            ],
            [
              12.5886757,
              44.0383085
            ],
            [
              12.5892817,
              44.0384269
            ],
            [
              12.5892225,
              44.0385685
            ]
          ]
        ]
      }
    },
    {
      "type": "Feature",
      "properties": {
        "id": 29168329,
        "name": "",
        "access": "",
        "fee": "",
        "capacity": "",
        "parking": "surface"
      },
      "geometry": {
        "type": "Polygon",
        "coordinates": [
          [
            [
              12.5892511,
              44.0374548
            ],
            [
              12.5886865,
              44.0378403
            ],
            [
              12.5881377,
              44.0374561
            ],
            [
              12.5880602,
              44.0374552
            ],
            [
              12.5879167,
              44.0373438
            ],
            [
              12.5879455,
              44.0373016
            ],
            [
              12.5874526,
              44.0369353
            ],
            [
              12.5874348,
              44.0369022
            ],
            [
              12.5874276,
              44.0368739
            ],
            [
              12.5874334,
              44.0368363
            ],
            [
              12.5874475,
              44.0367895
            ],
            [
              12.5874745,
              44.0367511
            ],
            [
              12.5874372,
              44.0367231
            ],
            [
              12.5879098,
              44.0364129
            ],
            [
              12.5892511,
              44.0374548
            ]
          ]
        ]
      }
    },
    {
      "type": "Feature",
      "properties": {
        "id": 29183502,
        "name": "Tiberio",
        "access": "yes",
        "fee": "yes@8:00-20:00",
        "capacity": "303",
        "parking": "surface"
      },
      "geometry": {
        "type": "Polygon",
        "coordinates": [
          [
            [
              12.5606583,
              44.0649465
            ],
            [
              12.5609265,
              44.0648591
            ],
            [
              12.5611842,
              44.0647129
            ],
            [
              12.5611782,
              44.064673
            ],
            [
              12.5617688,
              44.0643596
            ],
            [
              12.5625142,
              44.0645252
            ],
            [
              12.5625431,
              44.0644881
            ],
            [
              12.5626718,
              44.0645694
            ],
            [
              12.5628032,
              44.0644898
            ],
            [
              12.5626921,
              44.0644128
            ],
            [
              12.5628813,
              44.064302
            ],
            [
              12.5627838,
              44.064114
            ],
            [
              12.5625659,
              44.0641269
            ],
            [
              12.5622954,
              44.0639532
            ],
            [
              12.5617648,
              44.0638247
            ],
            [
              12.5616527,
              44.0641526
            ],
            [
              12.5615192,
              44.0642349
            ],
            [
              12.5611871,
              44.0643575
            ],
            [
              12.5607864,
              44.0644007
            ],
            [
              12.5609295,
              44.0646498
            ],
            [
              12.560896,
              44.0646575
            ],
            [
              12.5605427,
              44.0647749
            ],
            [
              12.5606583,
              44.0649465
            ]
          ]
        ]
      }
    },
    {
      "type": "Feature",
      "properties": {
        "id": 29213787,
        "name": "",
        "access": "",
        "fee": "",
        "capacity": "",
        "parking": "multi-storey"
      },
      "geometry": {
        "type": "Polygon",
        "coordinates": [
          [
            [
              12.5883966,
              44.0383582
            ],
            [
              12.5872474,
              44.0381487
            ],
            [
              12.587204,
              44.0381407
            ],
            [
              12.5870991,
              44.0381191
            ],
            [
              12.5871732,
              44.0379165
            ],
            [
              12.5872326,
              44.0379248
            ],
            [
              12.5873252,
              44.0376864
            ],
            [
              12.5874505,
              44.0377169
            ],
            [
              12.5874839,
              44.0377171
            ],
            [
              12.5875133,
              44.0377103
            ],
            [
              12.5877514,
              44.0375095
            ],
            [
              12.587776,
              44.0374996
            ],
            [
              12.5878113,
              44.0374909
            ],
            [
              12.5878475,
              44.0374723
            ],
            [
              12.5878603,
              44.0374497
            ],
            [
              12.5878552,
              44.0374258
            ],
            [
              12.5878374,
              44.0374053
            ],
            [
              12.5880441,
              44.0375375
            ],
            [
              12.588268,
              44.0377354
            ],
            [
              12.5883738,
              44.0378751
            ],
            [
              12.5884326,
              44.0379727
            ],
            [
              12.5884679,
              44.0380602
            ],
            [
              12.5884773,
              44.0381364
            ],
            [
              12.5884487,
              44.0382271
            ],
            [
              12.5883966,
              44.0383582
            ]
          ]
        ]
      }
    },
    {
      "type": "Feature",
      "properties": {
        "id": 29213803,
        "name": "",
        "access": "",
        "fee": "",
        "capacity": "",
        "parking": "surface"
      },
      "geometry": {
        "type": "Polygon",
        "coordinates": [
          [
            [
              12.5841975,
              44.0407566
            ],
            [
              12.5842907,
              44.0407788
            ],
            [
              12.5844956,
              44.0408816
            ],
            [
              12.585429,
              44.041067
            ],
            [
              12.5855192,
              44.0410838
            ],
            [
              12.5855409,
              44.0410397
            ],
            [
              12.5856591,
              44.0410605
            ],
            [
              12.585711,
              44.0410612
            ],
            [
              12.5857554,
              44.0410493
            ],
            [
              12.5857898,
              44.0410284
            ],
            [
              12.5858175,
              44.0409982
            ],
            [
              12.5858283,
              44.0409646
            ],
            [
              12.5858199,
              44.0409264
            ],
            [
              12.5858038,
              44.0408986
            ],
            [
              12.585778,
              44.0408824
            ],
            [
              12.5852047,
              44.0407731
            ],
            [
              12.5851759,
              44.0408599
            ],
            [
              12.5847522,
              44.0407755
            ],
            [
              12.5850204,
              44.0401042
            ],
            [
              12.5848362,
              44.0400699
            ],
            [
              12.584408,
              44.0399903
            ],
            [
              12.5843809,
              44.040076
            ],
            [
              12.5843903,
              44.0401117
            ],
            [
              12.5844119,
              44.0401305
            ],
            [
              12.5844027,
              44.040162
            ],
            [
              12.5843679,
              44.0401532
            ],
            [
              12.5843607,
              44.04018
            ],
            [
              12.5843235,
              44.0402711
            ],
            [
              12.5843137,
              44.0402992
            ],
            [
              12.5843587,
              44.0403103
            ],
            [
              12.5841975,
              44.0407566
            ]
          ]
        ]
      }
    },
    {
      "type": "Feature",
      "properties": {
        "id": 29255672,
        "name": "Piazzale Antonio Gramsci",
        "access": "",
        "fee": "yes",
        "capacity": "",
        "parking": "street_side"
      },
      "geometry": {
        "type": "Polygon",
        "coordinates": [
          [
            [
              12.5724592,
              44.0594958
            ],
            [
              12.5726154,
              44.0595773
            ],
            [
              12.573153,
              44.0598582
            ],
            [
              12.5732142,
              44.0598902
            ],
            [
              12.5733526,
              44.0599625
            ],
            [
              12.573753,
              44.0595667
            ],
            [
              12.5735988,
              44.0594861
            ],
            [
              12.5728596,
              44.0590999
            ],
            [
              12.5724592,
              44.0594958
            ]
          ]
        ]
      }
    },
    {
      "type": "Feature",
      "properties": {
        "id": 29255673,
        "name": "Santa Rita",
        "access": "",
        "fee": "yes",
        "capacity": "",
        "parking": ""
      },
      "geometry": {
        "type": "Polygon",
        "coordinates": [
          [
            [
              12.5730355,
              44.0589356
            ],
            [
              12.5732859,
              44.0590677
            ],
            [
              12.5733707,
              44.0591116
            ],
            [
              12.5734863,
              44.0591797
            ],
            [
              12.5737959,
              44.058915
            ],
            [
              12.5738271,
              44.058891
            ],
            [
              12.5737939,
              44.0588692
            ],
            [
              12.5733539,
              44.0586295
            ],
            [
              12.5730355,
              44.0589356
            ]
          ]
        ]
      }
    },
    {
      "type": "Feature",
      "properties": {
        "id": 29318324,
        "name": "",
        "access": "customers",
        "fee": "",
        "capacity": "",
        "parking": "surface"
      },
      "geometry": {
        "type": "Polygon",
        "coordinates": [
          [
            [
              12.6195352,
              44.023283
            ],
            [
              12.6195348,
              44.0234832
            ],
            [
              12.6187088,
              44.0239858
            ],
            [
              12.6186706,
              44.0239529
            ],
            [
              12.6183863,
              44.0241367
            ],
            [
              12.618127,
              44.0239346
            ],
            [
              12.6184408,
              44.023742
            ],
            [
              12.6184364,
              44.0236999
            ],
            [
              12.6185698,
              44.0236171
            ],
            [
              12.6185857,
              44.023644
            ],
            [
              12.6191174,
              44.023317
            ],
            [
              12.6192485,
              44.0232676
            ],
            [
              12.6193165,
              44.0232661
            ],
            [
              12.6193165,
              44.023281
            ],
            [
              12.6195352,
              44.023283
            ]
          ]
        ]
      }
    },
    {
      "type": "Feature",
      "properties": {
        "id": 30652155,
        "name": "",
        "access": "yes",
        "fee": "no",
        "capacity": "32",
        "parking": "surface"
      },
      "geometry": {
        "type": "Polygon",
        "coordinates": [
          [
            [
              12.557818,
              44.0354809
            ],
            [
              12.5573471,
              44.0355907
            ],
            [
              12.5570056,
              44.0356761
            ],
            [
              12.5569771,
              44.0355934
            ],
            [
              12.5571642,
              44.035479
            ],
            [
              12.5574487,
              44.0353424
            ],
            [
              12.5575984,
              44.0353424
            ],
            [
              12.557818,
              44.0354809
            ]
          ]
        ]
      }
    },
    {
      "type": "Feature",
      "properties": {
        "id": 30733425,
        "name": "",
        "access": "",
        "fee": "",
        "capacity": "",
        "parking": "surface"
      },
      "geometry": {
        "type": "Polygon",
        "coordinates": [
          [
            [
              12.5787825,
              44.0398148
            ],
            [
              12.578597,
              44.039924
            ],
            [
              12.5784244,
              44.0400414
            ],
            [
              12.5783096,
              44.0401587
            ],
            [
              12.578205,
              44.0402941
            ],
            [
              12.5780726,
              44.0402596
            ],
            [
              12.5780071,
              44.0403353
            ],
            [
              12.5779717,
              44.0404369
            ],
            [
              12.5779524,
              44.0405631
            ],
            [
              12.5779507,
              44.0406792
            ],
            [
              12.5779652,
              44.0407847
            ],
            [
              12.5780013,
              44.0408875
            ],
            [
              12.5782593,
              44.0408397
            ],
            [
              12.5782737,
              44.0408807
            ],
            [
              12.578615,
              44.0408466
            ],
            [
              12.5787108,
              44.0407891
            ],
            [
              12.5788129,
              44.0407402
            ],
            [
              12.5787945,
              44.0406732
            ],
            [
              12.5787958,
              44.0406148
            ],
            [
              12.5785383,
              44.0405876
            ],
            [
              12.5785632,
              44.0404879
            ],
            [
              12.5787953,
              44.0405143
            ],
            [
              12.5788301,
              44.040437
            ],
            [
              12.5788771,
              44.0403708
            ],
            [
              12.5789314,
              44.0403173
            ],
            [
              12.5789924,
              44.040267
            ],
            [
              12.579074,
              44.040217
            ],
            [
              12.5791742,
              44.0401775
            ],
            [
              12.5792792,
              44.0401527
            ],
            [
              12.5793789,
              44.040141
            ],
            [
              12.5794751,
              44.0401387
            ],
            [
              12.5795698,
              44.0401443
            ],
            [
              12.5796598,
              44.0401587
            ],
            [
              12.5797517,
              44.0401822
            ],
            [
              12.579826,
              44.040213
            ],
            [
              12.5799019,
              44.040251
            ],
            [
              12.5799653,
              44.040294
            ],
            [
              12.5800208,
              44.0403414
            ],
            [
              12.5800682,
              44.0404001
            ],
            [
              12.5801084,
              44.0404607
            ],
            [
              12.5801343,
              44.0405325
            ],
            [
              12.5801538,
              44.0406135
            ],
            [
              12.5801475,
              44.0406825
            ],
            [
              12.5801291,
              44.040756
            ],
            [
              12.580092,
              44.0408344
            ],
            [
              12.5800493,
              44.0408891
            ],
            [
              12.5800011,
              44.0409389
            ],
            [
              12.5799427,
              44.0409819
            ],
            [
              12.5798685,
              44.0410251
            ],
            [
              12.5797943,
              44.041057
            ],
            [
              12.5797131,
              44.0410814
            ],
            [
              12.5796265,
              44.0411022
            ],
            [
              12.5795226,
              44.0411181
            ],
            [
              12.5794198,
              44.0411207
            ],
            [
              12.5793315,
              44.0411119
            ],
            [
              12.5793111,
              44.041424
            ],
            [
              12.5794028,
              44.0415133
            ],
            [
              12.5797945,
              44.0414798
            ],
            [
              12.5799263,
              44.0414582
            ],
            [
              12.5800637,
              44.0414107
            ],
            [
              12.5802038,
              44.0413446
            ],
            [
              12.5803442,
              44.0412505
            ],
            [
              12.5806321,
              44.0414445
            ],
            [
              12.5807248,
              44.0414102
            ],
            [
              12.5808425,
              44.0413053
            ],
            [
              12.5809383,
              44.0411782
            ],
            [
              12.5809386,
              44.0411062
            ],
            [
              12.5809056,
              44.0410279
            ],
            [
              12.5805954,
              44.040648
            ],
            [
              12.5804408,
              44.0406483
            ],
            [
              12.5803346,
              44.0406874
            ],
            [
              12.5802839,
              44.040634
            ],
            [
              12.5802445,
              44.0405725
            ],
            [
              12.5802041,
              44.0404549
            ],
            [
              12.5801821,
              44.0402956
            ],
            [
              12.5800156,
              44.0401503
            ],
            [
              12.5799143,
              44.0400868
            ],
            [
              12.5797909,
              44.0400306
            ],
            [
              12.5798858,
              44.0398691
            ],
            [
              12.5798077,
              44.0398004
            ],
            [
              12.5797564,
              44.0397645
            ],
            [
              12.5797288,
              44.0397499
            ],
            [
              12.579666,
              44.0397283
            ],
            [
              12.5795917,
              44.0397124
            ],
            [
              12.5795284,
              44.0397067
            ],
            [
              12.5794618,
              44.0396969
            ],
            [
              12.5794005,
              44.0396786
            ],
            [
              12.5793452,
              44.0396558
            ],
            [
              12.5792902,
              44.0396243
            ],
            [
              12.5792475,
              44.0395914
            ],
            [
              12.5792038,
              44.0395715
            ],
            [
              12.5791551,
              44.0395621
            ],
            [
              12.5791076,
              44.0395597
            ],
            [
              12.5790583,
              44.0395666
            ],
            [
              12.5790121,
              44.0395829
            ],
            [
              12.5789686,
              44.0396038
            ],
            [
              12.5789774,
              44.0396362
            ],
            [
              12.5788991,
              44.0396652
            ],
            [
              12.5789698,
              44.0397514
            ],
            [
              12.5787825,
              44.0398148
            ]
          ]
        ]
      }
    },
    {
      "type": "Feature",
      "properties": {
        "id": 31831314,
        "name": "Parcheggio Miramare",
        "access": "",
        "fee": "yes",
        "capacity": "",
        "parking": "surface"
      },
      "geometry": {
        "type": "Polygon",
        "coordinates": [
          [
            [
              12.6221757,
              44.0273426
            ],
            [
              12.6231817,
              44.0279983
            ],
            [
              12.6244224,
              44.0270143
            ],
            [
              12.6234164,
              44.0263586
            ],
            [
              12.6221757,
              44.0273426
            ]
          ]
        ]
      }
    },
    {
      "type": "Feature",
      "properties": {
        "id": 37281211,
        "name": "P7 - Cervi",
        "access": "yes",
        "fee": "yes",
        "capacity": "",
        "parking": "surface"
      },
      "geometry": {
        "type": "Polygon",
        "coordinates": [
          [
            [
              12.5763712,
              44.0589793
            ],
            [
              12.5762553,
              44.059072
            ],
            [
              12.5762372,
              44.0591591
            ],
            [
              12.5761984,
              44.0591949
            ],
            [
              12.5760871,
              44.0592652
            ],
            [
              12.5764717,
              44.0595202
            ],
            [
              12.5765562,
              44.0595739
            ],
            [
              12.5768152,
              44.0593601
            ],
            [
              12.5765771,
              44.0592115
            ],
            [
              12.5766566,
              44.0591521
            ],
            [
              12.5763712,
              44.0589793
            ]
          ]
        ]
      }
    },
    {
      "type": "Feature",
      "properties": {
        "id": 37334889,
        "name": "Scarpetti",
        "access": "yes",
        "fee": "yes",
        "capacity": "",
        "parking": "surface"
      },
      "geometry": {
        "type": "Polygon",
        "coordinates": [
          [
            [
              12.5619898,
              44.0573466
            ],
            [
              12.5622678,
              44.0574786
            ],
            [
              12.5623146,
              44.0574556
            ],
            [
              12.5632254,
              44.0578844
            ],
            [
              12.5632439,
              44.0578866
            ],
            [
              12.5632587,
              44.0578821
            ],
            [
              12.5632798,
              44.0578648
            ],
            [
              12.563305,
              44.0578334
            ],
            [
              12.5633321,
              44.0577821
            ],
            [
              12.5633388,
              44.0577353
            ],
            [
              12.5634035,
              44.0575535
            ],
            [
              12.5634318,
              44.057474
            ],
            [
              12.5634842,
              44.0573139
            ],
            [
              12.5634865,
              44.0572959
            ],
            [
              12.5634814,
              44.057278
            ],
            [
              12.5630695,
              44.0570813
            ],
            [
              12.5628996,
              44.0570575
            ],
            [
              12.5628814,
              44.0570553
            ],
            [
              12.5628649,
              44.0570534
            ],
            [
              12.5628006,
              44.0570449
            ],
            [
              12.5627669,
              44.0570492
            ],
            [
              12.562743,
              44.0570676
            ],
            [
              12.5626871,
              44.0571343
            ],
            [
              12.5626492,
              44.0571431
            ],
            [
              12.5625638,
              44.057114
            ],
            [
              12.5624169,
              44.0571605
            ],
            [
              12.562311,
              44.0572329
            ],
            [
              12.5622301,
              44.0572322
            ],
            [
              12.5621357,
              44.0572443
            ],
            [
              12.5620431,
              44.0572906
            ],
            [
              12.5619898,
              44.0573466
            ]
          ]
        ]
      }
    },
    {
      "type": "Feature",
      "properties": {
        "id": 37575114,
        "name": "",
        "access": "yes",
        "fee": "no",
        "capacity": "",
        "parking": "surface"
      },
      "geometry": {
        "type": "Polygon",
        "coordinates": [
          [
            [
              12.6071139,
              44.0395186
            ],
            [
              12.6067995,
              44.0397967
            ],
            [
              12.6067212,
              44.039866
            ],
            [
              12.6060664,
              44.0398666
            ],
            [
              12.6061686,
              44.038774
            ],
            [
              12.6071139,
              44.0395186
            ]
          ]
        ]
      }
    },
    {
      "type": "Feature",
      "properties": {
        "id": 38456730,
        "name": "",
        "access": "yes",
        "fee": "",
        "capacity": "",
        "parking": "surface"
      },
      "geometry": {
        "type": "Polygon",
        "coordinates": [
          [
            [
              12.572978,
              44.0363584
            ],
            [
              12.5731942,
              44.0363108
            ],
            [
              12.5733208,
              44.0366078
            ],
            [
              12.5731046,
              44.0366554
            ],
            [
              12.572978,
              44.0363584
            ]
          ]
        ]
      }
    },
    {
      "type": "Feature",
      "properties": {
        "id": 38456731,
        "name": "",
        "access": "yes",
        "fee": "",
        "capacity": "",
        "parking": "surface"
      },
      "geometry": {
        "type": "Polygon",
        "coordinates": [
          [
            [
              12.5731029,
              44.0358772
            ],
            [
              12.5732841,
              44.0358402
            ],
            [
              12.5734115,
              44.0361628
            ],
            [
              12.5732304,
              44.0361998
            ],
            [
              12.5731029,
              44.0358772
            ]
          ]
        ]
      }
    },
    {
      "type": "Feature",
      "properties": {
        "id": 38456732,
        "name": "",
        "access": "yes",
        "fee": "",
        "capacity": "",
        "parking": "surface"
      },
      "geometry": {
        "type": "Polygon",
        "coordinates": [
          [
            [
              12.5713685,
              44.0362755
            ],
            [
              12.5715976,
              44.0362249
            ],
            [
              12.5717104,
              44.0364886
            ],
            [
              12.5718854,
              44.0365208
            ],
            [
              12.5718425,
              44.0366538
            ],
            [
              12.5715018,
              44.0365979
            ],
            [
              12.5713685,
              44.0362755
            ]
          ]
        ]
      }
    },
    {
      "type": "Feature",
      "properties": {
        "id": 38456734,
        "name": "",
        "access": "yes",
        "fee": "no",
        "capacity": "",
        "parking": "surface"
      },
      "geometry": {
        "type": "Polygon",
        "coordinates": [
          [
            [
              12.5743729,
              44.036633
            ],
            [
              12.5745705,
              44.0366295
            ],
            [
              12.5745866,
              44.0370994
            ],
            [
              12.5744171,
              44.0371017
            ],
            [
              12.5743897,
              44.0371024
            ],
            [
              12.5743881,
              44.037072
            ],
            [
              12.5743729,
              44.036633
            ]
          ]
        ]
      }
    },
    {
      "type": "Feature",
      "properties": {
        "id": 38456741,
        "name": "",
        "access": "yes",
        "fee": "no",
        "capacity": "",
        "parking": "surface"
      },
      "geometry": {
        "type": "Polygon",
        "coordinates": [
          [
            [
              12.5728754,
              44.0386338
            ],
            [
              12.572868,
              44.0381327
            ],
            [
              12.5738213,
              44.0381255
            ],
            [
              12.5738288,
              44.0386265
            ],
            [
              12.5728754,
              44.0386338
            ]
          ]
        ]
      }
    },
    {
      "type": "Feature",
      "properties": {
        "id": 38456742,
        "name": "",
        "access": "yes",
        "fee": "no",
        "capacity": "",
        "parking": "surface"
      },
      "geometry": {
        "type": "Polygon",
        "coordinates": [
          [
            [
              12.5738634,
              44.0388824
            ],
            [
              12.5727526,
              44.0388874
            ],
            [
              12.5727491,
              44.0390795
            ],
            [
              12.5727268,
              44.0392452
            ],
            [
              12.5738366,
              44.0393679
            ],
            [
              12.5738595,
              44.039201
            ],
            [
              12.5738634,
              44.0388824
            ]
          ]
        ]
      }
    },
    {
      "type": "Feature",
      "properties": {
        "id": 41972600,
        "name": "",
        "access": "",
        "fee": "",
        "capacity": "",
        "parking": ""
      },
      "geometry": {
        "type": "Polygon",
        "coordinates": [
          [
            [
              12.474825,
              44.079803
            ],
            [
              12.4751857,
              44.0796795
            ],
            [
              12.475474,
              44.0801115
            ],
            [
              12.4765062,
              44.0797709
            ],
            [
              12.4765716,
              44.0792753
            ],
            [
              12.475844,
              44.0781353
            ],
            [
              12.4744872,
              44.0785952
            ],
            [
              12.4746204,
              44.0787954
            ],
            [
              12.4741455,
              44.0789584
            ],
            [
              12.4738336,
              44.0784894
            ],
            [
              12.4743528,
              44.0783112
            ],
            [
              12.4747452,
              44.0782331
            ],
            [
              12.4764739,
              44.0776398
            ],
            [
              12.4766531,
              44.0779032
            ],
            [
              12.476825,
              44.077846
            ],
            [
              12.478027,
              44.0797291
            ],
            [
              12.4780203,
              44.0798067
            ],
            [
              12.4779793,
              44.0798648
            ],
            [
              12.4779079,
              44.079912
            ],
            [
              12.4754195,
              44.0807321
            ],
            [
              12.474825,
              44.079803
            ]
          ]
        ]
      }
    },
    {
      "type": "Feature",
      "properties": {
        "id": 49393824,
        "name": "Parcheggio Italia in Miniatura",
        "access": "customers",
        "fee": "no",
        "capacity": "",
        "parking": "surface"
      },
      "geometry": {
        "type": "Polygon",
        "coordinates": [
          [
            [
              12.5141932,
              44.0898906
            ],
            [
              12.5142957,
              44.0900234
            ],
            [
              12.5145918,
              44.0902927
            ],
            [
              12.5154233,
              44.0898395
            ],
            [
              12.5155837,
              44.0897616
            ],
            [
              12.5151695,
              44.0893571
            ],
            [
              12.5149308,
              44.0894875
            ],
            [
              12.5141932,
              44.0898906
            ]
          ]
        ]
      }
    },
    {
      "type": "Feature",
      "properties": {
        "id": 59272956,
        "name": "",
        "access": "yes",
        "fee": "no",
        "capacity": "",
        "parking": "surface"
      },
      "geometry": {
        "type": "Polygon",
        "coordinates": [
          [
            [
              12.550702,
              44.0573056
            ],
            [
              12.5502363,
              44.057286
            ],
            [
              12.5502402,
              44.0572503
            ],
            [
              12.5502939,
              44.0572533
            ],
            [
              12.5503096,
              44.057109
            ],
            [
              12.5505565,
              44.0571229
            ],
            [
              12.5506164,
              44.057147
            ],
            [
              12.5506528,
              44.0571787
            ],
            [
              12.5506862,
              44.0572165
            ],
            [
              12.5507041,
              44.0572524
            ],
            [
              12.5507063,
              44.0572911
            ],
            [
              12.550702,
              44.0573056
            ]
          ]
        ]
      }
    },
    {
      "type": "Feature",
      "properties": {
        "id": 59273274,
        "name": "",
        "access": "yes",
        "fee": "no",
        "capacity": "",
        "parking": "surface"
      },
      "geometry": {
        "type": "Polygon",
        "coordinates": [
          [
            [
              12.5499644,
              44.0589012
            ],
            [
              12.550302,
              44.0589168
            ],
            [
              12.5503093,
              44.0588357
            ],
            [
              12.5503173,
              44.0587462
            ],
            [
              12.5499796,
              44.0587306
            ],
            [
              12.5499715,
              44.058822
            ],
            [
              12.5499674,
              44.0588671
            ],
            [
              12.5499644,
              44.0589012
            ]
          ]
        ]
      }
    },
    {
      "type": "Feature",
      "properties": {
        "id": 59273275,
        "name": "",
        "access": "yes",
        "fee": "no",
        "capacity": "",
        "parking": "surface"
      },
      "geometry": {
        "type": "Polygon",
        "coordinates": [
          [
            [
              12.5498148,
              44.0595883
            ],
            [
              12.5498137,
              44.059707
            ],
            [
              12.5498128,
              44.0598116
            ],
            [
              12.5499772,
              44.0597596
            ],
            [
              12.5502132,
              44.05959
            ],
            [
              12.5498148,
              44.0595883
            ]
          ]
        ]
      }
    },
    {
      "type": "Feature",
      "properties": {
        "id": 59276851,
        "name": "",
        "access": "yes",
        "fee": "no",
        "capacity": "",
        "parking": "surface"
      },
      "geometry": {
        "type": "Polygon",
        "coordinates": [
          [
            [
              12.5528642,
              44.054529
            ],
            [
              12.5528416,
              44.0544664
            ],
            [
              12.5532752,
              44.0540603
            ],
            [
              12.5537119,
              44.0541948
            ],
            [
              12.5532044,
              44.0546482
            ],
            [
              12.5529318,
              44.054568
            ],
            [
              12.5528642,
              44.054529
            ]
          ]
        ]
      }
    },
    {
      "type": "Feature",
      "properties": {
        "id": 59276858,
        "name": "",
        "access": "yes",
        "fee": "no",
        "capacity": "",
        "parking": "surface"
      },
      "geometry": {
        "type": "Polygon",
        "coordinates": [
          [
            [
              12.5540433,
              44.0546168
            ],
            [
              12.5540598,
              44.0542802
            ],
            [
              12.554299,
              44.0543675
            ],
            [
              12.5543039,
              44.0546112
            ],
            [
              12.5540433,
              44.0546168
            ]
          ]
        ]
      }
    },
    {
      "type": "Feature",
      "properties": {
        "id": 59289286,
        "name": "P15 - Piazzale Caduti Cefalonia",
        "access": "yes",
        "fee": "no",
        "capacity": "",
        "parking": "surface"
      },
      "geometry": {
        "type": "Polygon",
        "coordinates": [
          [
            [
              12.550799,
              44.0535285
            ],
            [
              12.5506998,
              44.0536103
            ],
            [
              12.5514972,
              44.0539092
            ],
            [
              12.552146,
              44.0543268
            ],
            [
              12.5523178,
              44.0544272
            ],
            [
              12.5523564,
              44.0544461
            ],
            [
              12.5524053,
              44.0544613
            ],
            [
              12.5525525,
              44.0542237
            ],
            [
              12.5512843,
              44.0536868
            ],
            [
              12.5512648,
              44.0537108
            ],
            [
              12.550799,
              44.0535285
            ]
          ]
        ]
      }
    },
    {
      "type": "Feature",
      "properties": {
        "id": 59452253,
        "name": "",
        "access": "yes",
        "fee": "no",
        "capacity": "",
        "parking": "surface"
      },
      "geometry": {
        "type": "Polygon",
        "coordinates": [
          [
            [
              12.5648645,
              44.0459371
            ],
            [
              12.5650991,
              44.0461124
            ],
            [
              12.5651251,
              44.0460952
            ],
            [
              12.5652046,
              44.0461536
            ],
            [
              12.5656465,
              44.0458707
            ],
            [
              12.5654742,
              44.0457257
            ],
            [
              12.5656314,
              44.0455948
            ],
            [
              12.5656686,
              44.0455911
            ],
            [
              12.5657096,
              44.0455639
            ],
            [
              12.5655656,
              44.0454625
            ],
            [
              12.5648645,
              44.0459371
            ]
          ]
        ]
      }
    },
    {
      "type": "Feature",
      "properties": {
        "id": 60118577,
        "name": "",
        "access": "yes",
        "fee": "no",
        "capacity": "",
        "parking": "surface"
      },
      "geometry": {
        "type": "Polygon",
        "coordinates": [
          [
            [
              12.5636648,
              44.0467699
            ],
            [
              12.5643621,
              44.046311
            ],
            [
              12.5644815,
              44.0464062
            ],
            [
              12.5639594,
              44.046775
            ],
            [
              12.5639203,
              44.0467476
            ],
            [
              12.5638267,
              44.046814
            ],
            [
              12.5641166,
              44.047028
            ],
            [
              12.5639223,
              44.0471594
            ],
            [
              12.563815,
              44.0470822
            ],
            [
              12.5639437,
              44.0469897
            ],
            [
              12.5636648,
              44.0467699
            ]
          ]
        ]
      }
    },
    {
      "type": "Feature",
      "properties": {
        "id": 60118728,
        "name": "",
        "access": "yes",
        "fee": "no",
        "capacity": "",
        "parking": "surface"
      },
      "geometry": {
        "type": "Polygon",
        "coordinates": [
          [
            [
              12.5662795,
              44.0436673
            ],
            [
              12.5664888,
              44.043522
            ],
            [
              12.5670527,
              44.0439418
            ],
            [
              12.5668435,
              44.044087
            ],
            [
              12.5662795,
              44.0436673
            ]
          ]
        ]
      }
    },
    {
      "type": "Feature",
      "properties": {
        "id": 60197224,
        "name": "",
        "access": "",
        "fee": "",
        "capacity": "",
        "parking": ""
      },
      "geometry": {
        "type": "Polygon",
        "coordinates": [
          [
            [
              12.562502,
              44.0617396
            ],
            [
              12.5626803,
              44.0617613
            ],
            [
              12.5628005,
              44.0612495
            ],
            [
              12.5626221,
              44.0612278
            ],
            [
              12.562502,
              44.0617396
            ]
          ]
        ]
      }
    },
    {
      "type": "Feature",
      "properties": {
        "id": 60197889,
        "name": "",
        "access": "",
        "fee": "",
        "capacity": "",
        "parking": ""
      },
      "geometry": {
        "type": "Polygon",
        "coordinates": [
          [
            [
              12.5532278,
              44.0589607
            ],
            [
              12.5529095,
              44.0589562
            ],
            [
              12.5527729,
              44.0589542
            ],
            [
              12.5527834,
              44.0587544
            ],
            [
              12.5532421,
              44.0587661
            ],
            [
              12.5532278,
              44.0589607
            ]
          ]
        ]
      }
    },
    {
      "type": "Feature",
      "properties": {
        "id": 65667136,
        "name": "",
        "access": "",
        "fee": "no",
        "capacity": "",
        "parking": "street_side"
      },
      "geometry": {
        "type": "Polygon",
        "coordinates": [
          [
            [
              12.607154,
              44.0415649
            ],
            [
              12.6072296,
              44.0416105
            ],
            [
              12.6077765,
              44.0411419
            ],
            [
              12.607701,
              44.0410963
            ],
            [
              12.607154,
              44.0415649
            ]
          ]
        ]
      }
    },
    {
      "type": "Feature",
      "properties": {
        "id": 86943531,
        "name": "",
        "access": "customers",
        "fee": "no",
        "capacity": "",
        "parking": "surface"
      },
      "geometry": {
        "type": "Polygon",
        "coordinates": [
          [
            [
              12.5366872,
              44.0041849
            ],
            [
              12.5366213,
              44.0042225
            ],
            [
              12.5362587,
              44.004429
            ],
            [
              12.5356702,
              44.0040764
            ],
            [
              12.5357713,
              44.0038412
            ],
            [
              12.535779,
              44.0037275
            ],
            [
              12.5357465,
              44.0036154
            ],
            [
              12.5358279,
              44.0035723
            ],
            [
              12.5359078,
              44.0035303
            ],
            [
              12.5366872,
              44.0041849
            ]
          ]
        ]
      }
    },
    {
      "type": "Feature",
      "properties": {
        "id": 89554524,
        "name": "Rimini Parking Settebello",
        "access": "yes",
        "fee": "yes",
        "capacity": "",
        "parking": "surface"
      },
      "geometry": {
        "type": "Polygon",
        "coordinates": [
          [
            [
              12.5769253,
              44.0596791
            ],
            [
              12.5767467,
              44.0598577
            ],
            [
              12.5763409,
              44.0602645
            ],
            [
              12.5767615,
              44.0605154
            ],
            [
              12.5768468,
              44.0605631
            ],
            [
              12.5772538,
              44.0607906
            ],
            [
              12.577431,
              44.0606512
            ],
            [
              12.5775526,
              44.0605559
            ],
            [
              12.5776897,
              44.0604337
            ],
            [
              12.5777702,
              44.0603587
            ],
            [
              12.5775258,
              44.0601318
            ],
            [
              12.5769253,
              44.0596791
            ]
          ]
        ]
      }
    },
    {
      "type": "Feature",
      "properties": {
        "id": 89554526,
        "name": "P1 - Rimini FS",
        "access": "yes",
        "fee": "yes",
        "capacity": "",
        "parking": "surface"
      },
      "geometry": {
        "type": "Polygon",
        "coordinates": [
          [
            [
              12.5740196,
              44.0625004
            ],
            [
              12.5733723,
              44.0627584
            ],
            [
              12.5736195,
              44.0630482
            ],
            [
              12.5734844,
              44.0631078
            ],
            [
              12.5736652,
              44.063352
            ],
            [
              12.5744461,
              44.0630021
            ],
            [
              12.5744244,
              44.0629781
            ],
            [
              12.5743751,
              44.0629241
            ],
            [
              12.5744219,
              44.0629039
            ],
            [
              12.5743231,
              44.0627995
            ],
            [
              12.5742902,
              44.0627647
            ],
            [
              12.5740196,
              44.0625004
            ]
          ]
        ]
      }
    },
    {
      "type": "Feature",
      "properties": {
        "id": 89664088,
        "name": "",
        "access": "yes",
        "fee": "no",
        "capacity": "",
        "parking": "surface"
      },
      "geometry": {
        "type": "Polygon",
        "coordinates": [
          [
            [
              12.5664078,
              44.0521126
            ],
            [
              12.5665359,
              44.0521309
            ],
            [
              12.5667408,
              44.0521568
            ],
            [
              12.5669287,
              44.0521819
            ],
            [
              12.5671464,
              44.0522097
            ],
            [
              12.5672613,
              44.051743
            ],
            [
              12.5666222,
              44.0516562
            ],
            [
              12.5665942,
              44.0517655
            ],
            [
              12.5665021,
              44.0517544
            ],
            [
              12.5664078,
              44.0521126
            ]
          ]
        ]
      }
    },
    {
      "type": "Feature",
      "properties": {
        "id": 89681148,
        "name": "",
        "access": "",
        "fee": "",
        "capacity": "",
        "parking": ""
      },
      "geometry": {
        "type": "Polygon",
        "coordinates": [
          [
            [
              12.5793184,
              44.0476993
            ],
            [
              12.5788226,
              44.0480213
            ],
            [
              12.5789278,
              44.048105
            ],
            [
              12.5789703,
              44.0481389
            ],
            [
              12.5794662,
              44.0478169
            ],
            [
              12.5793931,
              44.0477588
            ],
            [
              12.5793184,
              44.0476993
            ]
          ]
        ]
      }
    },
    {
      "type": "Feature",
      "properties": {
        "id": 89681154,
        "name": "Tribunale",
        "access": "yes",
        "fee": "yes",
        "capacity": "",
        "parking": "surface"
      },
      "geometry": {
        "type": "Polygon",
        "coordinates": [
          [
            [
              12.5766824,
              44.0485225
            ],
            [
              12.5767543,
              44.0488024
            ],
            [
              12.5768344,
              44.0491169
            ],
            [
              12.5772348,
              44.049023
            ],
            [
              12.5774359,
              44.0488848
            ],
            [
              12.5775274,
              44.0488591
            ],
            [
              12.577651,
              44.0487472
            ],
            [
              12.577693,
              44.0487069
            ],
            [
              12.577685,
              44.0486748
            ],
            [
              12.5775999,
              44.0483212
            ],
            [
              12.5780556,
              44.0482595
            ],
            [
              12.5780219,
              44.048114
            ],
            [
              12.5766994,
              44.0482922
            ],
            [
              12.5767566,
              44.0485125
            ],
            [
              12.5766824,
              44.0485225
            ]
          ]
        ]
      }
    },
    {
      "type": "Feature",
      "properties": {
        "id": 89681156,
        "name": "",
        "access": "private",
        "fee": "",
        "capacity": "",
        "parking": "surface"
      },
      "geometry": {
        "type": "Polygon",
        "coordinates": [
          [
            [
              12.5766533,
              44.0482153
            ],
            [
              12.5769694,
              44.0481714
            ],
            [
              12.5771554,
              44.0481463
            ],
            [
              12.5777562,
              44.0480623
            ],
            [
              12.5779461,
              44.0480358
            ],
            [
              12.5784388,
              44.0479673
            ],
            [
              12.5783824,
              44.0477707
            ],
            [
              12.5771051,
              44.0479454
            ],
            [
              12.5770578,
              44.047777
            ],
            [
              12.5765534,
              44.0478435
            ],
            [
              12.5766533,
              44.0482153
            ]
          ]
        ]
      }
    },
    {
      "type": "Feature",
      "properties": {
        "id": 102946019,
        "name": "",
        "access": "yes",
        "fee": "no",
        "capacity": "",
        "parking": "surface"
      },
      "geometry": {
        "type": "Polygon",
        "coordinates": [
          [
            [
              12.5885766,
              44.0490521
            ],
            [
              12.5883909,
              44.0489426
            ],
            [
              12.5886292,
              44.0487534
            ],
            [
              12.5888066,
              44.0488669
            ],
            [
              12.5885766,
              44.0490521
            ]
          ]
        ]
      }
    },
    {
      "type": "Feature",
      "properties": {
        "id": 102946020,
        "name": "",
        "access": "yes",
        "fee": "no",
        "capacity": "35",
        "parking": "surface"
      },
      "geometry": {
        "type": "Polygon",
        "coordinates": [
          [
            [
              12.5907238,
              44.047355
            ],
            [
              12.5905297,
              44.0472277
            ],
            [
              12.5908154,
              44.0469997
            ],
            [
              12.5909584,
              44.0470905
            ],
            [
              12.5910095,
              44.0471229
            ],
            [
              12.5909119,
              44.0472015
            ],
            [
              12.5907238,
              44.047355
            ]
          ]
        ]
      }
    },
    {
      "type": "Feature",
      "properties": {
        "id": 102946021,
        "name": "",
        "access": "yes",
        "fee": "no",
        "capacity": "",
        "parking": "surface"
      },
      "geometry": {
        "type": "Polygon",
        "coordinates": [
          [
            [
              12.5891688,
              44.0485528
            ],
            [
              12.589008,
              44.0484491
            ],
            [
              12.5892339,
              44.0482683
            ],
            [
              12.5893947,
              44.0483721
            ],
            [
              12.5891688,
              44.0485528
            ]
          ]
        ]
      }
    },
    {
      "type": "Feature",
      "properties": {
        "id": 102946023,
        "name": "",
        "access": "yes",
        "fee": "no",
        "capacity": "",
        "parking": "surface"
      },
      "geometry": {
        "type": "Polygon",
        "coordinates": [
          [
            [
              12.5895513,
              44.0480019
            ],
            [
              12.5901023,
              44.0475833
            ],
            [
              12.5901379,
              44.0476075
            ],
            [
              12.5902397,
              44.0476768
            ],
            [
              12.5902805,
              44.0477046
            ],
            [
              12.5897295,
              44.0481231
            ],
            [
              12.5895513,
              44.0480019
            ]
          ]
        ]
      }
    },
    {
      "type": "Feature",
      "properties": {
        "id": 109061531,
        "name": "",
        "access": "yes",
        "fee": "no",
        "capacity": "",
        "parking": "surface"
      },
      "geometry": {
        "type": "Polygon",
        "coordinates": [
          [
            [
              12.5557259,
              44.0463525
            ],
            [
              12.5558049,
              44.0463022
            ],
            [
              12.5559062,
              44.0462376
            ],
            [
              12.5563388,
              44.0465883
            ],
            [
              12.5564092,
              44.0465434
            ],
            [
              12.5568039,
              44.0468634
            ],
            [
              12.5564532,
              44.0470869
            ],
            [
              12.556183,
              44.0468679
            ],
            [
              12.5562831,
              44.0468041
            ],
            [
              12.5557259,
              44.0463525
            ]
          ]
        ]
      }
    },
    {
      "type": "Feature",
      "properties": {
        "id": 113890570,
        "name": "",
        "access": "customers",
        "fee": "",
        "capacity": "",
        "parking": ""
      },
      "geometry": {
        "type": "Polygon",
        "coordinates": [
          [
            [
              12.5696235,
              44.0755448
            ],
            [
              12.5694386,
              44.075542
            ],
            [
              12.5692458,
              44.0755052
            ],
            [
              12.5690806,
              44.0754544
            ],
            [
              12.5689271,
              44.0753809
            ],
            [
              12.5688367,
              44.0753046
            ],
            [
              12.5687658,
              44.0752198
            ],
            [
              12.5687108,
              44.0751265
            ],
            [
              12.5686557,
              44.0749965
            ],
            [
              12.5686517,
              44.0748947
            ],
            [
              12.5686635,
              44.0747816
            ],
            [
              12.5687029,
              44.0746686
            ],
            [
              12.5687653,
              44.0745832
            ],
            [
              12.56888,
              44.0744775
            ],
            [
              12.5689468,
              44.0745301
            ],
            [
              12.5690412,
              44.0745273
            ],
            [
              12.5691553,
              44.0746064
            ],
            [
              12.5692812,
              44.0745386
            ],
            [
              12.5693717,
              44.0745103
            ],
            [
              12.5693853,
              44.0745574
            ],
            [
              12.5694137,
              44.0746703
            ],
            [
              12.5693514,
              44.0746923
            ],
            [
              12.5692962,
              44.0747226
            ],
            [
              12.5692503,
              44.07476
            ],
            [
              12.5692154,
              44.0748031
            ],
            [
              12.5691929,
              44.0748503
            ],
            [
              12.5691837,
              44.0748998
            ],
            [
              12.5691881,
              44.0749496
            ],
            [
              12.5692059,
              44.0749978
            ],
            [
              12.5692365,
              44.0750426
            ],
            [
              12.5692786,
              44.0750822
            ],
            [
              12.5693307,
              44.0751152
            ],
            [
              12.5693908,
              44.0751402
            ],
            [
              12.5694565,
              44.0751564
            ],
            [
              12.5695253,
              44.075163
            ],
            [
              12.569546,
              44.0751621
            ],
            [
              12.5695416,
              44.0753674
            ],
            [
              12.5696122,
              44.0753642
            ],
            [
              12.5696235,
              44.0755448
            ]
          ]
        ]
      }
    },
    {
      "type": "Feature",
      "properties": {
        "id": 119308588,
        "name": "",
        "access": "",
        "fee": "yes",
        "capacity": "",
        "parking": ""
      },
      "geometry": {
        "type": "Polygon",
        "coordinates": [
          [
            [
              12.6128571,
              44.0372839
            ],
            [
              12.6133185,
              44.0375809
            ],
            [
              12.6139676,
              44.036987
            ],
            [
              12.6131575,
              44.0365088
            ],
            [
              12.6130878,
              44.0365551
            ],
            [
              12.6129805,
              44.0365049
            ],
            [
              12.6128786,
              44.0365975
            ],
            [
              12.6133193,
              44.0369112
            ],
            [
              12.6128571,
              44.0372839
            ]
          ]
        ]
      }
    },
    {
      "type": "Feature",
      "properties": {
        "id": 132831492,
        "name": "",
        "access": "",
        "fee": "",
        "capacity": "",
        "parking": "surface"
      },
      "geometry": {
        "type": "Polygon",
        "coordinates": [
          [
            [
              12.4987238,
              44.0517476
            ],
            [
              12.4988257,
              44.0516127
            ],
            [
              12.4983233,
              44.0514336
            ],
            [
              12.4985,
              44.0513893
            ],
            [
              12.4985629,
              44.0513736
            ],
            [
              12.499482,
              44.0519618
            ],
            [
              12.4994525,
              44.0519955
            ],
            [
              12.4994265,
              44.0520252
            ],
            [
              12.4987238,
              44.0517476
            ]
          ]
        ]
      }
    },
    {
      "type": "Feature",
      "properties": {
        "id": 152975900,
        "name": "Parcheggio Fiabilandia",
        "access": "",
        "fee": "",
        "capacity": "",
        "parking": ""
      },
      "geometry": {
        "type": "Polygon",
        "coordinates": [
          [
            [
              12.6086048,
              44.0331592
            ],
            [
              12.6083163,
              44.0332217
            ],
            [
              12.6080918,
              44.0331722
            ],
            [
              12.6076785,
              44.0329477
            ],
            [
              12.607622,
              44.0329157
            ],
            [
              12.6073296,
              44.0327502
            ],
            [
              12.607076,
              44.0326066
            ],
            [
              12.6069862,
              44.0325557
            ],
            [
              12.6069001,
              44.0324483
            ],
            [
              12.6068769,
              44.0323002
            ],
            [
              12.606936,
              44.0321175
            ],
            [
              12.6076499,
              44.0316282
            ],
            [
              12.6077658,
              44.0314717
            ],
            [
              12.607802,
              44.0313337
            ],
            [
              12.6079035,
              44.0312786
            ],
            [
              12.6080338,
              44.0312712
            ],
            [
              12.6081535,
              44.0313401
            ],
            [
              12.6098167,
              44.0323214
            ],
            [
              12.6096514,
              44.0324396
            ],
            [
              12.6090914,
              44.0328398
            ],
            [
              12.6090149,
              44.03289
            ],
            [
              12.6086048,
              44.0331592
            ]
          ]
        ]
      }
    },
    {
      "type": "Feature",
      "properties": {
        "id": 160767443,
        "name": "P3 OVEST",
        "access": "",
        "fee": "",
        "capacity": "",
        "parking": "surface"
      },
      "geometry": {
        "type": "Polygon",
        "coordinates": [
          [
            [
              12.5159663,
              44.071937
            ],
            [
              12.5157831,
              44.0708534
            ],
            [
              12.518202,
              44.0708138
            ],
            [
              12.5181913,
              44.0710142
            ],
            [
              12.5194627,
              44.0710451
            ],
            [
              12.5195861,
              44.0710489
            ],
            [
              12.5195914,
              44.0708331
            ],
            [
              12.5204819,
              44.0708292
            ],
            [
              12.5204355,
              44.0713569
            ],
            [
              12.5195538,
              44.0714782
            ],
            [
              12.5195128,
              44.0720738
            ],
            [
              12.5188739,
              44.0720612
            ],
            [
              12.5188881,
              44.0715943
            ],
            [
              12.5181878,
              44.0717269
            ],
            [
              12.5174459,
              44.0718622
            ],
            [
              12.5170996,
              44.0719684
            ],
            [
              12.5159663,
              44.071937
            ]
          ]
        ]
      }
    },
    {
      "type": "Feature",
      "properties": {
        "id": 172121356,
        "name": "",
        "access": "",
        "fee": "",
        "capacity": "",
        "parking": ""
      },
      "geometry": {
        "type": "Polygon",
        "coordinates": [
          [
            [
              12.6215303,
              44.0221478
            ],
            [
              12.6211771,
              44.0223515
            ],
            [
              12.6207775,
              44.021993
            ],
            [
              12.6211307,
              44.0217894
            ],
            [
              12.6215303,
              44.0221478
            ]
          ]
        ]
      }
    },
    {
      "type": "Feature",
      "properties": {
        "id": 172121357,
        "name": "",
        "access": "",
        "fee": "",
        "capacity": "",
        "parking": ""
      },
      "geometry": {
        "type": "Polygon",
        "coordinates": [
          [
            [
              12.6224863,
              44.0216491
            ],
            [
              12.6218558,
              44.0210799
            ],
            [
              12.6214313,
              44.0213231
            ],
            [
              12.6220618,
              44.0218923
            ],
            [
              12.6224863,
              44.0216491
            ]
          ]
        ]
      }
    },
    {
      "type": "Feature",
      "properties": {
        "id": 172121358,
        "name": "",
        "access": "",
        "fee": "",
        "capacity": "",
        "parking": ""
      },
      "geometry": {
        "type": "Polygon",
        "coordinates": [
          [
            [
              12.6203187,
              44.0227218
            ],
            [
              12.6199855,
              44.0224528
            ],
            [
              12.6199637,
              44.0223867
            ],
            [
              12.6200544,
              44.0223596
            ],
            [
              12.6200301,
              44.0222722
            ],
            [
              12.6202235,
              44.0221548
            ],
            [
              12.6206306,
              44.0225518
            ],
            [
              12.6203187,
              44.0227218
            ]
          ]
        ]
      }
    },
    {
      "type": "Feature",
      "properties": {
        "id": 176685490,
        "name": "",
        "access": "yes",
        "fee": "no",
        "capacity": "",
        "parking": "surface"
      },
      "geometry": {
        "type": "Polygon",
        "coordinates": [
          [
            [
              12.5984145,
              44.0399929
            ],
            [
              12.5977361,
              44.039533
            ],
            [
              12.597875,
              44.0394271
            ],
            [
              12.5985534,
              44.0398871
            ],
            [
              12.5984145,
              44.0399929
            ]
          ]
        ]
      }
    },
    {
      "type": "Feature",
      "properties": {
        "id": 176685491,
        "name": "",
        "access": "yes",
        "fee": "no",
        "capacity": "",
        "parking": "surface"
      },
      "geometry": {
        "type": "Polygon",
        "coordinates": [
          [
            [
              12.598102,
              44.0402009
            ],
            [
              12.597433,
              44.0397446
            ],
            [
              12.5975774,
              44.0396352
            ],
            [
              12.5982464,
              44.0400915
            ],
            [
              12.598102,
              44.0402009
            ]
          ]
        ]
      }
    },
    {
      "type": "Feature",
      "properties": {
        "id": 176685492,
        "name": "",
        "access": "yes",
        "fee": "no",
        "capacity": "",
        "parking": "surface"
      },
      "geometry": {
        "type": "Polygon",
        "coordinates": [
          [
            [
              12.5982653,
              44.040249
            ],
            [
              12.5983719,
              44.0401681
            ],
            [
              12.5985791,
              44.0403091
            ],
            [
              12.5984724,
              44.0403901
            ],
            [
              12.5982653,
              44.040249
            ]
          ]
        ]
      }
    },
    {
      "type": "Feature",
      "properties": {
        "id": 176685493,
        "name": "",
        "access": "yes",
        "fee": "no",
        "capacity": "",
        "parking": "surface"
      },
      "geometry": {
        "type": "Polygon",
        "coordinates": [
          [
            [
              12.5988572,
              44.0401381
            ],
            [
              12.5987611,
              44.0402114
            ],
            [
              12.5985459,
              44.0400656
            ],
            [
              12.5986421,
              44.0399923
            ],
            [
              12.5988572,
              44.0401381
            ]
          ]
        ]
      }
    },
    {
      "type": "Feature",
      "properties": {
        "id": 176761698,
        "name": "",
        "access": "yes",
        "fee": "no",
        "capacity": "",
        "parking": "surface"
      },
      "geometry": {
        "type": "Polygon",
        "coordinates": [
          [
            [
              12.6052748,
              44.0355616
            ],
            [
              12.6056128,
              44.0352916
            ],
            [
              12.605527,
              44.0352376
            ],
            [
              12.6055141,
              44.0352259
            ],
            [
              12.6053629,
              44.0353116
            ],
            [
              12.6051085,
              44.0354555
            ],
            [
              12.6052748,
              44.0355616
            ]
          ]
        ]
      }
    },
    {
      "type": "Feature",
      "properties": {
        "id": 184652899,
        "name": "",
        "access": "yes",
        "fee": "no",
        "capacity": "",
        "parking": "surface"
      },
      "geometry": {
        "type": "Polygon",
        "coordinates": [
          [
            [
              12.5755887,
              44.0371044
            ],
            [
              12.5753393,
              44.0373291
            ],
            [
              12.5752112,
              44.0372571
            ],
            [
              12.5750559,
              44.0373939
            ],
            [
              12.5748149,
              44.0372527
            ],
            [
              12.5747219,
              44.0373347
            ],
            [
              12.5751384,
              44.0375777
            ],
            [
              12.5751832,
              44.0375656
            ],
            [
              12.5752287,
              44.0375409
            ],
            [
              12.5753794,
              44.0376164
            ],
            [
              12.5757674,
              44.0375584
            ],
            [
              12.5757732,
              44.0375782
            ],
            [
              12.5758249,
              44.0377624
            ],
            [
              12.575825,
              44.0379226
            ],
            [
              12.5758872,
              44.0379227
            ],
            [
              12.575879,
              44.0379448
            ],
            [
              12.5758777,
              44.0379661
            ],
            [
              12.5758865,
              44.0379889
            ],
            [
              12.5759039,
              44.0380077
            ],
            [
              12.5759281,
              44.0380206
            ],
            [
              12.5759601,
              44.0380291
            ],
            [
              12.5759934,
              44.0380293
            ],
            [
              12.5760252,
              44.0380235
            ],
            [
              12.5760482,
              44.0380126
            ],
            [
              12.5760634,
              44.0379999
            ],
            [
              12.5760768,
              44.0379834
            ],
            [
              12.5760834,
              44.0379666
            ],
            [
              12.5760829,
              44.0379474
            ],
            [
              12.5760743,
              44.0379252
            ],
            [
              12.5761343,
              44.0379258
            ],
            [
              12.5761348,
              44.0377271
            ],
            [
              12.5760756,
              44.0375324
            ],
            [
              12.5760116,
              44.0375411
            ],
            [
              12.5760067,
              44.0375239
            ],
            [
              12.5759948,
              44.0374793
            ],
            [
              12.57604,
              44.0373656
            ],
            [
              12.5755887,
              44.0371044
            ]
          ]
        ]
      }
    },
    {
      "type": "Feature",
      "properties": {
        "id": 184652900,
        "name": "",
        "access": "",
        "fee": "",
        "capacity": "",
        "parking": ""
      },
      "geometry": {
        "type": "Polygon",
        "coordinates": [
          [
            [
              12.5769556,
              44.0381679
            ],
            [
              12.5764922,
              44.0381508
            ],
            [
              12.5764664,
              44.0380834
            ],
            [
              12.5763933,
              44.0380335
            ],
            [
              12.5763922,
              44.0378273
            ],
            [
              12.5764512,
              44.0377993
            ],
            [
              12.5764883,
              44.0377404
            ],
            [
              12.5769225,
              44.0377398
            ],
            [
              12.5769219,
              44.0378209
            ],
            [
              12.5767135,
              44.0378184
            ],
            [
              12.5765952,
              44.0378331
            ],
            [
              12.5765889,
              44.0380527
            ],
            [
              12.576908,
              44.0380574
            ],
            [
              12.5769067,
              44.0381009
            ],
            [
              12.5769603,
              44.0381017
            ],
            [
              12.5769556,
              44.0381679
            ]
          ]
        ]
      }
    },
    {
      "type": "Feature",
      "properties": {
        "id": 184652902,
        "name": "",
        "access": "",
        "fee": "",
        "capacity": "",
        "parking": "street_side"
      },
      "geometry": {
        "type": "Polygon",
        "coordinates": [
          [
            [
              12.5724421,
              44.0392323
            ],
            [
              12.5724191,
              44.0391944
            ],
            [
              12.5722644,
              44.0391283
            ],
            [
              12.5721809,
              44.0391256
            ],
            [
              12.5720918,
              44.0391106
            ],
            [
              12.5720273,
              44.0390861
            ],
            [
              12.5719609,
              44.0390533
            ],
            [
              12.5719059,
              44.0390165
            ],
            [
              12.5718642,
              44.0389783
            ],
            [
              12.5718339,
              44.0389361
            ],
            [
              12.5718206,
              44.0388938
            ],
            [
              12.5718111,
              44.0388352
            ],
            [
              12.5718016,
              44.0381998
            ],
            [
              12.5716214,
              44.0381998
            ],
            [
              12.5716309,
              44.0388788
            ],
            [
              12.5716423,
              44.0389361
            ],
            [
              12.5716499,
              44.0389715
            ],
            [
              12.5716802,
              44.0390179
            ],
            [
              12.5717174,
              44.0390659
            ],
            [
              12.5717732,
              44.039112
            ],
            [
              12.5718263,
              44.0391529
            ],
            [
              12.5718794,
              44.0391829
            ],
            [
              12.5719685,
              44.0392183
            ],
            [
              12.5720539,
              44.0392388
            ],
            [
              12.5721392,
              44.0392524
            ],
            [
              12.5722227,
              44.0392578
            ],
            [
              12.5723237,
              44.0392476
            ],
            [
              12.5724421,
              44.0392323
            ]
          ]
        ]
      }
    },
    {
      "type": "Feature",
      "properties": {
        "id": 184652903,
        "name": "",
        "access": "yes",
        "fee": "no",
        "capacity": "",
        "parking": "surface"
      },
      "geometry": {
        "type": "Polygon",
        "coordinates": [
          [
            [
              12.5777874,
              44.0389083
            ],
            [
              12.578114,
              44.0385331
            ],
            [
              12.5781995,
              44.0387307
            ],
            [
              12.5779724,
              44.0389916
            ],
            [
              12.5777874,
              44.0389083
            ]
          ]
        ]
      }
    },
    {
      "type": "Feature",
      "properties": {
        "id": 184652904,
        "name": "",
        "access": "",
        "fee": "",
        "capacity": "",
        "parking": ""
      },
      "geometry": {
        "type": "Polygon",
        "coordinates": [
          [
            [
              12.577573,
              44.0381877
            ],
            [
              12.577174,
              44.0385962
            ],
            [
              12.5769997,
              44.0385172
            ],
            [
              12.5773016,
              44.0381809
            ],
            [
              12.577573,
              44.0381877
            ]
          ]
        ]
      }
    },
    {
      "type": "Feature",
      "properties": {
        "id": 184652905,
        "name": "",
        "access": "yes",
        "fee": "",
        "capacity": "",
        "parking": "surface"
      },
      "geometry": {
        "type": "Polygon",
        "coordinates": [
          [
            [
              12.5720651,
              44.0377532
            ],
            [
              12.5725402,
              44.0377508
            ],
            [
              12.5725417,
              44.0379027
            ],
            [
              12.5720666,
              44.0379052
            ],
            [
              12.5720651,
              44.0377532
            ]
          ]
        ]
      }
    },
    {
      "type": "Feature",
      "properties": {
        "id": 184652906,
        "name": "",
        "access": "yes",
        "fee": "no",
        "capacity": "",
        "parking": "surface"
      },
      "geometry": {
        "type": "Polygon",
        "coordinates": [
          [
            [
              12.5778596,
              44.0395917
            ],
            [
              12.5773998,
              44.0393839
            ],
            [
              12.5774765,
              44.0392962
            ],
            [
              12.5779363,
              44.039504
            ],
            [
              12.5778596,
              44.0395917
            ]
          ]
        ]
      }
    },
    {
      "type": "Feature",
      "properties": {
        "id": 186841571,
        "name": "",
        "access": "",
        "fee": "",
        "capacity": "",
        "parking": "surface"
      },
      "geometry": {
        "type": "Polygon",
        "coordinates": [
          [
            [
              12.4718014,
              44.0818377
            ],
            [
              12.4710352,
              44.0820938
            ],
            [
              12.4704624,
              44.0814017
            ],
            [
              12.4707393,
              44.0812845
            ],
            [
              12.4708721,
              44.0814644
            ],
            [
              12.471441,
              44.0812818
            ],
            [
              12.4718014,
              44.0818377
            ]
          ]
        ]
      }
    },
    {
      "type": "Feature",
      "properties": {
        "id": 186841572,
        "name": "",
        "access": "",
        "fee": "",
        "capacity": "",
        "parking": ""
      },
      "geometry": {
        "type": "Polygon",
        "coordinates": [
          [
            [
              12.4720328,
              44.079467
            ],
            [
              12.4717559,
              44.0790583
            ],
            [
              12.4705307,
              44.0794752
            ],
            [
              12.4705648,
              44.0796033
            ],
            [
              12.4706672,
              44.0797477
            ],
            [
              12.4716952,
              44.0793989
            ],
            [
              12.4717673,
              44.0795052
            ],
            [
              12.4718507,
              44.0795324
            ],
            [
              12.4720328,
              44.079467
            ]
          ]
        ]
      }
    },
    {
      "type": "Feature",
      "properties": {
        "id": 200802040,
        "name": "",
        "access": "",
        "fee": "",
        "capacity": "",
        "parking": "surface"
      },
      "geometry": {
        "type": "Polygon",
        "coordinates": [
          [
            [
              12.5677658,
              44.0743749
            ],
            [
              12.567825,
              44.0743758
            ],
            [
              12.5683876,
              44.0743698
            ],
            [
              12.5682754,
              44.0745424
            ],
            [
              12.5681756,
              44.0745417
            ],
            [
              12.5678412,
              44.0745439
            ],
            [
              12.5677923,
              44.0745437
            ],
            [
              12.5677658,
              44.0743749
            ]
          ]
        ]
      }
    },
    {
      "type": "Feature",
      "properties": {
        "id": 200948327,
        "name": "",
        "access": "",
        "fee": "",
        "capacity": "",
        "parking": ""
      },
      "geometry": {
        "type": "Polygon",
        "coordinates": [
          [
            [
              12.5523227,
              44.0456827
            ],
            [
              12.5522687,
              44.0456379
            ],
            [
              12.5528866,
              44.0452531
            ],
            [
              12.5529405,
              44.0452978
            ],
            [
              12.5523227,
              44.0456827
            ]
          ]
        ]
      }
    },
    {
      "type": "Feature",
      "properties": {
        "id": 203617333,
        "name": "",
        "access": "yes",
        "fee": "no",
        "capacity": "104",
        "parking": "surface"
      },
      "geometry": {
        "type": "Polygon",
        "coordinates": [
          [
            [
              12.5792378,
              44.0548309
            ],
            [
              12.5796934,
              44.0544978
            ],
            [
              12.5799341,
              44.0546694
            ],
            [
              12.5791309,
              44.0552728
            ],
            [
              12.5790981,
              44.0552489
            ],
            [
              12.5785363,
              44.0548393
            ],
            [
              12.5788873,
              44.0545846
            ],
            [
              12.5792378,
              44.0548309
            ]
          ]
        ]
      }
    },
    {
      "type": "Feature",
      "properties": {
        "id": 204540630,
        "name": "",
        "access": "yes",
        "fee": "no",
        "capacity": "",
        "parking": "surface"
      },
      "geometry": {
        "type": "Polygon",
        "coordinates": [
          [
            [
              12.570951,
              44.0426338
            ],
            [
              12.5713984,
              44.0429301
            ],
            [
              12.5717003,
              44.0426945
            ],
            [
              12.571573,
              44.0426103
            ],
            [
              12.5715028,
              44.0426651
            ],
            [
              12.5713422,
              44.0425587
            ],
            [
              12.5711635,
              44.0426981
            ],
            [
              12.5710041,
              44.0425924
            ],
            [
              12.570951,
              44.0426338
            ]
          ]
        ]
      }
    },
    {
      "type": "Feature",
      "properties": {
        "id": 228397956,
        "name": "",
        "access": "yes",
        "fee": "no",
        "capacity": "",
        "parking": "surface"
      },
      "geometry": {
        "type": "Polygon",
        "coordinates": [
          [
            [
              12.5665161,
              44.0046409
            ],
            [
              12.5667653,
              44.0047976
            ],
            [
              12.5671446,
              44.0045225
            ],
            [
              12.5668892,
              44.0043387
            ],
            [
              12.5665161,
              44.0046409
            ]
          ]
        ]
      }
    },
    {
      "type": "Feature",
      "properties": {
        "id": 228942903,
        "name": "",
        "access": "customers",
        "fee": "",
        "capacity": "",
        "parking": "surface"
      },
      "geometry": {
        "type": "Polygon",
        "coordinates": [
          [
            [
              12.6274821,
              44.0273048
            ],
            [
              12.626949,
              44.0277109
            ],
            [
              12.6272655,
              44.0279432
            ],
            [
              12.6274149,
              44.0280461
            ],
            [
              12.6276276,
              44.0278807
            ],
            [
              12.6272499,
              44.0276278
            ],
            [
              12.6285343,
              44.0266199
            ],
            [
              12.6287197,
              44.0267475
            ],
            [
              12.6289181,
              44.0265898
            ],
            [
              12.6286197,
              44.0263861
            ],
            [
              12.6285466,
              44.0264434
            ],
            [
              12.6285176,
              44.0264652
            ],
            [
              12.628527,
              44.0264724
            ],
            [
              12.6283178,
              44.0266441
            ],
            [
              12.6275615,
              44.0272697
            ],
            [
              12.6275429,
              44.0272564
            ],
            [
              12.6275149,
              44.0272796
            ],
            [
              12.6274821,
              44.0273048
            ]
          ]
        ]
      }
    },
    {
      "type": "Feature",
      "properties": {
        "id": 228942907,
        "name": "",
        "access": "",
        "fee": "",
        "capacity": "",
        "parking": ""
      },
      "geometry": {
        "type": "Polygon",
        "coordinates": [
          [
            [
              12.6315021,
              44.0246344
            ],
            [
              12.6315713,
              44.0245805
            ],
            [
              12.6310364,
              44.0242064
            ],
            [
              12.6309579,
              44.024265
            ],
            [
              12.6315021,
              44.0246344
            ]
          ]
        ]
      }
    },
    {
      "type": "Feature",
      "properties": {
        "id": 228942909,
        "name": "",
        "access": "yes",
        "fee": "no",
        "capacity": "",
        "parking": "surface"
      },
      "geometry": {
        "type": "Polygon",
        "coordinates": [
          [
            [
              12.628956,
              44.0266189
            ],
            [
              12.6289181,
              44.0265898
            ],
            [
              12.6286197,
              44.0263861
            ],
            [
              12.6283829,
              44.0262144
            ],
            [
              12.6284646,
              44.0261478
            ],
            [
              12.6285395,
              44.0260868
            ],
            [
              12.6291351,
              44.0264811
            ],
            [
              12.628956,
              44.0266189
            ]
          ]
        ]
      }
    },
    {
      "type": "Feature",
      "properties": {
        "id": 231686436,
        "name": "",
        "access": "private",
        "fee": "",
        "capacity": "400",
        "parking": "surface"
      },
      "geometry": {
        "type": "Polygon",
        "coordinates": [
          [
            [
              12.6211113,
              44.0280956
            ],
            [
              12.6221151,
              44.0287549
            ],
            [
              12.6221942,
              44.0288068
            ],
            [
              12.6224262,
              44.0286241
            ],
            [
              12.6220597,
              44.0283834
            ],
            [
              12.6223083,
              44.0281878
            ],
            [
              12.6220413,
              44.0280124
            ],
            [
              12.6224721,
              44.0276733
            ],
            [
              12.6220227,
              44.0273782
            ],
            [
              12.6211113,
              44.0280956
            ]
          ]
        ]
      }
    },
    {
      "type": "Feature",
      "properties": {
        "id": 233860635,
        "name": "",
        "access": "yes",
        "fee": "no",
        "capacity": "30",
        "parking": "surface"
      },
      "geometry": {
        "type": "Polygon",
        "coordinates": [
          [
            [
              12.5825729,
              44.0435165
            ],
            [
              12.582253,
              44.0431688
            ],
            [
              12.5823686,
              44.0430114
            ],
            [
              12.5823849,
              44.0429871
            ],
            [
              12.582404,
              44.0429614
            ],
            [
              12.5824581,
              44.0430008
            ],
            [
              12.5824725,
              44.0430445
            ],
            [
              12.5827219,
              44.0433118
            ],
            [
              12.5826101,
              44.0434662
            ],
            [
              12.5825729,
              44.0435165
            ]
          ]
        ]
      }
    },
    {
      "type": "Feature",
      "properties": {
        "id": 234259910,
        "name": "",
        "access": "",
        "fee": "",
        "capacity": "",
        "parking": "surface"
      },
      "geometry": {
        "type": "Polygon",
        "coordinates": [
          [
            [
              12.5644518,
              44.0354684
            ],
            [
              12.5645234,
              44.0354373
            ],
            [
              12.5645743,
              44.0354151
            ],
            [
              12.5646148,
              44.0354632
            ],
            [
              12.5646705,
              44.035439
            ],
            [
              12.5647999,
              44.0355929
            ],
            [
              12.5648669,
              44.0355637
            ],
            [
              12.5649761,
              44.0356937
            ],
            [
              12.5650887,
              44.0356447
            ],
            [
              12.5653062,
              44.0359077
            ],
            [
              12.5649581,
              44.0360551
            ],
            [
              12.5644518,
              44.0354684
            ]
          ]
        ]
      }
    },
    {
      "type": "Feature",
      "properties": {
        "id": 234259911,
        "name": "",
        "access": "yes",
        "fee": "",
        "capacity": "",
        "parking": "surface"
      },
      "geometry": {
        "type": "Polygon",
        "coordinates": [
          [
            [
              12.5627212,
              44.035833
            ],
            [
              12.5632846,
              44.0362466
            ],
            [
              12.5634264,
              44.0361468
            ],
            [
              12.5628226,
              44.0357035
            ],
            [
              12.5627718,
              44.0357683
            ],
            [
              12.5627212,
              44.035833
            ]
          ]
        ]
      }
    },
    {
      "type": "Feature",
      "properties": {
        "id": 236375035,
        "name": "",
        "access": "",
        "fee": "",
        "capacity": "",
        "parking": "street_side"
      },
      "geometry": {
        "type": "Polygon",
        "coordinates": [
          [
            [
              12.5642219,
              44.0610617
            ],
            [
              12.5643306,
              44.0610112
            ],
            [
              12.5640973,
              44.0608308
            ],
            [
              12.5640469,
              44.0608535
            ],
            [
              12.5642219,
              44.0610617
            ]
          ]
        ]
      }
    },
    {
      "type": "Feature",
      "properties": {
        "id": 238119647,
        "name": "",
        "access": "yes",
        "fee": "no",
        "capacity": "",
        "parking": "surface"
      },
      "geometry": {
        "type": "Polygon",
        "coordinates": [
          [
            [
              12.5383085,
              44.0834162
            ],
            [
              12.5383842,
              44.0833596
            ],
            [
              12.5385209,
              44.0832574
            ],
            [
              12.5385967,
              44.0832007
            ],
            [
              12.5377101,
              44.0825695
            ],
            [
              12.5376564,
              44.08261
            ],
            [
              12.5375876,
              44.0825636
            ],
            [
              12.5372937,
              44.0827738
            ],
            [
              12.5372843,
              44.0828056
            ],
            [
              12.5372924,
              44.0828331
            ],
            [
              12.5373204,
              44.0828571
            ],
            [
              12.5371996,
              44.0829438
            ],
            [
              12.5376056,
              44.0832281
            ],
            [
              12.5378232,
              44.0830743
            ],
            [
              12.5378393,
              44.0830857
            ],
            [
              12.5382855,
              44.0834
            ],
            [
              12.5383085,
              44.0834162
            ]
          ]
        ]
      }
    },
    {
      "type": "Feature",
      "properties": {
        "id": 238119648,
        "name": "",
        "access": "",
        "fee": "",
        "capacity": "",
        "parking": ""
      },
      "geometry": {
        "type": "Polygon",
        "coordinates": [
          [
            [
              12.5390185,
              44.0840427
            ],
            [
              12.5388688,
              44.0839347
            ],
            [
              12.5388473,
              44.0839501
            ],
            [
              12.5387102,
              44.0838513
            ],
            [
              12.5386824,
              44.0838712
            ],
            [
              12.5385874,
              44.0838026
            ],
            [
              12.538562,
              44.0838208
            ],
            [
              12.5384197,
              44.0837182
            ],
            [
              12.5383985,
              44.0837334
            ],
            [
              12.5383526,
              44.0837003
            ],
            [
              12.5383317,
              44.0837152
            ],
            [
              12.5382835,
              44.0836805
            ],
            [
              12.5384031,
              44.0835949
            ],
            [
              12.5384451,
              44.0835648
            ],
            [
              12.5383801,
              44.083518
            ],
            [
              12.5386057,
              44.0833566
            ],
            [
              12.5386415,
              44.0833823
            ],
            [
              12.5388649,
              44.0832224
            ],
            [
              12.5390204,
              44.0833346
            ],
            [
              12.5387346,
              44.0835391
            ],
            [
              12.5392265,
              44.0838939
            ],
            [
              12.5390185,
              44.0840427
            ]
          ]
        ]
      }
    },
    {
      "type": "Feature",
      "properties": {
        "id": 238119941,
        "name": "Piazzale Cesare Zavattini",
        "access": "yes",
        "fee": "no",
        "capacity": "",
        "parking": "surface"
      },
      "geometry": {
        "type": "Polygon",
        "coordinates": [
          [
            [
              12.5370198,
              44.0860224
            ],
            [
              12.5371036,
              44.086063
            ],
            [
              12.5379485,
              44.0854812
            ],
            [
              12.5378036,
              44.0853771
            ],
            [
              12.5369346,
              44.0859609
            ],
            [
              12.5361764,
              44.0854142
            ],
            [
              12.5357347,
              44.0857828
            ],
            [
              12.5359603,
              44.0859499
            ],
            [
              12.5363568,
              44.0862435
            ],
            [
              12.5367201,
              44.0861401
            ],
            [
              12.5370198,
              44.0860224
            ]
          ]
        ]
      }
    },
    {
      "type": "Feature",
      "properties": {
        "id": 238127465,
        "name": "P2 SUD",
        "access": "",
        "fee": "",
        "capacity": "",
        "parking": ""
      },
      "geometry": {
        "type": "Polygon",
        "coordinates": [
          [
            [
              12.5250684,
              44.070549
            ],
            [
              12.5261888,
              44.0705657
            ],
            [
              12.526334,
              44.0689598
            ],
            [
              12.5261121,
              44.0689598
            ],
            [
              12.5254632,
              44.0689598
            ],
            [
              12.5254483,
              44.0690212
            ],
            [
              12.5254399,
              44.0690558
            ],
            [
              12.5253819,
              44.0691225
            ],
            [
              12.5253064,
              44.06916
            ],
            [
              12.5252193,
              44.0691725
            ],
            [
              12.5250916,
              44.0691809
            ],
            [
              12.5250103,
              44.0691851
            ],
            [
              12.5249465,
              44.0692143
            ],
            [
              12.5248884,
              44.0692768
            ],
            [
              12.5248304,
              44.0693311
            ],
            [
              12.5249341,
              44.0700011
            ],
            [
              12.5250684,
              44.070549
            ]
          ]
        ]
      }
    },
    {
      "type": "Feature",
      "properties": {
        "id": 238127466,
        "name": "P1 SUD",
        "access": "",
        "fee": "",
        "capacity": "",
        "parking": ""
      },
      "geometry": {
        "type": "Polygon",
        "coordinates": [
          [
            [
              12.5268913,
              44.0705782
            ],
            [
              12.52717,
              44.0705824
            ],
            [
              12.5271723,
              44.0705577
            ],
            [
              12.5271758,
              44.0705198
            ],
            [
              12.5305023,
              44.0705157
            ],
            [
              12.5302469,
              44.0698608
            ],
            [
              12.5306126,
              44.0697774
            ],
            [
              12.5306417,
              44.069744
            ],
            [
              12.5308089,
              44.069545
            ],
            [
              12.5309496,
              44.0693775
            ],
            [
              12.5309794,
              44.069266
            ],
            [
              12.5307567,
              44.0687254
            ],
            [
              12.5300958,
              44.0688616
            ],
            [
              12.5302844,
              44.0693905
            ],
            [
              12.5297536,
              44.0695049
            ],
            [
              12.5295539,
              44.0690438
            ],
            [
              12.5287243,
              44.0691965
            ],
            [
              12.5288536,
              44.0695938
            ],
            [
              12.5269319,
              44.0695688
            ],
            [
              12.5268913,
              44.0705782
            ]
          ]
        ]
      }
    },
    {
      "type": "Feature",
      "properties": {
        "id": 238128758,
        "name": "",
        "access": "private",
        "fee": "",
        "capacity": "",
        "parking": "surface"
      },
      "geometry": {
        "type": "Polygon",
        "coordinates": [
          [
            [
              12.5268436,
              44.0712281
            ],
            [
              12.5268739,
              44.0707618
            ],
            [
              12.5274134,
              44.0707772
            ],
            [
              12.5273823,
              44.0712462
            ],
            [
              12.5268436,
              44.0712281
            ]
          ]
        ]
      }
    },
    {
      "type": "Feature",
      "properties": {
        "id": 238128759,
        "name": "",
        "access": "private",
        "fee": "",
        "capacity": "",
        "parking": "surface"
      },
      "geometry": {
        "type": "Polygon",
        "coordinates": [
          [
            [
              12.5261402,
              44.0712038
            ],
            [
              12.5261656,
              44.0707743
            ],
            [
              12.5249232,
              44.0707659
            ],
            [
              12.5248908,
              44.0711625
            ],
            [
              12.5261402,
              44.0712038
            ]
          ]
        ]
      }
    },
    {
      "type": "Feature",
      "properties": {
        "id": 238130576,
        "name": "P3 -EST",
        "access": "",
        "fee": "",
        "capacity": "",
        "parking": ""
      },
      "geometry": {
        "type": "Polygon",
        "coordinates": [
          [
            [
              12.5328183,
              44.0726991
            ],
            [
              12.5325751,
              44.0737594
            ],
            [
              12.5338746,
              44.0737859
            ],
            [
              12.5341151,
              44.0727295
            ],
            [
              12.5334502,
              44.072703
            ],
            [
              12.5328183,
              44.0726991
            ]
          ]
        ]
      }
    },
    {
      "type": "Feature",
      "properties": {
        "id": 238130581,
        "name": "P4 -EST",
        "access": "",
        "fee": "",
        "capacity": "",
        "parking": ""
      },
      "geometry": {
        "type": "Polygon",
        "coordinates": [
          [
            [
              12.5324388,
              44.0714591
            ],
            [
              12.5328049,
              44.0714694
            ],
            [
              12.5329181,
              44.0720923
            ],
            [
              12.5332285,
              44.0720264
            ],
            [
              12.5333622,
              44.072007
            ],
            [
              12.5332269,
              44.0715328
            ],
            [
              12.5348175,
              44.0712972
            ],
            [
              12.5348626,
              44.0714474
            ],
            [
              12.5357972,
              44.0712854
            ],
            [
              12.5359038,
              44.0716212
            ],
            [
              12.5369246,
              44.0716035
            ],
            [
              12.5369451,
              44.0716918
            ],
            [
              12.5369779,
              44.0717655
            ],
            [
              12.5370312,
              44.0718126
            ],
            [
              12.5370148,
              44.0723398
            ],
            [
              12.5369861,
              44.0723722
            ],
            [
              12.5369533,
              44.0724105
            ],
            [
              12.5369123,
              44.0724341
            ],
            [
              12.5368549,
              44.0724576
            ],
            [
              12.5367811,
              44.0724871
            ],
            [
              12.536736,
              44.0725254
            ],
            [
              12.536695,
              44.0725578
            ],
            [
              12.5366663,
              44.0726049
            ],
            [
              12.5366048,
              44.0726343
            ],
            [
              12.5365269,
              44.0726638
            ],
            [
              12.5364491,
              44.0726697
            ],
            [
              12.5327965,
              44.0725519
            ],
            [
              12.5327186,
              44.0725401
            ],
            [
              12.5326735,
              44.0724959
            ],
            [
              12.5326366,
              44.0724753
            ],
            [
              12.5325997,
              44.0724547
            ],
            [
              12.5324388,
              44.0714591
            ]
          ]
        ]
      }
    },
    {
      "type": "Feature",
      "properties": {
        "id": 238131074,
        "name": "P5 - OVEST",
        "access": "",
        "fee": "",
        "capacity": "",
        "parking": ""
      },
      "geometry": {
        "type": "Polygon",
        "coordinates": [
          [
            [
              12.5163579,
              44.0733295
            ],
            [
              12.517123,
              44.0738734
            ],
            [
              12.517228,
              44.0721817
            ],
            [
              12.5164618,
              44.0721578
            ],
            [
              12.5163579,
              44.0733295
            ]
          ]
        ]
      }
    },
    {
      "type": "Feature",
      "properties": {
        "id": 238131075,
        "name": "P4 OVEST",
        "access": "",
        "fee": "",
        "capacity": "",
        "parking": ""
      },
      "geometry": {
        "type": "Polygon",
        "coordinates": [
          [
            [
              12.5160286,
              44.0779157
            ],
            [
              12.5167277,
              44.0773413
            ],
            [
              12.5166151,
              44.0771987
            ],
            [
              12.5178669,
              44.0746262
            ],
            [
              12.5175216,
              44.0744916
            ],
            [
              12.5166095,
              44.074136
            ],
            [
              12.5162598,
              44.0754284
            ],
            [
              12.5150982,
              44.0756998
            ],
            [
              12.5141227,
              44.0761292
            ],
            [
              12.5150024,
              44.0770934
            ],
            [
              12.5160286,
              44.0779157
            ]
          ]
        ]
      }
    },
    {
      "type": "Feature",
      "properties": {
        "id": 242869481,
        "name": "Piazzale Ernesto \"Che\" Guevara",
        "access": "",
        "fee": "",
        "capacity": "",
        "parking": ""
      },
      "geometry": {
        "type": "Polygon",
        "coordinates": [
          [
            [
              12.4818366,
              44.0674898
            ],
            [
              12.4821165,
              44.0674798
            ],
            [
              12.4821551,
              44.0680361
            ],
            [
              12.4818752,
              44.0680462
            ],
            [
              12.4818691,
              44.0679582
            ],
            [
              12.4818366,
              44.0674898
            ]
          ]
        ]
      }
    },
    {
      "type": "Feature",
      "properties": {
        "id": 244138191,
        "name": "",
        "access": "yes",
        "fee": "yes",
        "capacity": "",
        "parking": "surface"
      },
      "geometry": {
        "type": "Polygon",
        "coordinates": [
          [
            [
              12.5881887,
              44.0444015
            ],
            [
              12.5883496,
              44.0445261
            ],
            [
              12.5884868,
              44.0446304
            ],
            [
              12.5887856,
              44.0444358
            ],
            [
              12.5887134,
              44.0443819
            ],
            [
              12.5884849,
              44.0442115
            ],
            [
              12.5881887,
              44.0444015
            ]
          ]
        ]
      }
    },
    {
      "type": "Feature",
      "properties": {
        "id": 253591998,
        "name": "",
        "access": "yes",
        "fee": "yes",
        "capacity": "",
        "parking": "surface"
      },
      "geometry": {
        "type": "Polygon",
        "coordinates": [
          [
            [
              12.5811097,
              44.0663211
            ],
            [
              12.581212,
              44.0663038
            ],
            [
              12.5814007,
              44.0662718
            ],
            [
              12.5814218,
              44.0663361
            ],
            [
              12.5814684,
              44.0665947
            ],
            [
              12.5814871,
              44.0666604
            ],
            [
              12.5815245,
              44.066739
            ],
            [
              12.5813842,
              44.0667698
            ],
            [
              12.581354,
              44.0667304
            ],
            [
              12.5812605,
              44.0666554
            ],
            [
              12.5812071,
              44.0665837
            ],
            [
              12.5811097,
              44.0663211
            ]
          ]
        ]
      }
    },
    {
      "type": "Feature",
      "properties": {
        "id": 253591999,
        "name": "",
        "access": "yes",
        "fee": "yes",
        "capacity": "",
        "parking": "surface"
      },
      "geometry": {
        "type": "Polygon",
        "coordinates": [
          [
            [
              12.5809767,
              44.0659264
            ],
            [
              12.5807415,
              44.0652076
            ],
            [
              12.5810272,
              44.0651655
            ],
            [
              12.5812515,
              44.065882
            ],
            [
              12.5809767,
              44.0659264
            ]
          ]
        ]
      }
    },
    {
      "type": "Feature",
      "properties": {
        "id": 262072807,
        "name": "Piazza Alessandro Sacchini",
        "access": "yes",
        "fee": "no",
        "capacity": "",
        "parking": "surface"
      },
      "geometry": {
        "type": "Polygon",
        "coordinates": [
          [
            [
              12.5102856,
              44.1068187
            ],
            [
              12.5101416,
              44.106722
            ],
            [
              12.5103289,
              44.1065781
            ],
            [
              12.5102193,
              44.1065045
            ],
            [
              12.5103789,
              44.1063819
            ],
            [
              12.5106326,
              44.1065521
            ],
            [
              12.510547,
              44.1066178
            ],
            [
              12.5102856,
              44.1068187
            ]
          ]
        ]
      }
    },
    {
      "type": "Feature",
      "properties": {
        "id": 262199189,
        "name": "Piazza Fidenza",
        "access": "",
        "fee": "",
        "capacity": "",
        "parking": ""
      },
      "geometry": {
        "type": "Polygon",
        "coordinates": [
          [
            [
              12.604987,
              44.043289
            ],
            [
              12.6053564,
              44.0429397
            ],
            [
              12.6055053,
              44.043021
            ],
            [
              12.6051358,
              44.0433704
            ],
            [
              12.604987,
              44.043289
            ]
          ]
        ]
      }
    },
    {
      "type": "Feature",
      "properties": {
        "id": 262399612,
        "name": "Piazza Walter Gropius",
        "access": "",
        "fee": "",
        "capacity": "",
        "parking": ""
      },
      "geometry": {
        "type": "Polygon",
        "coordinates": [
          [
            [
              12.4584448,
              44.0847756
            ],
            [
              12.4575158,
              44.0853342
            ],
            [
              12.4574959,
              44.0853172
            ],
            [
              12.457111,
              44.0849869
            ],
            [
              12.457424,
              44.0847988
            ],
            [
              12.45804,
              44.0844283
            ],
            [
              12.4584088,
              44.0847447
            ],
            [
              12.4584448,
              44.0847756
            ]
          ]
        ]
      }
    },
    {
      "type": "Feature",
      "properties": {
        "id": 263369815,
        "name": "",
        "access": "yes",
        "fee": "no",
        "capacity": "",
        "parking": "surface"
      },
      "geometry": {
        "type": "Polygon",
        "coordinates": [
          [
            [
              12.556414,
              44.0516525
            ],
            [
              12.5567413,
              44.0514417
            ],
            [
              12.5568937,
              44.051564
            ],
            [
              12.5565672,
              44.0517763
            ],
            [
              12.556414,
              44.0516525
            ]
          ]
        ]
      }
    },
    {
      "type": "Feature",
      "properties": {
        "id": 263490651,
        "name": "",
        "access": "yes",
        "fee": "no",
        "capacity": "",
        "parking": "surface"
      },
      "geometry": {
        "type": "Polygon",
        "coordinates": [
          [
            [
              12.5662985,
              44.0523682
            ],
            [
              12.5670466,
              44.0524635
            ],
            [
              12.5670679,
              44.0523772
            ],
            [
              12.5670974,
              44.0522572
            ],
            [
              12.5664379,
              44.0521733
            ],
            [
              12.5663494,
              44.052162
            ],
            [
              12.5662985,
              44.0523682
            ]
          ]
        ]
      }
    },
    {
      "type": "Feature",
      "properties": {
        "id": 264236240,
        "name": "",
        "access": "customers",
        "fee": "",
        "capacity": "",
        "parking": ""
      },
      "geometry": {
        "type": "Polygon",
        "coordinates": [
          [
            [
              12.5501657,
              44.0249662
            ],
            [
              12.5501145,
              44.0248947
            ],
            [
              12.5501072,
              44.0248583
            ],
            [
              12.5501416,
              44.0248253
            ],
            [
              12.5502032,
              44.0247878
            ],
            [
              12.550216,
              44.0247633
            ],
            [
              12.5501968,
              44.0247373
            ],
            [
              12.551177,
              44.0241717
            ],
            [
              12.5518161,
              44.0248307
            ],
            [
              12.5516792,
              44.024899
            ],
            [
              12.5519406,
              44.0251744
            ],
            [
              12.5520045,
              44.0252219
            ],
            [
              12.5520706,
              44.0252541
            ],
            [
              12.55115,
              44.0257165
            ],
            [
              12.5512264,
              44.0257952
            ],
            [
              12.5510388,
              44.0258887
            ],
            [
              12.5508682,
              44.0256903
            ],
            [
              12.5501657,
              44.0249662
            ]
          ]
        ]
      }
    },
    {
      "type": "Feature",
      "properties": {
        "id": 288170245,
        "name": "",
        "access": "yes",
        "fee": "no",
        "capacity": "30",
        "parking": "surface"
      },
      "geometry": {
        "type": "Polygon",
        "coordinates": [
          [
            [
              12.4898658,
              43.9832021
            ],
            [
              12.4901621,
              43.9833538
            ],
            [
              12.4905754,
              43.9833585
            ],
            [
              12.4906149,
              43.9833526
            ],
            [
              12.4905836,
              43.9832993
            ],
            [
              12.4904783,
              43.9833052
            ],
            [
              12.4903877,
              43.9833017
            ],
            [
              12.4903021,
              43.983291
            ],
            [
              12.4902165,
              43.9832791
            ],
            [
              12.4901012,
              43.9832448
            ],
            [
              12.4900041,
              43.983201
            ],
            [
              12.4899514,
              43.9831773
            ],
            [
              12.489908,
              43.9831899
            ],
            [
              12.4898658,
              43.9832021
            ]
          ]
        ]
      }
    },
    {
      "type": "Feature",
      "properties": {
        "id": 291531795,
        "name": "",
        "access": "",
        "fee": "",
        "capacity": "",
        "parking": ""
      },
      "geometry": {
        "type": "Polygon",
        "coordinates": [
          [
            [
              12.5997016,
              44.0096733
            ],
            [
              12.5991058,
              44.0096431
            ],
            [
              12.599113,
              44.0095692
            ],
            [
              12.5990508,
              44.0095661
            ],
            [
              12.5990773,
              44.0092952
            ],
            [
              12.5996579,
              44.0093246
            ],
            [
              12.5996484,
              44.0094211
            ],
            [
              12.5997259,
              44.009425
            ],
            [
              12.5997016,
              44.0096733
            ]
          ]
        ]
      }
    },
    {
      "type": "Feature",
      "properties": {
        "id": 291531796,
        "name": "",
        "access": "",
        "fee": "",
        "capacity": "",
        "parking": ""
      },
      "geometry": {
        "type": "Polygon",
        "coordinates": [
          [
            [
              12.60015,
              44.0096385
            ],
            [
              12.6002673,
              44.0096338
            ],
            [
              12.600396,
              44.0096285
            ],
            [
              12.6004814,
              44.0092631
            ],
            [
              12.6003751,
              44.009241
            ],
            [
              12.6002531,
              44.0092157
            ],
            [
              12.60015,
              44.0096385
            ]
          ]
        ]
      }
    },
    {
      "type": "Feature",
      "properties": {
        "id": 318493877,
        "name": "",
        "access": "permissive",
        "fee": "no",
        "capacity": "",
        "parking": "surface"
      },
      "geometry": {
        "type": "Polygon",
        "coordinates": [
          [
            [
              12.4700239,
              44.0762392
            ],
            [
              12.4701446,
              44.0763432
            ],
            [
              12.4716224,
              44.0754144
            ],
            [
              12.4714937,
              44.0752988
            ],
            [
              12.4700239,
              44.0762392
            ]
          ]
        ]
      }
    },
    {
      "type": "Feature",
      "properties": {
        "id": 372979066,
        "name": "Parcheggio Cinema Settebello",
        "access": "customers",
        "fee": "no",
        "capacity": "",
        "parking": "surface"
      },
      "geometry": {
        "type": "Polygon",
        "coordinates": [
          [
            [
              12.5758206,
              44.0607838
            ],
            [
              12.5762792,
              44.0610203
            ],
            [
              12.5766352,
              44.0606815
            ],
            [
              12.5770038,
              44.0609041
            ],
            [
              12.5771544,
              44.0607823
            ],
            [
              12.5768273,
              44.0605823
            ],
            [
              12.5767434,
              44.0605324
            ],
            [
              12.5763156,
              44.0602882
            ],
            [
              12.5758206,
              44.0607838
            ]
          ]
        ]
      }
    },
    {
      "type": "Feature",
      "properties": {
        "id": 374068167,
        "name": "",
        "access": "yes",
        "fee": "no",
        "capacity": "",
        "parking": ""
      },
      "geometry": {
        "type": "Polygon",
        "coordinates": [
          [
            [
              12.5644295,
              44.0465225
            ],
            [
              12.5645752,
              44.0466301
            ],
            [
              12.5645559,
              44.0466436
            ],
            [
              12.5651407,
              44.047076
            ],
            [
              12.5656556,
              44.0467162
            ],
            [
              12.5653995,
              44.0465268
            ],
            [
              12.5650441,
              44.0467752
            ],
            [
              12.5645697,
              44.0464245
            ],
            [
              12.5644295,
              44.0465225
            ]
          ]
        ]
      }
    },
    {
      "type": "Feature",
      "properties": {
        "id": 376813443,
        "name": "",
        "access": "customers",
        "fee": "",
        "capacity": "",
        "parking": "surface"
      },
      "geometry": {
        "type": "Polygon",
        "coordinates": [
          [
            [
              12.6191053,
              44.0239125
            ],
            [
              12.6194803,
              44.0242309
            ],
            [
              12.619399,
              44.0242812
            ],
            [
              12.6192686,
              44.0243419
            ],
            [
              12.6188995,
              44.024036
            ],
            [
              12.6191053,
              44.0239125
            ]
          ]
        ]
      }
    },
    {
      "type": "Feature",
      "properties": {
        "id": 390084859,
        "name": "",
        "access": "yes",
        "fee": "no",
        "capacity": "",
        "parking": "surface"
      },
      "geometry": {
        "type": "Polygon",
        "coordinates": [
          [
            [
              12.5274511,
              44.0845958
            ],
            [
              12.5280769,
              44.0846662
            ],
            [
              12.5281843,
              44.0843593
            ],
            [
              12.5275679,
              44.0842821
            ],
            [
              12.5274511,
              44.0845958
            ]
          ]
        ]
      }
    },
    {
      "type": "Feature",
      "properties": {
        "id": 390086704,
        "name": "",
        "access": "yes",
        "fee": "no",
        "capacity": "",
        "parking": "surface"
      },
      "geometry": {
        "type": "Polygon",
        "coordinates": [
          [
            [
              12.5277803,
              44.0831169
            ],
            [
              12.5279581,
              44.0831486
            ],
            [
              12.5280039,
              44.0830161
            ],
            [
              12.5281797,
              44.0830475
            ],
            [
              12.5282793,
              44.0827597
            ],
            [
              12.5282046,
              44.0827463
            ],
            [
              12.5282206,
              44.0827002
            ],
            [
              12.5280426,
              44.0826684
            ],
            [
              12.5280761,
              44.0825716
            ],
            [
              12.5277705,
              44.0825171
            ],
            [
              12.5277543,
              44.0825638
            ],
            [
              12.5276787,
              44.0825503
            ],
            [
              12.5276206,
              44.0827181
            ],
            [
              12.527696,
              44.0827316
            ],
            [
              12.5276754,
              44.082791
            ],
            [
              12.5278234,
              44.0828175
            ],
            [
              12.527746,
              44.0830411
            ],
            [
              12.527803,
              44.0830513
            ],
            [
              12.5277803,
              44.0831169
            ]
          ]
        ]
      }
    },
    {
      "type": "Feature",
      "properties": {
        "id": 391028501,
        "name": "",
        "access": "",
        "fee": "",
        "capacity": "",
        "parking": ""
      },
      "geometry": {
        "type": "Polygon",
        "coordinates": [
          [
            [
              12.4714204,
              44.0767302
            ],
            [
              12.4719864,
              44.0770327
            ],
            [
              12.4724048,
              44.0766955
            ],
            [
              12.4717933,
              44.0763544
            ],
            [
              12.4714204,
              44.0767302
            ]
          ]
        ]
      }
    },
    {
      "type": "Feature",
      "properties": {
        "id": 422688984,
        "name": "P2 EST",
        "access": "",
        "fee": "",
        "capacity": "",
        "parking": "surface"
      },
      "geometry": {
        "type": "Polygon",
        "coordinates": [
          [
            [
              12.5318487,
              44.0724327
            ],
            [
              12.5322039,
              44.0724447
            ],
            [
              12.5322607,
              44.0715755
            ],
            [
              12.5319054,
              44.0715635
            ],
            [
              12.5319019,
              44.0716171
            ],
            [
              12.5317539,
              44.0716121
            ],
            [
              12.5317247,
              44.0720592
            ],
            [
              12.5318727,
              44.0720642
            ],
            [
              12.5318487,
              44.0724327
            ]
          ]
        ]
      }
    },
    {
      "type": "Feature",
      "properties": {
        "id": 422688985,
        "name": "P1 EST",
        "access": "",
        "fee": "",
        "capacity": "",
        "parking": "surface"
      },
      "geometry": {
        "type": "Polygon",
        "coordinates": [
          [
            [
              12.5318313,
              44.0726992
            ],
            [
              12.5321866,
              44.0727112
            ],
            [
              12.5321302,
              44.0735758
            ],
            [
              12.5317749,
              44.0735638
            ],
            [
              12.5317785,
              44.0735089
            ],
            [
              12.5316351,
              44.073504
            ],
            [
              12.5316645,
              44.0730532
            ],
            [
              12.5318079,
              44.0730581
            ],
            [
              12.5318313,
              44.0726992
            ]
          ]
        ]
      }
    },
    {
      "type": "Feature",
      "properties": {
        "id": 422688986,
        "name": "P1 OVEST",
        "access": "private",
        "fee": "",
        "capacity": "",
        "parking": "surface"
      },
      "geometry": {
        "type": "Polygon",
        "coordinates": [
          [
            [
              12.5206552,
              44.0720558
            ],
            [
              12.5210104,
              44.0720678
            ],
            [
              12.5210326,
              44.0717281
            ],
            [
              12.5211858,
              44.0717333
            ],
            [
              12.5212173,
              44.0712499
            ],
            [
              12.5210641,
              44.0712447
            ],
            [
              12.5210671,
              44.0711985
            ],
            [
              12.5207119,
              44.0711866
            ],
            [
              12.5206552,
              44.0720558
            ]
          ]
        ]
      }
    },
    {
      "type": "Feature",
      "properties": {
        "id": 422688987,
        "name": "P2 OVEST",
        "access": "private",
        "fee": "",
        "capacity": "",
        "parking": "surface"
      },
      "geometry": {
        "type": "Polygon",
        "coordinates": [
          [
            [
              12.5209364,
              44.0732025
            ],
            [
              12.5205812,
              44.0731905
            ],
            [
              12.5206378,
              44.072323
            ],
            [
              12.520993,
              44.0723349
            ],
            [
              12.520971,
              44.072673
            ],
            [
              12.521127,
              44.0726783
            ],
            [
              12.5210956,
              44.0731596
            ],
            [
              12.5209396,
              44.0731543
            ],
            [
              12.5209364,
              44.0732025
            ]
          ]
        ]
      }
    },
    {
      "type": "Feature",
      "properties": {
        "id": 437384227,
        "name": "",
        "access": "customers",
        "fee": "yes",
        "capacity": "",
        "parking": "street_side"
      },
      "geometry": {
        "type": "Polygon",
        "coordinates": [
          [
            [
              12.6127157,
              44.0365322
            ],
            [
              12.613091,
              44.0362283
            ],
            [
              12.6131395,
              44.036189
            ],
            [
              12.6119111,
              44.0354833
            ],
            [
              12.611718,
              44.0356337
            ],
            [
              12.6121793,
              44.0359422
            ],
            [
              12.6118735,
              44.0361813
            ],
            [
              12.6116697,
              44.0360425
            ],
            [
              12.6116911,
              44.0360155
            ],
            [
              12.6116214,
              44.0359538
            ],
            [
              12.611777,
              44.0358419
            ],
            [
              12.6115624,
              44.0357031
            ],
            [
              12.6109026,
              44.0362044
            ],
            [
              12.6118174,
              44.0367409
            ],
            [
              12.612646,
              44.0360502
            ],
            [
              12.6126943,
              44.0360849
            ],
            [
              12.6118628,
              44.0367713
            ],
            [
              12.6122115,
              44.0369912
            ],
            [
              12.6125763,
              44.0366711
            ],
            [
              12.6124153,
              44.0365824
            ],
            [
              12.6125816,
              44.0364474
            ],
            [
              12.6127157,
              44.0365322
            ]
          ]
        ]
      }
    },
    {
      "type": "Feature",
      "properties": {
        "id": 437970123,
        "name": "",
        "access": "",
        "fee": "",
        "capacity": "25",
        "parking": "surface"
      },
      "geometry": {
        "type": "Polygon",
        "coordinates": [
          [
            [
              12.4799598,
              44.0670061
            ],
            [
              12.4799554,
              44.0668377
            ],
            [
              12.4800879,
              44.066844
            ],
            [
              12.4800857,
              44.0670948
            ],
            [
              12.4799598,
              44.067098
            ],
            [
              12.4799598,
              44.0670061
            ]
          ]
        ]
      }
    },
    {
      "type": "Feature",
      "properties": {
        "id": 437970125,
        "name": "",
        "access": "",
        "fee": "",
        "capacity": "30",
        "parking": "surface"
      },
      "geometry": {
        "type": "Polygon",
        "coordinates": [
          [
            [
              12.4806631,
              44.0670073
            ],
            [
              12.4806357,
              44.066999
            ],
            [
              12.4803862,
              44.0668954
            ],
            [
              12.4803906,
              44.0667765
            ],
            [
              12.4805844,
              44.0667771
            ],
            [
              12.4805879,
              44.0668379
            ],
            [
              12.4806764,
              44.0669466
            ],
            [
              12.4806631,
              44.0670073
            ]
          ]
        ]
      }
    },
    {
      "type": "Feature",
      "properties": {
        "id": 437970126,
        "name": "",
        "access": "",
        "fee": "",
        "capacity": "8",
        "parking": "surface"
      },
      "geometry": {
        "type": "Polygon",
        "coordinates": [
          [
            [
              12.4806064,
              44.0672717
            ],
            [
              12.48045,
              44.0672521
            ],
            [
              12.4804673,
              44.0671404
            ],
            [
              12.4806027,
              44.0671611
            ],
            [
              12.4806064,
              44.0672717
            ]
          ]
        ]
      }
    },
    {
      "type": "Feature",
      "properties": {
        "id": 440106359,
        "name": "",
        "access": "yes",
        "fee": "no",
        "capacity": "",
        "parking": "surface"
      },
      "geometry": {
        "type": "Polygon",
        "coordinates": [
          [
            [
              12.5695139,
              44.0054865
            ],
            [
              12.5695819,
              44.0054605
            ],
            [
              12.5698575,
              44.005244
            ],
            [
              12.5695882,
              44.0050351
            ],
            [
              12.5692078,
              44.0052852
            ],
            [
              12.5695139,
              44.0054865
            ]
          ]
        ]
      }
    },
    {
      "type": "Feature",
      "properties": {
        "id": 440106361,
        "name": "",
        "access": "",
        "fee": "",
        "capacity": "",
        "parking": ""
      },
      "geometry": {
        "type": "Polygon",
        "coordinates": [
          [
            [
              12.5687869,
              44.0043704
            ],
            [
              12.5686172,
              44.0042461
            ],
            [
              12.568843,
              44.0040877
            ],
            [
              12.5689538,
              44.0041674
            ],
            [
              12.5689878,
              44.0041418
            ],
            [
              12.5692072,
              44.0043176
            ],
            [
              12.5690414,
              44.0044393
            ],
            [
              12.5688621,
              44.0043148
            ],
            [
              12.5687869,
              44.0043704
            ]
          ]
        ]
      }
    },
    {
      "type": "Feature",
      "properties": {
        "id": 440106362,
        "name": "",
        "access": "",
        "fee": "",
        "capacity": "",
        "parking": ""
      },
      "geometry": {
        "type": "Polygon",
        "coordinates": [
          [
            [
              12.5687866,
              44.0049632
            ],
            [
              12.5689477,
              44.0048477
            ],
            [
              12.569173,
              44.0050102
            ],
            [
              12.5690119,
              44.0051257
            ],
            [
              12.5687866,
              44.0049632
            ]
          ]
        ]
      }
    },
    {
      "type": "Feature",
      "properties": {
        "id": 440106363,
        "name": "",
        "access": "",
        "fee": "",
        "capacity": "",
        "parking": ""
      },
      "geometry": {
        "type": "Polygon",
        "coordinates": [
          [
            [
              12.5686366,
              44.0048443
            ],
            [
              12.5683981,
              44.0046716
            ],
            [
              12.5685534,
              44.0045606
            ],
            [
              12.5687919,
              44.0047332
            ],
            [
              12.5686366,
              44.0048443
            ]
          ]
        ]
      }
    },
    {
      "type": "Feature",
      "properties": {
        "id": 440162395,
        "name": "",
        "access": "customers",
        "fee": "",
        "capacity": "",
        "parking": "surface"
      },
      "geometry": {
        "type": "Polygon",
        "coordinates": [
          [
            [
              12.5724174,
              44.0425037
            ],
            [
              12.5727906,
              44.042249
            ],
            [
              12.5730364,
              44.0424465
            ],
            [
              12.5730739,
              44.0424679
            ],
            [
              12.5731086,
              44.0424817
            ],
            [
              12.5731452,
              44.0424891
            ],
            [
              12.573192,
              44.0424956
            ],
            [
              12.57324,
              44.0424967
            ],
            [
              12.5732907,
              44.0424916
            ],
            [
              12.573335,
              44.0424791
            ],
            [
              12.5733733,
              44.0424654
            ],
            [
              12.5734059,
              44.0424481
            ],
            [
              12.573435,
              44.0424276
            ],
            [
              12.5734558,
              44.0424048
            ],
            [
              12.5734705,
              44.0423809
            ],
            [
              12.5734788,
              44.0423542
            ],
            [
              12.573484,
              44.0423278
            ],
            [
              12.5734815,
              44.0423014
            ],
            [
              12.5734782,
              44.0422802
            ],
            [
              12.5734698,
              44.0422591
            ],
            [
              12.5734542,
              44.0422347
            ],
            [
              12.573513,
              44.0422084
            ],
            [
              12.5735163,
              44.0421191
            ],
            [
              12.5746007,
              44.0420657
            ],
            [
              12.5745996,
              44.0422863
            ],
            [
              12.5737356,
              44.0424385
            ],
            [
              12.5738705,
              44.0428403
            ],
            [
              12.573944,
              44.0428266
            ],
            [
              12.5744304,
              44.0427408
            ],
            [
              12.5745943,
              44.0427136
            ],
            [
              12.5745926,
              44.0428943
            ],
            [
              12.5741261,
              44.0429797
            ],
            [
              12.5729771,
              44.042938
            ],
            [
              12.5726933,
              44.0427188
            ],
            [
              12.5724174,
              44.0425037
            ]
          ]
        ]
      }
    },
    {
      "type": "Feature",
      "properties": {
        "id": 440162396,
        "name": "",
        "access": "customers",
        "fee": "",
        "capacity": "",
        "parking": "surface"
      },
      "geometry": {
        "type": "Polygon",
        "coordinates": [
          [
            [
              12.5731971,
              44.042485
            ],
            [
              12.5731291,
              44.0424694
            ],
            [
              12.5730708,
              44.0424397
            ],
            [
              12.5730279,
              44.0423986
            ],
            [
              12.5730045,
              44.0423501
            ],
            [
              12.5730027,
              44.0422988
            ],
            [
              12.5730228,
              44.0422495
            ],
            [
              12.5730628,
              44.042207
            ],
            [
              12.5731189,
              44.0421752
            ],
            [
              12.5731858,
              44.0421572
            ],
            [
              12.5732572,
              44.0421548
            ],
            [
              12.5733281,
              44.0421687
            ],
            [
              12.5733895,
              44.0421979
            ],
            [
              12.573435,
              44.0422394
            ],
            [
              12.5734601,
              44.0422891
            ],
            [
              12.5734616,
              44.0423277
            ],
            [
              12.5734622,
              44.042342
            ],
            [
              12.5734412,
              44.0423926
            ],
            [
              12.5734207,
              44.0424139
            ],
            [
              12.5733992,
              44.042436
            ],
            [
              12.5733404,
              44.0424678
            ],
            [
              12.5732707,
              44.0424847
            ],
            [
              12.5731971,
              44.042485
            ]
          ]
        ]
      }
    },
    {
      "type": "Feature",
      "properties": {
        "id": 440162397,
        "name": "",
        "access": "",
        "fee": "",
        "capacity": "",
        "parking": ""
      },
      "geometry": {
        "type": "Polygon",
        "coordinates": [
          [
            [
              12.5730033,
              44.0430617
            ],
            [
              12.5730644,
              44.0430159
            ],
            [
              12.5735162,
              44.043328
            ],
            [
              12.5734551,
              44.0433736
            ],
            [
              12.5730033,
              44.0430617
            ]
          ]
        ]
      }
    },
    {
      "type": "Feature",
      "properties": {
        "id": 440162398,
        "name": "",
        "access": "yes",
        "fee": "",
        "capacity": "14",
        "parking": "street_side"
      },
      "geometry": {
        "type": "Polygon",
        "coordinates": [
          [
            [
              12.5827866,
              44.0499266
            ],
            [
              12.5827184,
              44.0499698
            ],
            [
              12.5823824,
              44.049696
            ],
            [
              12.5824505,
              44.0496528
            ],
            [
              12.5827866,
              44.0499266
            ]
          ]
        ]
      }
    },
    {
      "type": "Feature",
      "properties": {
        "id": 440162399,
        "name": "",
        "access": "yes",
        "fee": "",
        "capacity": "15",
        "parking": "street_side"
      },
      "geometry": {
        "type": "Polygon",
        "coordinates": [
          [
            [
              12.5824315,
              44.0495901
            ],
            [
              12.5824875,
              44.0495545
            ],
            [
              12.5828789,
              44.0498723
            ],
            [
              12.582823,
              44.0499079
            ],
            [
              12.5824315,
              44.0495901
            ]
          ]
        ]
      }
    },
    {
      "type": "Feature",
      "properties": {
        "id": 440349245,
        "name": "Clementini",
        "access": "",
        "fee": "yes",
        "capacity": "",
        "parking": "surface"
      },
      "geometry": {
        "type": "Polygon",
        "coordinates": [
          [
            [
              12.5740195,
              44.061825
            ],
            [
              12.5742744,
              44.0619002
            ],
            [
              12.5744437,
              44.061709
            ],
            [
              12.5745046,
              44.0615667
            ],
            [
              12.5745835,
              44.0614511
            ],
            [
              12.5748627,
              44.0611684
            ],
            [
              12.5747397,
              44.0611031
            ],
            [
              12.5749341,
              44.0609128
            ],
            [
              12.575057,
              44.060978
            ],
            [
              12.5750667,
              44.0609667
            ],
            [
              12.5752557,
              44.060746
            ],
            [
              12.5750377,
              44.0606287
            ],
            [
              12.5748682,
              44.0606221
            ],
            [
              12.5740502,
              44.0612332
            ],
            [
              12.5737645,
              44.061487
            ],
            [
              12.5739026,
              44.0617786
            ],
            [
              12.5740195,
              44.061825
            ]
          ]
        ]
      }
    },
    {
      "type": "Feature",
      "properties": {
        "id": 440362005,
        "name": "",
        "access": "yes",
        "fee": "no",
        "capacity": "",
        "parking": "surface"
      },
      "geometry": {
        "type": "Polygon",
        "coordinates": [
          [
            [
              12.5851234,
              44.0514106
            ],
            [
              12.5849159,
              44.0512737
            ],
            [
              12.5847176,
              44.051167
            ],
            [
              12.5848037,
              44.0510958
            ],
            [
              12.584929,
              44.0509835
            ],
            [
              12.5852654,
              44.051177
            ],
            [
              12.5856702,
              44.0508162
            ],
            [
              12.5857307,
              44.050863
            ],
            [
              12.5851234,
              44.0514106
            ]
          ]
        ]
      }
    },
    {
      "type": "Feature",
      "properties": {
        "id": 440362006,
        "name": "",
        "access": "",
        "fee": "",
        "capacity": "",
        "parking": ""
      },
      "geometry": {
        "type": "Polygon",
        "coordinates": [
          [
            [
              12.5859895,
              44.05174
            ],
            [
              12.586031,
              44.051706
            ],
            [
              12.5862517,
              44.0518454
            ],
            [
              12.5862101,
              44.0518794
            ],
            [
              12.5859895,
              44.05174
            ]
          ]
        ]
      }
    },
    {
      "type": "Feature",
      "properties": {
        "id": 440362007,
        "name": "",
        "access": "yes",
        "fee": "",
        "capacity": "",
        "parking": "surface"
      },
      "geometry": {
        "type": "Polygon",
        "coordinates": [
          [
            [
              12.5856103,
              44.0517606
            ],
            [
              12.5854844,
              44.051663
            ],
            [
              12.5856759,
              44.0515355
            ],
            [
              12.5858017,
              44.0516331
            ],
            [
              12.5856103,
              44.0517606
            ]
          ]
        ]
      }
    },
    {
      "type": "Feature",
      "properties": {
        "id": 440415900,
        "name": "",
        "access": "customers",
        "fee": "",
        "capacity": "",
        "parking": "surface"
      },
      "geometry": {
        "type": "Polygon",
        "coordinates": [
          [
            [
              12.5784395,
              44.0706685
            ],
            [
              12.5786013,
              44.0704792
            ],
            [
              12.5786497,
              44.0704225
            ],
            [
              12.5790755,
              44.0706102
            ],
            [
              12.5788652,
              44.0708563
            ],
            [
              12.5784395,
              44.0706685
            ]
          ]
        ]
      }
    },
    {
      "type": "Feature",
      "properties": {
        "id": 443995136,
        "name": "",
        "access": "",
        "fee": "",
        "capacity": "",
        "parking": ""
      },
      "geometry": {
        "type": "Polygon",
        "coordinates": [
          [
            [
              12.5673662,
              44.0033754
            ],
            [
              12.5671339,
              44.0032095
            ],
            [
              12.5674859,
              44.0029606
            ],
            [
              12.567552,
              44.0029696
            ],
            [
              12.5678553,
              44.0031974
            ],
            [
              12.5673662,
              44.0033754
            ]
          ]
        ]
      }
    },
    {
      "type": "Feature",
      "properties": {
        "id": 443995137,
        "name": "",
        "access": "",
        "fee": "",
        "capacity": "",
        "parking": ""
      },
      "geometry": {
        "type": "Polygon",
        "coordinates": [
          [
            [
              12.5676126,
              44.0034292
            ],
            [
              12.567574,
              44.0033736
            ],
            [
              12.5685337,
              44.0030271
            ],
            [
              12.568572,
              44.0030812
            ],
            [
              12.5676126,
              44.0034292
            ]
          ]
        ]
      }
    },
    {
      "type": "Feature",
      "properties": {
        "id": 445166548,
        "name": "",
        "access": "",
        "fee": "",
        "capacity": "",
        "parking": ""
      },
      "geometry": {
        "type": "Polygon",
        "coordinates": [
          [
            [
              12.5761115,
              44.0521433
            ],
            [
              12.5760049,
              44.0520536
            ],
            [
              12.5761072,
              44.0519897
            ],
            [
              12.5764766,
              44.0517527
            ],
            [
              12.5765295,
              44.0518001
            ],
            [
              12.5765855,
              44.0518441
            ],
            [
              12.5761115,
              44.0521433
            ]
          ]
        ]
      }
    },
    {
      "type": "Feature",
      "properties": {
        "id": 446529970,
        "name": "",
        "access": "yes",
        "fee": "no",
        "capacity": "",
        "parking": "surface"
      },
      "geometry": {
        "type": "Polygon",
        "coordinates": [
          [
            [
              12.5660042,
              44.0487848
            ],
            [
              12.5659221,
              44.0487634
            ],
            [
              12.5654099,
              44.0484108
            ],
            [
              12.5655949,
              44.0482824
            ],
            [
              12.5656961,
              44.0483567
            ],
            [
              12.5658031,
              44.0482836
            ],
            [
              12.5658655,
              44.0483296
            ],
            [
              12.5661878,
              44.0481011
            ],
            [
              12.5664773,
              44.048312
            ],
            [
              12.5664338,
              44.0483426
            ],
            [
              12.5665826,
              44.0484498
            ],
            [
              12.5660926,
              44.0487801
            ],
            [
              12.5660042,
              44.0487848
            ]
          ]
        ]
      }
    },
    {
      "type": "Feature",
      "properties": {
        "id": 446529976,
        "name": "",
        "access": "",
        "fee": "",
        "capacity": "",
        "parking": "surface"
      },
      "geometry": {
        "type": "Polygon",
        "coordinates": [
          [
            [
              12.5606219,
              44.0437371
            ],
            [
              12.5605,
              44.0434895
            ],
            [
              12.5616274,
              44.0432049
            ],
            [
              12.5617487,
              44.04345
            ],
            [
              12.5606219,
              44.0437371
            ]
          ]
        ]
      }
    },
    {
      "type": "Feature",
      "properties": {
        "id": 446529978,
        "name": "",
        "access": "",
        "fee": "",
        "capacity": "",
        "parking": "surface"
      },
      "geometry": {
        "type": "Polygon",
        "coordinates": [
          [
            [
              12.5604252,
              44.0432057
            ],
            [
              12.5603549,
              44.0430554
            ],
            [
              12.5613784,
              44.042794
            ],
            [
              12.5614551,
              44.0429472
            ],
            [
              12.5604252,
              44.0432057
            ]
          ]
        ]
      }
    },
    {
      "type": "Feature",
      "properties": {
        "id": 447642366,
        "name": "",
        "access": "",
        "fee": "",
        "capacity": "",
        "parking": ""
      },
      "geometry": {
        "type": "Polygon",
        "coordinates": [
          [
            [
              12.5472366,
              44.0677574
            ],
            [
              12.5473145,
              44.0675705
            ],
            [
              12.5475425,
              44.0676197
            ],
            [
              12.5474661,
              44.0678037
            ],
            [
              12.5472366,
              44.0677574
            ]
          ]
        ]
      }
    },
    {
      "type": "Feature",
      "properties": {
        "id": 447642367,
        "name": "",
        "access": "yes",
        "fee": "no",
        "capacity": "",
        "parking": "surface"
      },
      "geometry": {
        "type": "Polygon",
        "coordinates": [
          [
            [
              12.5484919,
              44.0659235
            ],
            [
              12.5485617,
              44.0657435
            ],
            [
              12.5486778,
              44.0657666
            ],
            [
              12.5487918,
              44.0657893
            ],
            [
              12.5487104,
              44.0659673
            ],
            [
              12.5484919,
              44.0659235
            ]
          ]
        ]
      }
    },
    {
      "type": "Feature",
      "properties": {
        "id": 447642368,
        "name": "",
        "access": "",
        "fee": "",
        "capacity": "",
        "parking": ""
      },
      "geometry": {
        "type": "Polygon",
        "coordinates": [
          [
            [
              12.5479505,
              44.0657634
            ],
            [
              12.548006,
              44.0656262
            ],
            [
              12.548118,
              44.0656496
            ],
            [
              12.5482197,
              44.0656708
            ],
            [
              12.5481641,
              44.0658081
            ],
            [
              12.5479505,
              44.0657634
            ]
          ]
        ]
      }
    },
    {
      "type": "Feature",
      "properties": {
        "id": 447642370,
        "name": "",
        "access": "",
        "fee": "",
        "capacity": "",
        "parking": ""
      },
      "geometry": {
        "type": "Polygon",
        "coordinates": [
          [
            [
              12.5478949,
              44.0671589
            ],
            [
              12.5476832,
              44.0671115
            ],
            [
              12.5477408,
              44.0669673
            ],
            [
              12.5479647,
              44.0670124
            ],
            [
              12.5478949,
              44.0671589
            ]
          ]
        ]
      }
    },
    {
      "type": "Feature",
      "properties": {
        "id": 465309401,
        "name": "",
        "access": "yes",
        "fee": "no",
        "capacity": "",
        "parking": "surface"
      },
      "geometry": {
        "type": "Polygon",
        "coordinates": [
          [
            [
              12.5846589,
              44.0459802
            ],
            [
              12.5844133,
              44.045778
            ],
            [
              12.5843431,
              44.0457332
            ],
            [
              12.584202,
              44.0456228
            ],
            [
              12.5841675,
              44.0456437
            ],
            [
              12.5838142,
              44.0458597
            ],
            [
              12.5837883,
              44.0458742
            ],
            [
              12.584169,
              44.0462049
            ],
            [
              12.5842179,
              44.046246
            ],
            [
              12.5844489,
              44.0461045
            ],
            [
              12.5846589,
              44.0459802
            ]
          ]
        ]
      }
    },
    {
      "type": "Feature",
      "properties": {
        "id": 465309412,
        "name": "",
        "access": "customers",
        "fee": "yes",
        "capacity": "",
        "parking": "surface"
      },
      "geometry": {
        "type": "Polygon",
        "coordinates": [
          [
            [
              12.5881854,
              44.045514
            ],
            [
              12.5882196,
              44.0454369
            ],
            [
              12.5883112,
              44.0454536
            ],
            [
              12.588376,
              44.045318
            ],
            [
              12.5879495,
              44.0452102
            ],
            [
              12.5879326,
              44.0452462
            ],
            [
              12.5878276,
              44.0452238
            ],
            [
              12.5875999,
              44.0456571
            ],
            [
              12.587659,
              44.0456745
            ],
            [
              12.5876307,
              44.0457242
            ],
            [
              12.5877536,
              44.0457532
            ],
            [
              12.5877847,
              44.0457016
            ],
            [
              12.5878552,
              44.0457208
            ],
            [
              12.5879453,
              44.0457466
            ],
            [
              12.5881149,
              44.0457877
            ],
            [
              12.5881411,
              44.0457343
            ],
            [
              12.5882367,
              44.0457586
            ],
            [
              12.5883228,
              44.0455829
            ],
            [
              12.5881716,
              44.0455393
            ],
            [
              12.5881854,
              44.045514
            ]
          ]
        ]
      }
    },
    {
      "type": "Feature",
      "properties": {
        "id": 465309420,
        "name": "",
        "access": "private",
        "fee": "",
        "capacity": "",
        "parking": ""
      },
      "geometry": {
        "type": "Polygon",
        "coordinates": [
          [
            [
              12.5882746,
              44.0446011
            ],
            [
              12.5881002,
              44.0447091
            ],
            [
              12.5880548,
              44.0446727
            ],
            [
              12.5879958,
              44.0447111
            ],
            [
              12.5878614,
              44.0447975
            ],
            [
              12.5877689,
              44.0447279
            ],
            [
              12.5881405,
              44.0444916
            ],
            [
              12.5882746,
              44.0446011
            ]
          ]
        ]
      }
    },
    {
      "type": "Feature",
      "properties": {
        "id": 469052309,
        "name": "",
        "access": "yes",
        "fee": "no",
        "capacity": "",
        "parking": "surface"
      },
      "geometry": {
        "type": "Polygon",
        "coordinates": [
          [
            [
              12.5703805,
              44.0741827
            ],
            [
              12.5700922,
              44.0736948
            ],
            [
              12.5702971,
              44.073624
            ],
            [
              12.5706005,
              44.0741118
            ],
            [
              12.5703805,
              44.0741827
            ]
          ]
        ]
      }
    },
    {
      "type": "Feature",
      "properties": {
        "id": 475494106,
        "name": "",
        "access": "private",
        "fee": "",
        "capacity": "11",
        "parking": ""
      },
      "geometry": {
        "type": "Polygon",
        "coordinates": [
          [
            [
              12.571789,
              44.0575488
            ],
            [
              12.5716377,
              44.0574604
            ],
            [
              12.571777,
              44.0573373
            ],
            [
              12.5719282,
              44.0574257
            ],
            [
              12.571789,
              44.0575488
            ]
          ]
        ]
      }
    },
    {
      "type": "Feature",
      "properties": {
        "id": 480753762,
        "name": "",
        "access": "",
        "fee": "",
        "capacity": "",
        "parking": ""
      },
      "geometry": {
        "type": "Polygon",
        "coordinates": [
          [
            [
              12.5023526,
              44.0826151
            ],
            [
              12.5023231,
              44.0822259
            ],
            [
              12.5022314,
              44.0822634
            ],
            [
              12.5020361,
              44.0823434
            ],
            [
              12.502307,
              44.0826401
            ],
            [
              12.5023526,
              44.0826151
            ]
          ]
        ]
      }
    },
    {
      "type": "Feature",
      "properties": {
        "id": 480753763,
        "name": "",
        "access": "",
        "fee": "",
        "capacity": "",
        "parking": ""
      },
      "geometry": {
        "type": "Polygon",
        "coordinates": [
          [
            [
              12.5017786,
              44.0821546
            ],
            [
              12.5018432,
              44.082224
            ],
            [
              12.5018931,
              44.0822775
            ],
            [
              12.5021505,
              44.0821538
            ],
            [
              12.5022981,
              44.0820829
            ],
            [
              12.5021836,
              44.08196
            ],
            [
              12.5017786,
              44.0821546
            ]
          ]
        ]
      }
    },
    {
      "type": "Feature",
      "properties": {
        "id": 480753764,
        "name": "",
        "access": "",
        "fee": "",
        "capacity": "",
        "parking": ""
      },
      "geometry": {
        "type": "Polygon",
        "coordinates": [
          [
            [
              12.5023902,
              44.0829156
            ],
            [
              12.5023351,
              44.0828617
            ],
            [
              12.5022642,
              44.0827923
            ],
            [
              12.5018109,
              44.0830312
            ],
            [
              12.5018542,
              44.0830736
            ],
            [
              12.5018716,
              44.0830907
            ],
            [
              12.5019369,
              44.0831545
            ],
            [
              12.5019683,
              44.083138
            ],
            [
              12.5023902,
              44.0829156
            ]
          ]
        ]
      }
    },
    {
      "type": "Feature",
      "properties": {
        "id": 480753765,
        "name": "",
        "access": "",
        "fee": "",
        "capacity": "",
        "parking": ""
      },
      "geometry": {
        "type": "Polygon",
        "coordinates": [
          [
            [
              12.5024116,
              44.0837499
            ],
            [
              12.5023548,
              44.083689
            ],
            [
              12.5023342,
              44.0836669
            ],
            [
              12.501854,
              44.0838981
            ],
            [
              12.5019315,
              44.0839811
            ],
            [
              12.5024116,
              44.0837499
            ]
          ]
        ]
      }
    },
    {
      "type": "Feature",
      "properties": {
        "id": 481264834,
        "name": "Piazza Oreste Cavallari",
        "access": "",
        "fee": "",
        "capacity": "",
        "parking": ""
      },
      "geometry": {
        "type": "Polygon",
        "coordinates": [
          [
            [
              12.5007156,
              44.0457536
            ],
            [
              12.5004683,
              44.0459181
            ],
            [
              12.5003723,
              44.0458436
            ],
            [
              12.5003339,
              44.0458681
            ],
            [
              12.5002918,
              44.045896
            ],
            [
              12.5001253,
              44.0457718
            ],
            [
              12.5001685,
              44.0457436
            ],
            [
              12.5002097,
              44.0457174
            ],
            [
              12.5001291,
              44.0456548
            ],
            [
              12.5001239,
              44.0456508
            ],
            [
              12.5003711,
              44.0454863
            ],
            [
              12.5007156,
              44.0457536
            ]
          ]
        ]
      }
    },
    {
      "type": "Feature",
      "properties": {
        "id": 484322868,
        "name": "",
        "access": "yes",
        "fee": "no",
        "capacity": "",
        "parking": "surface"
      },
      "geometry": {
        "type": "Polygon",
        "coordinates": [
          [
            [
              12.5863613,
              44.0500132
            ],
            [
              12.5864066,
              44.0500429
            ],
            [
              12.5864969,
              44.0499742
            ],
            [
              12.5866053,
              44.0500435
            ],
            [
              12.5862926,
              44.050292
            ],
            [
              12.5862459,
              44.0502606
            ],
            [
              12.5862158,
              44.0502814
            ],
            [
              12.5861428,
              44.0502125
            ],
            [
              12.5862301,
              44.0501698
            ],
            [
              12.5862013,
              44.0501307
            ],
            [
              12.5863613,
              44.0500132
            ]
          ]
        ]
      }
    },
    {
      "type": "Feature",
      "properties": {
        "id": 484322874,
        "name": "",
        "access": "",
        "fee": "",
        "capacity": "",
        "parking": ""
      },
      "geometry": {
        "type": "Polygon",
        "coordinates": [
          [
            [
              12.5927362,
              44.0502643
            ],
            [
              12.592853,
              44.050147
            ],
            [
              12.5926205,
              44.0500276
            ],
            [
              12.5925038,
              44.0501449
            ],
            [
              12.5926082,
              44.0501985
            ],
            [
              12.5927362,
              44.0502643
            ]
          ]
        ]
      }
    },
    {
      "type": "Feature",
      "properties": {
        "id": 484322875,
        "name": "",
        "access": "",
        "fee": "",
        "capacity": "",
        "parking": ""
      },
      "geometry": {
        "type": "Polygon",
        "coordinates": [
          [
            [
              12.5931652,
              44.050479
            ],
            [
              12.5932618,
              44.0503652
            ],
            [
              12.5929399,
              44.0501975
            ],
            [
              12.5929233,
              44.0502141
            ],
            [
              12.5928299,
              44.0503074
            ],
            [
              12.5931652,
              44.050479
            ]
          ]
        ]
      }
    },
    {
      "type": "Feature",
      "properties": {
        "id": 484322876,
        "name": "",
        "access": "",
        "fee": "",
        "capacity": "",
        "parking": ""
      },
      "geometry": {
        "type": "Polygon",
        "coordinates": [
          [
            [
              12.5928843,
              44.0508338
            ],
            [
              12.5927809,
              44.0507422
            ],
            [
              12.5926156,
              44.0506985
            ],
            [
              12.592604,
              44.0507094
            ],
            [
              12.5925235,
              44.0506912
            ],
            [
              12.5925819,
              44.0506398
            ],
            [
              12.5926465,
              44.05059
            ],
            [
              12.5926961,
              44.0505631
            ],
            [
              12.5927753,
              44.0505364
            ],
            [
              12.5928659,
              44.0505318
            ],
            [
              12.592926,
              44.0505478
            ],
            [
              12.5931629,
              44.0506486
            ],
            [
              12.5929807,
              44.0508829
            ],
            [
              12.5928843,
              44.0508338
            ]
          ]
        ]
      }
    },
    {
      "type": "Feature",
      "properties": {
        "id": 484322877,
        "name": "",
        "access": "",
        "fee": "",
        "capacity": "",
        "parking": ""
      },
      "geometry": {
        "type": "Polygon",
        "coordinates": [
          [
            [
              12.5924154,
              44.0504707
            ],
            [
              12.5919863,
              44.0502374
            ],
            [
              12.5921287,
              44.0501067
            ],
            [
              12.5922327,
              44.0501721
            ],
            [
              12.5923994,
              44.0502856
            ],
            [
              12.5924374,
              44.0503157
            ],
            [
              12.5924565,
              44.050348
            ],
            [
              12.5924611,
              44.0503862
            ],
            [
              12.5924557,
              44.0504186
            ],
            [
              12.5924383,
              44.0504473
            ],
            [
              12.5924154,
              44.0504707
            ]
          ]
        ]
      }
    },
    {
      "type": "Feature",
      "properties": {
        "id": 484981266,
        "name": "",
        "access": "yes",
        "fee": "no",
        "capacity": "",
        "parking": "street_side"
      },
      "geometry": {
        "type": "Polygon",
        "coordinates": [
          [
            [
              12.5700453,
              44.0722959
            ],
            [
              12.5699749,
              44.0723147
            ],
            [
              12.5701621,
              44.0726771
            ],
            [
              12.5702324,
              44.0726583
            ],
            [
              12.5700453,
              44.0722959
            ]
          ]
        ]
      }
    },
    {
      "type": "Feature",
      "properties": {
        "id": 486829433,
        "name": "Piazzetta Gaiana",
        "access": "",
        "fee": "",
        "capacity": "",
        "parking": ""
      },
      "geometry": {
        "type": "Polygon",
        "coordinates": [
          [
            [
              12.5723054,
              44.0578775
            ],
            [
              12.5722624,
              44.0578525
            ],
            [
              12.5721999,
              44.0578161
            ],
            [
              12.5722853,
              44.0577423
            ],
            [
              12.5723856,
              44.0578071
            ],
            [
              12.5723054,
              44.0578775
            ]
          ]
        ]
      }
    },
    {
      "type": "Feature",
      "properties": {
        "id": 488113614,
        "name": "",
        "access": "",
        "fee": "",
        "capacity": "",
        "parking": ""
      },
      "geometry": {
        "type": "Polygon",
        "coordinates": [
          [
            [
              12.5465369,
              44.074477
            ],
            [
              12.5468206,
              44.0743
            ],
            [
              12.5458708,
              44.073472
            ],
            [
              12.5458593,
              44.0734619
            ],
            [
              12.545847,
              44.0734509
            ],
            [
              12.5455856,
              44.0735973
            ],
            [
              12.545546,
              44.0736302
            ],
            [
              12.5465369,
              44.074477
            ]
          ]
        ]
      }
    },
    {
      "type": "Feature",
      "properties": {
        "id": 490348681,
        "name": "",
        "access": "",
        "fee": "",
        "capacity": "",
        "parking": "lane"
      },
      "geometry": {
        "type": "Polygon",
        "coordinates": [
          [
            [
              12.5543341,
              44.0608809
            ],
            [
              12.55424,
              44.0608979
            ],
            [
              12.5541794,
              44.0609288
            ],
            [
              12.5542501,
              44.0609838
            ],
            [
              12.5542888,
              44.061015
            ],
            [
              12.5543422,
              44.0610009
            ],
            [
              12.5543875,
              44.0610035
            ],
            [
              12.554421,
              44.0610184
            ],
            [
              12.5544443,
              44.061041
            ],
            [
              12.554457,
              44.0610724
            ],
            [
              12.5544529,
              44.0611
            ],
            [
              12.5544345,
              44.0611256
            ],
            [
              12.554475,
              44.0611533
            ],
            [
              12.5545373,
              44.0611953
            ],
            [
              12.5545928,
              44.0611419
            ],
            [
              12.5546225,
              44.0610768
            ],
            [
              12.554603,
              44.0610004
            ],
            [
              12.5545354,
              44.0609259
            ],
            [
              12.5544395,
              44.0608807
            ],
            [
              12.5543341,
              44.0608809
            ]
          ]
        ]
      }
    },
    {
      "type": "Feature",
      "properties": {
        "id": 519419868,
        "name": "",
        "access": "yes",
        "fee": "no",
        "capacity": "",
        "parking": "surface"
      },
      "geometry": {
        "type": "Polygon",
        "coordinates": [
          [
            [
              12.5658993,
              44.0716364
            ],
            [
              12.5663057,
              44.071514
            ],
            [
              12.5665323,
              44.0718743
            ],
            [
              12.5661246,
              44.0719909
            ],
            [
              12.5658993,
              44.0716364
            ]
          ]
        ]
      }
    },
    {
      "type": "Feature",
      "properties": {
        "id": 519992015,
        "name": "",
        "access": "customers",
        "fee": "no",
        "capacity": "",
        "parking": "surface"
      },
      "geometry": {
        "type": "Polygon",
        "coordinates": [
          [
            [
              12.5272039,
              44.067493
            ],
            [
              12.527005,
              44.0671764
            ],
            [
              12.5277146,
              44.0669463
            ],
            [
              12.5279134,
              44.0672629
            ],
            [
              12.5272039,
              44.067493
            ]
          ]
        ]
      }
    },
    {
      "type": "Feature",
      "properties": {
        "id": 519992016,
        "name": "",
        "access": "customers",
        "fee": "",
        "capacity": "",
        "parking": ""
      },
      "geometry": {
        "type": "Polygon",
        "coordinates": [
          [
            [
              12.5273575,
              44.0677206
            ],
            [
              12.5272483,
              44.0675239
            ],
            [
              12.5273226,
              44.0675026
            ],
            [
              12.5274318,
              44.0676993
            ],
            [
              12.5273575,
              44.0677206
            ]
          ]
        ]
      }
    },
    {
      "type": "Feature",
      "properties": {
        "id": 519992020,
        "name": "",
        "access": "customers",
        "fee": "no",
        "capacity": "",
        "parking": "surface"
      },
      "geometry": {
        "type": "Polygon",
        "coordinates": [
          [
            [
              12.5273437,
              44.0678863
            ],
            [
              12.5267167,
              44.0680824
            ],
            [
              12.5266682,
              44.0680865
            ],
            [
              12.5266259,
              44.0680836
            ],
            [
              12.5266048,
              44.0680741
            ],
            [
              12.5263581,
              44.0675849
            ],
            [
              12.5263603,
              44.0675087
            ],
            [
              12.5263806,
              44.0674536
            ],
            [
              12.5264348,
              44.067371
            ],
            [
              12.5264934,
              44.0673046
            ],
            [
              12.5265975,
              44.0672477
            ],
            [
              12.5267892,
              44.067175
            ],
            [
              12.5268917,
              44.0671393
            ],
            [
              12.5270099,
              44.0673451
            ],
            [
              12.5271024,
              44.0675087
            ],
            [
              12.5271936,
              44.0676703
            ],
            [
              12.5272761,
              44.0677972
            ],
            [
              12.5273437,
              44.0678863
            ]
          ]
        ]
      }
    },
    {
      "type": "Feature",
      "properties": {
        "id": 519992028,
        "name": "",
        "access": "",
        "fee": "no",
        "capacity": "",
        "parking": "surface"
      },
      "geometry": {
        "type": "Polygon",
        "coordinates": [
          [
            [
              12.5286437,
              44.0679511
            ],
            [
              12.5286149,
              44.0679038
            ],
            [
              12.5278578,
              44.068142
            ],
            [
              12.5278867,
              44.0681894
            ],
            [
              12.5286437,
              44.0679511
            ]
          ]
        ]
      }
    },
    {
      "type": "Feature",
      "properties": {
        "id": 519992029,
        "name": "",
        "access": "",
        "fee": "no",
        "capacity": "",
        "parking": "surface"
      },
      "geometry": {
        "type": "Polygon",
        "coordinates": [
          [
            [
              12.5298074,
              44.0668005
            ],
            [
              12.5298575,
              44.0668653
            ],
            [
              12.5300033,
              44.066948
            ],
            [
              12.5303827,
              44.0669922
            ],
            [
              12.5302947,
              44.0668557
            ],
            [
              12.5302264,
              44.0667498
            ],
            [
              12.5301722,
              44.0666656
            ],
            [
              12.5298074,
              44.0668005
            ]
          ]
        ]
      }
    },
    {
      "type": "Feature",
      "properties": {
        "id": 519992037,
        "name": "",
        "access": "",
        "fee": "no",
        "capacity": "",
        "parking": "surface"
      },
      "geometry": {
        "type": "Polygon",
        "coordinates": [
          [
            [
              12.5273609,
              44.0686042
            ],
            [
              12.527262,
              44.0685905
            ],
            [
              12.5271919,
              44.0685813
            ],
            [
              12.5270834,
              44.0685034
            ],
            [
              12.5270387,
              44.0684438
            ],
            [
              12.5269973,
              44.0684071
            ],
            [
              12.5268793,
              44.0683498
            ],
            [
              12.5268123,
              44.0683292
            ],
            [
              12.5267357,
              44.0682834
            ],
            [
              12.5267134,
              44.0682078
            ],
            [
              12.5267868,
              44.0681619
            ],
            [
              12.5273418,
              44.0679717
            ],
            [
              12.5276926,
              44.0685034
            ],
            [
              12.5273609,
              44.0686042
            ]
          ]
        ]
      }
    },
    {
      "type": "Feature",
      "properties": {
        "id": 520563713,
        "name": "P3 SUD",
        "access": "",
        "fee": "",
        "capacity": "",
        "parking": "surface"
      },
      "geometry": {
        "type": "Polygon",
        "coordinates": [
          [
            [
              12.5224745,
              44.0700041
            ],
            [
              12.5249341,
              44.0700011
            ],
            [
              12.5250684,
              44.070549
            ],
            [
              12.5230245,
              44.0705329
            ],
            [
              12.5230132,
              44.070383
            ],
            [
              12.5225542,
              44.0703857
            ],
            [
              12.5224745,
              44.0700041
            ]
          ]
        ]
      }
    },
    {
      "type": "Feature",
      "properties": {
        "id": 520563718,
        "name": "",
        "access": "",
        "fee": "",
        "capacity": "",
        "parking": "surface"
      },
      "geometry": {
        "type": "Polygon",
        "coordinates": [
          [
            [
              12.5210632,
              44.0704186
            ],
            [
              12.5209452,
              44.069058
            ],
            [
              12.5221146,
              44.0687497
            ],
            [
              12.5221484,
              44.0687984
            ],
            [
              12.5221484,
              44.0688454
            ],
            [
              12.5214177,
              44.0690139
            ],
            [
              12.5216966,
              44.0704179
            ],
            [
              12.521525,
              44.0704419
            ],
            [
              12.5213426,
              44.070467
            ],
            [
              12.5212029,
              44.0704466
            ],
            [
              12.5210632,
              44.0704186
            ]
          ]
        ]
      }
    },
    {
      "type": "Feature",
      "properties": {
        "id": 520563730,
        "name": "",
        "access": "",
        "fee": "",
        "capacity": "",
        "parking": "surface"
      },
      "geometry": {
        "type": "Polygon",
        "coordinates": [
          [
            [
              12.5245864,
              44.0681808
            ],
            [
              12.5243702,
              44.0678374
            ],
            [
              12.5254129,
              44.06752
            ],
            [
              12.5258759,
              44.0682245
            ],
            [
              12.5257184,
              44.0682085
            ],
            [
              12.5255267,
              44.0681753
            ],
            [
              12.5251906,
              44.0681315
            ],
            [
              12.5247576,
              44.0681672
            ],
            [
              12.5245864,
              44.0681808
            ]
          ]
        ]
      }
    },
    {
      "type": "Feature",
      "properties": {
        "id": 531902247,
        "name": "",
        "access": "yes",
        "fee": "no",
        "capacity": "",
        "parking": "street_side"
      },
      "geometry": {
        "type": "Polygon",
        "coordinates": [
          [
            [
              12.5126539,
              44.0502446
            ],
            [
              12.5126928,
              44.0501695
            ],
            [
              12.5118204,
              44.0499953
            ],
            [
              12.5117885,
              44.0500716
            ],
            [
              12.5126539,
              44.0502446
            ]
          ]
        ]
      }
    },
    {
      "type": "Feature",
      "properties": {
        "id": 533620724,
        "name": "",
        "access": "",
        "fee": "",
        "capacity": "",
        "parking": "surface"
      },
      "geometry": {
        "type": "Polygon",
        "coordinates": [
          [
            [
              12.5647169,
              44.064533
            ],
            [
              12.5646663,
              44.0645169
            ],
            [
              12.5646052,
              44.0644976
            ],
            [
              12.5645587,
              44.0644752
            ],
            [
              12.5647411,
              44.0642439
            ],
            [
              12.5648698,
              44.0642863
            ],
            [
              12.5647169,
              44.064533
            ]
          ]
        ]
      }
    },
    {
      "type": "Feature",
      "properties": {
        "id": 534550438,
        "name": "",
        "access": "",
        "fee": "",
        "capacity": "",
        "parking": "surface"
      },
      "geometry": {
        "type": "Polygon",
        "coordinates": [
          [
            [
              12.564902,
              44.0701764
            ],
            [
              12.5648705,
              44.0701975
            ],
            [
              12.5647914,
              44.0702395
            ],
            [
              12.5647082,
              44.0701379
            ],
            [
              12.5645989,
              44.0701856
            ],
            [
              12.5644829,
              44.0700439
            ],
            [
              12.5647826,
              44.0699153
            ],
            [
              12.564902,
              44.0701764
            ]
          ]
        ]
      }
    },
    {
      "type": "Feature",
      "properties": {
        "id": 534913928,
        "name": "",
        "access": "",
        "fee": "",
        "capacity": "",
        "parking": "multi-storey"
      },
      "geometry": {
        "type": "Polygon",
        "coordinates": [
          [
            [
              12.5711272,
              44.0737201
            ],
            [
              12.5711736,
              44.0738579
            ],
            [
              12.571821,
              44.074159
            ],
            [
              12.5718556,
              44.0741185
            ],
            [
              12.5715984,
              44.0739966
            ],
            [
              12.571352,
              44.0733733
            ],
            [
              12.5711412,
              44.0736483
            ],
            [
              12.5711122,
              44.0736423
            ],
            [
              12.5710831,
              44.0736482
            ],
            [
              12.5710626,
              44.0736642
            ],
            [
              12.571057,
              44.0736855
            ],
            [
              12.5710644,
              44.073702
            ],
            [
              12.5710808,
              44.0737147
            ],
            [
              12.5711032,
              44.0737211
            ],
            [
              12.5711272,
              44.0737201
            ]
          ]
        ]
      }
    },
    {
      "type": "Feature",
      "properties": {
        "id": 538592101,
        "name": "",
        "access": "",
        "fee": "no",
        "capacity": "",
        "parking": "surface"
      },
      "geometry": {
        "type": "Polygon",
        "coordinates": [
          [
            [
              12.5387616,
              43.9964053
            ],
            [
              12.5384861,
              43.9961061
            ],
            [
              12.5388778,
              43.9958775
            ],
            [
              12.5389148,
              43.9958563
            ],
            [
              12.5392074,
              43.9961962
            ],
            [
              12.5387616,
              43.9964053
            ]
          ]
        ]
      }
    },
    {
      "type": "Feature",
      "properties": {
        "id": 564437819,
        "name": "",
        "access": "customers",
        "fee": "no",
        "capacity": "",
        "parking": "surface"
      },
      "geometry": {
        "type": "Polygon",
        "coordinates": [
          [
            [
              12.5362642,
              44.0835567
            ],
            [
              12.5364263,
              44.0836846
            ],
            [
              12.5365177,
              44.0836256
            ],
            [
              12.5366775,
              44.0835222
            ],
            [
              12.5368099,
              44.0834389
            ],
            [
              12.5369748,
              44.0833589
            ],
            [
              12.5369818,
              44.0833317
            ],
            [
              12.5366958,
              44.083303
            ],
            [
              12.5365421,
              44.0833025
            ],
            [
              12.5364699,
              44.0833489
            ],
            [
              12.5363055,
              44.0834746
            ],
            [
              12.5362642,
              44.0835567
            ]
          ]
        ]
      }
    },
    {
      "type": "Feature",
      "properties": {
        "id": 564437838,
        "name": "",
        "access": "",
        "fee": "",
        "capacity": "",
        "parking": ""
      },
      "geometry": {
        "type": "Polygon",
        "coordinates": [
          [
            [
              12.5390202,
              44.0833186
            ],
            [
              12.5388763,
              44.0832132
            ],
            [
              12.5391,
              44.0830558
            ],
            [
              12.5391345,
              44.0830314
            ],
            [
              12.5391798,
              44.0830646
            ],
            [
              12.5393013,
              44.082979
            ],
            [
              12.5392438,
              44.0829369
            ],
            [
              12.5393435,
              44.0828667
            ],
            [
              12.5394442,
              44.0829404
            ],
            [
              12.5393407,
              44.0830133
            ],
            [
              12.5393961,
              44.0830539
            ],
            [
              12.5390202,
              44.0833186
            ]
          ]
        ]
      }
    },
    {
      "type": "Feature",
      "properties": {
        "id": 564437839,
        "name": "",
        "access": "yes",
        "fee": "no",
        "capacity": "",
        "parking": "surface"
      },
      "geometry": {
        "type": "Polygon",
        "coordinates": [
          [
            [
              12.5382855,
              44.0834
            ],
            [
              12.5378393,
              44.0830857
            ],
            [
              12.5375927,
              44.0832724
            ],
            [
              12.5380012,
              44.0835547
            ],
            [
              12.5380244,
              44.083564
            ],
            [
              12.5380475,
              44.0835603
            ],
            [
              12.5380809,
              44.0835529
            ],
            [
              12.5382043,
              44.0834607
            ],
            [
              12.5382855,
              44.0834
            ]
          ]
        ]
      }
    },
    {
      "type": "Feature",
      "properties": {
        "id": 586093692,
        "name": "Piazzale Caduti Quinto Stormo",
        "access": "yes",
        "fee": "no",
        "capacity": "",
        "parking": "surface"
      },
      "geometry": {
        "type": "Polygon",
        "coordinates": [
          [
            [
              12.5677572,
              44.073714
            ],
            [
              12.5677184,
              44.0736469
            ],
            [
              12.5676541,
              44.0735357
            ],
            [
              12.5676285,
              44.0734915
            ],
            [
              12.5671215,
              44.0736485
            ],
            [
              12.5671409,
              44.073684
            ],
            [
              12.5671452,
              44.0736918
            ],
            [
              12.5671779,
              44.0737516
            ],
            [
              12.5677572,
              44.073714
            ]
          ]
        ]
      }
    },
    {
      "type": "Feature",
      "properties": {
        "id": 616118382,
        "name": "",
        "access": "",
        "fee": "",
        "capacity": "",
        "parking": "surface"
      },
      "geometry": {
        "type": "Polygon",
        "coordinates": [
          [
            [
              12.4881774,
              43.9824784
            ],
            [
              12.4878362,
              43.9823102
            ],
            [
              12.487819,
              43.9823314
            ],
            [
              12.4873196,
              43.9820992
            ],
            [
              12.4873678,
              43.9820402
            ],
            [
              12.487421,
              43.9819804
            ],
            [
              12.4885033,
              43.9824767
            ],
            [
              12.4885154,
              43.9824822
            ],
            [
              12.4884455,
              43.9825552
            ],
            [
              12.4881908,
              43.9824591
            ],
            [
              12.4881774,
              43.9824784
            ]
          ]
        ]
      }
    },
    {
      "type": "Feature",
      "properties": {
        "id": 645629968,
        "name": "",
        "access": "",
        "fee": "no",
        "capacity": "",
        "parking": "surface"
      },
      "geometry": {
        "type": "Polygon",
        "coordinates": [
          [
            [
              12.5872595,
              43.9909131
            ],
            [
              12.5872636,
              43.9906243
            ],
            [
              12.5870506,
              43.9906706
            ],
            [
              12.5869601,
              43.9907419
            ],
            [
              12.5869939,
              43.9907908
            ],
            [
              12.5870168,
              43.9908887
            ],
            [
              12.5872595,
              43.9909131
            ]
          ]
        ]
      }
    },
    {
      "type": "Feature",
      "properties": {
        "id": 692520500,
        "name": "",
        "access": "yes",
        "fee": "no",
        "capacity": "",
        "parking": "surface"
      },
      "geometry": {
        "type": "Polygon",
        "coordinates": [
          [
            [
              12.564715,
              44.0458065
            ],
            [
              12.5646818,
              44.0457666
            ],
            [
              12.5651381,
              44.0454599
            ],
            [
              12.5651751,
              44.0455143
            ],
            [
              12.564715,
              44.0458065
            ]
          ]
        ]
      }
    },
    {
      "type": "Feature",
      "properties": {
        "id": 806368762,
        "name": "",
        "access": "private",
        "fee": "no",
        "capacity": "",
        "parking": "surface"
      },
      "geometry": {
        "type": "Polygon",
        "coordinates": [
          [
            [
              12.5290573,
              44.090308
            ],
            [
              12.5285074,
              44.0908571
            ],
            [
              12.5287848,
              44.0910008
            ],
            [
              12.5291136,
              44.0911711
            ],
            [
              12.5292665,
              44.0910074
            ],
            [
              12.529509,
              44.0907722
            ],
            [
              12.5292907,
              44.0906741
            ],
            [
              12.5294516,
              44.0905103
            ],
            [
              12.5290573,
              44.090308
            ]
          ]
        ]
      }
    },
    {
      "type": "Feature",
      "properties": {
        "id": 825376719,
        "name": "P2 - Rimini FS",
        "access": "yes",
        "fee": "yes",
        "capacity": "143",
        "parking": "surface"
      },
      "geometry": {
        "type": "Polygon",
        "coordinates": [
          [
            [
              12.5747012,
              44.0630527
            ],
            [
              12.5746377,
              44.06298
            ],
            [
              12.5746232,
              44.0629642
            ],
            [
              12.5744495,
              44.0627668
            ],
            [
              12.5744639,
              44.0626706
            ],
            [
              12.5744698,
              44.0626312
            ],
            [
              12.5745081,
              44.0623885
            ],
            [
              12.5746311,
              44.0624015
            ],
            [
              12.5748134,
              44.0623282
            ],
            [
              12.5748033,
              44.0623094
            ],
            [
              12.5750114,
              44.0622194
            ],
            [
              12.575184,
              44.0624487
            ],
            [
              12.5752961,
              44.0627756
            ],
            [
              12.5747012,
              44.0630527
            ]
          ]
        ]
      }
    },
    {
      "type": "Feature",
      "properties": {
        "id": 827490796,
        "name": "",
        "access": "",
        "fee": "",
        "capacity": "",
        "parking": ""
      },
      "geometry": {
        "type": "Polygon",
        "coordinates": [
          [
            [
              12.6011574,
              44.0091911
            ],
            [
              12.6010885,
              44.0090091
            ],
            [
              12.6010735,
              44.0089643
            ],
            [
              12.6013659,
              44.0089083
            ],
            [
              12.6014498,
              44.0091352
            ],
            [
              12.6011574,
              44.0091911
            ]
          ]
        ]
      }
    },
    {
      "type": "Feature",
      "properties": {
        "id": 829722279,
        "name": "",
        "access": "",
        "fee": "",
        "capacity": "",
        "parking": "surface"
      },
      "geometry": {
        "type": "Polygon",
        "coordinates": [
          [
            [
              12.5121,
              43.9957108
            ],
            [
              12.5117117,
              43.9954497
            ],
            [
              12.5118471,
              43.9953461
            ],
            [
              12.5118147,
              43.9953101
            ],
            [
              12.5116694,
              43.9954213
            ],
            [
              12.5114228,
              43.9952555
            ],
            [
              12.5111613,
              43.9951329
            ],
            [
              12.511113,
              43.9950731
            ],
            [
              12.5111304,
              43.9949573
            ],
            [
              12.5112645,
              43.9949226
            ],
            [
              12.5115851,
              43.9950654
            ],
            [
              12.5117473,
              43.9951571
            ],
            [
              12.5118737,
              43.9952649
            ],
            [
              12.5121188,
              43.9955266
            ],
            [
              12.5122382,
              43.9956124
            ],
            [
              12.5121,
              43.9957108
            ]
          ]
        ]
      }
    },
    {
      "type": "Feature",
      "properties": {
        "id": 833604963,
        "name": "Park Miramare - Via Giubasco",
        "access": "yes",
        "fee": "no",
        "capacity": "34",
        "parking": "surface"
      },
      "geometry": {
        "type": "Polygon",
        "coordinates": [
          [
            [
              12.6218583,
              44.0232351
            ],
            [
              12.621777,
              44.0231735
            ],
            [
              12.6217122,
              44.0231253
            ],
            [
              12.6221086,
              44.0228526
            ],
            [
              12.6222547,
              44.0229624
            ],
            [
              12.6218583,
              44.0232351
            ]
          ]
        ]
      }
    },
    {
      "type": "Feature",
      "properties": {
        "id": 847169165,
        "name": "",
        "access": "",
        "fee": "",
        "capacity": "",
        "parking": "surface"
      },
      "geometry": {
        "type": "Polygon",
        "coordinates": [
          [
            [
              12.5793604,
              44.0471987
            ],
            [
              12.5791309,
              44.0470375
            ],
            [
              12.5790099,
              44.0469514
            ],
            [
              12.5793672,
              44.0467088
            ],
            [
              12.5795555,
              44.046808
            ],
            [
              12.5795719,
              44.0468788
            ],
            [
              12.5796164,
              44.0469597
            ],
            [
              12.579679,
              44.047045
            ],
            [
              12.5793945,
              44.0472227
            ],
            [
              12.5793604,
              44.0471987
            ]
          ]
        ]
      }
    },
    {
      "type": "Feature",
      "properties": {
        "id": 847169166,
        "name": "",
        "access": "",
        "fee": "",
        "capacity": "",
        "parking": ""
      },
      "geometry": {
        "type": "Polygon",
        "coordinates": [
          [
            [
              12.5789636,
              44.0471606
            ],
            [
              12.5787311,
              44.047022
            ],
            [
              12.5787124,
              44.0470088
            ],
            [
              12.5789047,
              44.0468764
            ],
            [
              12.5790099,
              44.0469514
            ],
            [
              12.5791309,
              44.0470375
            ],
            [
              12.5789636,
              44.0471606
            ]
          ]
        ]
      }
    },
    {
      "type": "Feature",
      "properties": {
        "id": 847169169,
        "name": "",
        "access": "private",
        "fee": "no",
        "capacity": "",
        "parking": "surface"
      },
      "geometry": {
        "type": "Polygon",
        "coordinates": [
          [
            [
              12.5785563,
              44.0466354
            ],
            [
              12.5789525,
              44.0463768
            ],
            [
              12.5790182,
              44.0464311
            ],
            [
              12.5790729,
              44.0464763
            ],
            [
              12.5786934,
              44.0467279
            ],
            [
              12.5785563,
              44.0466354
            ]
          ]
        ]
      }
    },
    {
      "type": "Feature",
      "properties": {
        "id": 847195581,
        "name": "",
        "access": "yes",
        "fee": "no",
        "capacity": "",
        "parking": "surface"
      },
      "geometry": {
        "type": "Polygon",
        "coordinates": [
          [
            [
              12.5616638,
              44.0479208
            ],
            [
              12.5612137,
              44.0475807
            ],
            [
              12.5614832,
              44.0473965
            ],
            [
              12.5619333,
              44.0477367
            ],
            [
              12.5616638,
              44.0479208
            ]
          ]
        ]
      }
    },
    {
      "type": "Feature",
      "properties": {
        "id": 847195582,
        "name": "",
        "access": "",
        "fee": "",
        "capacity": "",
        "parking": ""
      },
      "geometry": {
        "type": "Polygon",
        "coordinates": [
          [
            [
              12.5567347,
              44.0478085
            ],
            [
              12.5566106,
              44.0476804
            ],
            [
              12.5569088,
              44.0475313
            ],
            [
              12.5569732,
              44.0475978
            ],
            [
              12.5568261,
              44.0477628
            ],
            [
              12.5567347,
              44.0478085
            ]
          ]
        ]
      }
    },
    {
      "type": "Feature",
      "properties": {
        "id": 847201963,
        "name": "",
        "access": "",
        "fee": "",
        "capacity": "",
        "parking": "street_side"
      },
      "geometry": {
        "type": "Polygon",
        "coordinates": [
          [
            [
              12.556711,
              44.0541566
            ],
            [
              12.5565575,
              44.0540803
            ],
            [
              12.5566888,
              44.0539762
            ],
            [
              12.5568753,
              44.0540524
            ],
            [
              12.5568971,
              44.0540865
            ],
            [
              12.5569112,
              44.0541294
            ],
            [
              12.5569157,
              44.0541751
            ],
            [
              12.556711,
              44.0541566
            ]
          ]
        ]
      }
    },
    {
      "type": "Feature",
      "properties": {
        "id": 847201964,
        "name": "",
        "access": "yes",
        "fee": "no",
        "capacity": "",
        "parking": "surface"
      },
      "geometry": {
        "type": "Polygon",
        "coordinates": [
          [
            [
              12.5537848,
              44.0528676
            ],
            [
              12.5539421,
              44.052718
            ],
            [
              12.5543218,
              44.0528915
            ],
            [
              12.5541377,
              44.0530484
            ],
            [
              12.5537848,
              44.0528676
            ]
          ]
        ]
      }
    },
    {
      "type": "Feature",
      "properties": {
        "id": 847781321,
        "name": "",
        "access": "",
        "fee": "",
        "capacity": "",
        "parking": ""
      },
      "geometry": {
        "type": "Polygon",
        "coordinates": [
          [
            [
              12.5654241,
              44.0423638
            ],
            [
              12.5654228,
              44.0421529
            ],
            [
              12.5660183,
              44.0420305
            ],
            [
              12.5660782,
              44.0422092
            ],
            [
              12.5661154,
              44.04232
            ],
            [
              12.5657089,
              44.0424033
            ],
            [
              12.5655686,
              44.042396
            ],
            [
              12.5654914,
              44.0423814
            ],
            [
              12.5654241,
              44.0423638
            ]
          ]
        ]
      }
    },
    {
      "type": "Feature",
      "properties": {
        "id": 847781322,
        "name": "",
        "access": "customers",
        "fee": "no",
        "capacity": "",
        "parking": "surface"
      },
      "geometry": {
        "type": "Polygon",
        "coordinates": [
          [
            [
              12.5663316,
              44.0423055
            ],
            [
              12.5666457,
              44.0422509
            ],
            [
              12.566687,
              44.041934
            ],
            [
              12.5666701,
              44.0418639
            ],
            [
              12.5661238,
              44.0419497
            ],
            [
              12.5661806,
              44.0421016
            ],
            [
              12.5663316,
              44.0423055
            ]
          ]
        ]
      }
    },
    {
      "type": "Feature",
      "properties": {
        "id": 847781323,
        "name": "",
        "access": "",
        "fee": "",
        "capacity": "",
        "parking": ""
      },
      "geometry": {
        "type": "Polygon",
        "coordinates": [
          [
            [
              12.5651653,
              44.042121
            ],
            [
              12.5646292,
              44.0415873
            ],
            [
              12.5651099,
              44.0414699
            ],
            [
              12.5653718,
              44.0420834
            ],
            [
              12.5651653,
              44.042121
            ]
          ]
        ]
      }
    },
    {
      "type": "Feature",
      "properties": {
        "id": 847781324,
        "name": "",
        "access": "customers",
        "fee": "no",
        "capacity": "",
        "parking": "surface"
      },
      "geometry": {
        "type": "Polygon",
        "coordinates": [
          [
            [
              12.5657974,
              44.0410569
            ],
            [
              12.5656979,
              44.0407307
            ],
            [
              12.5658834,
              44.0407015
            ],
            [
              12.565864,
              44.0406468
            ],
            [
              12.5667753,
              44.0407749
            ],
            [
              12.5668088,
              44.0408934
            ],
            [
              12.5667032,
              44.0409102
            ],
            [
              12.5667774,
              44.0411647
            ],
            [
              12.5667158,
              44.0411725
            ],
            [
              12.5667723,
              44.0413651
            ],
            [
              12.5666956,
              44.0413777
            ],
            [
              12.5665537,
              44.0409362
            ],
            [
              12.5657974,
              44.0410569
            ]
          ]
        ]
      }
    },
    {
      "type": "Feature",
      "properties": {
        "id": 847781326,
        "name": "",
        "access": "",
        "fee": "",
        "capacity": "",
        "parking": ""
      },
      "geometry": {
        "type": "Polygon",
        "coordinates": [
          [
            [
              12.5630154,
              44.0430644
            ],
            [
              12.5628333,
              44.0428597
            ],
            [
              12.5638079,
              44.0424156
            ],
            [
              12.5640946,
              44.0426751
            ],
            [
              12.564176,
              44.0427718
            ],
            [
              12.5630154,
              44.0430644
            ]
          ]
        ]
      }
    },
    {
      "type": "Feature",
      "properties": {
        "id": 847781327,
        "name": "",
        "access": "",
        "fee": "",
        "capacity": "",
        "parking": ""
      },
      "geometry": {
        "type": "Polygon",
        "coordinates": [
          [
            [
              12.5647352,
              44.0426255
            ],
            [
              12.5646508,
              44.0425501
            ],
            [
              12.5645547,
              44.0424767
            ],
            [
              12.5650962,
              44.0422095
            ],
            [
              12.5652448,
              44.0423622
            ],
            [
              12.5647352,
              44.0426255
            ]
          ]
        ]
      }
    },
    {
      "type": "Feature",
      "properties": {
        "id": 848026117,
        "name": "",
        "access": "",
        "fee": "",
        "capacity": "",
        "parking": "surface"
      },
      "geometry": {
        "type": "Polygon",
        "coordinates": [
          [
            [
              12.5579434,
              44.0333292
            ],
            [
              12.5579079,
              44.0333016
            ],
            [
              12.5577075,
              44.0331523
            ],
            [
              12.5570468,
              44.0326908
            ],
            [
              12.5569484,
              44.0326201
            ],
            [
              12.5571733,
              44.0324377
            ],
            [
              12.5581881,
              44.0331557
            ],
            [
              12.5579434,
              44.0333292
            ]
          ]
        ]
      }
    },
    {
      "type": "Feature",
      "properties": {
        "id": 848040550,
        "name": "",
        "access": "",
        "fee": "",
        "capacity": "",
        "parking": ""
      },
      "geometry": {
        "type": "Polygon",
        "coordinates": [
          [
            [
              12.5805107,
              44.0367217
            ],
            [
              12.5806864,
              44.0363296
            ],
            [
              12.5811269,
              44.0362831
            ],
            [
              12.5820574,
              44.0365999
            ],
            [
              12.5822454,
              44.0367726
            ],
            [
              12.5822515,
              44.0369919
            ],
            [
              12.5805107,
              44.0367217
            ]
          ]
        ]
      }
    },
    {
      "type": "Feature",
      "properties": {
        "id": 848040576,
        "name": "",
        "access": "",
        "fee": "",
        "capacity": "",
        "parking": "surface"
      },
      "geometry": {
        "type": "Polygon",
        "coordinates": [
          [
            [
              12.587516,
              44.0314719
            ],
            [
              12.587544,
              44.0308105
            ],
            [
              12.5884173,
              44.0311059
            ],
            [
              12.5884863,
              44.0317822
            ],
            [
              12.588492,
              44.0318379
            ],
            [
              12.587516,
              44.0314719
            ]
          ]
        ]
      }
    },
    {
      "type": "Feature",
      "properties": {
        "id": 848044872,
        "name": "",
        "access": "yes",
        "fee": "no",
        "capacity": "",
        "parking": "surface"
      },
      "geometry": {
        "type": "Polygon",
        "coordinates": [
          [
            [
              12.5851238,
              44.024118
            ],
            [
              12.5852618,
              44.023987
            ],
            [
              12.5856856,
              44.0242178
            ],
            [
              12.5855476,
              44.0243488
            ],
            [
              12.5852858,
              44.0242062
            ],
            [
              12.5851238,
              44.024118
            ]
          ]
        ]
      }
    },
    {
      "type": "Feature",
      "properties": {
        "id": 848044873,
        "name": "",
        "access": "",
        "fee": "",
        "capacity": "",
        "parking": ""
      },
      "geometry": {
        "type": "Polygon",
        "coordinates": [
          [
            [
              12.5856703,
              44.0257838
            ],
            [
              12.5856282,
              44.0256513
            ],
            [
              12.5859249,
              44.025571
            ],
            [
              12.5862178,
              44.0253708
            ],
            [
              12.5865537,
              44.0251936
            ],
            [
              12.5866588,
              44.0252655
            ],
            [
              12.5862863,
              44.0256323
            ],
            [
              12.5856703,
              44.0257838
            ]
          ]
        ]
      }
    },
    {
      "type": "Feature",
      "properties": {
        "id": 848176041,
        "name": "",
        "access": "customers",
        "fee": "no",
        "capacity": "",
        "parking": ""
      },
      "geometry": {
        "type": "Polygon",
        "coordinates": [
          [
            [
              12.5563837,
              44.0329631
            ],
            [
              12.5566104,
              44.0327942
            ],
            [
              12.5566384,
              44.0328137
            ],
            [
              12.5566656,
              44.0328327
            ],
            [
              12.5569118,
              44.0326474
            ],
            [
              12.5570102,
              44.0327178
            ],
            [
              12.5568774,
              44.0328161
            ],
            [
              12.557538,
              44.0332777
            ],
            [
              12.5576737,
              44.0331773
            ],
            [
              12.5578408,
              44.0332906
            ],
            [
              12.5574213,
              44.033598
            ],
            [
              12.5572603,
              44.0334832
            ],
            [
              12.557195,
              44.0335297
            ],
            [
              12.5563837,
              44.0329631
            ]
          ]
        ]
      }
    },
    {
      "type": "Feature",
      "properties": {
        "id": 848876540,
        "name": "",
        "access": "",
        "fee": "",
        "capacity": "",
        "parking": ""
      },
      "geometry": {
        "type": "Polygon",
        "coordinates": [
          [
            [
              12.5352309,
              44.0308251
            ],
            [
              12.5345749,
              44.0310321
            ],
            [
              12.5346133,
              44.0312185
            ],
            [
              12.5345205,
              44.0314393
            ],
            [
              12.5345939,
              44.0314651
            ],
            [
              12.5346709,
              44.0314922
            ],
            [
              12.5348917,
              44.0313312
            ],
            [
              12.5353749,
              44.0311104
            ],
            [
              12.5352309,
              44.0308251
            ]
          ]
        ]
      }
    },
    {
      "type": "Feature",
      "properties": {
        "id": 849517400,
        "name": "",
        "access": "",
        "fee": "",
        "capacity": "",
        "parking": ""
      },
      "geometry": {
        "type": "Polygon",
        "coordinates": [
          [
            [
              12.549652,
              44.0770737
            ],
            [
              12.549317,
              44.0767598
            ],
            [
              12.5495045,
              44.0766566
            ],
            [
              12.5498393,
              44.0769705
            ],
            [
              12.549652,
              44.0770737
            ]
          ]
        ]
      }
    },
    {
      "type": "Feature",
      "properties": {
        "id": 850555782,
        "name": "",
        "access": "permissive",
        "fee": "",
        "capacity": "",
        "parking": "surface"
      },
      "geometry": {
        "type": "Polygon",
        "coordinates": [
          [
            [
              12.6064545,
              44.0446928
            ],
            [
              12.6065325,
              44.0446263
            ],
            [
              12.6066317,
              44.0445446
            ],
            [
              12.6067285,
              44.0444632
            ],
            [
              12.6070158,
              44.0442212
            ],
            [
              12.6067391,
              44.0440505
            ],
            [
              12.6066505,
              44.0441251
            ],
            [
              12.6065995,
              44.0440936
            ],
            [
              12.6065011,
              44.0440368
            ],
            [
              12.6067635,
              44.0438253
            ],
            [
              12.6072819,
              44.0441436
            ],
            [
              12.607416,
              44.044221
            ],
            [
              12.6066482,
              44.0448821
            ],
            [
              12.6064107,
              44.0447322
            ],
            [
              12.6064545,
              44.0446928
            ]
          ]
        ]
      }
    },
    {
      "type": "Feature",
      "properties": {
        "id": 850780992,
        "name": "",
        "access": "",
        "fee": "",
        "capacity": "",
        "parking": "surface"
      },
      "geometry": {
        "type": "Polygon",
        "coordinates": [
          [
            [
              12.5662632,
              44.0392437
            ],
            [
              12.5662104,
              44.0391954
            ],
            [
              12.5663689,
              44.0391
            ],
            [
              12.5664029,
              44.0390707
            ],
            [
              12.5665082,
              44.0389909
            ],
            [
              12.5670149,
              44.0393518
            ],
            [
              12.566976,
              44.0394608
            ],
            [
              12.5669569,
              44.0395071
            ],
            [
              12.5669319,
              44.0396687
            ],
            [
              12.5662632,
              44.0392437
            ]
          ]
        ]
      }
    },
    {
      "type": "Feature",
      "properties": {
        "id": 850781000,
        "name": "",
        "access": "yes",
        "fee": "no",
        "capacity": "",
        "parking": "surface"
      },
      "geometry": {
        "type": "Polygon",
        "coordinates": [
          [
            [
              12.5662628,
              44.0442868
            ],
            [
              12.5662793,
              44.0439543
            ],
            [
              12.5664126,
              44.0438466
            ],
            [
              12.5666432,
              44.0440215
            ],
            [
              12.5662628,
              44.0442868
            ]
          ]
        ]
      }
    },
    {
      "type": "Feature",
      "properties": {
        "id": 850781011,
        "name": "",
        "access": "",
        "fee": "",
        "capacity": "",
        "parking": ""
      },
      "geometry": {
        "type": "Polygon",
        "coordinates": [
          [
            [
              12.5677238,
              44.0488324
            ],
            [
              12.5675941,
              44.0484009
            ],
            [
              12.5678041,
              44.0483683
            ],
            [
              12.5679338,
              44.0487998
            ],
            [
              12.5677238,
              44.0488324
            ]
          ]
        ]
      }
    },
    {
      "type": "Feature",
      "properties": {
        "id": 850781015,
        "name": "",
        "access": "yes",
        "fee": "no",
        "capacity": "",
        "parking": "surface"
      },
      "geometry": {
        "type": "Polygon",
        "coordinates": [
          [
            [
              12.5670913,
              44.0494134
            ],
            [
              12.5679816,
              44.0499988
            ],
            [
              12.5684969,
              44.0496009
            ],
            [
              12.5681588,
              44.0493833
            ],
            [
              12.5681425,
              44.0493879
            ],
            [
              12.5681022,
              44.0493993
            ],
            [
              12.5680215,
              44.0494836
            ],
            [
              12.5679374,
              44.0494452
            ],
            [
              12.5678484,
              44.0494026
            ],
            [
              12.5676843,
              44.0494349
            ],
            [
              12.5673601,
              44.0494313
            ],
            [
              12.5671771,
              44.0493745
            ],
            [
              12.567157,
              44.0493822
            ],
            [
              12.5670913,
              44.0494134
            ]
          ]
        ]
      }
    },
    {
      "type": "Feature",
      "properties": {
        "id": 850894948,
        "name": "",
        "access": "customers",
        "fee": "no",
        "capacity": "",
        "parking": "surface"
      },
      "geometry": {
        "type": "Polygon",
        "coordinates": [
          [
            [
              12.5587652,
              44.0447291
            ],
            [
              12.5586872,
              44.0445546
            ],
            [
              12.5591503,
              44.0444337
            ],
            [
              12.5592243,
              44.0444383
            ],
            [
              12.5592974,
              44.0444577
            ],
            [
              12.5593764,
              44.0444896
            ],
            [
              12.5589791,
              44.0445916
            ],
            [
              12.5590096,
              44.0446654
            ],
            [
              12.5587652,
              44.0447291
            ]
          ]
        ]
      }
    },
    {
      "type": "Feature",
      "properties": {
        "id": 854936743,
        "name": "",
        "access": "yes",
        "fee": "no",
        "capacity": "",
        "parking": "surface"
      },
      "geometry": {
        "type": "Polygon",
        "coordinates": [
          [
            [
              12.566233,
              44.0452006
            ],
            [
              12.5661055,
              44.0451048
            ],
            [
              12.5661355,
              44.0450841
            ],
            [
              12.5663985,
              44.0449032
            ],
            [
              12.5665261,
              44.0449989
            ],
            [
              12.566233,
              44.0452006
            ]
          ]
        ]
      }
    },
    {
      "type": "Feature",
      "properties": {
        "id": 854936745,
        "name": "",
        "access": "yes",
        "fee": "no",
        "capacity": "",
        "parking": "surface"
      },
      "geometry": {
        "type": "Polygon",
        "coordinates": [
          [
            [
              12.5636413,
              44.0463566
            ],
            [
              12.5636871,
              44.0463913
            ],
            [
              12.5636036,
              44.0464482
            ],
            [
              12.5636987,
              44.0465203
            ],
            [
              12.5642305,
              44.0461578
            ],
            [
              12.5640897,
              44.0460511
            ],
            [
              12.5636413,
              44.0463566
            ]
          ]
        ]
      }
    },
    {
      "type": "Feature",
      "properties": {
        "id": 857474325,
        "name": "",
        "access": "yes",
        "fee": "yes",
        "capacity": "",
        "parking": "surface"
      },
      "geometry": {
        "type": "Polygon",
        "coordinates": [
          [
            [
              12.5656071,
              44.0563349
            ],
            [
              12.5655049,
              44.0562208
            ],
            [
              12.5660885,
              44.0559645
            ],
            [
              12.5661874,
              44.0560838
            ],
            [
              12.5659292,
              44.0561848
            ],
            [
              12.5656071,
              44.0563349
            ]
          ]
        ]
      }
    },
    {
      "type": "Feature",
      "properties": {
        "id": 857474332,
        "name": "",
        "access": "",
        "fee": "",
        "capacity": "",
        "parking": ""
      },
      "geometry": {
        "type": "Polygon",
        "coordinates": [
          [
            [
              12.5640947,
              44.0552872
            ],
            [
              12.5640297,
              44.0550785
            ],
            [
              12.5641352,
              44.0550194
            ],
            [
              12.5642255,
              44.055098
            ],
            [
              12.5646635,
              44.0550357
            ],
            [
              12.5646937,
              44.0551063
            ],
            [
              12.5647329,
              44.0551981
            ],
            [
              12.564683,
              44.0552051
            ],
            [
              12.5640947,
              44.0552872
            ]
          ]
        ]
      }
    },
    {
      "type": "Feature",
      "properties": {
        "id": 857474334,
        "name": "",
        "access": "",
        "fee": "",
        "capacity": "",
        "parking": "street_side"
      },
      "geometry": {
        "type": "Polygon",
        "coordinates": [
          [
            [
              12.5633712,
              44.0555166
            ],
            [
              12.5633385,
              44.0554836
            ],
            [
              12.5637381,
              44.0552589
            ],
            [
              12.5638052,
              44.0553173
            ],
            [
              12.5633712,
              44.0555166
            ]
          ]
        ]
      }
    },
    {
      "type": "Feature",
      "properties": {
        "id": 857474335,
        "name": "",
        "access": "",
        "fee": "",
        "capacity": "",
        "parking": ""
      },
      "geometry": {
        "type": "Polygon",
        "coordinates": [
          [
            [
              12.5643459,
              44.0556182
            ],
            [
              12.5642097,
              44.0555145
            ],
            [
              12.5644699,
              44.0553597
            ],
            [
              12.5645512,
              44.0554244
            ],
            [
              12.5646203,
              44.0554795
            ],
            [
              12.5643459,
              44.0556182
            ]
          ]
        ]
      }
    },
    {
      "type": "Feature",
      "properties": {
        "id": 857474336,
        "name": "",
        "access": "",
        "fee": "",
        "capacity": "",
        "parking": ""
      },
      "geometry": {
        "type": "Polygon",
        "coordinates": [
          [
            [
              12.5638276,
              44.0556562
            ],
            [
              12.5637036,
              44.0555218
            ],
            [
              12.5638018,
              44.0554877
            ],
            [
              12.5639475,
              44.0554371
            ],
            [
              12.5640278,
              44.0554846
            ],
            [
              12.5640999,
              44.0555613
            ],
            [
              12.5639637,
              44.0556087
            ],
            [
              12.563933,
              44.0556195
            ],
            [
              12.5638276,
              44.0556562
            ]
          ]
        ]
      }
    },
    {
      "type": "Feature",
      "properties": {
        "id": 872771671,
        "name": "",
        "access": "",
        "fee": "",
        "capacity": "",
        "parking": ""
      },
      "geometry": {
        "type": "Polygon",
        "coordinates": [
          [
            [
              12.5345233,
              44.0510865
            ],
            [
              12.5347674,
              44.0506604
            ],
            [
              12.5348961,
              44.0507096
            ],
            [
              12.53464,
              44.0511202
            ],
            [
              12.5345233,
              44.0510865
            ]
          ]
        ]
      }
    },
    {
      "type": "Feature",
      "properties": {
        "id": 872771674,
        "name": "",
        "access": "",
        "fee": "",
        "capacity": "",
        "parking": ""
      },
      "geometry": {
        "type": "Polygon",
        "coordinates": [
          [
            [
              12.5336623,
              44.0519597
            ],
            [
              12.5337347,
              44.0518672
            ],
            [
              12.5340056,
              44.0519752
            ],
            [
              12.5339225,
              44.0520581
            ],
            [
              12.5338214,
              44.0520199
            ],
            [
              12.5336623,
              44.0519597
            ]
          ]
        ]
      }
    },
    {
      "type": "Feature",
      "properties": {
        "id": 872771685,
        "name": "",
        "access": "",
        "fee": "",
        "capacity": "",
        "parking": ""
      },
      "geometry": {
        "type": "Polygon",
        "coordinates": [
          [
            [
              12.5385211,
              44.0517496
            ],
            [
              12.5386076,
              44.0516725
            ],
            [
              12.5388064,
              44.0517805
            ],
            [
              12.5387022,
              44.0518595
            ],
            [
              12.5386671,
              44.0518382
            ],
            [
              12.5385211,
              44.0517496
            ]
          ]
        ]
      }
    },
    {
      "type": "Feature",
      "properties": {
        "id": 872771687,
        "name": "",
        "access": "",
        "fee": "",
        "capacity": "",
        "parking": "street_side"
      },
      "geometry": {
        "type": "Polygon",
        "coordinates": [
          [
            [
              12.5389945,
              44.0518826
            ],
            [
              12.5388064,
              44.0517805
            ],
            [
              12.5386076,
              44.0516725
            ],
            [
              12.5387183,
              44.0515954
            ],
            [
              12.5390817,
              44.0518123
            ],
            [
              12.5390099,
              44.0518703
            ],
            [
              12.5389945,
              44.0518826
            ]
          ]
        ]
      }
    },
    {
      "type": "Feature",
      "properties": {
        "id": 872771693,
        "name": "",
        "access": "",
        "fee": "",
        "capacity": "",
        "parking": ""
      },
      "geometry": {
        "type": "Polygon",
        "coordinates": [
          [
            [
              12.537255,
              44.0511943
            ],
            [
              12.5375006,
              44.0513528
            ],
            [
              12.5375642,
              44.0513019
            ],
            [
              12.5376358,
              44.0512447
            ],
            [
              12.5373901,
              44.0510861
            ],
            [
              12.537255,
              44.0511943
            ]
          ]
        ]
      }
    },
    {
      "type": "Feature",
      "properties": {
        "id": 872771696,
        "name": "",
        "access": "",
        "fee": "",
        "capacity": "",
        "parking": ""
      },
      "geometry": {
        "type": "Polygon",
        "coordinates": [
          [
            [
              12.5360388,
              44.0520388
            ],
            [
              12.5360324,
              44.0519612
            ],
            [
              12.5360307,
              44.0519405
            ],
            [
              12.5362399,
              44.0519405
            ],
            [
              12.5367128,
              44.0520202
            ],
            [
              12.53672,
              44.0520214
            ],
            [
              12.5366896,
              44.0521255
            ],
            [
              12.5366796,
              44.0521238
            ],
            [
              12.5362721,
              44.0520561
            ],
            [
              12.5360388,
              44.0520388
            ]
          ]
        ]
      }
    },
    {
      "type": "Feature",
      "properties": {
        "id": 872771700,
        "name": "",
        "access": "",
        "fee": "",
        "capacity": "",
        "parking": ""
      },
      "geometry": {
        "type": "Polygon",
        "coordinates": [
          [
            [
              12.5360964,
              44.0512474
            ],
            [
              12.5361148,
              44.0512233
            ],
            [
              12.5361595,
              44.0511646
            ],
            [
              12.5364049,
              44.0512744
            ],
            [
              12.5363547,
              44.0513334
            ],
            [
              12.5363056,
              44.0513911
            ],
            [
              12.5361541,
              44.0513284
            ],
            [
              12.5361863,
              44.0512879
            ],
            [
              12.5360964,
              44.0512474
            ]
          ]
        ]
      }
    },
    {
      "type": "Feature",
      "properties": {
        "id": 872771711,
        "name": "",
        "access": "",
        "fee": "",
        "capacity": "",
        "parking": ""
      },
      "geometry": {
        "type": "Polygon",
        "coordinates": [
          [
            [
              12.5386807,
              44.0522826
            ],
            [
              12.5387411,
              44.0522181
            ],
            [
              12.5389382,
              44.0523019
            ],
            [
              12.5388698,
              44.0523732
            ],
            [
              12.5386807,
              44.0522826
            ]
          ]
        ]
      }
    },
    {
      "type": "Feature",
      "properties": {
        "id": 872771712,
        "name": "",
        "access": "",
        "fee": "",
        "capacity": "",
        "parking": "street_side"
      },
      "geometry": {
        "type": "Polygon",
        "coordinates": [
          [
            [
              12.541319,
              44.0518935
            ],
            [
              12.5417723,
              44.0513441
            ],
            [
              12.5419735,
              44.0514154
            ],
            [
              12.5416382,
              44.051801
            ],
            [
              12.5415695,
              44.0517781
            ],
            [
              12.5414317,
              44.051934
            ],
            [
              12.541319,
              44.0518935
            ]
          ]
        ]
      }
    },
    {
      "type": "Feature",
      "properties": {
        "id": 872771723,
        "name": "",
        "access": "",
        "fee": "",
        "capacity": "",
        "parking": ""
      },
      "geometry": {
        "type": "Polygon",
        "coordinates": [
          [
            [
              12.5523398,
              44.05921
            ],
            [
              12.5523429,
              44.0591717
            ],
            [
              12.5523444,
              44.0591435
            ],
            [
              12.5529007,
              44.059155
            ],
            [
              12.5529017,
              44.0591467
            ],
            [
              12.5529095,
              44.0589562
            ],
            [
              12.5532278,
              44.0589607
            ],
            [
              12.5532224,
              44.0590613
            ],
            [
              12.5529957,
              44.0592255
            ],
            [
              12.5523398,
              44.05921
            ]
          ]
        ]
      }
    },
    {
      "type": "Feature",
      "properties": {
        "id": 872771746,
        "name": "",
        "access": "",
        "fee": "",
        "capacity": "",
        "parking": ""
      },
      "geometry": {
        "type": "Polygon",
        "coordinates": [
          [
            [
              12.5702887,
              44.0552681
            ],
            [
              12.5701645,
              44.0551423
            ],
            [
              12.5701873,
              44.0551302
            ],
            [
              12.5706083,
              44.0548982
            ],
            [
              12.5707278,
              44.0550115
            ],
            [
              12.5705839,
              44.0551122
            ],
            [
              12.5705285,
              44.0551514
            ],
            [
              12.5702887,
              44.0552681
            ]
          ]
        ]
      }
    },
    {
      "type": "Feature",
      "properties": {
        "id": 872771748,
        "name": "P9 - Soleri",
        "access": "yes",
        "fee": "yes",
        "capacity": "",
        "parking": "street_side"
      },
      "geometry": {
        "type": "Polygon",
        "coordinates": [
          [
            [
              12.5704126,
              44.0547163
            ],
            [
              12.5709137,
              44.0544184
            ],
            [
              12.5709772,
              44.054473
            ],
            [
              12.5710035,
              44.0544961
            ],
            [
              12.5711074,
              44.0545869
            ],
            [
              12.5711408,
              44.0546161
            ],
            [
              12.571106,
              44.0546494
            ],
            [
              12.570794,
              44.0549481
            ],
            [
              12.5707879,
              44.054954
            ],
            [
              12.5707754,
              44.054966
            ],
            [
              12.5707278,
              44.0550115
            ],
            [
              12.5706083,
              44.0548982
            ],
            [
              12.5704126,
              44.0547163
            ]
          ]
        ]
      }
    },
    {
      "type": "Feature",
      "properties": {
        "id": 872771761,
        "name": "",
        "access": "yes",
        "fee": "no",
        "capacity": "5",
        "parking": "surface"
      },
      "geometry": {
        "type": "Polygon",
        "coordinates": [
          [
            [
              12.596831,
              44.0454148
            ],
            [
              12.5969934,
              44.0454816
            ],
            [
              12.5969036,
              44.0455944
            ],
            [
              12.5967412,
              44.0455277
            ],
            [
              12.596831,
              44.0454148
            ]
          ]
        ]
      }
    },
    {
      "type": "Feature",
      "properties": {
        "id": 872771764,
        "name": "",
        "access": "yes",
        "fee": "no",
        "capacity": "45",
        "parking": ""
      },
      "geometry": {
        "type": "Polygon",
        "coordinates": [
          [
            [
              12.5967767,
              44.0444742
            ],
            [
              12.5966442,
              44.0446013
            ],
            [
              12.5972661,
              44.0449867
            ],
            [
              12.5973385,
              44.0449301
            ],
            [
              12.5974005,
              44.044885
            ],
            [
              12.5967767,
              44.0444742
            ]
          ]
        ]
      }
    },
    {
      "type": "Feature",
      "properties": {
        "id": 881246667,
        "name": "",
        "access": "",
        "fee": "",
        "capacity": "",
        "parking": ""
      },
      "geometry": {
        "type": "Polygon",
        "coordinates": [
          [
            [
              12.5842631,
              44.0499362
            ],
            [
              12.5840204,
              44.0497496
            ],
            [
              12.5845556,
              44.0493901
            ],
            [
              12.5848601,
              44.0496243
            ],
            [
              12.5847389,
              44.0497057
            ],
            [
              12.5845427,
              44.0495549
            ],
            [
              12.584223,
              44.0497697
            ],
            [
              12.5843574,
              44.0498729
            ],
            [
              12.5842631,
              44.0499362
            ]
          ]
        ]
      }
    },
    {
      "type": "Feature",
      "properties": {
        "id": 881246668,
        "name": "",
        "access": "",
        "fee": "",
        "capacity": "",
        "parking": ""
      },
      "geometry": {
        "type": "Polygon",
        "coordinates": [
          [
            [
              12.5829933,
              44.0491128
            ],
            [
              12.5828592,
              44.0490068
            ],
            [
              12.5834304,
              44.0486037
            ],
            [
              12.583604,
              44.0487376
            ],
            [
              12.5834021,
              44.0488787
            ],
            [
              12.5833686,
              44.0488533
            ],
            [
              12.5829933,
              44.0491128
            ]
          ]
        ]
      }
    },
    {
      "type": "Feature",
      "properties": {
        "id": 922533252,
        "name": "",
        "access": "yes",
        "fee": "no",
        "capacity": "",
        "parking": "surface"
      },
      "geometry": {
        "type": "Polygon",
        "coordinates": [
          [
            [
              12.5913548,
              44.0458832
            ],
            [
              12.591264,
              44.0458426
            ],
            [
              12.5911903,
              44.0457858
            ],
            [
              12.59113,
              44.045705
            ],
            [
              12.5908986,
              44.0449101
            ],
            [
              12.5910544,
              44.0448839
            ],
            [
              12.5911584,
              44.0452642
            ],
            [
              12.591352,
              44.0452337
            ],
            [
              12.5916082,
              44.0453976
            ],
            [
              12.5921005,
              44.045319
            ],
            [
              12.5922538,
              44.045432
            ],
            [
              12.591318,
              44.0455918
            ],
            [
              12.5914631,
              44.0458773
            ],
            [
              12.5913548,
              44.0458832
            ]
          ]
        ]
      }
    },
    {
      "type": "Feature",
      "properties": {
        "id": 931082232,
        "name": "",
        "access": "",
        "fee": "",
        "capacity": "",
        "parking": ""
      },
      "geometry": {
        "type": "Polygon",
        "coordinates": [
          [
            [
              12.5425198,
              44.0604156
            ],
            [
              12.5424479,
              44.0603377
            ],
            [
              12.542459,
              44.060153
            ],
            [
              12.5429393,
              44.0601788
            ],
            [
              12.542918,
              44.0603632
            ],
            [
              12.5428745,
              44.06042
            ],
            [
              12.5425198,
              44.0604156
            ]
          ]
        ]
      }
    },
    {
      "type": "Feature",
      "properties": {
        "id": 931082235,
        "name": "",
        "access": "customers",
        "fee": "no",
        "capacity": "",
        "parking": "surface"
      },
      "geometry": {
        "type": "Polygon",
        "coordinates": [
          [
            [
              12.5424303,
              44.0589621
            ],
            [
              12.5424471,
              44.0586541
            ],
            [
              12.5429916,
              44.0586525
            ],
            [
              12.5429741,
              44.0589775
            ],
            [
              12.5424303,
              44.0589621
            ]
          ]
        ]
      }
    },
    {
      "type": "Feature",
      "properties": {
        "id": 954029870,
        "name": "",
        "access": "",
        "fee": "",
        "capacity": "",
        "parking": ""
      },
      "geometry": {
        "type": "Polygon",
        "coordinates": [
          [
            [
              12.5795959,
              44.0068369
            ],
            [
              12.5795578,
              44.0066791
            ],
            [
              12.579624,
              44.0066592
            ],
            [
              12.5795608,
              44.0064486
            ],
            [
              12.5801246,
              44.0063574
            ],
            [
              12.5801229,
              44.0064697
            ],
            [
              12.5801154,
              44.0065561
            ],
            [
              12.5796995,
              44.0065927
            ],
            [
              12.5797018,
              44.0068315
            ],
            [
              12.5796764,
              44.0068553
            ],
            [
              12.5796456,
              44.0068686
            ],
            [
              12.5796163,
              44.0068597
            ],
            [
              12.5795959,
              44.0068369
            ]
          ]
        ]
      }
    },
    {
      "type": "Feature",
      "properties": {
        "id": 966595106,
        "name": "",
        "access": "yes",
        "fee": "no",
        "capacity": "",
        "parking": "surface"
      },
      "geometry": {
        "type": "Polygon",
        "coordinates": [
          [
            [
              12.5421667,
              43.9986727
            ],
            [
              12.5421365,
              43.9986227
            ],
            [
              12.5420996,
              43.9985615
            ],
            [
              12.5421887,
              43.9985337
            ],
            [
              12.5422558,
              43.9986449
            ],
            [
              12.5421667,
              43.9986727
            ]
          ]
        ]
      }
    },
    {
      "type": "Feature",
      "properties": {
        "id": 974086191,
        "name": "",
        "access": "",
        "fee": "",
        "capacity": "",
        "parking": ""
      },
      "geometry": {
        "type": "Polygon",
        "coordinates": [
          [
            [
              12.5349376,
              44.0830606
            ],
            [
              12.5352005,
              44.0832513
            ],
            [
              12.5354327,
              44.0830861
            ],
            [
              12.5351698,
              44.0828954
            ],
            [
              12.5349376,
              44.0830606
            ]
          ]
        ]
      }
    },
    {
      "type": "Feature",
      "properties": {
        "id": 974086195,
        "name": "",
        "access": "",
        "fee": "",
        "capacity": "",
        "parking": ""
      },
      "geometry": {
        "type": "Polygon",
        "coordinates": [
          [
            [
              12.5289886,
              44.0806999
            ],
            [
              12.5287195,
              44.080483
            ],
            [
              12.5290495,
              44.0802717
            ],
            [
              12.5293187,
              44.0804886
            ],
            [
              12.5289886,
              44.0806999
            ]
          ]
        ]
      }
    },
    {
      "type": "Feature",
      "properties": {
        "id": 974086196,
        "name": "",
        "access": "",
        "fee": "",
        "capacity": "",
        "parking": "street_side"
      },
      "geometry": {
        "type": "Polygon",
        "coordinates": [
          [
            [
              12.5309746,
              44.0798948
            ],
            [
              12.5310151,
              44.0798665
            ],
            [
              12.5314497,
              44.080188
            ],
            [
              12.5314092,
              44.0802163
            ],
            [
              12.5309746,
              44.0798948
            ]
          ]
        ]
      }
    },
    {
      "type": "Feature",
      "properties": {
        "id": 974086197,
        "name": "",
        "access": "yes",
        "fee": "no",
        "capacity": "10",
        "parking": "street_side"
      },
      "geometry": {
        "type": "Polygon",
        "coordinates": [
          [
            [
              12.5320047,
              44.080656
            ],
            [
              12.5320769,
              44.0806056
            ],
            [
              12.5318773,
              44.0804579
            ],
            [
              12.531805,
              44.0805083
            ],
            [
              12.5320047,
              44.080656
            ]
          ]
        ]
      }
    },
    {
      "type": "Feature",
      "properties": {
        "id": 974660481,
        "name": "",
        "access": "yes",
        "fee": "no",
        "capacity": "",
        "parking": "surface"
      },
      "geometry": {
        "type": "Polygon",
        "coordinates": [
          [
            [
              12.5358552,
              44.0845606
            ],
            [
              12.5353063,
              44.0841849
            ],
            [
              12.5354874,
              44.0840484
            ],
            [
              12.5360363,
              44.0844241
            ],
            [
              12.5358552,
              44.0845606
            ]
          ]
        ]
      }
    },
    {
      "type": "Feature",
      "properties": {
        "id": 989179038,
        "name": "",
        "access": "yes",
        "fee": "",
        "capacity": "",
        "parking": "surface"
      },
      "geometry": {
        "type": "Polygon",
        "coordinates": [
          [
            [
              12.574923,
              44.0766379
            ],
            [
              12.5746823,
              44.0754061
            ],
            [
              12.5748421,
              44.0753835
            ],
            [
              12.5751318,
              44.0766245
            ],
            [
              12.574923,
              44.0766379
            ]
          ]
        ]
      }
    },
    {
      "type": "Feature",
      "properties": {
        "id": 1002401278,
        "name": "",
        "access": "yes",
        "fee": "no",
        "capacity": "",
        "parking": "surface"
      },
      "geometry": {
        "type": "Polygon",
        "coordinates": [
          [
            [
              12.5357625,
              44.086903
            ],
            [
              12.5355533,
              44.0867662
            ],
            [
              12.5356141,
              44.0867261
            ],
            [
              12.5361242,
              44.0863846
            ],
            [
              12.5364071,
              44.0865512
            ],
            [
              12.5363392,
              44.0865986
            ],
            [
              12.536146,
              44.0864849
            ],
            [
              12.5358188,
              44.0867123
            ],
            [
              12.5359368,
              44.0868028
            ],
            [
              12.5357625,
              44.086903
            ]
          ]
        ]
      }
    },
    {
      "type": "Feature",
      "properties": {
        "id": 1003918804,
        "name": "",
        "access": "",
        "fee": "",
        "capacity": "",
        "parking": ""
      },
      "geometry": {
        "type": "Polygon",
        "coordinates": [
          [
            [
              12.5408938,
              44.0788245
            ],
            [
              12.5411346,
              44.0789853
            ],
            [
              12.54104,
              44.079061
            ],
            [
              12.5408051,
              44.0789033
            ],
            [
              12.5408938,
              44.0788245
            ]
          ]
        ]
      }
    },
    {
      "type": "Feature",
      "properties": {
        "id": 1033228974,
        "name": "",
        "access": "",
        "fee": "",
        "capacity": "",
        "parking": "street_side"
      },
      "geometry": {
        "type": "Polygon",
        "coordinates": [
          [
            [
              12.5912535,
              44.0594012
            ],
            [
              12.5907093,
              44.0599159
            ],
            [
              12.5907304,
              44.0599577
            ],
            [
              12.5912767,
              44.0594442
            ],
            [
              12.5912535,
              44.0594012
            ]
          ]
        ]
      }
    },
    {
      "type": "Feature",
      "properties": {
        "id": 1054486732,
        "name": "",
        "access": "yes",
        "fee": "yes",
        "capacity": "",
        "parking": "surface"
      },
      "geometry": {
        "type": "Polygon",
        "coordinates": [
          [
            [
              12.5622678,
              44.0574786
            ],
            [
              12.562206,
              44.0575836
            ],
            [
              12.5621949,
              44.0576439
            ],
            [
              12.5618506,
              44.0574824
            ],
            [
              12.5619898,
              44.0573466
            ],
            [
              12.5622678,
              44.0574786
            ]
          ]
        ]
      }
    },
    {
      "type": "Feature",
      "properties": {
        "id": 1054486734,
        "name": "",
        "access": "yes",
        "fee": "yes",
        "capacity": "",
        "parking": "surface"
      },
      "geometry": {
        "type": "Polygon",
        "coordinates": [
          [
            [
              12.5620473,
              44.057129
            ],
            [
              12.5616883,
              44.0570252
            ],
            [
              12.5616551,
              44.0570696
            ],
            [
              12.5615202,
              44.0570764
            ],
            [
              12.5613682,
              44.0572512
            ],
            [
              12.5614081,
              44.0573815
            ],
            [
              12.5616294,
              44.0575037
            ],
            [
              12.5617624,
              44.0574123
            ],
            [
              12.5614661,
              44.0572512
            ],
            [
              12.5615497,
              44.0571699
            ],
            [
              12.561637,
              44.0571577
            ],
            [
              12.5617605,
              44.0571863
            ],
            [
              12.5617985,
              44.0572205
            ],
            [
              12.5619448,
              44.0572614
            ],
            [
              12.5620473,
              44.057129
            ]
          ]
        ]
      }
    },
    {
      "type": "Feature",
      "properties": {
        "id": 1086229617,
        "name": "",
        "access": "",
        "fee": "",
        "capacity": "",
        "parking": ""
      },
      "geometry": {
        "type": "Polygon",
        "coordinates": [
          [
            [
              12.4796969,
              44.0680236
            ],
            [
              12.4797092,
              44.0677813
            ],
            [
              12.4797112,
              44.0677418
            ],
            [
              12.4798717,
              44.0677461
            ],
            [
              12.4798697,
              44.0679901
            ],
            [
              12.4797761,
              44.0680083
            ],
            [
              12.4796969,
              44.0680236
            ]
          ]
        ]
      }
    },
    {
      "type": "Feature",
      "properties": {
        "id": 1086257407,
        "name": "",
        "access": "yes",
        "fee": "no",
        "capacity": "",
        "parking": "surface"
      },
      "geometry": {
        "type": "Polygon",
        "coordinates": [
          [
            [
              12.5492009,
              44.069802
            ],
            [
              12.5491108,
              44.0695948
            ],
            [
              12.5497701,
              44.0694593
            ],
            [
              12.5498984,
              44.0696261
            ],
            [
              12.5497912,
              44.0696707
            ],
            [
              12.549743,
              44.0696908
            ],
            [
              12.5492009,
              44.069802
            ]
          ]
        ]
      }
    },
    {
      "type": "Feature",
      "properties": {
        "id": 1086257412,
        "name": "",
        "access": "",
        "fee": "",
        "capacity": "",
        "parking": ""
      },
      "geometry": {
        "type": "Polygon",
        "coordinates": [
          [
            [
              12.5500068,
              44.0683549
            ],
            [
              12.5503626,
              44.0682694
            ],
            [
              12.5503994,
              44.0683146
            ],
            [
              12.5504512,
              44.068329
            ],
            [
              12.5505191,
              44.0683285
            ],
            [
              12.5505896,
              44.0684848
            ],
            [
              12.5497856,
              44.0686715
            ],
            [
              12.5497594,
              44.0685966
            ],
            [
              12.5500068,
              44.0683549
            ]
          ]
        ]
      }
    },
    {
      "type": "Feature",
      "properties": {
        "id": 1086257413,
        "name": "",
        "access": "",
        "fee": "",
        "capacity": "",
        "parking": ""
      },
      "geometry": {
        "type": "Polygon",
        "coordinates": [
          [
            [
              12.5490654,
              44.0676695
            ],
            [
              12.5491596,
              44.0674106
            ],
            [
              12.5494409,
              44.067471
            ],
            [
              12.5493229,
              44.0677273
            ],
            [
              12.5490654,
              44.0676695
            ]
          ]
        ]
      }
    },
    {
      "type": "Feature",
      "properties": {
        "id": 1086287068,
        "name": "",
        "access": "private",
        "fee": "no",
        "capacity": "",
        "parking": "surface"
      },
      "geometry": {
        "type": "Polygon",
        "coordinates": [
          [
            [
              12.5500665,
              44.0611269
            ],
            [
              12.5501809,
              44.0612703
            ],
            [
              12.550526,
              44.0611281
            ],
            [
              12.5505167,
              44.0611164
            ],
            [
              12.5508508,
              44.0609629
            ],
            [
              12.5509041,
              44.0609568
            ],
            [
              12.5507991,
              44.0608251
            ],
            [
              12.5500665,
              44.0611269
            ]
          ]
        ]
      }
    },
    {
      "type": "Feature",
      "properties": {
        "id": 1086287070,
        "name": "",
        "access": "",
        "fee": "",
        "capacity": "",
        "parking": ""
      },
      "geometry": {
        "type": "Polygon",
        "coordinates": [
          [
            [
              12.5487556,
              44.0483329
            ],
            [
              12.5492135,
              44.0478216
            ],
            [
              12.5494114,
              44.0479131
            ],
            [
              12.5489536,
              44.0484245
            ],
            [
              12.5487556,
              44.0483329
            ]
          ]
        ]
      }
    },
    {
      "type": "Feature",
      "properties": {
        "id": 1086364691,
        "name": "",
        "access": "yes",
        "fee": "no",
        "capacity": "",
        "parking": "surface"
      },
      "geometry": {
        "type": "Polygon",
        "coordinates": [
          [
            [
              12.5717521,
              44.0046282
            ],
            [
              12.5717118,
              44.0046123
            ],
            [
              12.571693,
              44.0045867
            ],
            [
              12.571677,
              44.0045313
            ],
            [
              12.5716904,
              44.0044912
            ],
            [
              12.5720525,
              44.0045626
            ],
            [
              12.5721142,
              44.0047063
            ],
            [
              12.5717521,
              44.0046282
            ]
          ]
        ]
      }
    },
    {
      "type": "Feature",
      "properties": {
        "id": 1086364700,
        "name": "",
        "access": "",
        "fee": "",
        "capacity": "",
        "parking": ""
      },
      "geometry": {
        "type": "Polygon",
        "coordinates": [
          [
            [
              12.5661952,
              44.0058593
            ],
            [
              12.5659395,
              44.005672
            ],
            [
              12.5658008,
              44.0057839
            ],
            [
              12.5656483,
              44.0056742
            ],
            [
              12.5658024,
              44.0055701
            ],
            [
              12.5661012,
              44.0055756
            ],
            [
              12.56634,
              44.0057186
            ],
            [
              12.5663416,
              44.0057573
            ],
            [
              12.5663447,
              44.0057983
            ],
            [
              12.5663246,
              44.0058238
            ],
            [
              12.5662384,
              44.0058848
            ],
            [
              12.5661952,
              44.0058593
            ]
          ]
        ]
      }
    },
    {
      "type": "Feature",
      "properties": {
        "id": 1086364703,
        "name": "",
        "access": "",
        "fee": "",
        "capacity": "",
        "parking": ""
      },
      "geometry": {
        "type": "Polygon",
        "coordinates": [
          [
            [
              12.56531,
              44.0057935
            ],
            [
              12.5650764,
              44.0056192
            ],
            [
              12.565103,
              44.0056026
            ],
            [
              12.5652711,
              44.0055759
            ],
            [
              12.5654551,
              44.0055797
            ],
            [
              12.5655259,
              44.0056293
            ],
            [
              12.56531,
              44.0057935
            ]
          ]
        ]
      }
    },
    {
      "type": "Feature",
      "properties": {
        "id": 1086364710,
        "name": "",
        "access": "yes",
        "fee": "no",
        "capacity": "",
        "parking": "surface"
      },
      "geometry": {
        "type": "Polygon",
        "coordinates": [
          [
            [
              12.5694176,
              44.0062322
            ],
            [
              12.5697815,
              44.0059471
            ],
            [
              12.5700681,
              44.006146
            ],
            [
              12.5695091,
              44.0063068
            ],
            [
              12.5694176,
              44.0062322
            ]
          ]
        ]
      }
    },
    {
      "type": "Feature",
      "properties": {
        "id": 1092322487,
        "name": "",
        "access": "yes",
        "fee": "no",
        "capacity": "26",
        "parking": "surface"
      },
      "geometry": {
        "type": "Polygon",
        "coordinates": [
          [
            [
              12.5812467,
              44.0555349
            ],
            [
              12.5810948,
              44.0554444
            ],
            [
              12.5814405,
              44.0551446
            ],
            [
              12.5815925,
              44.0552351
            ],
            [
              12.5812467,
              44.0555349
            ]
          ]
        ]
      }
    },
    {
      "type": "Feature",
      "properties": {
        "id": 1092692737,
        "name": "",
        "access": "customers",
        "fee": "no",
        "capacity": "",
        "parking": "surface"
      },
      "geometry": {
        "type": "Polygon",
        "coordinates": [
          [
            [
              12.5144298,
              44.0890698
            ],
            [
              12.5148048,
              44.0894064
            ],
            [
              12.514628,
              44.0895081
            ],
            [
              12.5144194,
              44.0893208
            ],
            [
              12.5138751,
              44.0896335
            ],
            [
              12.5137088,
              44.0894842
            ],
            [
              12.5144298,
              44.0890698
            ]
          ]
        ]
      }
    },
    {
      "type": "Feature",
      "properties": {
        "id": 1093116796,
        "name": "",
        "access": "yes",
        "fee": "no",
        "capacity": "14",
        "parking": ""
      },
      "geometry": {
        "type": "Polygon",
        "coordinates": [
          [
            [
              12.6066276,
              44.0324328
            ],
            [
              12.6062912,
              44.032232
            ],
            [
              12.6063385,
              44.032191
            ],
            [
              12.6066749,
              44.0323919
            ],
            [
              12.6066276,
              44.0324328
            ]
          ]
        ]
      }
    },
    {
      "type": "Feature",
      "properties": {
        "id": 1093196966,
        "name": "",
        "access": "yes",
        "fee": "no",
        "capacity": "6",
        "parking": "surface"
      },
      "geometry": {
        "type": "Polygon",
        "coordinates": [
          [
            [
              12.5650102,
              44.0567711
            ],
            [
              12.5649235,
              44.0567048
            ],
            [
              12.5651766,
              44.056552
            ],
            [
              12.5652017,
              44.0565774
            ],
            [
              12.5652152,
              44.0566063
            ],
            [
              12.5652078,
              44.0566325
            ],
            [
              12.5651801,
              44.0566593
            ],
            [
              12.5650102,
              44.0567711
            ]
          ]
        ]
      }
    },
    {
      "type": "Feature",
      "properties": {
        "id": 1093232241,
        "name": "",
        "access": "yes",
        "fee": "no",
        "capacity": "24",
        "parking": "street_side"
      },
      "geometry": {
        "type": "Polygon",
        "coordinates": [
          [
            [
              12.5722001,
              44.0477142
            ],
            [
              12.5721853,
              44.047663
            ],
            [
              12.5729441,
              44.0475573
            ],
            [
              12.5729555,
              44.047602
            ],
            [
              12.5722001,
              44.0477142
            ]
          ]
        ]
      }
    },
    {
      "type": "Feature",
      "properties": {
        "id": 1093232250,
        "name": "",
        "access": "yes",
        "fee": "no",
        "capacity": "",
        "parking": "surface"
      },
      "geometry": {
        "type": "Polygon",
        "coordinates": [
          [
            [
              12.5744656,
              44.0474445
            ],
            [
              12.5745025,
              44.0475692
            ],
            [
              12.5750753,
              44.0474906
            ],
            [
              12.5750363,
              44.0473637
            ],
            [
              12.5744656,
              44.0474445
            ]
          ]
        ]
      }
    },
    {
      "type": "Feature",
      "properties": {
        "id": 1094464496,
        "name": "",
        "access": "yes",
        "fee": "yes",
        "capacity": "46",
        "parking": "surface"
      },
      "geometry": {
        "type": "Polygon",
        "coordinates": [
          [
            [
              12.6183736,
              44.0346649
            ],
            [
              12.6179409,
              44.0343943
            ],
            [
              12.6177224,
              44.034575
            ],
            [
              12.6181551,
              44.0348455
            ],
            [
              12.6183736,
              44.0346649
            ]
          ]
        ]
      }
    },
    {
      "type": "Feature",
      "properties": {
        "id": 1117832332,
        "name": "",
        "access": "",
        "fee": "",
        "capacity": "",
        "parking": ""
      },
      "geometry": {
        "type": "Polygon",
        "coordinates": [
          [
            [
              12.5954144,
              44.0355778
            ],
            [
              12.5953806,
              44.0355525
            ],
            [
              12.5950937,
              44.0353305
            ],
            [
              12.5953076,
              44.0351886
            ],
            [
              12.5956273,
              44.0354378
            ],
            [
              12.5954144,
              44.0355778
            ]
          ]
        ]
      }
    },
    {
      "type": "Feature",
      "properties": {
        "id": 1117832336,
        "name": "",
        "access": "",
        "fee": "",
        "capacity": "",
        "parking": ""
      },
      "geometry": {
        "type": "Polygon",
        "coordinates": [
          [
            [
              12.5949759,
              44.0353993
            ],
            [
              12.5950783,
              44.0353316
            ],
            [
              12.5953003,
              44.035507
            ],
            [
              12.5952059,
              44.0355717
            ],
            [
              12.5949759,
              44.0353993
            ]
          ]
        ]
      }
    },
    {
      "type": "Feature",
      "properties": {
        "id": 1126164382,
        "name": "",
        "access": "",
        "fee": "",
        "capacity": "",
        "parking": ""
      },
      "geometry": {
        "type": "Polygon",
        "coordinates": [
          [
            [
              12.5288317,
              44.0852473
            ],
            [
              12.5289118,
              44.0848758
            ],
            [
              12.5291549,
              44.0849108
            ],
            [
              12.5291818,
              44.0849262
            ],
            [
              12.5291909,
              44.0849504
            ],
            [
              12.529186,
              44.0849751
            ],
            [
              12.5290511,
              44.0852669
            ],
            [
              12.5288317,
              44.0852473
            ]
          ]
        ]
      }
    },
    {
      "type": "Feature",
      "properties": {
        "id": 1126164384,
        "name": "",
        "access": "yes",
        "fee": "no",
        "capacity": "",
        "parking": "surface"
      },
      "geometry": {
        "type": "Polygon",
        "coordinates": [
          [
            [
              12.5345273,
              44.0841614
            ],
            [
              12.5346916,
              44.0842794
            ],
            [
              12.5352187,
              44.0839008
            ],
            [
              12.5350544,
              44.0837828
            ],
            [
              12.5345273,
              44.0841614
            ]
          ]
        ]
      }
    },
    {
      "type": "Feature",
      "properties": {
        "id": 1126164389,
        "name": "",
        "access": "yes",
        "fee": "no",
        "capacity": "",
        "parking": "surface"
      },
      "geometry": {
        "type": "Polygon",
        "coordinates": [
          [
            [
              12.5312801,
              44.0838324
            ],
            [
              12.5315256,
              44.084013
            ],
            [
              12.5311389,
              44.0842817
            ],
            [
              12.5308384,
              44.0840878
            ],
            [
              12.5310225,
              44.0839638
            ],
            [
              12.5310596,
              44.0839899
            ],
            [
              12.5312801,
              44.0838324
            ]
          ]
        ]
      }
    },
    {
      "type": "Feature",
      "properties": {
        "id": 1126164390,
        "name": "",
        "access": "yes",
        "fee": "no",
        "capacity": "",
        "parking": "surface"
      },
      "geometry": {
        "type": "Polygon",
        "coordinates": [
          [
            [
              12.5319384,
              44.0843364
            ],
            [
              12.5316093,
              44.0845662
            ],
            [
              12.5312839,
              44.0843257
            ],
            [
              12.5316129,
              44.0840959
            ],
            [
              12.5319384,
              44.0843364
            ]
          ]
        ]
      }
    },
    {
      "type": "Feature",
      "properties": {
        "id": 1126164394,
        "name": "",
        "access": "yes",
        "fee": "no",
        "capacity": "",
        "parking": "surface"
      },
      "geometry": {
        "type": "Polygon",
        "coordinates": [
          [
            [
              12.530787,
              44.0828262
            ],
            [
              12.5319484,
              44.0818494
            ],
            [
              12.5318652,
              44.0817935
            ],
            [
              12.5305375,
              44.0826393
            ],
            [
              12.530787,
              44.0828262
            ]
          ]
        ]
      }
    },
    {
      "type": "Feature",
      "properties": {
        "id": 1126164397,
        "name": "",
        "access": "",
        "fee": "",
        "capacity": "",
        "parking": ""
      },
      "geometry": {
        "type": "Polygon",
        "coordinates": [
          [
            [
              12.5364035,
              44.0830478
            ],
            [
              12.5361265,
              44.083243
            ],
            [
              12.5359897,
              44.0831428
            ],
            [
              12.5362667,
              44.0829476
            ],
            [
              12.5364035,
              44.0830478
            ]
          ]
        ]
      }
    },
    {
      "type": "Feature",
      "properties": {
        "id": 1132137242,
        "name": "",
        "access": "",
        "fee": "",
        "capacity": "",
        "parking": ""
      },
      "geometry": {
        "type": "Polygon",
        "coordinates": [
          [
            [
              12.4510668,
              44.0207177
            ],
            [
              12.4511442,
              44.0206606
            ],
            [
              12.4510969,
              44.0206274
            ],
            [
              12.4510194,
              44.0206844
            ],
            [
              12.4510668,
              44.0207177
            ]
          ]
        ]
      }
    },
    {
      "type": "Feature",
      "properties": {
        "id": 1132137243,
        "name": "",
        "access": "",
        "fee": "",
        "capacity": "",
        "parking": ""
      },
      "geometry": {
        "type": "Polygon",
        "coordinates": [
          [
            [
              12.4510972,
              44.0205959
            ],
            [
              12.4510615,
              44.0206254
            ],
            [
              12.4508476,
              44.0204909
            ],
            [
              12.4508833,
              44.0204615
            ],
            [
              12.4510972,
              44.0205959
            ]
          ]
        ]
      }
    },
    {
      "type": "Feature",
      "properties": {
        "id": 1132137244,
        "name": "",
        "access": "",
        "fee": "",
        "capacity": "",
        "parking": ""
      },
      "geometry": {
        "type": "Polygon",
        "coordinates": [
          [
            [
              12.4506655,
              44.0204288
            ],
            [
              12.4507361,
              44.020369
            ],
            [
              12.4507761,
              44.0203934
            ],
            [
              12.4507054,
              44.0204532
            ],
            [
              12.4506655,
              44.0204288
            ]
          ]
        ]
      }
    },
    {
      "type": "Feature",
      "properties": {
        "id": 1132137245,
        "name": "",
        "access": "",
        "fee": "",
        "capacity": "",
        "parking": ""
      },
      "geometry": {
        "type": "Polygon",
        "coordinates": [
          [
            [
              12.4508542,
              44.020328
            ],
            [
              12.450817,
              44.0203042
            ],
            [
              12.4509824,
              44.020171
            ],
            [
              12.4510195,
              44.0201948
            ],
            [
              12.4508542,
              44.020328
            ]
          ]
        ]
      }
    },
    {
      "type": "Feature",
      "properties": {
        "id": 1132137246,
        "name": "",
        "access": "",
        "fee": "",
        "capacity": "",
        "parking": ""
      },
      "geometry": {
        "type": "Polygon",
        "coordinates": [
          [
            [
              12.4509561,
              44.0204042
            ],
            [
              12.4511435,
              44.0202457
            ],
            [
              12.4511039,
              44.0202215
            ],
            [
              12.4509165,
              44.02038
            ],
            [
              12.4509561,
              44.0204042
            ]
          ]
        ]
      }
    },
    {
      "type": "Feature",
      "properties": {
        "id": 1132216614,
        "name": "",
        "access": "",
        "fee": "",
        "capacity": "",
        "parking": ""
      },
      "geometry": {
        "type": "Polygon",
        "coordinates": [
          [
            [
              12.5327082,
              44.0562649
            ],
            [
              12.5327108,
              44.0562206
            ],
            [
              12.5330928,
              44.0562322
            ],
            [
              12.5330902,
              44.0562765
            ],
            [
              12.5327082,
              44.0562649
            ]
          ]
        ]
      }
    },
    {
      "type": "Feature",
      "properties": {
        "id": 1132216615,
        "name": "",
        "access": "",
        "fee": "",
        "capacity": "",
        "parking": ""
      },
      "geometry": {
        "type": "Polygon",
        "coordinates": [
          [
            [
              12.5332164,
              44.0562448
            ],
            [
              12.5330193,
              44.0561754
            ],
            [
              12.5330461,
              44.0559181
            ],
            [
              12.5332891,
              44.05593
            ],
            [
              12.5332866,
              44.0562422
            ],
            [
              12.53325,
              44.056244
            ],
            [
              12.5332164,
              44.0562448
            ]
          ]
        ]
      }
    },
    {
      "type": "Feature",
      "properties": {
        "id": 1132216616,
        "name": "",
        "access": "",
        "fee": "",
        "capacity": "",
        "parking": ""
      },
      "geometry": {
        "type": "Polygon",
        "coordinates": [
          [
            [
              12.5327638,
              44.0555143
            ],
            [
              12.532766,
              44.05548
            ],
            [
              12.5331339,
              44.0554927
            ],
            [
              12.5331335,
              44.0555306
            ],
            [
              12.5327638,
              44.0555143
            ]
          ]
        ]
      }
    },
    {
      "type": "Feature",
      "properties": {
        "id": 1132216618,
        "name": "",
        "access": "",
        "fee": "",
        "capacity": "",
        "parking": ""
      },
      "geometry": {
        "type": "Polygon",
        "coordinates": [
          [
            [
              12.5318684,
              44.0562317
            ],
            [
              12.5318912,
              44.0559149
            ],
            [
              12.5326279,
              44.0559423
            ],
            [
              12.5326051,
              44.0562592
            ],
            [
              12.5318684,
              44.0562317
            ]
          ]
        ]
      }
    },
    {
      "type": "Feature",
      "properties": {
        "id": 1132219530,
        "name": "",
        "access": "customers",
        "fee": "",
        "capacity": "",
        "parking": ""
      },
      "geometry": {
        "type": "Polygon",
        "coordinates": [
          [
            [
              12.5171998,
              44.0530641
            ],
            [
              12.5172593,
              44.0530851
            ],
            [
              12.5174404,
              44.0531195
            ],
            [
              12.5175047,
              44.0529046
            ],
            [
              12.5174579,
              44.0528925
            ],
            [
              12.5174439,
              44.0529199
            ],
            [
              12.5172687,
              44.0529029
            ],
            [
              12.5171998,
              44.0530641
            ]
          ]
        ]
      }
    },
    {
      "type": "Feature",
      "properties": {
        "id": 1132230478,
        "name": "",
        "access": "",
        "fee": "",
        "capacity": "",
        "parking": ""
      },
      "geometry": {
        "type": "Polygon",
        "coordinates": [
          [
            [
              12.5050181,
              44.0494043
            ],
            [
              12.5051168,
              44.0492658
            ],
            [
              12.5054344,
              44.049391
            ],
            [
              12.5053079,
              44.0495317
            ],
            [
              12.5050181,
              44.0494043
            ]
          ]
        ]
      }
    },
    {
      "type": "Feature",
      "properties": {
        "id": 1132406804,
        "name": "",
        "access": "",
        "fee": "",
        "capacity": "",
        "parking": ""
      },
      "geometry": {
        "type": "Polygon",
        "coordinates": [
          [
            [
              12.5009817,
              44.0469976
            ],
            [
              12.5010233,
              44.0469709
            ],
            [
              12.5010401,
              44.0469276
            ],
            [
              12.5012215,
              44.0469181
            ],
            [
              12.5012595,
              44.0471477
            ],
            [
              12.50121,
              44.0471629
            ],
            [
              12.5009817,
              44.0469976
            ]
          ]
        ]
      }
    },
    {
      "type": "Feature",
      "properties": {
        "id": 1132706420,
        "name": "",
        "access": "",
        "fee": "",
        "capacity": "",
        "parking": ""
      },
      "geometry": {
        "type": "Polygon",
        "coordinates": [
          [
            [
              12.451652,
              44.0197707
            ],
            [
              12.4517211,
              44.0197438
            ],
            [
              12.4519521,
              44.0196538
            ],
            [
              12.4514045,
              44.0189325
            ],
            [
              12.4511272,
              44.0190495
            ],
            [
              12.4514967,
              44.0195573
            ],
            [
              12.451652,
              44.0197707
            ]
          ]
        ]
      }
    },
    {
      "type": "Feature",
      "properties": {
        "id": 1134071043,
        "name": "",
        "access": "yes",
        "fee": "no",
        "capacity": "",
        "parking": "street_side"
      },
      "geometry": {
        "type": "Polygon",
        "coordinates": [
          [
            [
              12.5221068,
              44.0547106
            ],
            [
              12.5221294,
              44.0546732
            ],
            [
              12.522463,
              44.0547771
            ],
            [
              12.5224403,
              44.0548146
            ],
            [
              12.5221068,
              44.0547106
            ]
          ]
        ]
      }
    },
    {
      "type": "Feature",
      "properties": {
        "id": 1134071046,
        "name": "",
        "access": "customers",
        "fee": "",
        "capacity": "",
        "parking": "street_side"
      },
      "geometry": {
        "type": "Polygon",
        "coordinates": [
          [
            [
              12.5242819,
              44.0558721
            ],
            [
              12.5243337,
              44.0558875
            ],
            [
              12.5243418,
              44.0557349
            ],
            [
              12.5242892,
              44.0557334
            ],
            [
              12.5242819,
              44.0558721
            ]
          ]
        ]
      }
    },
    {
      "type": "Feature",
      "properties": {
        "id": 1134071047,
        "name": "",
        "access": "customers",
        "fee": "",
        "capacity": "",
        "parking": "street_side"
      },
      "geometry": {
        "type": "Polygon",
        "coordinates": [
          [
            [
              12.5244527,
              44.0559262
            ],
            [
              12.5244636,
              44.055769
            ],
            [
              12.5245159,
              44.0557709
            ],
            [
              12.5245035,
              44.0559488
            ],
            [
              12.5244527,
              44.0559262
            ]
          ]
        ]
      }
    },
    {
      "type": "Feature",
      "properties": {
        "id": 1135967735,
        "name": "",
        "access": "",
        "fee": "",
        "capacity": "",
        "parking": ""
      },
      "geometry": {
        "type": "Polygon",
        "coordinates": [
          [
            [
              12.5558846,
              44.0522885
            ],
            [
              12.5557623,
              44.0521943
            ],
            [
              12.5561146,
              44.0519582
            ],
            [
              12.5562369,
              44.0520524
            ],
            [
              12.5558846,
              44.0522885
            ]
          ]
        ]
      }
    },
    {
      "type": "Feature",
      "properties": {
        "id": 1135973567,
        "name": "",
        "access": "",
        "fee": "",
        "capacity": "",
        "parking": ""
      },
      "geometry": {
        "type": "Polygon",
        "coordinates": [
          [
            [
              12.5398835,
              44.0509745
            ],
            [
              12.5394883,
              44.0507372
            ],
            [
              12.5394451,
              44.0507743
            ],
            [
              12.5393711,
              44.0507298
            ],
            [
              12.5394143,
              44.0506927
            ],
            [
              12.5393527,
              44.0506557
            ],
            [
              12.5392173,
              44.0507722
            ],
            [
              12.5397989,
              44.0511215
            ],
            [
              12.539885,
              44.0510475
            ],
            [
              12.5398342,
              44.0510169
            ],
            [
              12.5398835,
              44.0509745
            ]
          ]
        ]
      }
    },
    {
      "type": "Feature",
      "properties": {
        "id": 1135973569,
        "name": "",
        "access": "",
        "fee": "",
        "capacity": "",
        "parking": ""
      },
      "geometry": {
        "type": "Polygon",
        "coordinates": [
          [
            [
              12.5377855,
              44.0491536
            ],
            [
              12.5379081,
              44.0491881
            ],
            [
              12.5375261,
              44.0498886
            ],
            [
              12.5374033,
              44.049854
            ],
            [
              12.5377855,
              44.0491536
            ]
          ]
        ]
      }
    },
    {
      "type": "Feature",
      "properties": {
        "id": 1144058182,
        "name": "",
        "access": "yes",
        "fee": "no",
        "capacity": "9",
        "parking": "surface"
      },
      "geometry": {
        "type": "Polygon",
        "coordinates": [
          [
            [
              12.5133607,
              44.0947411
            ],
            [
              12.5132619,
              44.0946717
            ],
            [
              12.5132986,
              44.0946447
            ],
            [
              12.5133405,
              44.094614
            ],
            [
              12.5133782,
              44.0945863
            ],
            [
              12.5134265,
              44.0945509
            ],
            [
              12.5134717,
              44.0945826
            ],
            [
              12.513422,
              44.0946192
            ],
            [
              12.5134755,
              44.0946568
            ],
            [
              12.5133607,
              44.0947411
            ]
          ]
        ]
      }
    },
    {
      "type": "Feature",
      "properties": {
        "id": 1144417812,
        "name": "",
        "access": "",
        "fee": "",
        "capacity": "",
        "parking": ""
      },
      "geometry": {
        "type": "Polygon",
        "coordinates": [
          [
            [
              12.5754077,
              44.0477651
            ],
            [
              12.5756197,
              44.0477339
            ],
            [
              12.5757007,
              44.0480437
            ],
            [
              12.5754961,
              44.0480721
            ],
            [
              12.5754077,
              44.0477651
            ]
          ]
        ]
      }
    },
    {
      "type": "Feature",
      "properties": {
        "id": 1145140070,
        "name": "",
        "access": "",
        "fee": "",
        "capacity": "",
        "parking": ""
      },
      "geometry": {
        "type": "Polygon",
        "coordinates": [
          [
            [
              12.5355271,
              44.0483547
            ],
            [
              12.535604,
              44.0482176
            ],
            [
              12.5362897,
              44.0484162
            ],
            [
              12.5362127,
              44.0485534
            ],
            [
              12.5355271,
              44.0483547
            ]
          ]
        ]
      }
    },
    {
      "type": "Feature",
      "properties": {
        "id": 1146548579,
        "name": "",
        "access": "yes",
        "fee": "no",
        "capacity": "12",
        "parking": "street_side"
      },
      "geometry": {
        "type": "Polygon",
        "coordinates": [
          [
            [
              12.5968541,
              44.0397032
            ],
            [
              12.5968071,
              44.0396706
            ],
            [
              12.597067,
              44.0394769
            ],
            [
              12.597114,
              44.0395095
            ],
            [
              12.5968541,
              44.0397032
            ]
          ]
        ]
      }
    },
    {
      "type": "Feature",
      "properties": {
        "id": 1146548590,
        "name": "",
        "access": "yes",
        "fee": "no",
        "capacity": "9",
        "parking": "street_side"
      },
      "geometry": {
        "type": "Polygon",
        "coordinates": [
          [
            [
              12.5975174,
              44.0391874
            ],
            [
              12.5974724,
              44.0391567
            ],
            [
              12.5976761,
              44.0390026
            ],
            [
              12.5977211,
              44.0390333
            ],
            [
              12.5975174,
              44.0391874
            ]
          ]
        ]
      }
    },
    {
      "type": "Feature",
      "properties": {
        "id": 1146984612,
        "name": "",
        "access": "",
        "fee": "",
        "capacity": "",
        "parking": ""
      },
      "geometry": {
        "type": "Polygon",
        "coordinates": [
          [
            [
              12.594512,
              44.0387958
            ],
            [
              12.5944715,
              44.038767
            ],
            [
              12.5944527,
              44.0387808
            ],
            [
              12.5943842,
              44.038733
            ],
            [
              12.5944379,
              44.0386956
            ],
            [
              12.5943639,
              44.0386415
            ],
            [
              12.5949067,
              44.0382461
            ],
            [
              12.5950435,
              44.0383432
            ],
            [
              12.5950212,
              44.0383594
            ],
            [
              12.5950669,
              44.0383918
            ],
            [
              12.594512,
              44.0387958
            ]
          ]
        ]
      }
    },
    {
      "type": "Feature",
      "properties": {
        "id": 1146984614,
        "name": "",
        "access": "",
        "fee": "",
        "capacity": "",
        "parking": ""
      },
      "geometry": {
        "type": "Polygon",
        "coordinates": [
          [
            [
              12.5930495,
              44.0383101
            ],
            [
              12.5928829,
              44.0383022
            ],
            [
              12.5929081,
              44.0380293
            ],
            [
              12.5929003,
              44.0379514
            ],
            [
              12.5931425,
              44.0377011
            ],
            [
              12.5933644,
              44.0378574
            ],
            [
              12.5931407,
              44.0380183
            ],
            [
              12.5931633,
              44.0382052
            ],
            [
              12.5931818,
              44.0382176
            ],
            [
              12.5930495,
              44.0383101
            ]
          ]
        ]
      }
    },
    {
      "type": "Feature",
      "properties": {
        "id": 1146984616,
        "name": "",
        "access": "",
        "fee": "",
        "capacity": "",
        "parking": ""
      },
      "geometry": {
        "type": "Polygon",
        "coordinates": [
          [
            [
              12.5933274,
              44.0384789
            ],
            [
              12.5932419,
              44.0384607
            ],
            [
              12.5931309,
              44.0383796
            ],
            [
              12.5934458,
              44.0381455
            ],
            [
              12.5944909,
              44.0388734
            ],
            [
              12.5947244,
              44.0387308
            ],
            [
              12.5947493,
              44.0387216
            ],
            [
              12.5947729,
              44.0387216
            ],
            [
              12.5947952,
              44.0387276
            ],
            [
              12.5948127,
              44.0387408
            ],
            [
              12.5944994,
              44.0389439
            ],
            [
              12.5935826,
              44.038305
            ],
            [
              12.5935695,
              44.038327
            ],
            [
              12.5933274,
              44.0384789
            ]
          ]
        ]
      }
    },
    {
      "type": "Feature",
      "properties": {
        "id": 1146984618,
        "name": "",
        "access": "",
        "fee": "",
        "capacity": "15",
        "parking": ""
      },
      "geometry": {
        "type": "Polygon",
        "coordinates": [
          [
            [
              12.5949147,
              44.0386791
            ],
            [
              12.5948991,
              44.0386622
            ],
            [
              12.5948945,
              44.0386432
            ],
            [
              12.5948967,
              44.0386254
            ],
            [
              12.5949142,
              44.0386068
            ],
            [
              12.5951455,
              44.0384596
            ],
            [
              12.5951675,
              44.0384421
            ],
            [
              12.5951803,
              44.0384256
            ],
            [
              12.5951894,
              44.0384036
            ],
            [
              12.5951878,
              44.0383782
            ],
            [
              12.5951686,
              44.0383352
            ],
            [
              12.5951693,
              44.0383218
            ],
            [
              12.5953227,
              44.038424
            ],
            [
              12.5949147,
              44.0386791
            ]
          ]
        ]
      }
    },
    {
      "type": "Feature",
      "properties": {
        "id": 1146984619,
        "name": "",
        "access": "",
        "fee": "",
        "capacity": "",
        "parking": ""
      },
      "geometry": {
        "type": "Polygon",
        "coordinates": [
          [
            [
              12.5932193,
              44.0382225
            ],
            [
              12.593178,
              44.0381931
            ],
            [
              12.5931554,
              44.03802
            ],
            [
              12.5939259,
              44.0374544
            ],
            [
              12.59398,
              44.0374972
            ],
            [
              12.5932952,
              44.037994
            ],
            [
              12.5933187,
              44.0381205
            ],
            [
              12.5933097,
              44.0381497
            ],
            [
              12.5932925,
              44.0381737
            ],
            [
              12.5932619,
              44.0381977
            ],
            [
              12.5932193,
              44.0382225
            ]
          ]
        ]
      }
    },
    {
      "type": "Feature",
      "properties": {
        "id": 1146984620,
        "name": "",
        "access": "",
        "fee": "",
        "capacity": "",
        "parking": ""
      },
      "geometry": {
        "type": "Polygon",
        "coordinates": [
          [
            [
              12.5943842,
              44.038733
            ],
            [
              12.5944379,
              44.0386956
            ],
            [
              12.5943639,
              44.0386415
            ],
            [
              12.5934574,
              44.0379982
            ],
            [
              12.5934019,
              44.038038
            ],
            [
              12.5943842,
              44.038733
            ]
          ]
        ]
      }
    },
    {
      "type": "Feature",
      "properties": {
        "id": 1146984623,
        "name": "",
        "access": "yes",
        "fee": "no",
        "capacity": "",
        "parking": "surface"
      },
      "geometry": {
        "type": "Polygon",
        "coordinates": [
          [
            [
              12.5987911,
              44.0380422
            ],
            [
              12.5990626,
              44.0378032
            ],
            [
              12.5992929,
              44.0379384
            ],
            [
              12.5990213,
              44.0381774
            ],
            [
              12.5987911,
              44.0380422
            ]
          ]
        ]
      }
    },
    {
      "type": "Feature",
      "properties": {
        "id": 1147225662,
        "name": "",
        "access": "yes",
        "fee": "no",
        "capacity": "32",
        "parking": "surface"
      },
      "geometry": {
        "type": "Polygon",
        "coordinates": [
          [
            [
              12.6004359,
              44.0404038
            ],
            [
              12.6005669,
              44.0402859
            ],
            [
              12.600572,
              44.0402888
            ],
            [
              12.601003,
              44.0405361
            ],
            [
              12.600872,
              44.0406541
            ],
            [
              12.6004359,
              44.0404038
            ]
          ]
        ]
      }
    },
    {
      "type": "Feature",
      "properties": {
        "id": 1147225668,
        "name": "",
        "access": "",
        "fee": "",
        "capacity": "",
        "parking": "street_side"
      },
      "geometry": {
        "type": "Polygon",
        "coordinates": [
          [
            [
              12.600497,
              44.0394975
            ],
            [
              12.6004508,
              44.03947
            ],
            [
              12.6006505,
              44.0392963
            ],
            [
              12.6006967,
              44.0393238
            ],
            [
              12.600497,
              44.0394975
            ]
          ]
        ]
      }
    },
    {
      "type": "Feature",
      "properties": {
        "id": 1147225671,
        "name": "",
        "access": "yes",
        "fee": "",
        "capacity": "",
        "parking": ""
      },
      "geometry": {
        "type": "Polygon",
        "coordinates": [
          [
            [
              12.5977216,
              44.0419894
            ],
            [
              12.5976124,
              44.0419229
            ],
            [
              12.5975773,
              44.0419526
            ],
            [
              12.5975331,
              44.0419256
            ],
            [
              12.5979874,
              44.0415405
            ],
            [
              12.5980938,
              44.0416054
            ],
            [
              12.5980313,
              44.0416584
            ],
            [
              12.5980782,
              44.041687
            ],
            [
              12.5977216,
              44.0419894
            ]
          ]
        ]
      }
    },
    {
      "type": "Feature",
      "properties": {
        "id": 1147225685,
        "name": "",
        "access": "",
        "fee": "",
        "capacity": "",
        "parking": ""
      },
      "geometry": {
        "type": "Polygon",
        "coordinates": [
          [
            [
              12.6001825,
              44.0348597
            ],
            [
              12.6000259,
              44.0347208
            ],
            [
              12.6000034,
              44.0347339
            ],
            [
              12.599935,
              44.0346733
            ],
            [
              12.6002608,
              44.0344834
            ],
            [
              12.600311,
              44.0344541
            ],
            [
              12.6009492,
              44.0350117
            ],
            [
              12.6009547,
              44.0350486
            ],
            [
              12.6009452,
              44.0350774
            ],
            [
              12.6005999,
              44.0352876
            ],
            [
              12.6001832,
              44.0349351
            ],
            [
              12.6002329,
              44.0349056
            ],
            [
              12.6001825,
              44.0348597
            ]
          ]
        ]
      }
    },
    {
      "type": "Feature",
      "properties": {
        "id": 1147491826,
        "name": "",
        "access": "yes",
        "fee": "no",
        "capacity": "",
        "parking": "surface"
      },
      "geometry": {
        "type": "Polygon",
        "coordinates": [
          [
            [
              12.5747914,
              44.0371225
            ],
            [
              12.5748968,
              44.037183
            ],
            [
              12.5751274,
              44.0369753
            ],
            [
              12.575022,
              44.0369147
            ],
            [
              12.5747914,
              44.0371225
            ]
          ]
        ]
      }
    },
    {
      "type": "Feature",
      "properties": {
        "id": 1147491842,
        "name": "",
        "access": "",
        "fee": "",
        "capacity": "",
        "parking": ""
      },
      "geometry": {
        "type": "Polygon",
        "coordinates": [
          [
            [
              12.5835633,
              44.0440915
            ],
            [
              12.5833552,
              44.0439076
            ],
            [
              12.5833071,
              44.043937
            ],
            [
              12.5830917,
              44.0437441
            ],
            [
              12.5833244,
              44.0435236
            ],
            [
              12.5834642,
              44.0436781
            ],
            [
              12.5836515,
              44.0438912
            ],
            [
              12.5837365,
              44.0439775
            ],
            [
              12.5835633,
              44.0440915
            ]
          ]
        ]
      }
    },
    {
      "type": "Feature",
      "properties": {
        "id": 1147491855,
        "name": "",
        "access": "yes",
        "fee": "no",
        "capacity": "",
        "parking": "surface"
      },
      "geometry": {
        "type": "Polygon",
        "coordinates": [
          [
            [
              12.5824206,
              44.0436039
            ],
            [
              12.5820622,
              44.0433062
            ],
            [
              12.5821781,
              44.0432344
            ],
            [
              12.5824839,
              44.0435098
            ],
            [
              12.5824817,
              44.0435391
            ],
            [
              12.5824495,
              44.0435861
            ],
            [
              12.5824206,
              44.0436039
            ]
          ]
        ]
      }
    },
    {
      "type": "Feature",
      "properties": {
        "id": 1147491861,
        "name": "",
        "access": "yes",
        "fee": "no",
        "capacity": "",
        "parking": "surface"
      },
      "geometry": {
        "type": "Polygon",
        "coordinates": [
          [
            [
              12.5817362,
              44.0434316
            ],
            [
              12.5818971,
              44.0433241
            ],
            [
              12.5823242,
              44.04366
            ],
            [
              12.5822821,
              44.0436903
            ],
            [
              12.582344,
              44.0437416
            ],
            [
              12.5823091,
              44.0437937
            ],
            [
              12.5822792,
              44.0437699
            ],
            [
              12.5822412,
              44.0438003
            ],
            [
              12.5817362,
              44.0434316
            ]
          ]
        ]
      }
    },
    {
      "type": "Feature",
      "properties": {
        "id": 1147491865,
        "name": "",
        "access": "yes",
        "fee": "no",
        "capacity": "10",
        "parking": "surface"
      },
      "geometry": {
        "type": "Polygon",
        "coordinates": [
          [
            [
              12.5831447,
              44.0422068
            ],
            [
              12.5833005,
              44.0422335
            ],
            [
              12.5833972,
              44.0419423
            ],
            [
              12.5833628,
              44.0419364
            ],
            [
              12.5832413,
              44.0419156
            ],
            [
              12.5831988,
              44.0420437
            ],
            [
              12.5831764,
              44.0421112
            ],
            [
              12.5831447,
              44.0422068
            ]
          ]
        ]
      }
    },
    {
      "type": "Feature",
      "properties": {
        "id": 1147683085,
        "name": "",
        "access": "",
        "fee": "",
        "capacity": "",
        "parking": ""
      },
      "geometry": {
        "type": "Polygon",
        "coordinates": [
          [
            [
              12.5287782,
              44.074594
            ],
            [
              12.528792,
              44.0745295
            ],
            [
              12.5287735,
              44.0745275
            ],
            [
              12.5287967,
              44.0744162
            ],
            [
              12.5291779,
              44.0744615
            ],
            [
              12.5292992,
              44.0744758
            ],
            [
              12.5293802,
              44.0744843
            ],
            [
              12.5293519,
              44.0746438
            ],
            [
              12.5287782,
              44.074594
            ]
          ]
        ]
      }
    },
    {
      "type": "Feature",
      "properties": {
        "id": 1147683086,
        "name": "",
        "access": "",
        "fee": "",
        "capacity": "",
        "parking": ""
      },
      "geometry": {
        "type": "Polygon",
        "coordinates": [
          [
            [
              12.5279882,
              44.0764055
            ],
            [
              12.528542,
              44.0763762
            ],
            [
              12.5285741,
              44.0767297
            ],
            [
              12.5280229,
              44.0767624
            ],
            [
              12.5280156,
              44.0766946
            ],
            [
              12.5279882,
              44.0764055
            ]
          ]
        ]
      }
    },
    {
      "type": "Feature",
      "properties": {
        "id": 1147753882,
        "name": "",
        "access": "customers",
        "fee": "",
        "capacity": "",
        "parking": "surface"
      },
      "geometry": {
        "type": "Polygon",
        "coordinates": [
          [
            [
              12.5130559,
              44.0899905
            ],
            [
              12.5130119,
              44.0899578
            ],
            [
              12.5129891,
              44.0899339
            ],
            [
              12.513593,
              44.0895655
            ],
            [
              12.5136325,
              44.0895977
            ],
            [
              12.5136674,
              44.0896505
            ],
            [
              12.5130559,
              44.0899905
            ]
          ]
        ]
      }
    },
    {
      "type": "Feature",
      "properties": {
        "id": 1147753888,
        "name": "",
        "access": "",
        "fee": "",
        "capacity": "",
        "parking": ""
      },
      "geometry": {
        "type": "Polygon",
        "coordinates": [
          [
            [
              12.5172663,
              44.0906565
            ],
            [
              12.5168979,
              44.0908422
            ],
            [
              12.5166985,
              44.0906602
            ],
            [
              12.515833,
              44.0898054
            ],
            [
              12.5157434,
              44.089719
            ],
            [
              12.5160712,
              44.0895146
            ],
            [
              12.5172663,
              44.0906565
            ]
          ]
        ]
      }
    },
    {
      "type": "Feature",
      "properties": {
        "id": 1147753894,
        "name": "",
        "access": "",
        "fee": "",
        "capacity": "",
        "parking": ""
      },
      "geometry": {
        "type": "Polygon",
        "coordinates": [
          [
            [
              12.5149308,
              44.0894875
            ],
            [
              12.5144435,
              44.0890274
            ],
            [
              12.5146332,
              44.0889237
            ],
            [
              12.5146861,
              44.0889736
            ],
            [
              12.5147352,
              44.0889468
            ],
            [
              12.5151695,
              44.0893571
            ],
            [
              12.5149308,
              44.0894875
            ]
          ]
        ]
      }
    },
    {
      "type": "Feature",
      "properties": {
        "id": 1147760927,
        "name": "",
        "access": "",
        "fee": "",
        "capacity": "",
        "parking": ""
      },
      "geometry": {
        "type": "Polygon",
        "coordinates": [
          [
            [
              12.5831706,
              44.0563349
            ],
            [
              12.5830497,
              44.0562283
            ],
            [
              12.5830942,
              44.0561964
            ],
            [
              12.583244,
              44.0560771
            ],
            [
              12.5833598,
              44.055985
            ],
            [
              12.5835718,
              44.05613
            ],
            [
              12.5831706,
              44.0563349
            ]
          ]
        ]
      }
    },
    {
      "type": "Feature",
      "properties": {
        "id": 1147951950,
        "name": "",
        "access": "",
        "fee": "",
        "capacity": "",
        "parking": "street_side"
      },
      "geometry": {
        "type": "Polygon",
        "coordinates": [
          [
            [
              12.5291237,
              44.0854768
            ],
            [
              12.5290887,
              44.0855136
            ],
            [
              12.5300036,
              44.0859633
            ],
            [
              12.5300388,
              44.0859264
            ],
            [
              12.5291237,
              44.0854768
            ]
          ]
        ]
      }
    },
    {
      "type": "Feature",
      "properties": {
        "id": 1147951952,
        "name": "",
        "access": "",
        "fee": "",
        "capacity": "",
        "parking": "street_side"
      },
      "geometry": {
        "type": "Polygon",
        "coordinates": [
          [
            [
              12.5287391,
              44.0859415
            ],
            [
              12.5289529,
              44.0856047
            ],
            [
              12.5290125,
              44.0856242
            ],
            [
              12.5287986,
              44.085961
            ],
            [
              12.5287391,
              44.0859415
            ]
          ]
        ]
      }
    },
    {
      "type": "Feature",
      "properties": {
        "id": 1148526902,
        "name": "",
        "access": "",
        "fee": "",
        "capacity": "",
        "parking": ""
      },
      "geometry": {
        "type": "Polygon",
        "coordinates": [
          [
            [
              12.5407328,
              44.0754258
            ],
            [
              12.5392472,
              44.0743258
            ],
            [
              12.538637,
              44.0738912
            ],
            [
              12.5397165,
              44.0732056
            ],
            [
              12.5418335,
              44.0747169
            ],
            [
              12.5407328,
              44.0754258
            ]
          ]
        ]
      }
    },
    {
      "type": "Feature",
      "properties": {
        "id": 1148824414,
        "name": "",
        "access": "private",
        "fee": "",
        "capacity": "",
        "parking": ""
      },
      "geometry": {
        "type": "Polygon",
        "coordinates": [
          [
            [
              12.5723048,
              44.0609727
            ],
            [
              12.5723325,
              44.0609462
            ],
            [
              12.5723871,
              44.0608923
            ],
            [
              12.5723168,
              44.0608515
            ],
            [
              12.5724409,
              44.0607341
            ],
            [
              12.5723923,
              44.0607056
            ],
            [
              12.5724317,
              44.0606667
            ],
            [
              12.5722682,
              44.0605758
            ],
            [
              12.5722489,
              44.0605578
            ],
            [
              12.5722396,
              44.0605403
            ],
            [
              12.5722401,
              44.0605211
            ],
            [
              12.5722564,
              44.0605049
            ],
            [
              12.5722212,
              44.0604867
            ],
            [
              12.5719204,
              44.0607583
            ],
            [
              12.572136,
              44.0608763
            ],
            [
              12.5721011,
              44.0609136
            ],
            [
              12.5721716,
              44.0609514
            ],
            [
              12.5721626,
              44.0609602
            ],
            [
              12.5722562,
              44.0610156
            ],
            [
              12.5723048,
              44.0609727
            ]
          ]
        ]
      }
    },
    {
      "type": "Feature",
      "properties": {
        "id": 1148877301,
        "name": "",
        "access": "yes",
        "fee": "no",
        "capacity": "",
        "parking": "surface"
      },
      "geometry": {
        "type": "Polygon",
        "coordinates": [
          [
            [
              12.5770701,
              44.0408906
            ],
            [
              12.5771958,
              44.0409904
            ],
            [
              12.5773683,
              44.0408788
            ],
            [
              12.5772424,
              44.040774
            ],
            [
              12.5771441,
              44.0408406
            ],
            [
              12.5770701,
              44.0408906
            ]
          ]
        ]
      }
    },
    {
      "type": "Feature",
      "properties": {
        "id": 1149007728,
        "name": "",
        "access": "",
        "fee": "",
        "capacity": "",
        "parking": ""
      },
      "geometry": {
        "type": "Polygon",
        "coordinates": [
          [
            [
              12.5772525,
              44.0512829
            ],
            [
              12.5773019,
              44.0512525
            ],
            [
              12.5768675,
              44.0509203
            ],
            [
              12.5768161,
              44.0509504
            ],
            [
              12.5772525,
              44.0512829
            ]
          ]
        ]
      }
    },
    {
      "type": "Feature",
      "properties": {
        "id": 1149114364,
        "name": "",
        "access": "",
        "fee": "",
        "capacity": "",
        "parking": "street_side"
      },
      "geometry": {
        "type": "Polygon",
        "coordinates": [
          [
            [
              12.5743864,
              44.0437584
            ],
            [
              12.5743542,
              44.0437362
            ],
            [
              12.5749416,
              44.0432974
            ],
            [
              12.5749435,
              44.0433508
            ],
            [
              12.5743864,
              44.0437584
            ]
          ]
        ]
      }
    },
    {
      "type": "Feature",
      "properties": {
        "id": 1149114370,
        "name": "",
        "access": "",
        "fee": "",
        "capacity": "",
        "parking": ""
      },
      "geometry": {
        "type": "Polygon",
        "coordinates": [
          [
            [
              12.5788866,
              44.0434471
            ],
            [
              12.578934,
              44.0434173
            ],
            [
              12.5786085,
              44.04315
            ],
            [
              12.578561,
              44.0431799
            ],
            [
              12.5788866,
              44.0434471
            ]
          ]
        ]
      }
    },
    {
      "type": "Feature",
      "properties": {
        "id": 1149121577,
        "name": "",
        "access": "",
        "fee": "",
        "capacity": "",
        "parking": "street_side"
      },
      "geometry": {
        "type": "Polygon",
        "coordinates": [
          [
            [
              12.5841155,
              44.0416978
            ],
            [
              12.5858461,
              44.0416213
            ],
            [
              12.5858514,
              44.0415718
            ],
            [
              12.5841104,
              44.0416411
            ],
            [
              12.5841155,
              44.0416978
            ]
          ]
        ]
      }
    },
    {
      "type": "Feature",
      "properties": {
        "id": 1149121578,
        "name": "",
        "access": "",
        "fee": "",
        "capacity": "",
        "parking": "street_side"
      },
      "geometry": {
        "type": "Polygon",
        "coordinates": [
          [
            [
              12.5844775,
              44.0417952
            ],
            [
              12.5844748,
              44.0417537
            ],
            [
              12.5857298,
              44.0416854
            ],
            [
              12.5857313,
              44.0417305
            ],
            [
              12.5844775,
              44.0417952
            ]
          ]
        ]
      }
    },
    {
      "type": "Feature",
      "properties": {
        "id": 1149121579,
        "name": "",
        "access": "",
        "fee": "",
        "capacity": "",
        "parking": ""
      },
      "geometry": {
        "type": "Polygon",
        "coordinates": [
          [
            [
              12.5858865,
              44.0420747
            ],
            [
              12.5858719,
              44.0419191
            ],
            [
              12.5856782,
              44.0419294
            ],
            [
              12.5856929,
              44.0420852
            ],
            [
              12.5858865,
              44.0420747
            ]
          ]
        ]
      }
    },
    {
      "type": "Feature",
      "properties": {
        "id": 1149121580,
        "name": "",
        "access": "",
        "fee": "",
        "capacity": "",
        "parking": ""
      },
      "geometry": {
        "type": "Polygon",
        "coordinates": [
          [
            [
              12.5864481,
              44.0422945
            ],
            [
              12.5862627,
              44.0422642
            ],
            [
              12.5861026,
              44.0422544
            ],
            [
              12.5860328,
              44.042226
            ],
            [
              12.5859964,
              44.0421944
            ],
            [
              12.5859752,
              44.041937
            ],
            [
              12.5859668,
              44.0418143
            ],
            [
              12.5859342,
              44.0417554
            ],
            [
              12.5859471,
              44.0417472
            ],
            [
              12.5860351,
              44.0418323
            ],
            [
              12.5865945,
              44.0421853
            ],
            [
              12.5864481,
              44.0422945
            ]
          ]
        ]
      }
    },
    {
      "type": "Feature",
      "properties": {
        "id": 1149121581,
        "name": "",
        "access": "",
        "fee": "",
        "capacity": "",
        "parking": "street_side"
      },
      "geometry": {
        "type": "Polygon",
        "coordinates": [
          [
            [
              12.5854021,
              44.042344
            ],
            [
              12.5854073,
              44.0423891
            ],
            [
              12.5860348,
              44.0423618
            ],
            [
              12.5863225,
              44.0423908
            ],
            [
              12.5863688,
              44.042354
            ],
            [
              12.5860372,
              44.0423181
            ],
            [
              12.5854021,
              44.042344
            ]
          ]
        ]
      }
    },
    {
      "type": "Feature",
      "properties": {
        "id": 1149121582,
        "name": "",
        "access": "",
        "fee": "",
        "capacity": "",
        "parking": ""
      },
      "geometry": {
        "type": "Polygon",
        "coordinates": [
          [
            [
              12.5846774,
              44.0425628
            ],
            [
              12.5850307,
              44.0425474
            ],
            [
              12.5851086,
              44.0424416
            ],
            [
              12.5851034,
              44.0423563
            ],
            [
              12.5847878,
              44.0423742
            ],
            [
              12.5846774,
              44.0425628
            ]
          ]
        ]
      }
    },
    {
      "type": "Feature",
      "properties": {
        "id": 1149121583,
        "name": "",
        "access": "",
        "fee": "",
        "capacity": "",
        "parking": "street_side"
      },
      "geometry": {
        "type": "Polygon",
        "coordinates": [
          [
            [
              12.5846814,
              44.0420683
            ],
            [
              12.5847427,
              44.0420839
            ],
            [
              12.5846424,
              44.0422827
            ],
            [
              12.5845809,
              44.0422656
            ],
            [
              12.5846814,
              44.0420683
            ]
          ]
        ]
      }
    },
    {
      "type": "Feature",
      "properties": {
        "id": 1149121584,
        "name": "",
        "access": "",
        "fee": "",
        "capacity": "",
        "parking": ""
      },
      "geometry": {
        "type": "Polygon",
        "coordinates": [
          [
            [
              12.5847807,
              44.0419677
            ],
            [
              12.5848012,
              44.0421259
            ],
            [
              12.5848578,
              44.0421228
            ],
            [
              12.584982,
              44.0421159
            ],
            [
              12.5849621,
              44.0419566
            ],
            [
              12.5847807,
              44.0419677
            ]
          ]
        ]
      }
    },
    {
      "type": "Feature",
      "properties": {
        "id": 1149271041,
        "name": "",
        "access": "customers",
        "fee": "",
        "capacity": "",
        "parking": "surface"
      },
      "geometry": {
        "type": "Polygon",
        "coordinates": [
          [
            [
              12.5847475,
              44.04594
            ],
            [
              12.5846673,
              44.045869
            ],
            [
              12.5846409,
              44.0458469
            ],
            [
              12.5849601,
              44.0456579
            ],
            [
              12.5849778,
              44.0456734
            ],
            [
              12.5850668,
              44.0457511
            ],
            [
              12.5850426,
              44.0457654
            ],
            [
              12.5847475,
              44.04594
            ]
          ]
        ]
      }
    },
    {
      "type": "Feature",
      "properties": {
        "id": 1149944869,
        "name": "",
        "access": "",
        "fee": "",
        "capacity": "",
        "parking": ""
      },
      "geometry": {
        "type": "Polygon",
        "coordinates": [
          [
            [
              12.6093748,
              44.0283953
            ],
            [
              12.6092053,
              44.0282523
            ],
            [
              12.6091638,
              44.028219
            ],
            [
              12.6095842,
              44.0279686
            ],
            [
              12.6097088,
              44.0278944
            ],
            [
              12.6099153,
              44.0280863
            ],
            [
              12.6093748,
              44.0283953
            ]
          ]
        ]
      }
    },
    {
      "type": "Feature",
      "properties": {
        "id": 1149944870,
        "name": "",
        "access": "",
        "fee": "",
        "capacity": "",
        "parking": ""
      },
      "geometry": {
        "type": "Polygon",
        "coordinates": [
          [
            [
              12.6088069,
              44.0275496
            ],
            [
              12.6086883,
              44.0274371
            ],
            [
              12.6090102,
              44.0272616
            ],
            [
              12.6091289,
              44.0273742
            ],
            [
              12.6088069,
              44.0275496
            ]
          ]
        ]
      }
    },
    {
      "type": "Feature",
      "properties": {
        "id": 1149944871,
        "name": "",
        "access": "",
        "fee": "",
        "capacity": "",
        "parking": ""
      },
      "geometry": {
        "type": "Polygon",
        "coordinates": [
          [
            [
              12.6097844,
              44.0275543
            ],
            [
              12.6095606,
              44.027353
            ],
            [
              12.6098236,
              44.0272018
            ],
            [
              12.6100473,
              44.0274031
            ],
            [
              12.6099057,
              44.0274827
            ],
            [
              12.6097844,
              44.0275543
            ]
          ]
        ]
      }
    },
    {
      "type": "Feature",
      "properties": {
        "id": 1149944878,
        "name": "",
        "access": "",
        "fee": "",
        "capacity": "",
        "parking": ""
      },
      "geometry": {
        "type": "Polygon",
        "coordinates": [
          [
            [
              12.6108523,
              44.0287244
            ],
            [
              12.6106414,
              44.0285482
            ],
            [
              12.6105977,
              44.0285752
            ],
            [
              12.6104839,
              44.0284802
            ],
            [
              12.6105424,
              44.028444
            ],
            [
              12.6105054,
              44.0284131
            ],
            [
              12.6105719,
              44.028372
            ],
            [
              12.6106097,
              44.0284036
            ],
            [
              12.6106697,
              44.0283665
            ],
            [
              12.6109934,
              44.0286371
            ],
            [
              12.6108523,
              44.0287244
            ]
          ]
        ]
      }
    },
    {
      "type": "Feature",
      "properties": {
        "id": 1149944881,
        "name": "",
        "access": "yes",
        "fee": "no",
        "capacity": "",
        "parking": "surface"
      },
      "geometry": {
        "type": "Polygon",
        "coordinates": [
          [
            [
              12.6109934,
              44.0286371
            ],
            [
              12.6113162,
              44.0284374
            ],
            [
              12.6112644,
              44.028394
            ],
            [
              12.6112988,
              44.0283727
            ],
            [
              12.6111443,
              44.0282436
            ],
            [
              12.6118084,
              44.0278328
            ],
            [
              12.6117088,
              44.0277495
            ],
            [
              12.6126478,
              44.0271686
            ],
            [
              12.6129868,
              44.0274519
            ],
            [
              12.6131138,
              44.0273733
            ],
            [
              12.6127139,
              44.0270392
            ],
            [
              12.612651,
              44.0270781
            ],
            [
              12.6126134,
              44.0270466
            ],
            [
              12.610589,
              44.0282991
            ],
            [
              12.6106697,
              44.0283665
            ],
            [
              12.6109934,
              44.0286371
            ]
          ]
        ]
      }
    },
    {
      "type": "Feature",
      "properties": {
        "id": 1150143976,
        "name": "",
        "access": "",
        "fee": "",
        "capacity": "",
        "parking": ""
      },
      "geometry": {
        "type": "Polygon",
        "coordinates": [
          [
            [
              12.5707853,
              44.0245402
            ],
            [
              12.5707629,
              44.0241773
            ],
            [
              12.570822,
              44.0241994
            ],
            [
              12.571328,
              44.02438
            ],
            [
              12.5711992,
              44.0245761
            ],
            [
              12.5707853,
              44.0245402
            ]
          ]
        ]
      }
    },
    {
      "type": "Feature",
      "properties": {
        "id": 1150143980,
        "name": "",
        "access": "",
        "fee": "",
        "capacity": "",
        "parking": ""
      },
      "geometry": {
        "type": "Polygon",
        "coordinates": [
          [
            [
              12.5721798,
              44.024671
            ],
            [
              12.5724032,
              44.0247456
            ],
            [
              12.5724061,
              44.0248505
            ],
            [
              12.5722082,
              44.0249539
            ],
            [
              12.5721882,
              44.0249395
            ],
            [
              12.5721798,
              44.024671
            ]
          ]
        ]
      }
    },
    {
      "type": "Feature",
      "properties": {
        "id": 1150183719,
        "name": "",
        "access": "",
        "fee": "",
        "capacity": "",
        "parking": ""
      },
      "geometry": {
        "type": "Polygon",
        "coordinates": [
          [
            [
              12.5678817,
              44.0031826
            ],
            [
              12.5678441,
              44.0031234
            ],
            [
              12.5681317,
              44.003015
            ],
            [
              12.5681836,
              44.0030764
            ],
            [
              12.5678817,
              44.0031826
            ]
          ]
        ]
      }
    },
    {
      "type": "Feature",
      "properties": {
        "id": 1150402554,
        "name": "",
        "access": "permissive",
        "fee": "no",
        "capacity": "",
        "parking": "surface"
      },
      "geometry": {
        "type": "Polygon",
        "coordinates": [
          [
            [
              12.5717673,
              44.0534774
            ],
            [
              12.5715826,
              44.0533342
            ],
            [
              12.5717291,
              44.0532408
            ],
            [
              12.5717215,
              44.0532346
            ],
            [
              12.5718878,
              44.0531334
            ],
            [
              12.571936,
              44.0531734
            ],
            [
              12.5720616,
              44.0532764
            ],
            [
              12.5720317,
              44.0532977
            ],
            [
              12.5718346,
              44.0534359
            ],
            [
              12.5717673,
              44.0534774
            ]
          ]
        ]
      }
    },
    {
      "type": "Feature",
      "properties": {
        "id": 1150581813,
        "name": "",
        "access": "private",
        "fee": "",
        "capacity": "",
        "parking": "surface"
      },
      "geometry": {
        "type": "Polygon",
        "coordinates": [
          [
            [
              12.5519105,
              44.0475825
            ],
            [
              12.5518264,
              44.0475353
            ],
            [
              12.5514427,
              44.0473203
            ],
            [
              12.5517744,
              44.0470692
            ],
            [
              12.5520035,
              44.0470682
            ],
            [
              12.5521984,
              44.0471778
            ],
            [
              12.5522804,
              44.0472205
            ],
            [
              12.5523024,
              44.0472319
            ],
            [
              12.5519105,
              44.0475825
            ]
          ]
        ]
      }
    },
    {
      "type": "Feature",
      "properties": {
        "id": 1150972507,
        "name": "Area ex Fox petroli",
        "access": "yes",
        "fee": "no",
        "capacity": "",
        "parking": ""
      },
      "geometry": {
        "type": "Polygon",
        "coordinates": [
          [
            [
              12.5695822,
              44.0555416
            ],
            [
              12.5696327,
              44.05552
            ],
            [
              12.5696622,
              44.0554914
            ],
            [
              12.5696788,
              44.0554641
            ],
            [
              12.5696874,
              44.055439
            ],
            [
              12.5696825,
              44.0554066
            ],
            [
              12.5696659,
              44.0553769
            ],
            [
              12.5696359,
              44.055353
            ],
            [
              12.569594,
              44.0553326
            ],
            [
              12.569535,
              44.0553199
            ],
            [
              12.5683239,
              44.0551392
            ],
            [
              12.568271,
              44.0551475
            ],
            [
              12.5682225,
              44.0551704
            ],
            [
              12.568188,
              44.0551906
            ],
            [
              12.5681587,
              44.0552186
            ],
            [
              12.5681478,
              44.0552548
            ],
            [
              12.5683277,
              44.0558919
            ],
            [
              12.5683416,
              44.0559143
            ],
            [
              12.5683695,
              44.0559305
            ],
            [
              12.5684081,
              44.0559313
            ],
            [
              12.5684607,
              44.0559235
            ],
            [
              12.5695822,
              44.0555416
            ]
          ]
        ]
      }
    },
    {
      "type": "Feature",
      "properties": {
        "id": 1151169526,
        "name": "",
        "access": "",
        "fee": "",
        "capacity": "",
        "parking": ""
      },
      "geometry": {
        "type": "Polygon",
        "coordinates": [
          [
            [
              12.4527935,
              44.0176048
            ],
            [
              12.4531406,
              44.0174641
            ],
            [
              12.4528972,
              44.0171532
            ],
            [
              12.4525499,
              44.0172938
            ],
            [
              12.4527935,
              44.0176048
            ]
          ]
        ]
      }
    },
    {
      "type": "Feature",
      "properties": {
        "id": 1154870693,
        "name": "",
        "access": "private",
        "fee": "",
        "capacity": "",
        "parking": "surface"
      },
      "geometry": {
        "type": "Polygon",
        "coordinates": [
          [
            [
              12.5443902,
              44.0317649
            ],
            [
              12.5448913,
              44.0319076
            ],
            [
              12.5450562,
              44.0316085
            ],
            [
              12.544555,
              44.0314658
            ],
            [
              12.5444321,
              44.031688
            ],
            [
              12.5443902,
              44.0317649
            ]
          ]
        ]
      }
    },
    {
      "type": "Feature",
      "properties": {
        "id": 1156176612,
        "name": "",
        "access": "yes",
        "fee": "no",
        "capacity": "",
        "parking": "surface"
      },
      "geometry": {
        "type": "Polygon",
        "coordinates": [
          [
            [
              12.5590174,
              44.0341657
            ],
            [
              12.5592344,
              44.0343171
            ],
            [
              12.5595281,
              44.0340995
            ],
            [
              12.559311,
              44.0339481
            ],
            [
              12.5590174,
              44.0341657
            ]
          ]
        ]
      }
    },
    {
      "type": "Feature",
      "properties": {
        "id": 1164126375,
        "name": "",
        "access": "",
        "fee": "",
        "capacity": "",
        "parking": ""
      },
      "geometry": {
        "type": "Polygon",
        "coordinates": [
          [
            [
              12.5794827,
              44.0441814
            ],
            [
              12.5793568,
              44.0440772
            ],
            [
              12.5795332,
              44.043967
            ],
            [
              12.579579,
              44.0439384
            ],
            [
              12.5797049,
              44.0440427
            ],
            [
              12.5794827,
              44.0441814
            ]
          ]
        ]
      }
    },
    {
      "type": "Feature",
      "properties": {
        "id": 1164905530,
        "name": "",
        "access": "",
        "fee": "",
        "capacity": "",
        "parking": ""
      },
      "geometry": {
        "type": "Polygon",
        "coordinates": [
          [
            [
              12.579184,
              44.0445757
            ],
            [
              12.5790686,
              44.0444756
            ],
            [
              12.5788146,
              44.0446269
            ],
            [
              12.57893,
              44.044727
            ],
            [
              12.579184,
              44.0445757
            ]
          ]
        ]
      }
    },
    {
      "type": "Feature",
      "properties": {
        "id": 1167084471,
        "name": "",
        "access": "yes",
        "fee": "no",
        "capacity": "",
        "parking": ""
      },
      "geometry": {
        "type": "Polygon",
        "coordinates": [
          [
            [
              12.4497504,
              44.0198015
            ],
            [
              12.4498108,
              44.0197583
            ],
            [
              12.4497694,
              44.0197284
            ],
            [
              12.4498753,
              44.0196525
            ],
            [
              12.4499114,
              44.0196786
            ],
            [
              12.4500624,
              44.0195703
            ],
            [
              12.450033,
              44.0195491
            ],
            [
              12.450072,
              44.0195211
            ],
            [
              12.4498806,
              44.0193831
            ],
            [
              12.4496749,
              44.0195307
            ],
            [
              12.4497033,
              44.0195512
            ],
            [
              12.4496258,
              44.0196067
            ],
            [
              12.4495978,
              44.0195865
            ],
            [
              12.4495249,
              44.0196388
            ],
            [
              12.4497504,
              44.0198015
            ]
          ]
        ]
      }
    },
    {
      "type": "Feature",
      "properties": {
        "id": 1167084472,
        "name": "",
        "access": "yes",
        "fee": "no",
        "capacity": "",
        "parking": ""
      },
      "geometry": {
        "type": "Polygon",
        "coordinates": [
          [
            [
              12.4497779,
              44.0190766
            ],
            [
              12.4497368,
              44.0190465
            ],
            [
              12.4497796,
              44.0190164
            ],
            [
              12.4496798,
              44.0189434
            ],
            [
              12.4498385,
              44.0188312
            ],
            [
              12.4498702,
              44.0188544
            ],
            [
              12.4498495,
              44.018869
            ],
            [
              12.4499586,
              44.0189489
            ],
            [
              12.4497779,
              44.0190766
            ]
          ]
        ]
      }
    },
    {
      "type": "Feature",
      "properties": {
        "id": 1169604369,
        "name": "",
        "access": "",
        "fee": "",
        "capacity": "",
        "parking": ""
      },
      "geometry": {
        "type": "Polygon",
        "coordinates": [
          [
            [
              12.5264909,
              44.095183
            ],
            [
              12.5263782,
              44.095103
            ],
            [
              12.5263376,
              44.0951325
            ],
            [
              12.5264503,
              44.0952125
            ],
            [
              12.5264909,
              44.095183
            ]
          ]
        ]
      }
    },
    {
      "type": "Feature",
      "properties": {
        "id": 1169604370,
        "name": "",
        "access": "",
        "fee": "",
        "capacity": "",
        "parking": ""
      },
      "geometry": {
        "type": "Polygon",
        "coordinates": [
          [
            [
              12.5261845,
              44.0953831
            ],
            [
              12.5260715,
              44.0953031
            ],
            [
              12.5260223,
              44.0953389
            ],
            [
              12.5261354,
              44.0954189
            ],
            [
              12.5261845,
              44.0953831
            ]
          ]
        ]
      }
    },
    {
      "type": "Feature",
      "properties": {
        "id": 1176870581,
        "name": "",
        "access": "",
        "fee": "",
        "capacity": "",
        "parking": ""
      },
      "geometry": {
        "type": "Polygon",
        "coordinates": [
          [
            [
              12.533409,
              44.0567336
            ],
            [
              12.5334059,
              44.0565786
            ],
            [
              12.5336077,
              44.0565731
            ],
            [
              12.5338095,
              44.0565354
            ],
            [
              12.5339081,
              44.0565465
            ],
            [
              12.5340237,
              44.0566019
            ],
            [
              12.5339913,
              44.0566163
            ],
            [
              12.5339775,
              44.056655
            ],
            [
              12.5339913,
              44.0566816
            ],
            [
              12.5339802,
              44.0567051
            ],
            [
              12.5339651,
              44.0567369
            ],
            [
              12.5338604,
              44.056727
            ],
            [
              12.533409,
              44.0567336
            ]
          ]
        ]
      }
    },
    {
      "type": "Feature",
      "properties": {
        "id": 1176939233,
        "name": "Casti",
        "access": "yes",
        "fee": "no",
        "capacity": "",
        "parking": "surface"
      },
      "geometry": {
        "type": "Polygon",
        "coordinates": [
          [
            [
              12.5742519,
              44.0462309
            ],
            [
              12.5738414,
              44.0465649
            ],
            [
              12.5735166,
              44.046359
            ],
            [
              12.5737337,
              44.0461919
            ],
            [
              12.5738457,
              44.046263
            ],
            [
              12.574046,
              44.0461001
            ],
            [
              12.5742519,
              44.0462309
            ]
          ]
        ]
      }
    },
    {
      "type": "Feature",
      "properties": {
        "id": 1177174151,
        "name": "",
        "access": "yes",
        "fee": "no",
        "capacity": "",
        "parking": "surface"
      },
      "geometry": {
        "type": "Polygon",
        "coordinates": [
          [
            [
              12.5233761,
              44.0545434
            ],
            [
              12.5233942,
              44.0546445
            ],
            [
              12.5234406,
              44.054762
            ],
            [
              12.5234936,
              44.0548147
            ],
            [
              12.5235149,
              44.0548542
            ],
            [
              12.5236295,
              44.0549033
            ],
            [
              12.5244905,
              44.0551645
            ],
            [
              12.5245005,
              44.0551452
            ],
            [
              12.5245486,
              44.0551559
            ],
            [
              12.5245817,
              44.0551426
            ],
            [
              12.5246216,
              44.0551073
            ],
            [
              12.5247073,
              44.0549391
            ],
            [
              12.5247172,
              44.0549216
            ],
            [
              12.5246197,
              44.054893
            ],
            [
              12.5233761,
              44.0545434
            ]
          ]
        ]
      }
    },
    {
      "type": "Feature",
      "properties": {
        "id": 1177174152,
        "name": "",
        "access": "",
        "fee": "",
        "capacity": "",
        "parking": ""
      },
      "geometry": {
        "type": "Polygon",
        "coordinates": [
          [
            [
              12.5241429,
              44.053746
            ],
            [
              12.5241946,
              44.0536228
            ],
            [
              12.5252758,
              44.0538542
            ],
            [
              12.5252192,
              44.0539852
            ],
            [
              12.5241429,
              44.053746
            ]
          ]
        ]
      }
    },
    {
      "type": "Feature",
      "properties": {
        "id": 1178723564,
        "name": "",
        "access": "customers",
        "fee": "no",
        "capacity": "",
        "parking": "surface"
      },
      "geometry": {
        "type": "Polygon",
        "coordinates": [
          [
            [
              12.5409684,
              44.0545701
            ],
            [
              12.5408982,
              44.0546163
            ],
            [
              12.5402725,
              44.0541611
            ],
            [
              12.5403487,
              44.0541188
            ],
            [
              12.5409684,
              44.0545701
            ]
          ]
        ]
      }
    },
    {
      "type": "Feature",
      "properties": {
        "id": 1178723565,
        "name": "",
        "access": "customers",
        "fee": "no",
        "capacity": "",
        "parking": "surface"
      },
      "geometry": {
        "type": "Polygon",
        "coordinates": [
          [
            [
              12.5402164,
              44.0541348
            ],
            [
              12.5406662,
              44.0538129
            ],
            [
              12.5409974,
              44.0538196
            ],
            [
              12.5409992,
              44.0537888
            ],
            [
              12.5398046,
              44.053766
            ],
            [
              12.5398027,
              44.0538088
            ],
            [
              12.5398887,
              44.0538442
            ],
            [
              12.5399797,
              44.0538816
            ],
            [
              12.5399204,
              44.0539161
            ],
            [
              12.5402164,
              44.0541348
            ]
          ]
        ]
      }
    },
    {
      "type": "Feature",
      "properties": {
        "id": 1184137078,
        "name": "",
        "access": "",
        "fee": "",
        "capacity": "",
        "parking": "street_side"
      },
      "geometry": {
        "type": "Polygon",
        "coordinates": [
          [
            [
              12.5942601,
              44.0391396
            ],
            [
              12.5939809,
              44.0389236
            ],
            [
              12.5941248,
              44.038828
            ],
            [
              12.5941768,
              44.0387927
            ],
            [
              12.5942141,
              44.0388211
            ],
            [
              12.5944198,
              44.0389808
            ],
            [
              12.594476,
              44.0389433
            ],
            [
              12.5945121,
              44.0389712
            ],
            [
              12.5942601,
              44.0391396
            ]
          ]
        ]
      }
    },
    {
      "type": "Feature",
      "properties": {
        "id": 1184137079,
        "name": "",
        "access": "",
        "fee": "",
        "capacity": "",
        "parking": "street_side"
      },
      "geometry": {
        "type": "Polygon",
        "coordinates": [
          [
            [
              12.5934213,
              44.0386061
            ],
            [
              12.59338,
              44.0385732
            ],
            [
              12.5933846,
              44.0385057
            ],
            [
              12.5933441,
              44.0384734
            ],
            [
              12.5935695,
              44.038327
            ],
            [
              12.5935984,
              44.03835
            ],
            [
              12.5934988,
              44.0384146
            ],
            [
              12.5935966,
              44.0384924
            ],
            [
              12.5934213,
              44.0386061
            ]
          ]
        ]
      }
    },
    {
      "type": "Feature",
      "properties": {
        "id": 1188876928,
        "name": "",
        "access": "yes",
        "fee": "no",
        "capacity": "",
        "parking": "surface"
      },
      "geometry": {
        "type": "Polygon",
        "coordinates": [
          [
            [
              12.5942618,
              44.0424939
            ],
            [
              12.5945597,
              44.0422945
            ],
            [
              12.5947378,
              44.0424321
            ],
            [
              12.5945162,
              44.0425803
            ],
            [
              12.5944705,
              44.0426108
            ],
            [
              12.5944183,
              44.0425705
            ],
            [
              12.5943876,
              44.042591
            ],
            [
              12.5942618,
              44.0424939
            ]
          ]
        ]
      }
    },
    {
      "type": "Feature",
      "properties": {
        "id": 1188970716,
        "name": "",
        "access": "private",
        "fee": "",
        "capacity": "",
        "parking": "surface"
      },
      "geometry": {
        "type": "Polygon",
        "coordinates": [
          [
            [
              12.5890765,
              44.0563905
            ],
            [
              12.5882935,
              44.0570272
            ],
            [
              12.5886865,
              44.0572944
            ],
            [
              12.5888146,
              44.0572551
            ],
            [
              12.5888049,
              44.0570414
            ],
            [
              12.5894087,
              44.0566238
            ],
            [
              12.5892402,
              44.0565054
            ],
            [
              12.5890765,
              44.0563905
            ]
          ]
        ]
      }
    },
    {
      "type": "Feature",
      "properties": {
        "id": 1189399977,
        "name": "",
        "access": "",
        "fee": "",
        "capacity": "",
        "parking": ""
      },
      "geometry": {
        "type": "Polygon",
        "coordinates": [
          [
            [
              12.5348794,
              44.0743909
            ],
            [
              12.5349214,
              44.0744062
            ],
            [
              12.5349747,
              44.0744167
            ],
            [
              12.5351017,
              44.0744342
            ],
            [
              12.5351678,
              44.0744388
            ],
            [
              12.5354058,
              44.0744521
            ],
            [
              12.535416,
              44.07431
            ],
            [
              12.5351979,
              44.0741478
            ],
            [
              12.5348794,
              44.0743909
            ]
          ]
        ]
      }
    },
    {
      "type": "Feature",
      "properties": {
        "id": 1189696503,
        "name": "",
        "access": "yes",
        "fee": "no",
        "capacity": "",
        "parking": "surface"
      },
      "geometry": {
        "type": "Polygon",
        "coordinates": [
          [
            [
              12.5758175,
              44.0426582
            ],
            [
              12.5758085,
              44.0425591
            ],
            [
              12.5757993,
              44.0424577
            ],
            [
              12.5761272,
              44.0424423
            ],
            [
              12.5761453,
              44.0426428
            ],
            [
              12.5761328,
              44.0426434
            ],
            [
              12.5758175,
              44.0426582
            ]
          ]
        ]
      }
    },
    {
      "type": "Feature",
      "properties": {
        "id": 1191778142,
        "name": "",
        "access": "yes",
        "fee": "no",
        "capacity": "28",
        "parking": "surface"
      },
      "geometry": {
        "type": "Polygon",
        "coordinates": [
          [
            [
              12.5464434,
              44.0538033
            ],
            [
              12.5466209,
              44.053871
            ],
            [
              12.5468506,
              44.0535598
            ],
            [
              12.5466731,
              44.0534921
            ],
            [
              12.5464434,
              44.0538033
            ]
          ]
        ]
      }
    },
    {
      "type": "Feature",
      "properties": {
        "id": 1191778152,
        "name": "",
        "access": "yes",
        "fee": "no",
        "capacity": "",
        "parking": "surface"
      },
      "geometry": {
        "type": "Polygon",
        "coordinates": [
          [
            [
              12.549271,
              44.0541198
            ],
            [
              12.5493587,
              44.0539439
            ],
            [
              12.5497712,
              44.0541806
            ],
            [
              12.5497249,
              44.0542356
            ],
            [
              12.549271,
              44.0541198
            ]
          ]
        ]
      }
    },
    {
      "type": "Feature",
      "properties": {
        "id": 1192396847,
        "name": "",
        "access": "customers",
        "fee": "no",
        "capacity": "",
        "parking": "surface"
      },
      "geometry": {
        "type": "Polygon",
        "coordinates": [
          [
            [
              12.5877016,
              44.0419943
            ],
            [
              12.5873664,
              44.0417428
            ],
            [
              12.5872991,
              44.0417797
            ],
            [
              12.5870443,
              44.0416054
            ],
            [
              12.5870266,
              44.0413892
            ],
            [
              12.5882636,
              44.0413089
            ],
            [
              12.5886069,
              44.0416029
            ],
            [
              12.5886777,
              44.0416639
            ],
            [
              12.5889626,
              44.0417886
            ],
            [
              12.5891218,
              44.0418407
            ],
            [
              12.5893377,
              44.0418993
            ],
            [
              12.5893413,
              44.0419667
            ],
            [
              12.5894227,
              44.0422071
            ],
            [
              12.5893244,
              44.0422621
            ],
            [
              12.5890386,
              44.0419476
            ],
            [
              12.5886175,
              44.0417072
            ],
            [
              12.5884352,
              44.0417123
            ],
            [
              12.5879574,
              44.0420163
            ],
            [
              12.5882229,
              44.0422211
            ],
            [
              12.5881149,
              44.0422821
            ],
            [
              12.5877016,
              44.0419943
            ]
          ]
        ]
      }
    },
    {
      "type": "Feature",
      "properties": {
        "id": 1192910858,
        "name": "",
        "access": "",
        "fee": "",
        "capacity": "",
        "parking": ""
      },
      "geometry": {
        "type": "Polygon",
        "coordinates": [
          [
            [
              12.5321787,
              44.0517145
            ],
            [
              12.5322822,
              44.0515783
            ],
            [
              12.5329112,
              44.0518252
            ],
            [
              12.5328078,
              44.0519613
            ],
            [
              12.5321787,
              44.0517145
            ]
          ]
        ]
      }
    },
    {
      "type": "Feature",
      "properties": {
        "id": 1192910861,
        "name": "",
        "access": "",
        "fee": "",
        "capacity": "",
        "parking": "street_side"
      },
      "geometry": {
        "type": "Polygon",
        "coordinates": [
          [
            [
              12.5394927,
              44.0544565
            ],
            [
              12.5395808,
              44.0544695
            ],
            [
              12.5394639,
              44.0548779
            ],
            [
              12.5393759,
              44.0548649
            ],
            [
              12.5394927,
              44.0544565
            ]
          ]
        ]
      }
    },
    {
      "type": "Feature",
      "properties": {
        "id": 1193533834,
        "name": "",
        "access": "private",
        "fee": "",
        "capacity": "",
        "parking": "surface"
      },
      "geometry": {
        "type": "Polygon",
        "coordinates": [
          [
            [
              12.5765152,
              44.0473622
            ],
            [
              12.5764658,
              44.0471738
            ],
            [
              12.5765875,
              44.0471573
            ],
            [
              12.5767804,
              44.0471312
            ],
            [
              12.5768772,
              44.0471181
            ],
            [
              12.5769266,
              44.0473065
            ],
            [
              12.5765152,
              44.0473622
            ]
          ]
        ]
      }
    },
    {
      "type": "Feature",
      "properties": {
        "id": 1193691365,
        "name": "",
        "access": "",
        "fee": "",
        "capacity": "",
        "parking": ""
      },
      "geometry": {
        "type": "Polygon",
        "coordinates": [
          [
            [
              12.581629,
              44.0470248
            ],
            [
              12.5815387,
              44.0469531
            ],
            [
              12.5817525,
              44.0468209
            ],
            [
              12.5816561,
              44.0467391
            ],
            [
              12.5817371,
              44.0466886
            ],
            [
              12.5818441,
              44.046776
            ],
            [
              12.5818638,
              44.0468068
            ],
            [
              12.5818714,
              44.0468404
            ],
            [
              12.581861,
              44.0468721
            ],
            [
              12.5818369,
              44.0468973
            ],
            [
              12.581629,
              44.0470248
            ]
          ]
        ]
      }
    },
    {
      "type": "Feature",
      "properties": {
        "id": 1194027229,
        "name": "",
        "access": "yes",
        "fee": "no",
        "capacity": "",
        "parking": "surface"
      },
      "geometry": {
        "type": "Polygon",
        "coordinates": [
          [
            [
              12.5869957,
              44.0516612
            ],
            [
              12.5869923,
              44.0518666
            ],
            [
              12.5869096,
              44.0518651
            ],
            [
              12.5868617,
              44.0518441
            ],
            [
              12.5868111,
              44.0518015
            ],
            [
              12.5869957,
              44.0516612
            ]
          ]
        ]
      }
    },
    {
      "type": "Feature",
      "properties": {
        "id": 1194027231,
        "name": "",
        "access": "",
        "fee": "",
        "capacity": "",
        "parking": ""
      },
      "geometry": {
        "type": "Polygon",
        "coordinates": [
          [
            [
              12.5864641,
              44.0521218
            ],
            [
              12.5866417,
              44.0522404
            ],
            [
              12.586488,
              44.0523593
            ],
            [
              12.5863104,
              44.0522407
            ],
            [
              12.5864641,
              44.0521218
            ]
          ]
        ]
      }
    },
    {
      "type": "Feature",
      "properties": {
        "id": 1194059332,
        "name": "",
        "access": "",
        "fee": "no",
        "capacity": "",
        "parking": "surface"
      },
      "geometry": {
        "type": "Polygon",
        "coordinates": [
          [
            [
              12.5738681,
              44.044108
            ],
            [
              12.5740018,
              44.0440035
            ],
            [
              12.5743807,
              44.0442548
            ],
            [
              12.5743556,
              44.0442735
            ],
            [
              12.5742652,
              44.0443445
            ],
            [
              12.5742462,
              44.0443584
            ],
            [
              12.5738681,
              44.044108
            ]
          ]
        ]
      }
    },
    {
      "type": "Feature",
      "properties": {
        "id": 1194059333,
        "name": "",
        "access": "",
        "fee": "no",
        "capacity": "",
        "parking": "surface"
      },
      "geometry": {
        "type": "Polygon",
        "coordinates": [
          [
            [
              12.5756257,
              44.0451521
            ],
            [
              12.5756064,
              44.0451087
            ],
            [
              12.5755806,
              44.0450737
            ],
            [
              12.5755231,
              44.0450277
            ],
            [
              12.5754291,
              44.0449643
            ],
            [
              12.5752409,
              44.0451113
            ],
            [
              12.5753382,
              44.0451789
            ],
            [
              12.5756257,
              44.0451521
            ]
          ]
        ]
      }
    },
    {
      "type": "Feature",
      "properties": {
        "id": 1194285671,
        "name": "Parcheggio Belaburdela",
        "access": "customers",
        "fee": "",
        "capacity": "",
        "parking": "surface"
      },
      "geometry": {
        "type": "Polygon",
        "coordinates": [
          [
            [
              12.506293,
              44.1100415
            ],
            [
              12.5071425,
              44.110583
            ],
            [
              12.5075613,
              44.1102441
            ],
            [
              12.5069002,
              44.109824
            ],
            [
              12.5066254,
              44.1100423
            ],
            [
              12.5064476,
              44.1099231
            ],
            [
              12.5063846,
              44.1099714
            ],
            [
              12.5063414,
              44.1100044
            ],
            [
              12.506293,
              44.1100415
            ]
          ]
        ]
      }
    },
    {
      "type": "Feature",
      "properties": {
        "id": 1195025745,
        "name": "",
        "access": "customers",
        "fee": "no",
        "capacity": "",
        "parking": "surface"
      },
      "geometry": {
        "type": "Polygon",
        "coordinates": [
          [
            [
              12.5257461,
              44.0826524
            ],
            [
              12.5256825,
              44.0826711
            ],
            [
              12.5255482,
              44.0828017
            ],
            [
              12.5254061,
              44.0827308
            ],
            [
              12.5253709,
              44.0827667
            ],
            [
              12.5253443,
              44.0827531
            ],
            [
              12.5249812,
              44.0825673
            ],
            [
              12.5250049,
              44.0825514
            ],
            [
              12.5251882,
              44.0824282
            ],
            [
              12.5253742,
              44.0825702
            ],
            [
              12.5254393,
              44.0825044
            ],
            [
              12.5257461,
              44.0826524
            ]
          ]
        ]
      }
    },
    {
      "type": "Feature",
      "properties": {
        "id": 1195025751,
        "name": "",
        "access": "yes",
        "fee": "no",
        "capacity": "",
        "parking": "surface"
      },
      "geometry": {
        "type": "Polygon",
        "coordinates": [
          [
            [
              12.5262232,
              44.0829459
            ],
            [
              12.5262918,
              44.0828939
            ],
            [
              12.5263555,
              44.0828274
            ],
            [
              12.5264039,
              44.0827837
            ],
            [
              12.5265037,
              44.0828303
            ],
            [
              12.5265831,
              44.0828527
            ],
            [
              12.5265177,
              44.0829656
            ],
            [
              12.5264758,
              44.0830423
            ],
            [
              12.526398,
              44.0830253
            ],
            [
              12.5264125,
              44.0829999
            ],
            [
              12.5262714,
              44.0829671
            ],
            [
              12.5262433,
              44.0829548
            ],
            [
              12.5262232,
              44.0829459
            ]
          ]
        ]
      }
    },
    {
      "type": "Feature",
      "properties": {
        "id": 1195117691,
        "name": "",
        "access": "yes",
        "fee": "no",
        "capacity": "",
        "parking": "surface"
      },
      "geometry": {
        "type": "Polygon",
        "coordinates": [
          [
            [
              12.5565865,
              44.0536015
            ],
            [
              12.5564489,
              44.0535022
            ],
            [
              12.5563689,
              44.0534116
            ],
            [
              12.5561196,
              44.0535983
            ],
            [
              12.5561626,
              44.0536182
            ],
            [
              12.5564227,
              44.0537384
            ],
            [
              12.5565865,
              44.0536015
            ]
          ]
        ]
      }
    },
    {
      "type": "Feature",
      "properties": {
        "id": 1195121451,
        "name": "",
        "access": "",
        "fee": "",
        "capacity": "",
        "parking": "street_side"
      },
      "geometry": {
        "type": "Polygon",
        "coordinates": [
          [
            [
              12.5311872,
              44.084397
            ],
            [
              12.5312312,
              44.0843653
            ],
            [
              12.5319966,
              44.0849141
            ],
            [
              12.5319527,
              44.0849456
            ],
            [
              12.5311872,
              44.084397
            ]
          ]
        ]
      }
    },
    {
      "type": "Feature",
      "properties": {
        "id": 1195121452,
        "name": "",
        "access": "",
        "fee": "",
        "capacity": "",
        "parking": "street_side"
      },
      "geometry": {
        "type": "Polygon",
        "coordinates": [
          [
            [
              12.5316162,
              44.0845703
            ],
            [
              12.531651,
              44.0845457
            ],
            [
              12.5319682,
              44.0847765
            ],
            [
              12.5319335,
              44.0848011
            ],
            [
              12.5316162,
              44.0845703
            ]
          ]
        ]
      }
    },
    {
      "type": "Feature",
      "properties": {
        "id": 1195121453,
        "name": "",
        "access": "",
        "fee": "",
        "capacity": "",
        "parking": "street_side"
      },
      "geometry": {
        "type": "Polygon",
        "coordinates": [
          [
            [
              12.5320607,
              44.0848098
            ],
            [
              12.532026,
              44.0847851
            ],
            [
              12.532287,
              44.0845967
            ],
            [
              12.5323216,
              44.0846214
            ],
            [
              12.5320607,
              44.0848098
            ]
          ]
        ]
      }
    },
    {
      "type": "Feature",
      "properties": {
        "id": 1195225300,
        "name": "",
        "access": "customers",
        "fee": "no",
        "capacity": "",
        "parking": "surface"
      },
      "geometry": {
        "type": "Polygon",
        "coordinates": [
          [
            [
              12.5552334,
              44.0589625
            ],
            [
              12.5553365,
              44.0591937
            ],
            [
              12.5555649,
              44.0591411
            ],
            [
              12.5554618,
              44.0589099
            ],
            [
              12.5553427,
              44.0589373
            ],
            [
              12.5552334,
              44.0589625
            ]
          ]
        ]
      }
    },
    {
      "type": "Feature",
      "properties": {
        "id": 1197055983,
        "name": "",
        "access": "",
        "fee": "",
        "capacity": "",
        "parking": "street_side"
      },
      "geometry": {
        "type": "Polygon",
        "coordinates": [
          [
            [
              12.5529783,
              44.0539757
            ],
            [
              12.552554,
              44.0538237
            ],
            [
              12.5525845,
              44.0537797
            ],
            [
              12.5530088,
              44.0539317
            ],
            [
              12.5529783,
              44.0539757
            ]
          ]
        ]
      }
    },
    {
      "type": "Feature",
      "properties": {
        "id": 1197157110,
        "name": "",
        "access": "customers",
        "fee": "",
        "capacity": "",
        "parking": "surface"
      },
      "geometry": {
        "type": "Polygon",
        "coordinates": [
          [
            [
              12.5043898,
              44.1104627
            ],
            [
              12.5041751,
              44.1106098
            ],
            [
              12.503807,
              44.1102917
            ],
            [
              12.5039542,
              44.1102091
            ],
            [
              12.5039848,
              44.110192
            ],
            [
              12.5043898,
              44.1104627
            ]
          ]
        ]
      }
    },
    {
      "type": "Feature",
      "properties": {
        "id": 1197678755,
        "name": "",
        "access": "",
        "fee": "",
        "capacity": "",
        "parking": "street_side"
      },
      "geometry": {
        "type": "Polygon",
        "coordinates": [
          [
            [
              12.5612886,
              44.0446274
            ],
            [
              12.5612543,
              44.0446506
            ],
            [
              12.560939,
              44.0444094
            ],
            [
              12.5609733,
              44.0443863
            ],
            [
              12.5612886,
              44.0446274
            ]
          ]
        ]
      }
    },
    {
      "type": "Feature",
      "properties": {
        "id": 1197678756,
        "name": "",
        "access": "",
        "fee": "",
        "capacity": "",
        "parking": "street_side"
      },
      "geometry": {
        "type": "Polygon",
        "coordinates": [
          [
            [
              12.5623544,
              44.0438775
            ],
            [
              12.5623946,
              44.0439066
            ],
            [
              12.5613383,
              44.0446574
            ],
            [
              12.5612984,
              44.0446284
            ],
            [
              12.5623544,
              44.0438775
            ]
          ]
        ]
      }
    },
    {
      "type": "Feature",
      "properties": {
        "id": 1199768146,
        "name": "",
        "access": "",
        "fee": "",
        "capacity": "",
        "parking": ""
      },
      "geometry": {
        "type": "Polygon",
        "coordinates": [
          [
            [
              12.4870991,
              44.0673051
            ],
            [
              12.487122,
              44.0671785
            ],
            [
              12.4875335,
              44.0672093
            ],
            [
              12.4874352,
              44.06733
            ],
            [
              12.4870991,
              44.0673051
            ]
          ]
        ]
      }
    },
    {
      "type": "Feature",
      "properties": {
        "id": 1199999639,
        "name": "",
        "access": "customers",
        "fee": "no",
        "capacity": "",
        "parking": "surface"
      },
      "geometry": {
        "type": "Polygon",
        "coordinates": [
          [
            [
              12.5881895,
              44.0431644
            ],
            [
              12.588418,
              44.0433469
            ],
            [
              12.5885286,
              44.0433642
            ],
            [
              12.588755,
              44.0432221
            ],
            [
              12.588471,
              44.042988
            ],
            [
              12.5881895,
              44.0431644
            ]
          ]
        ]
      }
    },
    {
      "type": "Feature",
      "properties": {
        "id": 1200827494,
        "name": "",
        "access": "customers",
        "fee": "no",
        "capacity": "",
        "parking": "surface"
      },
      "geometry": {
        "type": "Polygon",
        "coordinates": [
          [
            [
              12.4698426,
              44.087877
            ],
            [
              12.4697576,
              44.0881604
            ],
            [
              12.4693692,
              44.0880666
            ],
            [
              12.4693237,
              44.0880318
            ],
            [
              12.4692963,
              44.087986
            ],
            [
              12.4693646,
              44.0877778
            ],
            [
              12.4698426,
              44.087877
            ]
          ]
        ]
      }
    },
    {
      "type": "Feature",
      "properties": {
        "id": 1202576986,
        "name": "",
        "access": "yes",
        "fee": "no",
        "capacity": "",
        "parking": "surface"
      },
      "geometry": {
        "type": "Polygon",
        "coordinates": [
          [
            [
              12.6006368,
              44.0366493
            ],
            [
              12.6007929,
              44.0365514
            ],
            [
              12.6000138,
              44.0359488
            ],
            [
              12.5998674,
              44.036054
            ],
            [
              12.5998916,
              44.0360728
            ],
            [
              12.5999649,
              44.0361294
            ],
            [
              12.6006368,
              44.0366493
            ]
          ]
        ]
      }
    },
    {
      "type": "Feature",
      "properties": {
        "id": 1202576987,
        "name": "",
        "access": "private",
        "fee": "no",
        "capacity": "",
        "parking": "surface"
      },
      "geometry": {
        "type": "Polygon",
        "coordinates": [
          [
            [
              12.5998674,
              44.036054
            ],
            [
              12.5998345,
              44.0360275
            ],
            [
              12.5992772,
              44.0363933
            ],
            [
              12.5994103,
              44.0365005
            ],
            [
              12.5999649,
              44.0361294
            ],
            [
              12.5998674,
              44.036054
            ]
          ]
        ]
      }
    },
    {
      "type": "Feature",
      "properties": {
        "id": 1202576988,
        "name": "",
        "access": "",
        "fee": "",
        "capacity": "",
        "parking": ""
      },
      "geometry": {
        "type": "Polygon",
        "coordinates": [
          [
            [
              12.6014042,
              44.0369945
            ],
            [
              12.6012788,
              44.0371114
            ],
            [
              12.6010046,
              44.0369594
            ],
            [
              12.60113,
              44.0368425
            ],
            [
              12.6014042,
              44.0369945
            ]
          ]
        ]
      }
    },
    {
      "type": "Feature",
      "properties": {
        "id": 1202576989,
        "name": "",
        "access": "private",
        "fee": "",
        "capacity": "",
        "parking": ""
      },
      "geometry": {
        "type": "Polygon",
        "coordinates": [
          [
            [
              12.6016726,
              44.0375682
            ],
            [
              12.6017456,
              44.0376096
            ],
            [
              12.6018416,
              44.0376641
            ],
            [
              12.6016702,
              44.0378201
            ],
            [
              12.6015705,
              44.0377635
            ],
            [
              12.6015012,
              44.0377242
            ],
            [
              12.6016726,
              44.0375682
            ]
          ]
        ]
      }
    },
    {
      "type": "Feature",
      "properties": {
        "id": 1202576990,
        "name": "",
        "access": "private",
        "fee": "no",
        "capacity": "",
        "parking": "surface"
      },
      "geometry": {
        "type": "Polygon",
        "coordinates": [
          [
            [
              12.5994585,
              44.0371998
            ],
            [
              12.5996515,
              44.0373095
            ],
            [
              12.5995328,
              44.0374174
            ],
            [
              12.5993737,
              44.0373269
            ],
            [
              12.5993595,
              44.0373044
            ],
            [
              12.5993684,
              44.0372817
            ],
            [
              12.5994286,
              44.037227
            ],
            [
              12.5994585,
              44.0371998
            ]
          ]
        ]
      }
    },
    {
      "type": "Feature",
      "properties": {
        "id": 1202576992,
        "name": "",
        "access": "private",
        "fee": "no",
        "capacity": "",
        "parking": "surface"
      },
      "geometry": {
        "type": "Polygon",
        "coordinates": [
          [
            [
              12.6014619,
              44.0380046
            ],
            [
              12.6012917,
              44.0379087
            ],
            [
              12.6010071,
              44.0381696
            ],
            [
              12.6010825,
              44.0382121
            ],
            [
              12.6011773,
              44.0382656
            ],
            [
              12.6014619,
              44.0380046
            ]
          ]
        ]
      }
    },
    {
      "type": "Feature",
      "properties": {
        "id": 1202576993,
        "name": "",
        "access": "yes",
        "fee": "no",
        "capacity": "",
        "parking": "surface"
      },
      "geometry": {
        "type": "Polygon",
        "coordinates": [
          [
            [
              12.6011773,
              44.0382656
            ],
            [
              12.6010501,
              44.038383
            ],
            [
              12.6005413,
              44.0380949
            ],
            [
              12.6006689,
              44.0379786
            ],
            [
              12.6010071,
              44.0381696
            ],
            [
              12.6010825,
              44.0382121
            ],
            [
              12.6011773,
              44.0382656
            ]
          ]
        ]
      }
    },
    {
      "type": "Feature",
      "properties": {
        "id": 1202576994,
        "name": "",
        "access": "yes",
        "fee": "no",
        "capacity": "",
        "parking": "surface"
      },
      "geometry": {
        "type": "Polygon",
        "coordinates": [
          [
            [
              12.5996955,
              44.0375209
            ],
            [
              12.5998312,
              44.0376009
            ],
            [
              12.5999075,
              44.0375339
            ],
            [
              12.5997718,
              44.037454
            ],
            [
              12.5996955,
              44.0375209
            ]
          ]
        ]
      }
    },
    {
      "type": "Feature",
      "properties": {
        "id": 1202576995,
        "name": "",
        "access": "private",
        "fee": "no",
        "capacity": "",
        "parking": "surface"
      },
      "geometry": {
        "type": "Polygon",
        "coordinates": [
          [
            [
              12.6002369,
              44.0378319
            ],
            [
              12.6003098,
              44.0378728
            ],
            [
              12.6003952,
              44.0379207
            ],
            [
              12.600522,
              44.0378038
            ],
            [
              12.6003637,
              44.037715
            ],
            [
              12.6002369,
              44.0378319
            ]
          ]
        ]
      }
    },
    {
      "type": "Feature",
      "properties": {
        "id": 1202576996,
        "name": "",
        "access": "yes",
        "fee": "no",
        "capacity": "",
        "parking": "surface"
      },
      "geometry": {
        "type": "Polygon",
        "coordinates": [
          [
            [
              12.5999673,
              44.0376789
            ],
            [
              12.6001036,
              44.0377562
            ],
            [
              12.6001792,
              44.0376872
            ],
            [
              12.6000429,
              44.03761
            ],
            [
              12.5999673,
              44.0376789
            ]
          ]
        ]
      }
    },
    {
      "type": "Feature",
      "properties": {
        "id": 1203629482,
        "name": "",
        "access": "",
        "fee": "no",
        "capacity": "",
        "parking": "surface"
      },
      "geometry": {
        "type": "Polygon",
        "coordinates": [
          [
            [
              12.555325,
              44.0386589
            ],
            [
              12.5554807,
              44.0386176
            ],
            [
              12.5553519,
              44.0383671
            ],
            [
              12.5551963,
              44.0384085
            ],
            [
              12.555325,
              44.0386589
            ]
          ]
        ]
      }
    },
    {
      "type": "Feature",
      "properties": {
        "id": 1206002609,
        "name": "",
        "access": "yes",
        "fee": "",
        "capacity": "",
        "parking": "surface"
      },
      "geometry": {
        "type": "Polygon",
        "coordinates": [
          [
            [
              12.4839861,
              44.0053387
            ],
            [
              12.4840682,
              44.0052361
            ],
            [
              12.484698,
              44.0053147
            ],
            [
              12.4846754,
              44.0054133
            ],
            [
              12.4839861,
              44.0053387
            ]
          ]
        ]
      }
    },
    {
      "type": "Feature",
      "properties": {
        "id": 1206061029,
        "name": "",
        "access": "yes",
        "fee": "",
        "capacity": "",
        "parking": "surface"
      },
      "geometry": {
        "type": "Polygon",
        "coordinates": [
          [
            [
              12.5609226,
              44.0511004
            ],
            [
              12.5611072,
              44.0509888
            ],
            [
              12.5609291,
              44.0508366
            ],
            [
              12.5607445,
              44.0509482
            ],
            [
              12.5609226,
              44.0511004
            ]
          ]
        ]
      }
    },
    {
      "type": "Feature",
      "properties": {
        "id": 1206061030,
        "name": "",
        "access": "",
        "fee": "",
        "capacity": "",
        "parking": ""
      },
      "geometry": {
        "type": "Polygon",
        "coordinates": [
          [
            [
              12.5607223,
              44.0512612
            ],
            [
              12.5608935,
              44.0514006
            ],
            [
              12.5610863,
              44.0512784
            ],
            [
              12.560963,
              44.051178
            ],
            [
              12.5608317,
              44.0512612
            ],
            [
              12.5607838,
              44.0512222
            ],
            [
              12.5607223,
              44.0512612
            ]
          ]
        ]
      }
    },
    {
      "type": "Feature",
      "properties": {
        "id": 1206849203,
        "name": "",
        "access": "yes",
        "fee": "no",
        "capacity": "",
        "parking": "surface"
      },
      "geometry": {
        "type": "Polygon",
        "coordinates": [
          [
            [
              12.50596,
              44.0802479
            ],
            [
              12.5058555,
              44.0797955
            ],
            [
              12.5056325,
              44.0798249
            ],
            [
              12.5057355,
              44.080218
            ],
            [
              12.505768,
              44.0802393
            ],
            [
              12.5058167,
              44.0802529
            ],
            [
              12.50596,
              44.0802479
            ]
          ]
        ]
      }
    },
    {
      "type": "Feature",
      "properties": {
        "id": 1206849214,
        "name": "",
        "access": "yes",
        "fee": "no",
        "capacity": "",
        "parking": "surface"
      },
      "geometry": {
        "type": "Polygon",
        "coordinates": [
          [
            [
              12.5014623,
              44.0810441
            ],
            [
              12.5013421,
              44.0808985
            ],
            [
              12.5015607,
              44.0808054
            ],
            [
              12.5016006,
              44.0808538
            ],
            [
              12.5018921,
              44.0807296
            ],
            [
              12.5019724,
              44.0808269
            ],
            [
              12.5014623,
              44.0810441
            ]
          ]
        ]
      }
    },
    {
      "type": "Feature",
      "properties": {
        "id": 1207218588,
        "name": "",
        "access": "",
        "fee": "",
        "capacity": "",
        "parking": "street_side"
      },
      "geometry": {
        "type": "Polygon",
        "coordinates": [
          [
            [
              12.5285144,
              44.0843088
            ],
            [
              12.5284474,
              44.0842962
            ],
            [
              12.5287666,
              44.083421
            ],
            [
              12.5288333,
              44.0834336
            ],
            [
              12.5285144,
              44.0843088
            ]
          ]
        ]
      }
    },
    {
      "type": "Feature",
      "properties": {
        "id": 1207227664,
        "name": "",
        "access": "private",
        "fee": "no",
        "capacity": "",
        "parking": "surface"
      },
      "geometry": {
        "type": "Polygon",
        "coordinates": [
          [
            [
              12.5291529,
              44.0819715
            ],
            [
              12.5293016,
              44.0818767
            ],
            [
              12.5288029,
              44.0814733
            ],
            [
              12.5286962,
              44.0815414
            ],
            [
              12.5287339,
              44.0815718
            ],
            [
              12.5286918,
              44.0815987
            ],
            [
              12.5291529,
              44.0819715
            ]
          ]
        ]
      }
    },
    {
      "type": "Feature",
      "properties": {
        "id": 1207227667,
        "name": "",
        "access": "yes",
        "fee": "no",
        "capacity": "",
        "parking": "surface"
      },
      "geometry": {
        "type": "Polygon",
        "coordinates": [
          [
            [
              12.5278544,
              44.0821632
            ],
            [
              12.5279079,
              44.0821288
            ],
            [
              12.5278633,
              44.0820921
            ],
            [
              12.5279556,
              44.0820335
            ],
            [
              12.5281125,
              44.082154
            ],
            [
              12.5281802,
              44.0821121
            ],
            [
              12.5286265,
              44.0824731
            ],
            [
              12.5286453,
              44.0825132
            ],
            [
              12.5285992,
              44.0825194
            ],
            [
              12.5285396,
              44.0825244
            ],
            [
              12.5284897,
              44.082524
            ],
            [
              12.5284322,
              44.0825192
            ],
            [
              12.5283772,
              44.0825086
            ],
            [
              12.5283348,
              44.0824974
            ],
            [
              12.5282893,
              44.0824821
            ],
            [
              12.5282446,
              44.0824612
            ],
            [
              12.5278544,
              44.0821632
            ]
          ]
        ]
      }
    },
    {
      "type": "Feature",
      "properties": {
        "id": 1207227669,
        "name": "",
        "access": "yes",
        "fee": "no",
        "capacity": "",
        "parking": "surface"
      },
      "geometry": {
        "type": "Polygon",
        "coordinates": [
          [
            [
              12.5268056,
              44.0817027
            ],
            [
              12.5264338,
              44.0815217
            ],
            [
              12.5264727,
              44.0814869
            ],
            [
              12.5264651,
              44.0814585
            ],
            [
              12.5264089,
              44.0814173
            ],
            [
              12.5266743,
              44.0812555
            ],
            [
              12.5269944,
              44.0815238
            ],
            [
              12.5269489,
              44.0815507
            ],
            [
              12.5269868,
              44.0815841
            ],
            [
              12.5268056,
              44.0817027
            ]
          ]
        ]
      }
    },
    {
      "type": "Feature",
      "properties": {
        "id": 1207443719,
        "name": "",
        "access": "",
        "fee": "",
        "capacity": "",
        "parking": ""
      },
      "geometry": {
        "type": "Polygon",
        "coordinates": [
          [
            [
              12.6151953,
              44.0263762
            ],
            [
              12.6153749,
              44.026515
            ],
            [
              12.6151837,
              44.0266364
            ],
            [
              12.6150368,
              44.0265238
            ],
            [
              12.6150432,
              44.026473
            ],
            [
              12.6151953,
              44.0263762
            ]
          ]
        ]
      }
    },
    {
      "type": "Feature",
      "properties": {
        "id": 1207443740,
        "name": "",
        "access": "private",
        "fee": "no",
        "capacity": "",
        "parking": "surface"
      },
      "geometry": {
        "type": "Polygon",
        "coordinates": [
          [
            [
              12.617355,
              44.024404
            ],
            [
              12.6176277,
              44.0246259
            ],
            [
              12.6164371,
              44.0253822
            ],
            [
              12.6161643,
              44.0251601
            ],
            [
              12.617355,
              44.024404
            ]
          ]
        ]
      }
    },
    {
      "type": "Feature",
      "properties": {
        "id": 1207443744,
        "name": "",
        "access": "private",
        "fee": "no",
        "capacity": "",
        "parking": "surface"
      },
      "geometry": {
        "type": "Polygon",
        "coordinates": [
          [
            [
              12.6169516,
              44.0246498
            ],
            [
              12.6165713,
              44.0243345
            ],
            [
              12.6173805,
              44.0238264
            ],
            [
              12.6176199,
              44.0240245
            ],
            [
              12.6171948,
              44.0242906
            ],
            [
              12.6173373,
              44.0244083
            ],
            [
              12.6169516,
              44.0246498
            ]
          ]
        ]
      }
    },
    {
      "type": "Feature",
      "properties": {
        "id": 1207443756,
        "name": "",
        "access": "private",
        "fee": "",
        "capacity": "",
        "parking": "surface"
      },
      "geometry": {
        "type": "Polygon",
        "coordinates": [
          [
            [
              12.6178859,
              44.0237355
            ],
            [
              12.617994,
              44.0238269
            ],
            [
              12.6184685,
              44.0235367
            ],
            [
              12.6183605,
              44.0234454
            ],
            [
              12.6178859,
              44.0237355
            ]
          ]
        ]
      }
    },
    {
      "type": "Feature",
      "properties": {
        "id": 1207443760,
        "name": "",
        "access": "private",
        "fee": "",
        "capacity": "",
        "parking": "surface"
      },
      "geometry": {
        "type": "Polygon",
        "coordinates": [
          [
            [
              12.6177332,
              44.0247681
            ],
            [
              12.6180665,
              44.0245534
            ],
            [
              12.6184816,
              44.0248887
            ],
            [
              12.6183984,
              44.0249479
            ],
            [
              12.6182984,
              44.025019
            ],
            [
              12.6181638,
              44.0251138
            ],
            [
              12.6177332,
              44.0247681
            ]
          ]
        ]
      }
    },
    {
      "type": "Feature",
      "properties": {
        "id": 1207443767,
        "name": "",
        "access": "private",
        "fee": "",
        "capacity": "",
        "parking": ""
      },
      "geometry": {
        "type": "Polygon",
        "coordinates": [
          [
            [
              12.6184859,
              44.0248856
            ],
            [
              12.6180709,
              44.0245527
            ],
            [
              12.6186003,
              44.0242212
            ],
            [
              12.6189296,
              44.0244399
            ],
            [
              12.6188302,
              44.0244655
            ],
            [
              12.6187467,
              44.0245141
            ],
            [
              12.6186989,
              44.0245866
            ],
            [
              12.6186964,
              44.0246643
            ],
            [
              12.6186668,
              44.0247051
            ],
            [
              12.6185345,
              44.0248459
            ],
            [
              12.6184859,
              44.0248856
            ]
          ]
        ]
      }
    },
    {
      "type": "Feature",
      "properties": {
        "id": 1208480217,
        "name": "",
        "access": "customers",
        "fee": "no",
        "capacity": "",
        "parking": "surface"
      },
      "geometry": {
        "type": "Polygon",
        "coordinates": [
          [
            [
              12.5247513,
              44.0876307
            ],
            [
              12.5246172,
              44.0878974
            ],
            [
              12.5241827,
              44.0877078
            ],
            [
              12.524307,
              44.0873765
            ],
            [
              12.5246006,
              44.0874517
            ],
            [
              12.5245444,
              44.0875874
            ],
            [
              12.5247513,
              44.0876307
            ]
          ]
        ]
      }
    },
    {
      "type": "Feature",
      "properties": {
        "id": 1212009665,
        "name": "Parcheggio hotel Baltic",
        "access": "customers",
        "fee": "",
        "capacity": "",
        "parking": "surface"
      },
      "geometry": {
        "type": "Polygon",
        "coordinates": [
          [
            [
              12.588318,
              44.0575871
            ],
            [
              12.5879448,
              44.0573526
            ],
            [
              12.5880377,
              44.0572235
            ],
            [
              12.5884848,
              44.0573726
            ],
            [
              12.5885802,
              44.0574088
            ],
            [
              12.5886346,
              44.0574364
            ],
            [
              12.588318,
              44.0575871
            ]
          ]
        ]
      }
    },
    {
      "type": "Feature",
      "properties": {
        "id": 1214343889,
        "name": "",
        "access": "yes",
        "fee": "no",
        "capacity": "",
        "parking": "surface"
      },
      "geometry": {
        "type": "Polygon",
        "coordinates": [
          [
            [
              12.5715788,
              44.0723198
            ],
            [
              12.5716342,
              44.0724338
            ],
            [
              12.5716987,
              44.072461
            ],
            [
              12.5720317,
              44.0723759
            ],
            [
              12.571909,
              44.0721039
            ],
            [
              12.5717781,
              44.0721374
            ],
            [
              12.5718333,
              44.0722514
            ],
            [
              12.5715788,
              44.0723198
            ]
          ]
        ]
      }
    },
    {
      "type": "Feature",
      "properties": {
        "id": 1215260068,
        "name": "",
        "access": "",
        "fee": "yes",
        "capacity": "",
        "parking": ""
      },
      "geometry": {
        "type": "Polygon",
        "coordinates": [
          [
            [
              12.5656094,
              44.0659842
            ],
            [
              12.565482,
              44.0656829
            ],
            [
              12.5657174,
              44.0655239
            ],
            [
              12.5659403,
              44.0658901
            ],
            [
              12.565849,
              44.0659161
            ],
            [
              12.5656094,
              44.0659842
            ]
          ]
        ]
      }
    },
    {
      "type": "Feature",
      "properties": {
        "id": 1217526097,
        "name": "",
        "access": "private",
        "fee": "no",
        "capacity": "",
        "parking": "surface"
      },
      "geometry": {
        "type": "Polygon",
        "coordinates": [
          [
            [
              12.5869721,
              44.0483263
            ],
            [
              12.5870299,
              44.0484988
            ],
            [
              12.586874,
              44.0486214
            ],
            [
              12.5868397,
              44.0485992
            ],
            [
              12.5866851,
              44.048499
            ],
            [
              12.5869721,
              44.0483263
            ]
          ]
        ]
      }
    },
    {
      "type": "Feature",
      "properties": {
        "id": 1217694694,
        "name": "",
        "access": "yes",
        "fee": "no",
        "capacity": "29",
        "parking": "surface"
      },
      "geometry": {
        "type": "Polygon",
        "coordinates": [
          [
            [
              12.5622142,
              44.0466889
            ],
            [
              12.5620875,
              44.0465919
            ],
            [
              12.5621408,
              44.0465559
            ],
            [
              12.5621064,
              44.0465295
            ],
            [
              12.562374,
              44.0463491
            ],
            [
              12.5624082,
              44.0463753
            ],
            [
              12.5624576,
              44.046342
            ],
            [
              12.5625812,
              44.0464367
            ],
            [
              12.5625369,
              44.0464666
            ],
            [
              12.5625771,
              44.0464973
            ],
            [
              12.5624366,
              44.0465921
            ],
            [
              12.5623013,
              44.0466835
            ],
            [
              12.5622643,
              44.0466551
            ],
            [
              12.5622142,
              44.0466889
            ]
          ]
        ]
      }
    },
    {
      "type": "Feature",
      "properties": {
        "id": 1218612241,
        "name": "",
        "access": "private",
        "fee": "",
        "capacity": "",
        "parking": "surface"
      },
      "geometry": {
        "type": "Polygon",
        "coordinates": [
          [
            [
              12.6025937,
              44.0474406
            ],
            [
              12.6030802,
              44.0477412
            ],
            [
              12.6034578,
              44.0473703
            ],
            [
              12.603639,
              44.0474778
            ],
            [
              12.6027566,
              44.0482312
            ],
            [
              12.6023833,
              44.0480072
            ],
            [
              12.6024772,
              44.0479251
            ],
            [
              12.6022966,
              44.0478114
            ],
            [
              12.6021912,
              44.047901
            ],
            [
              12.6020894,
              44.0478373
            ],
            [
              12.6024667,
              44.0475405
            ],
            [
              12.6025937,
              44.0474406
            ]
          ]
        ]
      }
    },
    {
      "type": "Feature",
      "properties": {
        "id": 1218612243,
        "name": "",
        "access": "private",
        "fee": "",
        "capacity": "",
        "parking": "surface"
      },
      "geometry": {
        "type": "Polygon",
        "coordinates": [
          [
            [
              12.6039031,
              44.0462902
            ],
            [
              12.6044238,
              44.046586
            ],
            [
              12.6039898,
              44.046936
            ],
            [
              12.6041612,
              44.04704
            ],
            [
              12.6046965,
              44.0465748
            ],
            [
              12.6040329,
              44.046172
            ],
            [
              12.6039488,
              44.0462486
            ],
            [
              12.6039031,
              44.0462902
            ]
          ]
        ]
      }
    },
    {
      "type": "Feature",
      "properties": {
        "id": 1220223191,
        "name": "",
        "access": "private",
        "fee": "",
        "capacity": "",
        "parking": ""
      },
      "geometry": {
        "type": "Polygon",
        "coordinates": [
          [
            [
              12.5642758,
              44.0652645
            ],
            [
              12.5643821,
              44.0651748
            ],
            [
              12.5645488,
              44.0652558
            ],
            [
              12.5644566,
              44.0653551
            ],
            [
              12.5642758,
              44.0652645
            ]
          ]
        ]
      }
    },
    {
      "type": "Feature",
      "properties": {
        "id": 1223249488,
        "name": "",
        "access": "yes",
        "fee": "no",
        "capacity": "",
        "parking": "surface"
      },
      "geometry": {
        "type": "Polygon",
        "coordinates": [
          [
            [
              12.5620835,
              44.0458216
            ],
            [
              12.5624343,
              44.045588
            ],
            [
              12.5626051,
              44.0457205
            ],
            [
              12.5622543,
              44.0459541
            ],
            [
              12.5620835,
              44.0458216
            ]
          ]
        ]
      }
    },
    {
      "type": "Feature",
      "properties": {
        "id": 1225615182,
        "name": "",
        "access": "",
        "fee": "",
        "capacity": "",
        "parking": ""
      },
      "geometry": {
        "type": "Polygon",
        "coordinates": [
          [
            [
              12.6013894,
              44.0486827
            ],
            [
              12.6013049,
              44.048631
            ],
            [
              12.6014495,
              44.0485089
            ],
            [
              12.6018706,
              44.0487666
            ],
            [
              12.6017733,
              44.0488487
            ],
            [
              12.6014369,
              44.0486427
            ],
            [
              12.6013894,
              44.0486827
            ]
          ]
        ]
      }
    },
    {
      "type": "Feature",
      "properties": {
        "id": 1225638967,
        "name": "",
        "access": "",
        "fee": "",
        "capacity": "",
        "parking": ""
      },
      "geometry": {
        "type": "Polygon",
        "coordinates": [
          [
            [
              12.6048195,
              44.0324939
            ],
            [
              12.6045212,
              44.032271
            ],
            [
              12.604621,
              44.032208
            ],
            [
              12.6046776,
              44.0322553
            ],
            [
              12.6050312,
              44.0320257
            ],
            [
              12.6050573,
              44.032046
            ],
            [
              12.6051152,
              44.0320075
            ],
            [
              12.604742,
              44.0317057
            ],
            [
              12.6047799,
              44.0316801
            ],
            [
              12.6047092,
              44.0316204
            ],
            [
              12.6047982,
              44.0315627
            ],
            [
              12.6055644,
              44.032003
            ],
            [
              12.6055068,
              44.0320588
            ],
            [
              12.6055516,
              44.0320939
            ],
            [
              12.6049844,
              44.0324439
            ],
            [
              12.6049459,
              44.0324101
            ],
            [
              12.6048195,
              44.0324939
            ]
          ]
        ]
      }
    },
    {
      "type": "Feature",
      "properties": {
        "id": 1234556217,
        "name": "",
        "access": "private",
        "fee": "",
        "capacity": "",
        "parking": ""
      },
      "geometry": {
        "type": "Polygon",
        "coordinates": [
          [
            [
              12.5967158,
              44.0368628
            ],
            [
              12.5967396,
              44.0368247
            ],
            [
              12.5966867,
              44.0367981
            ],
            [
              12.5967797,
              44.036677
            ],
            [
              12.5967991,
              44.0366517
            ],
            [
              12.5968586,
              44.0366774
            ],
            [
              12.5968877,
              44.0366469
            ],
            [
              12.5973057,
              44.0368314
            ],
            [
              12.5972488,
              44.0368913
            ],
            [
              12.5972184,
              44.0369512
            ],
            [
              12.597217,
              44.0370016
            ],
            [
              12.5971178,
              44.0370634
            ],
            [
              12.5967488,
              44.0369046
            ],
            [
              12.5967687,
              44.0368799
            ],
            [
              12.5967158,
              44.0368628
            ]
          ]
        ]
      }
    },
    {
      "type": "Feature",
      "properties": {
        "id": 1234556222,
        "name": "",
        "access": "",
        "fee": "",
        "capacity": "",
        "parking": ""
      },
      "geometry": {
        "type": "Polygon",
        "coordinates": [
          [
            [
              12.5962405,
              44.036518
            ],
            [
              12.5964698,
              44.0366195
            ],
            [
              12.5965104,
              44.0365721
            ],
            [
              12.5965247,
              44.0365494
            ],
            [
              12.59653,
              44.0365051
            ],
            [
              12.5965217,
              44.0364835
            ],
            [
              12.5964992,
              44.0364576
            ],
            [
              12.596427,
              44.0364274
            ],
            [
              12.5963587,
              44.0364285
            ],
            [
              12.5963053,
              44.0364501
            ],
            [
              12.5962858,
              44.0364652
            ],
            [
              12.5962405,
              44.036518
            ]
          ]
        ]
      }
    },
    {
      "type": "Feature",
      "properties": {
        "id": 1276007331,
        "name": "",
        "access": "customers",
        "fee": "no",
        "capacity": "",
        "parking": "surface"
      },
      "geometry": {
        "type": "Polygon",
        "coordinates": [
          [
            [
              12.5434471,
              44.0554023
            ],
            [
              12.5438971,
              44.0549208
            ],
            [
              12.5441081,
              44.0550412
            ],
            [
              12.5436403,
              44.055479
            ],
            [
              12.5434471,
              44.0554023
            ]
          ]
        ]
      }
    },
    {
      "type": "Feature",
      "properties": {
        "id": 1278731067,
        "name": "",
        "access": "",
        "fee": "",
        "capacity": "",
        "parking": "street_side"
      },
      "geometry": {
        "type": "Polygon",
        "coordinates": [
          [
            [
              12.6081963,
              44.0414321
            ],
            [
              12.6082185,
              44.0414135
            ],
            [
              12.6088695,
              44.0418168
            ],
            [
              12.6088474,
              44.0418353
            ],
            [
              12.6081963,
              44.0414321
            ]
          ]
        ]
      }
    },
    {
      "type": "Feature",
      "properties": {
        "id": 1280112900,
        "name": "",
        "access": "",
        "fee": "",
        "capacity": "",
        "parking": "street_side"
      },
      "geometry": {
        "type": "Polygon",
        "coordinates": [
          [
            [
              12.5409976,
              44.054673
            ],
            [
              12.5413316,
              44.0544456
            ],
            [
              12.5412916,
              44.0544152
            ],
            [
              12.5409576,
              44.0546426
            ],
            [
              12.5409976,
              44.054673
            ]
          ]
        ]
      }
    },
    {
      "type": "Feature",
      "properties": {
        "id": 1280112905,
        "name": "",
        "access": "",
        "fee": "",
        "capacity": "",
        "parking": ""
      },
      "geometry": {
        "type": "Polygon",
        "coordinates": [
          [
            [
              12.5390785,
              44.0535591
            ],
            [
              12.5393015,
              44.0535863
            ],
            [
              12.5393615,
              44.0533324
            ],
            [
              12.5391384,
              44.0533052
            ],
            [
              12.5390785,
              44.0535591
            ]
          ]
        ]
      }
    },
    {
      "type": "Feature",
      "properties": {
        "id": 1280112907,
        "name": "",
        "access": "",
        "fee": "",
        "capacity": "",
        "parking": ""
      },
      "geometry": {
        "type": "Polygon",
        "coordinates": [
          [
            [
              12.5381614,
              44.0533625
            ],
            [
              12.5381998,
              44.0532369
            ],
            [
              12.5379111,
              44.0531914
            ],
            [
              12.5378727,
              44.0533169
            ],
            [
              12.5381614,
              44.0533625
            ]
          ]
        ]
      }
    },
    {
      "type": "Feature",
      "properties": {
        "id": 1281379840,
        "name": "",
        "access": "",
        "fee": "",
        "capacity": "",
        "parking": ""
      },
      "geometry": {
        "type": "Polygon",
        "coordinates": [
          [
            [
              12.5810925,
              44.0462679
            ],
            [
              12.5809549,
              44.046141
            ],
            [
              12.5810504,
              44.0460875
            ],
            [
              12.5811387,
              44.0461689
            ],
            [
              12.581092,
              44.046195
            ],
            [
              12.5811414,
              44.0462406
            ],
            [
              12.5810925,
              44.0462679
            ]
          ]
        ]
      }
    },
    {
      "type": "Feature",
      "properties": {
        "id": 1281841228,
        "name": "",
        "access": "",
        "fee": "yes",
        "capacity": "",
        "parking": "surface"
      },
      "geometry": {
        "type": "Polygon",
        "coordinates": [
          [
            [
              12.5034879,
              44.1136886
            ],
            [
              12.5032297,
              44.1135417
            ],
            [
              12.5034819,
              44.1133133
            ],
            [
              12.5032512,
              44.1131821
            ],
            [
              12.5036234,
              44.1128443
            ],
            [
              12.5040432,
              44.1131855
            ],
            [
              12.5034879,
              44.1136886
            ]
          ]
        ]
      }
    },
    {
      "type": "Feature",
      "properties": {
        "id": 1283556666,
        "name": "",
        "access": "",
        "fee": "",
        "capacity": "",
        "parking": "street_side"
      },
      "geometry": {
        "type": "Polygon",
        "coordinates": [
          [
            [
              12.5853523,
              44.0334699
            ],
            [
              12.5854026,
              44.0333823
            ],
            [
              12.5857848,
              44.0334958
            ],
            [
              12.5857344,
              44.0335835
            ],
            [
              12.5853523,
              44.0334699
            ]
          ]
        ]
      }
    },
    {
      "type": "Feature",
      "properties": {
        "id": 1283556667,
        "name": "",
        "access": "",
        "fee": "",
        "capacity": "",
        "parking": "street_side"
      },
      "geometry": {
        "type": "Polygon",
        "coordinates": [
          [
            [
              12.5853963,
              44.0335998
            ],
            [
              12.5855782,
              44.0336573
            ],
            [
              12.5855523,
              44.0336998
            ],
            [
              12.5853703,
              44.0336423
            ],
            [
              12.5853963,
              44.0335998
            ]
          ]
        ]
      }
    },
    {
      "type": "Feature",
      "properties": {
        "id": 1283718198,
        "name": "",
        "access": "customers",
        "fee": "yes",
        "capacity": "",
        "parking": "surface"
      },
      "geometry": {
        "type": "Polygon",
        "coordinates": [
          [
            [
              12.5046847,
              44.1131058
            ],
            [
              12.5045424,
              44.1130162
            ],
            [
              12.5044249,
              44.1131066
            ],
            [
              12.5043145,
              44.1130067
            ],
            [
              12.5043524,
              44.1129724
            ],
            [
              12.5044859,
              44.1128675
            ],
            [
              12.5047587,
              44.1130456
            ],
            [
              12.5046847,
              44.1131058
            ]
          ]
        ]
      }
    },
    {
      "type": "Feature",
      "properties": {
        "id": 1284491320,
        "name": "",
        "access": "private",
        "fee": "no",
        "capacity": "",
        "parking": "surface"
      },
      "geometry": {
        "type": "Polygon",
        "coordinates": [
          [
            [
              12.5615186,
              44.0452476
            ],
            [
              12.5616805,
              44.0451357
            ],
            [
              12.5618194,
              44.0452396
            ],
            [
              12.5616576,
              44.0453515
            ],
            [
              12.5615186,
              44.0452476
            ]
          ]
        ]
      }
    },
    {
      "type": "Feature",
      "properties": {
        "id": 1284491321,
        "name": "",
        "access": "yes",
        "fee": "no",
        "capacity": "",
        "parking": "surface"
      },
      "geometry": {
        "type": "Polygon",
        "coordinates": [
          [
            [
              12.563487,
              44.0439648
            ],
            [
              12.5634129,
              44.0439085
            ],
            [
              12.5636268,
              44.0437631
            ],
            [
              12.563701,
              44.0438195
            ],
            [
              12.563487,
              44.0439648
            ]
          ]
        ]
      }
    },
    {
      "type": "Feature",
      "properties": {
        "id": 1284491328,
        "name": "",
        "access": "",
        "fee": "",
        "capacity": "",
        "parking": "street_side"
      },
      "geometry": {
        "type": "Polygon",
        "coordinates": [
          [
            [
              12.5646248,
              44.0444609
            ],
            [
              12.5645854,
              44.0444889
            ],
            [
              12.5653755,
              44.0450648
            ],
            [
              12.565415,
              44.0450367
            ],
            [
              12.5646248,
              44.0444609
            ]
          ]
        ]
      }
    },
    {
      "type": "Feature",
      "properties": {
        "id": 1284587760,
        "name": "",
        "access": "yes",
        "fee": "no",
        "capacity": "",
        "parking": ""
      },
      "geometry": {
        "type": "Polygon",
        "coordinates": [
          [
            [
              12.5067831,
              44.1030496
            ],
            [
              12.5066665,
              44.1029654
            ],
            [
              12.5067947,
              44.1028739
            ],
            [
              12.5070045,
              44.1030274
            ],
            [
              12.5069054,
              44.103083
            ],
            [
              12.5068187,
              44.1030241
            ],
            [
              12.5067831,
              44.1030496
            ]
          ]
        ]
      }
    },
    {
      "type": "Feature",
      "properties": {
        "id": 1284827779,
        "name": "",
        "access": "yes",
        "fee": "yes",
        "capacity": "",
        "parking": "surface"
      },
      "geometry": {
        "type": "Polygon",
        "coordinates": [
          [
            [
              12.5327991,
              44.0886892
            ],
            [
              12.53347,
              44.0882353
            ],
            [
              12.5334463,
              44.0883297
            ],
            [
              12.5333795,
              44.0884272
            ],
            [
              12.5332905,
              44.0884875
            ],
            [
              12.5333129,
              44.0885045
            ],
            [
              12.5329123,
              44.0887755
            ],
            [
              12.5327991,
              44.0886892
            ]
          ]
        ]
      }
    },
    {
      "type": "Feature",
      "properties": {
        "id": 1293002381,
        "name": "",
        "access": "customers",
        "fee": "no",
        "capacity": "",
        "parking": "surface"
      },
      "geometry": {
        "type": "Polygon",
        "coordinates": [
          [
            [
              12.5292854,
              44.0910114
            ],
            [
              12.5295765,
              44.0911565
            ],
            [
              12.5297649,
              44.0909615
            ],
            [
              12.5298235,
              44.0909008
            ],
            [
              12.5295324,
              44.0907558
            ],
            [
              12.5292854,
              44.0910114
            ]
          ]
        ]
      }
    },
    {
      "type": "Feature",
      "properties": {
        "id": 1297745764,
        "name": "",
        "access": "private",
        "fee": "no",
        "capacity": "",
        "parking": "surface"
      },
      "geometry": {
        "type": "Polygon",
        "coordinates": [
          [
            [
              12.5843801,
              44.0620336
            ],
            [
              12.5840936,
              44.0618717
            ],
            [
              12.5843082,
              44.0616026
            ],
            [
              12.5846311,
              44.061783
            ],
            [
              12.5843801,
              44.0620336
            ]
          ]
        ]
      }
    },
    {
      "type": "Feature",
      "properties": {
        "id": 1302453988,
        "name": "",
        "access": "",
        "fee": "",
        "capacity": "",
        "parking": "surface"
      },
      "geometry": {
        "type": "Polygon",
        "coordinates": [
          [
            [
              12.5810476,
              44.0478413
            ],
            [
              12.5809111,
              44.0477284
            ],
            [
              12.5810605,
              44.047635
            ],
            [
              12.581197,
              44.0477479
            ],
            [
              12.5810476,
              44.0478413
            ]
          ]
        ]
      }
    },
    {
      "type": "Feature",
      "properties": {
        "id": 1302453990,
        "name": "",
        "access": "",
        "fee": "",
        "capacity": "",
        "parking": "street_side"
      },
      "geometry": {
        "type": "Polygon",
        "coordinates": [
          [
            [
              12.5813652,
              44.0478126
            ],
            [
              12.5814052,
              44.0477888
            ],
            [
              12.5811674,
              44.0475826
            ],
            [
              12.5811274,
              44.0476064
            ],
            [
              12.5813652,
              44.0478126
            ]
          ]
        ]
      }
    },
    {
      "type": "Feature",
      "properties": {
        "id": 1307896740,
        "name": "",
        "access": "customers",
        "fee": "",
        "capacity": "",
        "parking": ""
      },
      "geometry": {
        "type": "Polygon",
        "coordinates": [
          [
            [
              12.6005656,
              44.0472785
            ],
            [
              12.6008177,
              44.0474081
            ],
            [
              12.6008906,
              44.0473348
            ],
            [
              12.6006384,
              44.0472052
            ],
            [
              12.6005656,
              44.0472785
            ]
          ]
        ]
      }
    },
    {
      "type": "Feature",
      "properties": {
        "id": 1313154080,
        "name": "",
        "access": "private",
        "fee": "",
        "capacity": "",
        "parking": "surface"
      },
      "geometry": {
        "type": "Polygon",
        "coordinates": [
          [
            [
              12.5353189,
              44.0898978
            ],
            [
              12.5353805,
              44.089945
            ],
            [
              12.5355494,
              44.0898311
            ],
            [
              12.5354877,
              44.0897839
            ],
            [
              12.5353189,
              44.0898978
            ]
          ]
        ]
      }
    },
    {
      "type": "Feature",
      "properties": {
        "id": 1313252347,
        "name": "",
        "access": "yes",
        "fee": "no",
        "capacity": "",
        "parking": "surface"
      },
      "geometry": {
        "type": "Polygon",
        "coordinates": [
          [
            [
              12.5774899,
              44.0392705
            ],
            [
              12.5776574,
              44.0390751
            ],
            [
              12.5778434,
              44.0391575
            ],
            [
              12.5776759,
              44.0393529
            ],
            [
              12.5774899,
              44.0392705
            ]
          ]
        ]
      }
    },
    {
      "type": "Feature",
      "properties": {
        "id": 1318227040,
        "name": "",
        "access": "private",
        "fee": "",
        "capacity": "",
        "parking": "surface"
      },
      "geometry": {
        "type": "Polygon",
        "coordinates": [
          [
            [
              12.5803413,
              44.0478309
            ],
            [
              12.5802216,
              44.0477336
            ],
            [
              12.5814258,
              44.0469689
            ],
            [
              12.5815452,
              44.0470661
            ],
            [
              12.5803413,
              44.0478309
            ]
          ]
        ]
      }
    },
    {
      "type": "Feature",
      "properties": {
        "id": 1319832976,
        "name": "",
        "access": "yes",
        "fee": "no",
        "capacity": "",
        "parking": "street_side"
      },
      "geometry": {
        "type": "Polygon",
        "coordinates": [
          [
            [
              12.5743107,
              44.0626035
            ],
            [
              12.5743665,
              44.0625759
            ],
            [
              12.5742626,
              44.0624672
            ],
            [
              12.5742067,
              44.0624948
            ],
            [
              12.5743107,
              44.0626035
            ]
          ]
        ]
      }
    },
    {
      "type": "Feature",
      "properties": {
        "id": 1327251370,
        "name": "",
        "access": "yes",
        "fee": "",
        "capacity": "",
        "parking": "surface"
      },
      "geometry": {
        "type": "Polygon",
        "coordinates": [
          [
            [
              12.5455745,
              44.0639211
            ],
            [
              12.5456413,
              44.0638408
            ],
            [
              12.5461175,
              44.0640453
            ],
            [
              12.5460507,
              44.0641256
            ],
            [
              12.5455745,
              44.0639211
            ]
          ]
        ]
      }
    },
    {
      "type": "Feature",
      "properties": {
        "id": 1327933023,
        "name": "",
        "access": "yes",
        "fee": "no",
        "capacity": "",
        "parking": "surface"
      },
      "geometry": {
        "type": "Polygon",
        "coordinates": [
          [
            [
              12.5316652,
              44.0777653
            ],
            [
              12.5315684,
              44.0776801
            ],
            [
              12.5320095,
              44.0774218
            ],
            [
              12.5321062,
              44.077507
            ],
            [
              12.5316652,
              44.0777653
            ]
          ]
        ]
      }
    },
    {
      "type": "Feature",
      "properties": {
        "id": 1328109047,
        "name": "",
        "access": "yes",
        "fee": "no",
        "capacity": "",
        "parking": "surface"
      },
      "geometry": {
        "type": "Polygon",
        "coordinates": [
          [
            [
              12.5367149,
              44.0793117
            ],
            [
              12.5365927,
              44.079179
            ],
            [
              12.5367391,
              44.0790621
            ],
            [
              12.5369017,
              44.0791743
            ],
            [
              12.5368924,
              44.0791811
            ],
            [
              12.5367149,
              44.0793117
            ]
          ]
        ]
      }
    },
    {
      "type": "Feature",
      "properties": {
        "id": 1330637570,
        "name": "",
        "access": "private",
        "fee": "no",
        "capacity": "",
        "parking": "surface"
      },
      "geometry": {
        "type": "Polygon",
        "coordinates": [
          [
            [
              12.5723104,
              44.0662701
            ],
            [
              12.5721303,
              44.0661015
            ],
            [
              12.5725043,
              44.0658952
            ],
            [
              12.5726844,
              44.0660638
            ],
            [
              12.5723104,
              44.0662701
            ]
          ]
        ]
      }
    },
    {
      "type": "Feature",
      "properties": {
        "id": 1334493491,
        "name": "",
        "access": "",
        "fee": "",
        "capacity": "",
        "parking": ""
      },
      "geometry": {
        "type": "Polygon",
        "coordinates": [
          [
            [
              12.6009665,
              44.0348538
            ],
            [
              12.6014765,
              44.0345715
            ],
            [
              12.601115,
              44.034234
            ],
            [
              12.6006389,
              44.0345003
            ],
            [
              12.6006048,
              44.0344724
            ],
            [
              12.6005459,
              44.0344998
            ],
            [
              12.6009665,
              44.0348538
            ]
          ]
        ]
      }
    },
    {
      "type": "Feature",
      "properties": {
        "id": 1338654467,
        "name": "",
        "access": "yes",
        "fee": "no",
        "capacity": "10",
        "parking": "surface"
      },
      "geometry": {
        "type": "Polygon",
        "coordinates": [
          [
            [
              12.5395638,
              44.0549908
            ],
            [
              12.5395578,
              44.0549207
            ],
            [
              12.5396168,
              44.054725
            ],
            [
              12.5396611,
              44.0547481
            ],
            [
              12.5396034,
              44.0549284
            ],
            [
              12.5396074,
              44.054993
            ],
            [
              12.5395638,
              44.0549908
            ]
          ]
        ]
      }
    },
    {
      "type": "Feature",
      "properties": {
        "id": 1340031916,
        "name": "",
        "access": "",
        "fee": "",
        "capacity": "",
        "parking": ""
      },
      "geometry": {
        "type": "Polygon",
        "coordinates": [
          [
            [
              12.5342049,
              44.052455
            ],
            [
              12.5343021,
              44.0523281
            ],
            [
              12.534353,
              44.0523482
            ],
            [
              12.5344008,
              44.0523671
            ],
            [
              12.5343035,
              44.052494
            ],
            [
              12.5342049,
              44.052455
            ]
          ]
        ]
      }
    },
    {
      "type": "Feature",
      "properties": {
        "id": 1343395940,
        "name": "",
        "access": "",
        "fee": "",
        "capacity": "",
        "parking": "surface"
      },
      "geometry": {
        "type": "Polygon",
        "coordinates": [
          [
            [
              12.5477366,
              44.0754237
            ],
            [
              12.5477065,
              44.0754065
            ],
            [
              12.5477366,
              44.0753812
            ],
            [
              12.5473895,
              44.0751079
            ],
            [
              12.5474612,
              44.075043
            ],
            [
              12.5476181,
              44.0751296
            ],
            [
              12.5477096,
              44.0751915
            ],
            [
              12.5477356,
              44.0752266
            ],
            [
              12.5477636,
              44.0752878
            ],
            [
              12.547773,
              44.0753289
            ],
            [
              12.5477771,
              44.07537
            ],
            [
              12.547774,
              44.0753909
            ],
            [
              12.5477647,
              44.0754095
            ],
            [
              12.5477366,
              44.0754237
            ]
          ]
        ]
      }
    },
    {
      "type": "Feature",
      "properties": {
        "id": 1343395942,
        "name": "",
        "access": "",
        "fee": "",
        "capacity": "",
        "parking": "street_side"
      },
      "geometry": {
        "type": "Polygon",
        "coordinates": [
          [
            [
              12.5480035,
              44.0756373
            ],
            [
              12.5480238,
              44.0756254
            ],
            [
              12.5480539,
              44.0756104
            ],
            [
              12.5479312,
              44.0754886
            ],
            [
              12.5478797,
              44.0755154
            ],
            [
              12.5480035,
              44.0756373
            ]
          ]
        ]
      }
    },
    {
      "type": "Feature",
      "properties": {
        "id": 1343583576,
        "name": "Parcheggio Curiel",
        "access": "private",
        "fee": "",
        "capacity": "",
        "parking": "surface"
      },
      "geometry": {
        "type": "Polygon",
        "coordinates": [
          [
            [
              12.5312347,
              44.0898694
            ],
            [
              12.5313003,
              44.0898289
            ],
            [
              12.5313806,
              44.0897792
            ],
            [
              12.5302659,
              44.0889231
            ],
            [
              12.5300138,
              44.0891466
            ],
            [
              12.5304204,
              44.0892491
            ],
            [
              12.5306382,
              44.0893831
            ],
            [
              12.5309365,
              44.0896336
            ],
            [
              12.5312347,
              44.0898694
            ]
          ]
        ]
      }
    },
    {
      "type": "Feature",
      "properties": {
        "id": 1346620031,
        "name": "",
        "access": "yes",
        "fee": "no",
        "capacity": "",
        "parking": "surface"
      },
      "geometry": {
        "type": "Polygon",
        "coordinates": [
          [
            [
              12.5656657,
              44.0697887
            ],
            [
              12.565541,
              44.0696686
            ],
            [
              12.5658937,
              44.0695059
            ],
            [
              12.566005,
              44.0696151
            ],
            [
              12.5656657,
              44.0697887
            ]
          ]
        ]
      }
    },
    {
      "type": "Feature",
      "properties": {
        "id": 1347279984,
        "name": "",
        "access": "customers",
        "fee": "no",
        "capacity": "",
        "parking": "surface"
      },
      "geometry": {
        "type": "Polygon",
        "coordinates": [
          [
            [
              12.5302295,
              44.0810775
            ],
            [
              12.5299836,
              44.0808681
            ],
            [
              12.5301195,
              44.0807857
            ],
            [
              12.5303653,
              44.0809951
            ],
            [
              12.5302295,
              44.0810775
            ]
          ]
        ]
      }
    },
    {
      "type": "Feature",
      "properties": {
        "id": 1347279987,
        "name": "",
        "access": "",
        "fee": "",
        "capacity": "",
        "parking": "street_side"
      },
      "geometry": {
        "type": "Polygon",
        "coordinates": [
          [
            [
              12.5304588,
              44.0812605
            ],
            [
              12.5305103,
              44.0812269
            ],
            [
              12.5303173,
              44.0810742
            ],
            [
              12.5302659,
              44.0811078
            ],
            [
              12.5304588,
              44.0812605
            ]
          ]
        ]
      }
    },
    {
      "type": "Feature",
      "properties": {
        "id": 1347279990,
        "name": "",
        "access": "yes",
        "fee": "no",
        "capacity": "",
        "parking": "surface"
      },
      "geometry": {
        "type": "Polygon",
        "coordinates": [
          [
            [
              12.5306671,
              44.081262
            ],
            [
              12.5306069,
              44.0812166
            ],
            [
              12.5308508,
              44.0810712
            ],
            [
              12.5311089,
              44.0810034
            ],
            [
              12.5311272,
              44.0810681
            ],
            [
              12.5308891,
              44.0811309
            ],
            [
              12.5306671,
              44.081262
            ]
          ]
        ]
      }
    },
    {
      "type": "Feature",
      "properties": {
        "id": 1349070504,
        "name": "",
        "access": "private",
        "fee": "",
        "capacity": "",
        "parking": "surface"
      },
      "geometry": {
        "type": "Polygon",
        "coordinates": [
          [
            [
              12.5603235,
              44.0430561
            ],
            [
              12.5602403,
              44.042897
            ],
            [
              12.5604671,
              44.0427606
            ],
            [
              12.5607208,
              44.042608
            ],
            [
              12.5608568,
              44.0429203
            ],
            [
              12.5603235,
              44.0430561
            ]
          ]
        ]
      }
    },
    {
      "type": "Feature",
      "properties": {
        "id": 1356124118,
        "name": "",
        "access": "",
        "fee": "",
        "capacity": "",
        "parking": "street_side"
      },
      "geometry": {
        "type": "Polygon",
        "coordinates": [
          [
            [
              12.5587552,
              44.0481825
            ],
            [
              12.5583398,
              44.0478739
            ],
            [
              12.5584766,
              44.0477787
            ],
            [
              12.5588919,
              44.0480874
            ],
            [
              12.5587552,
              44.0481825
            ]
          ]
        ]
      }
    },
    {
      "type": "Feature",
      "properties": {
        "id": 1358008779,
        "name": "",
        "access": "",
        "fee": "",
        "capacity": "",
        "parking": "street_side"
      },
      "geometry": {
        "type": "Polygon",
        "coordinates": [
          [
            [
              12.5248562,
              44.0846319
            ],
            [
              12.5248882,
              44.0845979
            ],
            [
              12.5251252,
              44.084713
            ],
            [
              12.5250932,
              44.084747
            ],
            [
              12.5248562,
              44.0846319
            ]
          ]
        ]
      }
    },
    {
      "type": "Feature",
      "properties": {
        "id": 1358008780,
        "name": "",
        "access": "",
        "fee": "",
        "capacity": "",
        "parking": "street_side"
      },
      "geometry": {
        "type": "Polygon",
        "coordinates": [
          [
            [
              12.5251657,
              44.0847897
            ],
            [
              12.5252029,
              44.0847511
            ],
            [
              12.5252923,
              44.0847956
            ],
            [
              12.525255,
              44.0848342
            ],
            [
              12.5251657,
              44.0847897
            ]
          ]
        ]
      }
    },
    {
      "type": "Feature",
      "properties": {
        "id": 1358008781,
        "name": "",
        "access": "",
        "fee": "",
        "capacity": "",
        "parking": "street_side"
      },
      "geometry": {
        "type": "Polygon",
        "coordinates": [
          [
            [
              12.5251738,
              44.0846682
            ],
            [
              12.5252146,
              44.0846253
            ],
            [
              12.5249367,
              44.084489
            ],
            [
              12.524896,
              44.0845319
            ],
            [
              12.5251738,
              44.0846682
            ]
          ]
        ]
      }
    },
    {
      "type": "Feature",
      "properties": {
        "id": 1361260690,
        "name": "",
        "access": "yes",
        "fee": "",
        "capacity": "",
        "parking": "surface"
      },
      "geometry": {
        "type": "Polygon",
        "coordinates": [
          [
            [
              12.571052,
              44.0447727
            ],
            [
              12.5714267,
              44.0445043
            ],
            [
              12.5718831,
              44.0448237
            ],
            [
              12.5711937,
              44.0448656
            ],
            [
              12.571052,
              44.0447727
            ]
          ]
        ]
      }
    },
    {
      "type": "Feature",
      "properties": {
        "id": 1361260692,
        "name": "",
        "access": "yes",
        "fee": "",
        "capacity": "",
        "parking": "surface"
      },
      "geometry": {
        "type": "Polygon",
        "coordinates": [
          [
            [
              12.5727103,
              44.043704
            ],
            [
              12.5723928,
              44.0434882
            ],
            [
              12.5725745,
              44.04335
            ],
            [
              12.572892,
              44.0435658
            ],
            [
              12.5727103,
              44.043704
            ]
          ]
        ]
      }
    },
    {
      "type": "Feature",
      "properties": {
        "id": 1361430257,
        "name": "",
        "access": "customers",
        "fee": "",
        "capacity": "",
        "parking": "surface"
      },
      "geometry": {
        "type": "Polygon",
        "coordinates": [
          [
            [
              12.5755412,
              44.0620504
            ],
            [
              12.5754528,
              44.0620033
            ],
            [
              12.5751354,
              44.061834
            ],
            [
              12.5753993,
              44.0615786
            ],
            [
              12.575805,
              44.061795
            ],
            [
              12.5755412,
              44.0620504
            ]
          ]
        ]
      }
    },
    {
      "type": "Feature",
      "properties": {
        "id": 1362338100,
        "name": "",
        "access": "customers",
        "fee": "no",
        "capacity": "",
        "parking": "surface"
      },
      "geometry": {
        "type": "Polygon",
        "coordinates": [
          [
            [
              12.595569,
              44.0473687
            ],
            [
              12.5953571,
              44.047602
            ],
            [
              12.5950286,
              44.0474497
            ],
            [
              12.5950688,
              44.0474097
            ],
            [
              12.595154,
              44.047346
            ],
            [
              12.5951453,
              44.0473089
            ],
            [
              12.595453,
              44.0472713
            ],
            [
              12.5954611,
              44.0473128
            ],
            [
              12.5955315,
              44.047348
            ],
            [
              12.595569,
              44.0473687
            ]
          ]
        ]
      }
    },
    {
      "type": "Feature",
      "properties": {
        "id": 1364307955,
        "name": "",
        "access": "",
        "fee": "",
        "capacity": "",
        "parking": "surface"
      },
      "geometry": {
        "type": "Polygon",
        "coordinates": [
          [
            [
              12.5638234,
              44.0360931
            ],
            [
              12.5639875,
              44.0360171
            ],
            [
              12.5640811,
              44.0360726
            ],
            [
              12.5641702,
              44.0361079
            ],
            [
              12.5642806,
              44.0361258
            ],
            [
              12.564402,
              44.0361209
            ],
            [
              12.5645134,
              44.0360949
            ],
            [
              12.5647498,
              44.0360121
            ],
            [
              12.5648094,
              44.0361066
            ],
            [
              12.5645648,
              44.0361876
            ],
            [
              12.5645889,
              44.0362265
            ],
            [
              12.5644768,
              44.0362597
            ],
            [
              12.5643545,
              44.0362766
            ],
            [
              12.5641855,
              44.0362655
            ],
            [
              12.5640519,
              44.0362323
            ],
            [
              12.5639596,
              44.0361922
            ],
            [
              12.5638744,
              44.0361386
            ],
            [
              12.5638234,
              44.0360931
            ]
          ]
        ]
      }
    },
    {
      "type": "Feature",
      "properties": {
        "id": 1366012496,
        "name": "",
        "access": "",
        "fee": "",
        "capacity": "",
        "parking": ""
      },
      "geometry": {
        "type": "Polygon",
        "coordinates": [
          [
            [
              12.6014222,
              44.035871
            ],
            [
              12.6014266,
              44.0357237
            ],
            [
              12.6016289,
              44.0357288
            ],
            [
              12.6016191,
              44.0358296
            ],
            [
              12.6016546,
              44.0358302
            ],
            [
              12.6016466,
              44.0358723
            ],
            [
              12.6014222,
              44.035871
            ]
          ]
        ]
      }
    },
    {
      "type": "Feature",
      "properties": {
        "id": 1372616091,
        "name": "",
        "access": "yes",
        "fee": "no",
        "capacity": "",
        "parking": "surface"
      },
      "geometry": {
        "type": "Polygon",
        "coordinates": [
          [
            [
              12.5536409,
              44.0337771
            ],
            [
              12.5535545,
              44.0336136
            ],
            [
              12.5537354,
              44.0335642
            ],
            [
              12.5538218,
              44.0337277
            ],
            [
              12.5536409,
              44.0337771
            ]
          ]
        ]
      }
    },
    {
      "type": "Feature",
      "properties": {
        "id": 1372975128,
        "name": "",
        "access": "private",
        "fee": "",
        "capacity": "",
        "parking": ""
      },
      "geometry": {
        "type": "Polygon",
        "coordinates": [
          [
            [
              12.5383319,
              44.0500484
            ],
            [
              12.53836,
              44.0499841
            ],
            [
              12.5386063,
              44.0500484
            ],
            [
              12.5385948,
              44.0500805
            ],
            [
              12.5384751,
              44.0500659
            ],
            [
              12.5383319,
              44.0500484
            ]
          ]
        ]
      }
    },
    {
      "type": "Feature",
      "properties": {
        "id": 1373610097,
        "name": "",
        "access": "",
        "fee": "",
        "capacity": "",
        "parking": "street_side"
      },
      "geometry": {
        "type": "Polygon",
        "coordinates": [
          [
            [
              12.5286262,
              44.0904385
            ],
            [
              12.5286531,
              44.0904113
            ],
            [
              12.5284327,
              44.0902989
            ],
            [
              12.5284058,
              44.0903261
            ],
            [
              12.5286262,
              44.0904385
            ]
          ]
        ]
      }
    },
    {
      "type": "Feature",
      "properties": {
        "id": 1373610099,
        "name": "",
        "access": "",
        "fee": "",
        "capacity": "",
        "parking": "street_side"
      },
      "geometry": {
        "type": "Polygon",
        "coordinates": [
          [
            [
              12.52856,
              44.0902598
            ],
            [
              12.5285911,
              44.0902278
            ],
            [
              12.5284517,
              44.090158
            ],
            [
              12.5284207,
              44.09019
            ],
            [
              12.52856,
              44.0902598
            ]
          ]
        ]
      }
    },
    {
      "type": "Feature",
      "properties": {
        "id": 1376198002,
        "name": "",
        "access": "",
        "fee": "",
        "capacity": "",
        "parking": ""
      },
      "geometry": {
        "type": "Polygon",
        "coordinates": [
          [
            [
              12.5988937,
              44.0512994
            ],
            [
              12.5990078,
              44.0511906
            ],
            [
              12.5993245,
              44.0513623
            ],
            [
              12.5992104,
              44.051471
            ],
            [
              12.5988937,
              44.0512994
            ]
          ]
        ]
      }
    },
    {
      "type": "Feature",
      "properties": {
        "id": 1376198003,
        "name": "",
        "access": "",
        "fee": "",
        "capacity": "",
        "parking": ""
      },
      "geometry": {
        "type": "Polygon",
        "coordinates": [
          [
            [
              12.5990377,
              44.0511882
            ],
            [
              12.599166,
              44.0510662
            ],
            [
              12.599465,
              44.0512286
            ],
            [
              12.5993367,
              44.0513506
            ],
            [
              12.5990377,
              44.0511882
            ]
          ]
        ]
      }
    },
    {
      "type": "Feature",
      "properties": {
        "id": 1376931647,
        "name": "",
        "access": "",
        "fee": "",
        "capacity": "",
        "parking": ""
      },
      "geometry": {
        "type": "Polygon",
        "coordinates": [
          [
            [
              12.6006588,
              44.0354197
            ],
            [
              12.6010756,
              44.0351629
            ],
            [
              12.6011238,
              44.0351671
            ],
            [
              12.6012536,
              44.035267
            ],
            [
              12.6010951,
              44.0353413
            ],
            [
              12.600976,
              44.0353412
            ],
            [
              12.6009573,
              44.0353545
            ],
            [
              12.6009516,
              44.035404
            ],
            [
              12.6007863,
              44.0355179
            ],
            [
              12.6006588,
              44.0354197
            ]
          ]
        ]
      }
    },
    {
      "type": "Feature",
      "properties": {
        "id": 1376933003,
        "name": "",
        "access": "",
        "fee": "",
        "capacity": "",
        "parking": "street_side"
      },
      "geometry": {
        "type": "Polygon",
        "coordinates": [
          [
            [
              12.5900633,
              44.0369874
            ],
            [
              12.5900825,
              44.0369469
            ],
            [
              12.5925162,
              44.0375418
            ],
            [
              12.5924973,
              44.037582
            ],
            [
              12.5900633,
              44.0369874
            ]
          ]
        ]
      }
    },
    {
      "type": "Feature",
      "properties": {
        "id": 1376933004,
        "name": "",
        "access": "",
        "fee": "",
        "capacity": "",
        "parking": "street_side"
      },
      "geometry": {
        "type": "Polygon",
        "coordinates": [
          [
            [
              12.5905827,
              44.0372084
            ],
            [
              12.5905909,
              44.0371903
            ],
            [
              12.5921852,
              44.037564
            ],
            [
              12.592177,
              44.0375822
            ],
            [
              12.5905827,
              44.0372084
            ]
          ]
        ]
      }
    },
    {
      "type": "Feature",
      "properties": {
        "id": 1376933009,
        "name": "",
        "access": "",
        "fee": "",
        "capacity": "",
        "parking": ""
      },
      "geometry": {
        "type": "Polygon",
        "coordinates": [
          [
            [
              12.5898136,
              44.0374855
            ],
            [
              12.5900031,
              44.0375277
            ],
            [
              12.5900002,
              44.0375345
            ],
            [
              12.590111,
              44.0376079
            ],
            [
              12.5901829,
              44.0376225
            ],
            [
              12.5901727,
              44.0376485
            ],
            [
              12.5902981,
              44.0377357
            ],
            [
              12.5905112,
              44.0372394
            ],
            [
              12.5899711,
              44.0371195
            ],
            [
              12.5898136,
              44.0374855
            ]
          ]
        ]
      }
    },
    {
      "type": "Feature",
      "properties": {
        "id": 1376933011,
        "name": "",
        "access": "",
        "fee": "",
        "capacity": "",
        "parking": "street_side"
      },
      "geometry": {
        "type": "Polygon",
        "coordinates": [
          [
            [
              12.59065,
              44.037991
            ],
            [
              12.5906685,
              44.0379514
            ],
            [
              12.5908741,
              44.038001
            ],
            [
              12.5908366,
              44.0380814
            ],
            [
              12.5907209,
              44.0380535
            ],
            [
              12.59074,
              44.0380127
            ],
            [
              12.59065,
              44.037991
            ]
          ]
        ]
      }
    },
    {
      "type": "Feature",
      "properties": {
        "id": 1377487307,
        "name": "",
        "access": "",
        "fee": "",
        "capacity": "",
        "parking": "street_side"
      },
      "geometry": {
        "type": "Polygon",
        "coordinates": [
          [
            [
              12.6024525,
              44.0485598
            ],
            [
              12.6025261,
              44.048564
            ],
            [
              12.6019483,
              44.0490986
            ],
            [
              12.6018796,
              44.0490902
            ],
            [
              12.6024525,
              44.0485598
            ]
          ]
        ]
      }
    },
    {
      "type": "Feature",
      "properties": {
        "id": 1377487308,
        "name": "",
        "access": "",
        "fee": "",
        "capacity": "",
        "parking": "street_side"
      },
      "geometry": {
        "type": "Polygon",
        "coordinates": [
          [
            [
              12.6018146,
              44.0491496
            ],
            [
              12.6018859,
              44.0491557
            ],
            [
              12.6013915,
              44.0496081
            ],
            [
              12.6013305,
              44.0495984
            ],
            [
              12.6018146,
              44.0491496
            ]
          ]
        ]
      }
    },
    {
      "type": "Feature",
      "properties": {
        "id": 1378260830,
        "name": "",
        "access": "",
        "fee": "",
        "capacity": "",
        "parking": ""
      },
      "geometry": {
        "type": "Polygon",
        "coordinates": [
          [
            [
              12.5236551,
              44.074213
            ],
            [
              12.5241633,
              44.0742554
            ],
            [
              12.5241446,
              44.074371
            ],
            [
              12.5236364,
              44.0743286
            ],
            [
              12.5236551,
              44.074213
            ]
          ]
        ]
      }
    },
    {
      "type": "Feature",
      "properties": {
        "id": 1378260832,
        "name": "",
        "access": "",
        "fee": "",
        "capacity": "",
        "parking": "street_side"
      },
      "geometry": {
        "type": "Polygon",
        "coordinates": [
          [
            [
              12.52361,
              44.0753687
            ],
            [
              12.5236329,
              44.0753315
            ],
            [
              12.524017,
              44.0754531
            ],
            [
              12.5239942,
              44.0754903
            ],
            [
              12.52361,
              44.0753687
            ]
          ]
        ]
      }
    },
    {
      "type": "Feature",
      "properties": {
        "id": 1379152190,
        "name": "",
        "access": "customers",
        "fee": "",
        "capacity": "",
        "parking": "surface"
      },
      "geometry": {
        "type": "Polygon",
        "coordinates": [
          [
            [
              12.5852981,
              44.0646602
            ],
            [
              12.5851295,
              44.0645641
            ],
            [
              12.5852925,
              44.0644165
            ],
            [
              12.5854612,
              44.0645127
            ],
            [
              12.5852981,
              44.0646602
            ]
          ]
        ]
      }
    },
    {
      "type": "Feature",
      "properties": {
        "id": 1387941534,
        "name": "",
        "access": "customers",
        "fee": "",
        "capacity": "",
        "parking": "street_side"
      },
      "geometry": {
        "type": "Polygon",
        "coordinates": [
          [
            [
              12.5924879,
              44.051125
            ],
            [
              12.5922674,
              44.0510127
            ],
            [
              12.592298,
              44.0509816
            ],
            [
              12.5925186,
              44.0510939
            ],
            [
              12.5924879,
              44.051125
            ]
          ]
        ]
      }
    },
    {
      "type": "Feature",
      "properties": {
        "id": 1387943019,
        "name": "",
        "access": "",
        "fee": "",
        "capacity": "",
        "parking": ""
      },
      "geometry": {
        "type": "Polygon",
        "coordinates": [
          [
            [
              12.5123805,
              44.0526782
            ],
            [
              12.5124623,
              44.0525697
            ],
            [
              12.5127064,
              44.0526646
            ],
            [
              12.5126247,
              44.0527732
            ],
            [
              12.5123805,
              44.0526782
            ]
          ]
        ]
      }
    },
    {
      "type": "Feature",
      "properties": {
        "id": 1387943020,
        "name": "",
        "access": "",
        "fee": "",
        "capacity": "",
        "parking": ""
      },
      "geometry": {
        "type": "Polygon",
        "coordinates": [
          [
            [
              12.5106413,
              44.0527807
            ],
            [
              12.5107475,
              44.0526491
            ],
            [
              12.5109231,
              44.0527223
            ],
            [
              12.5108169,
              44.0528539
            ],
            [
              12.5106413,
              44.0527807
            ]
          ]
        ]
      }
    },
    {
      "type": "Feature",
      "properties": {
        "id": 1387943021,
        "name": "",
        "access": "",
        "fee": "",
        "capacity": "",
        "parking": "street_side"
      },
      "geometry": {
        "type": "Polygon",
        "coordinates": [
          [
            [
              12.5106091,
              44.0528268
            ],
            [
              12.5106291,
              44.052803
            ],
            [
              12.5109781,
              44.052955
            ],
            [
              12.5109581,
              44.0529788
            ],
            [
              12.5106091,
              44.0528268
            ]
          ]
        ]
      }
    },
    {
      "type": "Feature",
      "properties": {
        "id": 1389232132,
        "name": "",
        "access": "",
        "fee": "",
        "capacity": "",
        "parking": "street_side"
      },
      "geometry": {
        "type": "Polygon",
        "coordinates": [
          [
            [
              12.5469981,
              44.0685353
            ],
            [
              12.5469758,
              44.068531
            ],
            [
              12.5469915,
              44.0684888
            ],
            [
              12.5469668,
              44.0684841
            ],
            [
              12.5470473,
              44.0682677
            ],
            [
              12.5470944,
              44.0682768
            ],
            [
              12.5469981,
              44.0685353
            ]
          ]
        ]
      }
    },
    {
      "type": "Feature",
      "properties": {
        "id": 1389232133,
        "name": "",
        "access": "",
        "fee": "",
        "capacity": "",
        "parking": "street_side"
      },
      "geometry": {
        "type": "Polygon",
        "coordinates": [
          [
            [
              12.5471214,
              44.0685346
            ],
            [
              12.5471583,
              44.0685412
            ],
            [
              12.5471108,
              44.0686785
            ],
            [
              12.5470713,
              44.0686792
            ],
            [
              12.5471214,
              44.0685346
            ]
          ]
        ]
      }
    },
    {
      "type": "Feature",
      "properties": {
        "id": 1389232134,
        "name": "",
        "access": "",
        "fee": "",
        "capacity": "",
        "parking": "street_side"
      },
      "geometry": {
        "type": "Polygon",
        "coordinates": [
          [
            [
              12.5471097,
              44.0689021
            ],
            [
              12.5470591,
              44.0687221
            ],
            [
              12.5471092,
              44.0687148
            ],
            [
              12.5471599,
              44.0688948
            ],
            [
              12.5471097,
              44.0689021
            ]
          ]
        ]
      }
    },
    {
      "type": "Feature",
      "properties": {
        "id": 1390481730,
        "name": "Foglino",
        "access": "",
        "fee": "",
        "capacity": "",
        "parking": ""
      },
      "geometry": {
        "type": "Polygon",
        "coordinates": [
          [
            [
              12.5117838,
              44.1043753
            ],
            [
              12.511459,
              44.1041361
            ],
            [
              12.5132431,
              44.1023258
            ],
            [
              12.5134601,
              44.1024422
            ],
            [
              12.5136776,
              44.1022391
            ],
            [
              12.5141422,
              44.1024721
            ],
            [
              12.5117838,
              44.1043753
            ]
          ]
        ]
      }
    },
    {
      "type": "Feature",
      "properties": {
        "id": 1391097262,
        "name": "",
        "access": "",
        "fee": "",
        "capacity": "",
        "parking": "street_side"
      },
      "geometry": {
        "type": "Polygon",
        "coordinates": [
          [
            [
              12.5646033,
              44.0457443
            ],
            [
              12.5645679,
              44.0457168
            ],
            [
              12.5648273,
              44.0455443
            ],
            [
              12.5648627,
              44.0455718
            ],
            [
              12.5646033,
              44.0457443
            ]
          ]
        ]
      }
    },
    {
      "type": "Feature",
      "properties": {
        "id": 1391097263,
        "name": "",
        "access": "",
        "fee": "",
        "capacity": "",
        "parking": "street_side"
      },
      "geometry": {
        "type": "Polygon",
        "coordinates": [
          [
            [
              12.5648447,
              44.0455174
            ],
            [
              12.5648212,
              44.0454971
            ],
            [
              12.5648705,
              44.0454677
            ],
            [
              12.564894,
              44.0454881
            ],
            [
              12.5648447,
              44.0455174
            ]
          ]
        ]
      }
    },
    {
      "type": "Feature",
      "properties": {
        "id": 1391097264,
        "name": "",
        "access": "",
        "fee": "",
        "capacity": "",
        "parking": "street_side"
      },
      "geometry": {
        "type": "Polygon",
        "coordinates": [
          [
            [
              12.5649488,
              44.0454548
            ],
            [
              12.5649124,
              44.0454406
            ],
            [
              12.5650011,
              44.0453773
            ],
            [
              12.565029,
              44.0453975
            ],
            [
              12.5649488,
              44.0454548
            ]
          ]
        ]
      }
    },
    {
      "type": "Feature",
      "properties": {
        "id": 1392910934,
        "name": "",
        "access": "",
        "fee": "",
        "capacity": "",
        "parking": ""
      },
      "geometry": {
        "type": "Polygon",
        "coordinates": [
          [
            [
              12.5861705,
              44.0418388
            ],
            [
              12.5859483,
              44.0416949
            ],
            [
              12.5860594,
              44.0415417
            ],
            [
              12.5861135,
              44.0415111
            ],
            [
              12.5869292,
              44.0414723
            ],
            [
              12.5869978,
              44.0415148
            ],
            [
              12.5870082,
              44.0415977
            ],
            [
              12.5868814,
              44.0416523
            ],
            [
              12.5862008,
              44.0416859
            ],
            [
              12.586206,
              44.0418024
            ],
            [
              12.5861705,
              44.0418388
            ]
          ]
        ]
      }
    },
    {
      "type": "Feature",
      "properties": {
        "id": 1392910937,
        "name": "",
        "access": "",
        "fee": "",
        "capacity": "",
        "parking": ""
      },
      "geometry": {
        "type": "Polygon",
        "coordinates": [
          [
            [
              12.5871091,
              44.0424483
            ],
            [
              12.5871746,
              44.0423957
            ],
            [
              12.5869842,
              44.0422731
            ],
            [
              12.5871176,
              44.0421661
            ],
            [
              12.5869483,
              44.042057
            ],
            [
              12.5868566,
              44.0421306
            ],
            [
              12.5869003,
              44.0421588
            ],
            [
              12.586793,
              44.0422448
            ],
            [
              12.5871091,
              44.0424483
            ]
          ]
        ]
      }
    },
    {
      "type": "Feature",
      "properties": {
        "id": 1392910938,
        "name": "",
        "access": "",
        "fee": "",
        "capacity": "",
        "parking": "street_side"
      },
      "geometry": {
        "type": "Polygon",
        "coordinates": [
          [
            [
              12.5868733,
              44.0419324
            ],
            [
              12.5868334,
              44.0419067
            ],
            [
              12.5869432,
              44.0418187
            ],
            [
              12.5869831,
              44.0418445
            ],
            [
              12.5868733,
              44.0419324
            ]
          ]
        ]
      }
    },
    {
      "type": "Feature",
      "properties": {
        "id": 1395438080,
        "name": "",
        "access": "",
        "fee": "",
        "capacity": "",
        "parking": "street_side"
      },
      "geometry": {
        "type": "Polygon",
        "coordinates": [
          [
            [
              12.5317663,
              44.0790487
            ],
            [
              12.5317605,
              44.0789431
            ],
            [
              12.5320687,
              44.0789344
            ],
            [
              12.5320745,
              44.07904
            ],
            [
              12.5317663,
              44.0790487
            ]
          ]
        ]
      }
    },
    {
      "type": "Feature",
      "properties": {
        "id": 1395438081,
        "name": "",
        "access": "",
        "fee": "",
        "capacity": "",
        "parking": "street_side"
      },
      "geometry": {
        "type": "Polygon",
        "coordinates": [
          [
            [
              12.5317406,
              44.0788329
            ],
            [
              12.5317999,
              44.0788318
            ],
            [
              12.5317899,
              44.0785478
            ],
            [
              12.5317306,
              44.0785489
            ],
            [
              12.5317406,
              44.0788329
            ]
          ]
        ]
      }
    },
    {
      "type": "Feature",
      "properties": {
        "id": 1395438082,
        "name": "",
        "access": "",
        "fee": "",
        "capacity": "",
        "parking": "street_side"
      },
      "geometry": {
        "type": "Polygon",
        "coordinates": [
          [
            [
              12.5316139,
              44.0787202
            ],
            [
              12.531665,
              44.0787193
            ],
            [
              12.5316593,
              44.0785451
            ],
            [
              12.5316082,
              44.078546
            ],
            [
              12.5316139,
              44.0787202
            ]
          ]
        ]
      }
    },
    {
      "type": "Feature",
      "properties": {
        "id": 1395438083,
        "name": "",
        "access": "",
        "fee": "",
        "capacity": "",
        "parking": "street_side"
      },
      "geometry": {
        "type": "Polygon",
        "coordinates": [
          [
            [
              12.5319449,
              44.0786475
            ],
            [
              12.5319414,
              44.0785503
            ],
            [
              12.5320059,
              44.0785491
            ],
            [
              12.5320094,
              44.0786463
            ],
            [
              12.5319449,
              44.0786475
            ]
          ]
        ]
      }
    },
    {
      "type": "Feature",
      "properties": {
        "id": 1395438084,
        "name": "",
        "access": "",
        "fee": "",
        "capacity": "",
        "parking": "street_side"
      },
      "geometry": {
        "type": "Polygon",
        "coordinates": [
          [
            [
              12.5315335,
              44.0792538
            ],
            [
              12.5316956,
              44.0792512
            ],
            [
              12.5316889,
              44.0790438
            ],
            [
              12.5315269,
              44.0790465
            ],
            [
              12.5315335,
              44.0792538
            ]
          ]
        ]
      }
    },
    {
      "type": "Feature",
      "properties": {
        "id": 1395438085,
        "name": "",
        "access": "",
        "fee": "",
        "capacity": "",
        "parking": "street_side"
      },
      "geometry": {
        "type": "Polygon",
        "coordinates": [
          [
            [
              12.5314636,
              44.0793469
            ],
            [
              12.531462,
              44.0793033
            ],
            [
              12.5316474,
              44.0792999
            ],
            [
              12.5316489,
              44.0793435
            ],
            [
              12.5314636,
              44.0793469
            ]
          ]
        ]
      }
    },
    {
      "type": "Feature",
      "properties": {
        "id": 1395438090,
        "name": "",
        "access": "private",
        "fee": "",
        "capacity": "",
        "parking": ""
      },
      "geometry": {
        "type": "Polygon",
        "coordinates": [
          [
            [
              12.5312185,
              44.079589
            ],
            [
              12.5311487,
              44.0795341
            ],
            [
              12.5310723,
              44.0794712
            ],
            [
              12.5312567,
              44.0793531
            ],
            [
              12.5313648,
              44.0794403
            ],
            [
              12.5313241,
              44.0794664
            ],
            [
              12.5313622,
              44.0794971
            ],
            [
              12.5312185,
              44.079589
            ]
          ]
        ]
      }
    },
    {
      "type": "Feature",
      "properties": {
        "id": 1395438092,
        "name": "",
        "access": "",
        "fee": "",
        "capacity": "",
        "parking": "street_side"
      },
      "geometry": {
        "type": "Polygon",
        "coordinates": [
          [
            [
              12.5307496,
              44.0797632
            ],
            [
              12.5307146,
              44.0797347
            ],
            [
              12.5309485,
              44.0795864
            ],
            [
              12.5309834,
              44.0796149
            ],
            [
              12.5307496,
              44.0797632
            ]
          ]
        ]
      }
    },
    {
      "type": "Feature",
      "properties": {
        "id": 1395438094,
        "name": "",
        "access": "",
        "fee": "",
        "capacity": "",
        "parking": "street_side"
      },
      "geometry": {
        "type": "Polygon",
        "coordinates": [
          [
            [
              12.5311336,
              44.0797828
            ],
            [
              12.5311716,
              44.0797578
            ],
            [
              12.5313793,
              44.0799202
            ],
            [
              12.5313413,
              44.0799453
            ],
            [
              12.5311336,
              44.0797828
            ]
          ]
        ]
      }
    },
    {
      "type": "Feature",
      "properties": {
        "id": 1395438095,
        "name": "",
        "access": "",
        "fee": "",
        "capacity": "",
        "parking": "street_side"
      },
      "geometry": {
        "type": "Polygon",
        "coordinates": [
          [
            [
              12.5315324,
              44.08009
            ],
            [
              12.5315772,
              44.0800572
            ],
            [
              12.5316865,
              44.0801342
            ],
            [
              12.5316417,
              44.080167
            ],
            [
              12.5315324,
              44.08009
            ]
          ]
        ]
      }
    },
    {
      "type": "Feature",
      "properties": {
        "id": 1395438096,
        "name": "",
        "access": "",
        "fee": "",
        "capacity": "",
        "parking": "street_side"
      },
      "geometry": {
        "type": "Polygon",
        "coordinates": [
          [
            [
              12.5302645,
              44.0800675
            ],
            [
              12.5302316,
              44.0800406
            ],
            [
              12.5303893,
              44.0799412
            ],
            [
              12.5304223,
              44.0799682
            ],
            [
              12.5302645,
              44.0800675
            ]
          ]
        ]
      }
    },
    {
      "type": "Feature",
      "properties": {
        "id": 1395438097,
        "name": "",
        "access": "",
        "fee": "",
        "capacity": "",
        "parking": "street_side"
      },
      "geometry": {
        "type": "Polygon",
        "coordinates": [
          [
            [
              12.5305254,
              44.0801201
            ],
            [
              12.5304955,
              44.0800943
            ],
            [
              12.5303099,
              44.0802055
            ],
            [
              12.5303398,
              44.0802313
            ],
            [
              12.5305254,
              44.0801201
            ]
          ]
        ]
      }
    },
    {
      "type": "Feature",
      "properties": {
        "id": 1395438098,
        "name": "",
        "access": "",
        "fee": "",
        "capacity": "",
        "parking": "street_side"
      },
      "geometry": {
        "type": "Polygon",
        "coordinates": [
          [
            [
              12.5300686,
              44.0804121
            ],
            [
              12.5300324,
              44.0803838
            ],
            [
              12.5302811,
              44.0802191
            ],
            [
              12.5303174,
              44.0802473
            ],
            [
              12.5300686,
              44.0804121
            ]
          ]
        ]
      }
    },
    {
      "type": "Feature",
      "properties": {
        "id": 1395438099,
        "name": "",
        "access": "",
        "fee": "",
        "capacity": "",
        "parking": "street_side"
      },
      "geometry": {
        "type": "Polygon",
        "coordinates": [
          [
            [
              12.529746,
              44.0806125
            ],
            [
              12.5297115,
              44.0805855
            ],
            [
              12.5298752,
              44.0804775
            ],
            [
              12.5299097,
              44.0805045
            ],
            [
              12.529746,
              44.0806125
            ]
          ]
        ]
      }
    },
    {
      "type": "Feature",
      "properties": {
        "id": 1395438100,
        "name": "",
        "access": "",
        "fee": "",
        "capacity": "",
        "parking": "street_side"
      },
      "geometry": {
        "type": "Polygon",
        "coordinates": [
          [
            [
              12.5297531,
              44.080399
            ],
            [
              12.5297173,
              44.0803693
            ],
            [
              12.5298104,
              44.0803114
            ],
            [
              12.5298462,
              44.0803411
            ],
            [
              12.5297531,
              44.080399
            ]
          ]
        ]
      }
    },
    {
      "type": "Feature",
      "properties": {
        "id": 1395438101,
        "name": "",
        "access": "",
        "fee": "",
        "capacity": "",
        "parking": "street_side"
      },
      "geometry": {
        "type": "Polygon",
        "coordinates": [
          [
            [
              12.5299404,
              44.0802726
            ],
            [
              12.5299078,
              44.0802459
            ],
            [
              12.5301423,
              44.0800984
            ],
            [
              12.5301749,
              44.0801251
            ],
            [
              12.5299404,
              44.0802726
            ]
          ]
        ]
      }
    },
    {
      "type": "Feature",
      "properties": {
        "id": 1395438104,
        "name": "",
        "access": "private",
        "fee": "",
        "capacity": "",
        "parking": ""
      },
      "geometry": {
        "type": "Polygon",
        "coordinates": [
          [
            [
              12.5296874,
              44.0797001
            ],
            [
              12.5295479,
              44.0795801
            ],
            [
              12.5298395,
              44.0794053
            ],
            [
              12.5298808,
              44.0794408
            ],
            [
              12.5298486,
              44.0794601
            ],
            [
              12.5299468,
              44.0795446
            ],
            [
              12.5296874,
              44.0797001
            ]
          ]
        ]
      }
    },
    {
      "type": "Feature",
      "properties": {
        "id": 1395663155,
        "name": "",
        "access": "",
        "fee": "",
        "capacity": "",
        "parking": ""
      },
      "geometry": {
        "type": "Polygon",
        "coordinates": [
          [
            [
              12.4560643,
              44.0245013
            ],
            [
              12.4558764,
              44.0243903
            ],
            [
              12.4559656,
              44.0243123
            ],
            [
              12.4559396,
              44.0242969
            ],
            [
              12.4559941,
              44.0242493
            ],
            [
              12.4562079,
              44.0243756
            ],
            [
              12.4560643,
              44.0245013
            ]
          ]
        ]
      }
    },
    {
      "type": "Feature",
      "properties": {
        "id": 1395663156,
        "name": "",
        "access": "",
        "fee": "",
        "capacity": "",
        "parking": ""
      },
      "geometry": {
        "type": "Polygon",
        "coordinates": [
          [
            [
              12.4557423,
              44.024369
            ],
            [
              12.4557829,
              44.0243356
            ],
            [
              12.4558029,
              44.0243482
            ],
            [
              12.4558381,
              44.0243192
            ],
            [
              12.4557916,
              44.02429
            ],
            [
              12.4558188,
              44.0242676
            ],
            [
              12.4557907,
              44.0242499
            ],
            [
              12.4557151,
              44.0243121
            ],
            [
              12.4557288,
              44.0243207
            ],
            [
              12.4557014,
              44.0243433
            ],
            [
              12.4557423,
              44.024369
            ]
          ]
        ]
      }
    },
    {
      "type": "Feature",
      "properties": {
        "id": 1396499364,
        "name": "",
        "access": "",
        "fee": "",
        "capacity": "",
        "parking": ""
      },
      "geometry": {
        "type": "Polygon",
        "coordinates": [
          [
            [
              12.5897418,
              44.0434755
            ],
            [
              12.5898476,
              44.0434213
            ],
            [
              12.5897471,
              44.04331
            ],
            [
              12.590132,
              44.0432245
            ],
            [
              12.5900659,
              44.0430087
            ],
            [
              12.5897233,
              44.0430771
            ],
            [
              12.5894561,
              44.0432511
            ],
            [
              12.5897418,
              44.0434755
            ]
          ]
        ]
      }
    },
    {
      "type": "Feature",
      "properties": {
        "id": 1396738732,
        "name": "",
        "access": "customers",
        "fee": "",
        "capacity": "",
        "parking": "street_side"
      },
      "geometry": {
        "type": "Polygon",
        "coordinates": [
          [
            [
              12.5493544,
              44.060985
            ],
            [
              12.5493573,
              44.0609548
            ],
            [
              12.5495255,
              44.0609633
            ],
            [
              12.5495226,
              44.0609934
            ],
            [
              12.5494358,
              44.0609891
            ],
            [
              12.5493544,
              44.060985
            ]
          ]
        ]
      }
    },
    {
      "type": "Feature",
      "properties": {
        "id": 1396740091,
        "name": "",
        "access": "",
        "fee": "",
        "capacity": "",
        "parking": "street_side"
      },
      "geometry": {
        "type": "Polygon",
        "coordinates": [
          [
            [
              12.5756914,
              44.0744449
            ],
            [
              12.5756704,
              44.0743985
            ],
            [
              12.5759469,
              44.0741524
            ],
            [
              12.5759709,
              44.0741934
            ],
            [
              12.5756914,
              44.0744449
            ]
          ]
        ]
      }
    },
    {
      "type": "Feature",
      "properties": {
        "id": 1396740092,
        "name": "",
        "access": "",
        "fee": "",
        "capacity": "",
        "parking": "street_side"
      },
      "geometry": {
        "type": "Polygon",
        "coordinates": [
          [
            [
              12.5762098,
              44.0739748
            ],
            [
              12.576191,
              44.0739295
            ],
            [
              12.5765479,
              44.0736159
            ],
            [
              12.5765607,
              44.0736488
            ],
            [
              12.5762098,
              44.0739748
            ]
          ]
        ]
      }
    },
    {
      "type": "Feature",
      "properties": {
        "id": 1396740093,
        "name": "",
        "access": "",
        "fee": "",
        "capacity": "",
        "parking": "street_side"
      },
      "geometry": {
        "type": "Polygon",
        "coordinates": [
          [
            [
              12.5749522,
              44.0751143
            ],
            [
              12.5749349,
              44.0750671
            ],
            [
              12.5751538,
              44.0748638
            ],
            [
              12.5751772,
              44.0748973
            ],
            [
              12.5749522,
              44.0751143
            ]
          ]
        ]
      }
    },
    {
      "type": "Feature",
      "properties": {
        "id": 1396740094,
        "name": "",
        "access": "",
        "fee": "",
        "capacity": "",
        "parking": "street_side"
      },
      "geometry": {
        "type": "Polygon",
        "coordinates": [
          [
            [
              12.5751971,
              44.0748743
            ],
            [
              12.5751815,
              44.0748432
            ],
            [
              12.5754446,
              44.0745977
            ],
            [
              12.575468,
              44.0746368
            ],
            [
              12.5751971,
              44.0748743
            ]
          ]
        ]
      }
    },
    {
      "type": "Feature",
      "properties": {
        "id": 1409128733,
        "name": "",
        "access": "",
        "fee": "",
        "capacity": "",
        "parking": ""
      },
      "geometry": {
        "type": "Polygon",
        "coordinates": [
          [
            [
              12.5272909,
              44.0859909
            ],
            [
              12.5274011,
              44.0858635
            ],
            [
              12.5277707,
              44.0860285
            ],
            [
              12.5276604,
              44.0861559
            ],
            [
              12.5272909,
              44.0859909
            ]
          ]
        ]
      }
    },
    {
      "type": "Feature",
      "properties": {
        "id": 1409128734,
        "name": "",
        "access": "",
        "fee": "",
        "capacity": "",
        "parking": ""
      },
      "geometry": {
        "type": "Polygon",
        "coordinates": [
          [
            [
              12.5277337,
              44.0861834
            ],
            [
              12.5280878,
              44.0863641
            ],
            [
              12.5282342,
              44.0862157
            ],
            [
              12.527864,
              44.0860349
            ],
            [
              12.5277337,
              44.0861834
            ]
          ]
        ]
      }
    },
    {
      "type": "Feature",
      "properties": {
        "id": 1409394504,
        "name": "",
        "access": "private",
        "fee": "",
        "capacity": "",
        "parking": ""
      },
      "geometry": {
        "type": "Polygon",
        "coordinates": [
          [
            [
              12.6184238,
              44.0309708
            ],
            [
              12.6184603,
              44.0309433
            ],
            [
              12.6185212,
              44.0308974
            ],
            [
              12.6184634,
              44.0308578
            ],
            [
              12.618366,
              44.0309312
            ],
            [
              12.6184238,
              44.0309708
            ]
          ]
        ]
      }
    },
    {
      "type": "Feature",
      "properties": {
        "id": 1409394506,
        "name": "",
        "access": "private",
        "fee": "",
        "capacity": "",
        "parking": "street_side"
      },
      "geometry": {
        "type": "Polygon",
        "coordinates": [
          [
            [
              12.6183472,
              44.0310046
            ],
            [
              12.6183612,
              44.0309932
            ],
            [
              12.6182836,
              44.0309441
            ],
            [
              12.6182697,
              44.0309555
            ],
            [
              12.6183472,
              44.0310046
            ]
          ]
        ]
      }
    },
    {
      "type": "Feature",
      "properties": {
        "id": 1409656565,
        "name": "",
        "access": "",
        "fee": "",
        "capacity": "",
        "parking": "street_side"
      },
      "geometry": {
        "type": "Polygon",
        "coordinates": [
          [
            [
              12.5735401,
              44.046126
            ],
            [
              12.5735731,
              44.0461016
            ],
            [
              12.5731736,
              44.0458223
            ],
            [
              12.5731405,
              44.0458468
            ],
            [
              12.5735401,
              44.046126
            ]
          ]
        ]
      }
    },
    {
      "type": "Feature",
      "properties": {
        "id": 1409656566,
        "name": "",
        "access": "",
        "fee": "",
        "capacity": "",
        "parking": "street_side"
      },
      "geometry": {
        "type": "Polygon",
        "coordinates": [
          [
            [
              12.5728288,
              44.0456355
            ],
            [
              12.5728575,
              44.0456125
            ],
            [
              12.5723964,
              44.0452942
            ],
            [
              12.5723651,
              44.0453228
            ],
            [
              12.5728288,
              44.0456355
            ]
          ]
        ]
      }
    },
    {
      "type": "Feature",
      "properties": {
        "id": 1410486738,
        "name": "",
        "access": "",
        "fee": "",
        "capacity": "",
        "parking": "street_side"
      },
      "geometry": {
        "type": "Polygon",
        "coordinates": [
          [
            [
              12.5393955,
              44.0721463
            ],
            [
              12.5393586,
              44.0721319
            ],
            [
              12.5396291,
              44.0717755
            ],
            [
              12.5396658,
              44.0717899
            ],
            [
              12.5393955,
              44.0721463
            ]
          ]
        ]
      }
    },
    {
      "type": "Feature",
      "properties": {
        "id": 1410486739,
        "name": "",
        "access": "private",
        "fee": "",
        "capacity": "",
        "parking": "street_side"
      },
      "geometry": {
        "type": "Polygon",
        "coordinates": [
          [
            [
              12.5393943,
              44.0718838
            ],
            [
              12.5393399,
              44.0718631
            ],
            [
              12.5393943,
              44.0717893
            ],
            [
              12.5394398,
              44.0718066
            ],
            [
              12.5394487,
              44.0718101
            ],
            [
              12.5393943,
              44.0718838
            ]
          ]
        ]
      }
    },
    {
      "type": "Feature",
      "properties": {
        "id": 1410486740,
        "name": "",
        "access": "private",
        "fee": "",
        "capacity": "",
        "parking": "street_side"
      },
      "geometry": {
        "type": "Polygon",
        "coordinates": [
          [
            [
              12.5394398,
              44.0718066
            ],
            [
              12.5395033,
              44.0717274
            ],
            [
              12.5394463,
              44.0717038
            ],
            [
              12.5393822,
              44.0717838
            ],
            [
              12.5393943,
              44.0717893
            ],
            [
              12.5394398,
              44.0718066
            ]
          ]
        ]
      }
    },
    {
      "type": "Feature",
      "properties": {
        "id": 1410486742,
        "name": "",
        "access": "private",
        "fee": "",
        "capacity": "2",
        "parking": "street_side"
      },
      "geometry": {
        "type": "Polygon",
        "coordinates": [
          [
            [
              12.5395678,
              44.0716914
            ],
            [
              12.5395829,
              44.0716673
            ],
            [
              12.5395485,
              44.0716561
            ],
            [
              12.5395741,
              44.0716153
            ],
            [
              12.539612,
              44.0716276
            ],
            [
              12.5395988,
              44.0716488
            ],
            [
              12.5396271,
              44.0716579
            ],
            [
              12.5395997,
              44.0717017
            ],
            [
              12.5395678,
              44.0716914
            ]
          ]
        ]
      }
    },
    {
      "type": "Feature",
      "properties": {
        "id": 1410836377,
        "name": "",
        "access": "yes",
        "fee": "no",
        "capacity": "2",
        "parking": "street_side"
      },
      "geometry": {
        "type": "Polygon",
        "coordinates": [
          [
            [
              12.4524556,
              44.0198026
            ],
            [
              12.45256,
              44.0197616
            ],
            [
              12.452552,
              44.0197511
            ],
            [
              12.4524476,
              44.0197921
            ],
            [
              12.4524556,
              44.0198026
            ]
          ]
        ]
      }
    },
    {
      "type": "Feature",
      "properties": {
        "id": 1410836378,
        "name": "",
        "access": "",
        "fee": "no",
        "capacity": "1",
        "parking": "street_side"
      },
      "geometry": {
        "type": "Polygon",
        "coordinates": [
          [
            [
              12.4522877,
              44.0198735
            ],
            [
              12.452346,
              44.0198491
            ],
            [
              12.452337,
              44.019838
            ],
            [
              12.4522787,
              44.0198624
            ],
            [
              12.4522877,
              44.0198735
            ]
          ]
        ]
      }
    },
    {
      "type": "Feature",
      "properties": {
        "id": 1410836379,
        "name": "",
        "access": "",
        "fee": "no",
        "capacity": "6",
        "parking": "street_side"
      },
      "geometry": {
        "type": "Polygon",
        "coordinates": [
          [
            [
              12.45182,
              44.0197861
            ],
            [
              12.4518547,
              44.019737
            ],
            [
              12.4519538,
              44.019869
            ],
            [
              12.4519224,
              44.0199101
            ],
            [
              12.45182,
              44.0197861
            ]
          ]
        ]
      }
    },
    {
      "type": "Feature",
      "properties": {
        "id": 1411751535,
        "name": "",
        "access": "",
        "fee": "",
        "capacity": "",
        "parking": "street_side"
      },
      "geometry": {
        "type": "Polygon",
        "coordinates": [
          [
            [
              12.4508562,
              44.0199125
            ],
            [
              12.4508682,
              44.0199025
            ],
            [
              12.4507407,
              44.0198235
            ],
            [
              12.4507287,
              44.0198335
            ],
            [
              12.4508562,
              44.0199125
            ]
          ]
        ]
      }
    },
    {
      "type": "Feature",
      "properties": {
        "id": 1411753388,
        "name": "",
        "access": "",
        "fee": "",
        "capacity": "",
        "parking": "street_side"
      },
      "geometry": {
        "type": "Polygon",
        "coordinates": [
          [
            [
              12.5370875,
              44.0801781
            ],
            [
              12.5371131,
              44.0801583
            ],
            [
              12.5367191,
              44.0798959
            ],
            [
              12.5366934,
              44.0799158
            ],
            [
              12.5370875,
              44.0801781
            ]
          ]
        ]
      }
    },
    {
      "type": "Feature",
      "properties": {
        "id": 1412873007,
        "name": "",
        "access": "yes",
        "fee": "no",
        "capacity": "",
        "parking": "street_side"
      },
      "geometry": {
        "type": "Polygon",
        "coordinates": [
          [
            [
              12.5819887,
              44.0451506
            ],
            [
              12.5820398,
              44.0451855
            ],
            [
              12.5825021,
              44.0449267
            ],
            [
              12.5824431,
              44.0448772
            ],
            [
              12.5819887,
              44.0451506
            ]
          ]
        ]
      }
    },
    {
      "type": "Feature",
      "properties": {
        "id": 1412873008,
        "name": "",
        "access": "yes",
        "fee": "",
        "capacity": "",
        "parking": "street_side"
      },
      "geometry": {
        "type": "Polygon",
        "coordinates": [
          [
            [
              12.5836298,
              44.0442283
            ],
            [
              12.5835904,
              44.0441966
            ],
            [
              12.5832852,
              44.0443951
            ],
            [
              12.5831764,
              44.0444829
            ],
            [
              12.5832191,
              44.0445114
            ],
            [
              12.5833275,
              44.0444261
            ],
            [
              12.5836298,
              44.0442283
            ]
          ]
        ]
      }
    },
    {
      "type": "Feature",
      "properties": {
        "id": 1413147449,
        "name": "",
        "access": "yes",
        "fee": "no",
        "capacity": "",
        "parking": "surface"
      },
      "geometry": {
        "type": "Polygon",
        "coordinates": [
          [
            [
              12.5608847,
              44.0522113
            ],
            [
              12.5607175,
              44.0520677
            ],
            [
              12.5609408,
              44.0519332
            ],
            [
              12.5611081,
              44.0520769
            ],
            [
              12.5608847,
              44.0522113
            ]
          ]
        ]
      }
    },
    {
      "type": "Feature",
      "properties": {
        "id": 1413784082,
        "name": "",
        "access": "",
        "fee": "",
        "capacity": "",
        "parking": "street_side"
      },
      "geometry": {
        "type": "Polygon",
        "coordinates": [
          [
            [
              12.5319639,
              44.0797304
            ],
            [
              12.5318918,
              44.0796793
            ],
            [
              12.5318911,
              44.0796471
            ],
            [
              12.5322183,
              44.0796433
            ],
            [
              12.5322202,
              44.0797274
            ],
            [
              12.5319639,
              44.0797304
            ]
          ]
        ]
      }
    },
    {
      "type": "Feature",
      "properties": {
        "id": 1413784083,
        "name": "",
        "access": "",
        "fee": "",
        "capacity": "",
        "parking": "street_side"
      },
      "geometry": {
        "type": "Polygon",
        "coordinates": [
          [
            [
              12.532335,
              44.0797286
            ],
            [
              12.532333,
              44.0796866
            ],
            [
              12.5325734,
              44.0796809
            ],
            [
              12.5325754,
              44.0797229
            ],
            [
              12.532335,
              44.0797286
            ]
          ]
        ]
      }
    },
    {
      "type": "Feature",
      "properties": {
        "id": 1413784318,
        "name": "",
        "access": "",
        "fee": "",
        "capacity": "",
        "parking": "street_side"
      },
      "geometry": {
        "type": "Polygon",
        "coordinates": [
          [
            [
              12.5913445,
              44.0482207
            ],
            [
              12.5913126,
              44.0481982
            ],
            [
              12.5914031,
              44.0481321
            ],
            [
              12.591435,
              44.0481546
            ],
            [
              12.5913445,
              44.0482207
            ]
          ]
        ]
      }
    },
    {
      "type": "Feature",
      "properties": {
        "id": 1414065136,
        "name": "",
        "access": "",
        "fee": "",
        "capacity": "",
        "parking": "surface"
      },
      "geometry": {
        "type": "Polygon",
        "coordinates": [
          [
            [
              12.5076707,
              44.1075917
            ],
            [
              12.5073714,
              44.1073683
            ],
            [
              12.5070639,
              44.107581
            ],
            [
              12.5068521,
              44.1074291
            ],
            [
              12.5065281,
              44.1076581
            ],
            [
              12.5070506,
              44.1080654
            ],
            [
              12.5076707,
              44.1075917
            ]
          ]
        ]
      }
    },
    {
      "type": "Feature",
      "properties": {
        "id": 1414819471,
        "name": "",
        "access": "",
        "fee": "",
        "capacity": "",
        "parking": ""
      },
      "geometry": {
        "type": "Polygon",
        "coordinates": [
          [
            [
              12.5802391,
              44.0360599
            ],
            [
              12.5800943,
              44.0360522
            ],
            [
              12.5799724,
              44.036085
            ],
            [
              12.5798536,
              44.0361628
            ],
            [
              12.5798109,
              44.0362778
            ],
            [
              12.5797195,
              44.0367061
            ],
            [
              12.5802604,
              44.0368014
            ],
            [
              12.5802223,
              44.036613
            ],
            [
              12.580265,
              44.0364651
            ],
            [
              12.580335,
              44.0362625
            ],
            [
              12.5803792,
              44.0361464
            ],
            [
              12.5802391,
              44.0360599
            ]
          ]
        ]
      }
    },
    {
      "type": "Feature",
      "properties": {
        "id": 1414819472,
        "name": "",
        "access": "",
        "fee": "",
        "capacity": "",
        "parking": "street_side"
      },
      "geometry": {
        "type": "Polygon",
        "coordinates": [
          [
            [
              12.5803892,
              44.0400574
            ],
            [
              12.580448,
              44.040064
            ],
            [
              12.5800764,
              44.0396263
            ],
            [
              12.580046,
              44.0396227
            ],
            [
              12.5800104,
              44.0396174
            ],
            [
              12.5803892,
              44.0400574
            ]
          ]
        ]
      }
    },
    {
      "type": "Feature",
      "properties": {
        "id": 1414819473,
        "name": "",
        "access": "",
        "fee": "",
        "capacity": "",
        "parking": "street_side"
      },
      "geometry": {
        "type": "Polygon",
        "coordinates": [
          [
            [
              12.5800104,
              44.0396174
            ],
            [
              12.5799864,
              44.0396138
            ],
            [
              12.5800884,
              44.0392596
            ],
            [
              12.5801479,
              44.0392685
            ],
            [
              12.580046,
              44.0396227
            ],
            [
              12.5800104,
              44.0396174
            ]
          ]
        ]
      }
    },
    {
      "type": "Feature",
      "properties": {
        "id": 1414819475,
        "name": "",
        "access": "",
        "fee": "",
        "capacity": "",
        "parking": "street_side"
      },
      "geometry": {
        "type": "Polygon",
        "coordinates": [
          [
            [
              12.5807541,
              44.0404095
            ],
            [
              12.5808042,
              44.0403849
            ],
            [
              12.5814026,
              44.0410142
            ],
            [
              12.5813527,
              44.0410387
            ],
            [
              12.5807541,
              44.0404095
            ]
          ]
        ]
      }
    },
    {
      "type": "Feature",
      "properties": {
        "id": 1414819476,
        "name": "",
        "access": "",
        "fee": "",
        "capacity": "",
        "parking": "street_side"
      },
      "geometry": {
        "type": "Polygon",
        "coordinates": [
          [
            [
              12.5814175,
              44.0410808
            ],
            [
              12.5814344,
              44.0410405
            ],
            [
              12.5816655,
              44.0411659
            ],
            [
              12.581657,
              44.0412098
            ],
            [
              12.5814175,
              44.0410808
            ]
          ]
        ]
      }
    },
    {
      "type": "Feature",
      "properties": {
        "id": 1414819477,
        "name": "",
        "access": "",
        "fee": "",
        "capacity": "",
        "parking": "street_side"
      },
      "geometry": {
        "type": "Polygon",
        "coordinates": [
          [
            [
              12.5817028,
              44.0412331
            ],
            [
              12.5817819,
              44.0412673
            ],
            [
              12.5824353,
              44.0412409
            ],
            [
              12.5824332,
              44.0412142
            ],
            [
              12.581815,
              44.0412392
            ],
            [
              12.581733,
              44.041218
            ],
            [
              12.5817028,
              44.0412331
            ]
          ]
        ]
      }
    },
    {
      "type": "Feature",
      "properties": {
        "id": 1414819480,
        "name": "",
        "access": "",
        "fee": "",
        "capacity": "",
        "parking": "street_side"
      },
      "geometry": {
        "type": "Polygon",
        "coordinates": [
          [
            [
              12.5806615,
              44.0403151
            ],
            [
              12.5806204,
              44.0402698
            ],
            [
              12.5806645,
              44.0402371
            ],
            [
              12.5807141,
              44.0402911
            ],
            [
              12.5806615,
              44.0403151
            ]
          ]
        ]
      }
    },
    {
      "type": "Feature",
      "properties": {
        "id": 1414819772,
        "name": "",
        "access": "",
        "fee": "",
        "capacity": "",
        "parking": "street_side"
      },
      "geometry": {
        "type": "Polygon",
        "coordinates": [
          [
            [
              12.5763391,
              44.0426865
            ],
            [
              12.5763351,
              44.0426514
            ],
            [
              12.5771138,
              44.0426061
            ],
            [
              12.5771178,
              44.0426412
            ],
            [
              12.5763391,
              44.0426865
            ]
          ]
        ]
      }
    },
    {
      "type": "Feature",
      "properties": {
        "id": 1420120355,
        "name": "",
        "access": "",
        "fee": "",
        "capacity": "",
        "parking": "street_side"
      },
      "geometry": {
        "type": "Polygon",
        "coordinates": [
          [
            [
              12.5391379,
              44.0830065
            ],
            [
              12.5390967,
              44.0829764
            ],
            [
              12.539245,
              44.0828717
            ],
            [
              12.5392862,
              44.0829017
            ],
            [
              12.5391379,
              44.0830065
            ]
          ]
        ]
      }
    },
    {
      "type": "Feature",
      "properties": {
        "id": 1420120356,
        "name": "",
        "access": "",
        "fee": "",
        "capacity": "",
        "parking": "street_side"
      },
      "geometry": {
        "type": "Polygon",
        "coordinates": [
          [
            [
              12.5392644,
              44.0828583
            ],
            [
              12.5392985,
              44.0828367
            ],
            [
              12.5388229,
              44.08245
            ],
            [
              12.5387886,
              44.0824718
            ],
            [
              12.5392644,
              44.0828583
            ]
          ]
        ]
      }
    },
    {
      "type": "Feature",
      "properties": {
        "id": 1421680793,
        "name": "",
        "access": "yes",
        "fee": "",
        "capacity": "",
        "parking": "street_side"
      },
      "geometry": {
        "type": "Polygon",
        "coordinates": [
          [
            [
              12.5902798,
              44.0591966
            ],
            [
              12.5902932,
              44.0591438
            ],
            [
              12.5907257,
              44.0594109
            ],
            [
              12.5906839,
              44.0594472
            ],
            [
              12.5902798,
              44.0591966
            ]
          ]
        ]
      }
    },
    {
      "type": "Feature",
      "properties": {
        "id": 1421681667,
        "name": "",
        "access": "customers",
        "fee": "yes",
        "capacity": "",
        "parking": ""
      },
      "geometry": {
        "type": "Polygon",
        "coordinates": [
          [
            [
              12.5814948,
              44.0614621
            ],
            [
              12.5812643,
              44.0613045
            ],
            [
              12.5814061,
              44.0611974
            ],
            [
              12.5816365,
              44.0613551
            ],
            [
              12.5814948,
              44.0614621
            ]
          ]
        ]
      }
    },
    {
      "type": "Feature",
      "properties": {
        "id": 1421681668,
        "name": "",
        "access": "private",
        "fee": "yes",
        "capacity": "",
        "parking": ""
      },
      "geometry": {
        "type": "Polygon",
        "coordinates": [
          [
            [
              12.5816365,
              44.0613551
            ],
            [
              12.5819057,
              44.0611574
            ],
            [
              12.5817413,
              44.0610637
            ],
            [
              12.5814061,
              44.0611974
            ],
            [
              12.5816365,
              44.0613551
            ]
          ]
        ]
      }
    },
    {
      "type": "Feature",
      "properties": {
        "id": 1421681669,
        "name": "",
        "access": "private",
        "fee": "yes",
        "capacity": "",
        "parking": ""
      },
      "geometry": {
        "type": "Polygon",
        "coordinates": [
          [
            [
              12.5812643,
              44.0613045
            ],
            [
              12.5812378,
              44.0612924
            ],
            [
              12.5808504,
              44.0615446
            ],
            [
              12.5811165,
              44.0617452
            ],
            [
              12.5814948,
              44.0614621
            ],
            [
              12.5812643,
              44.0613045
            ]
          ]
        ]
      }
    },
    {
      "type": "Feature",
      "properties": {
        "id": 1422225589,
        "name": "",
        "access": "",
        "fee": "",
        "capacity": "",
        "parking": ""
      },
      "geometry": {
        "type": "Polygon",
        "coordinates": [
          [
            [
              12.5833387,
              44.0523889
            ],
            [
              12.5833837,
              44.0523671
            ],
            [
              12.5833448,
              44.0523372
            ],
            [
              12.5834556,
              44.0522259
            ],
            [
              12.583356,
              44.052109
            ],
            [
              12.5831354,
              44.052234
            ],
            [
              12.5833387,
              44.0523889
            ]
          ]
        ]
      }
    },
    {
      "type": "Feature",
      "properties": {
        "id": 1422227434,
        "name": "",
        "access": "",
        "fee": "",
        "capacity": "",
        "parking": "street_side"
      },
      "geometry": {
        "type": "Polygon",
        "coordinates": [
          [
            [
              12.5885666,
              44.0543494
            ],
            [
              12.5886036,
              44.0543246
            ],
            [
              12.5888425,
              44.0544644
            ],
            [
              12.5887892,
              44.0544796
            ],
            [
              12.5885666,
              44.0543494
            ]
          ]
        ]
      }
    },
    {
      "type": "Feature",
      "properties": {
        "id": 1422793250,
        "name": "",
        "access": "",
        "fee": "yes",
        "capacity": "",
        "parking": "street_side"
      },
      "geometry": {
        "type": "Polygon",
        "coordinates": [
          [
            [
              12.595134,
              44.0553993
            ],
            [
              12.5950716,
              44.0553937
            ],
            [
              12.5949453,
              44.05551
            ],
            [
              12.5950059,
              44.0555181
            ],
            [
              12.595134,
              44.0553993
            ]
          ]
        ]
      }
    },
    {
      "type": "Feature",
      "properties": {
        "id": 1422793251,
        "name": "",
        "access": "",
        "fee": "yes",
        "capacity": "",
        "parking": "street_side"
      },
      "geometry": {
        "type": "Polygon",
        "coordinates": [
          [
            [
              12.5949632,
              44.0555691
            ],
            [
              12.5948941,
              44.055563
            ],
            [
              12.5947375,
              44.0557107
            ],
            [
              12.5948067,
              44.0557154
            ],
            [
              12.5949632,
              44.0555691
            ]
          ]
        ]
      }
    },
    {
      "type": "Feature",
      "properties": {
        "id": 1422793252,
        "name": "",
        "access": "",
        "fee": "yes",
        "capacity": "",
        "parking": "street_side"
      },
      "geometry": {
        "type": "Polygon",
        "coordinates": [
          [
            [
              12.5956099,
              44.0549477
            ],
            [
              12.5955493,
              44.0549388
            ],
            [
              12.5957358,
              44.0547588
            ],
            [
              12.5958056,
              44.0547612
            ],
            [
              12.5956099,
              44.0549477
            ]
          ]
        ]
      }
    },
    {
      "type": "Feature",
      "properties": {
        "id": 1422793255,
        "name": "",
        "access": "",
        "fee": "yes",
        "capacity": "",
        "parking": "street_side"
      },
      "geometry": {
        "type": "Polygon",
        "coordinates": [
          [
            [
              12.5958786,
              44.0546979
            ],
            [
              12.5958102,
              44.0546899
            ],
            [
              12.5958767,
              44.0546243
            ],
            [
              12.5959595,
              44.0546313
            ],
            [
              12.5958786,
              44.0546979
            ]
          ]
        ]
      }
    },
    {
      "type": "Feature",
      "properties": {
        "id": 1422793256,
        "name": "",
        "access": "",
        "fee": "yes",
        "capacity": "",
        "parking": "street_side"
      },
      "geometry": {
        "type": "Polygon",
        "coordinates": [
          [
            [
              12.595708,
              44.0550021
            ],
            [
              12.5957051,
              44.0549867
            ],
            [
              12.5958224,
              44.0549754
            ],
            [
              12.5958253,
              44.0549909
            ],
            [
              12.595708,
              44.0550021
            ]
          ]
        ]
      }
    },
    {
      "type": "Feature",
      "properties": {
        "id": 1422793257,
        "name": "",
        "access": "",
        "fee": "yes",
        "capacity": "",
        "parking": "street_side"
      },
      "geometry": {
        "type": "Polygon",
        "coordinates": [
          [
            [
              12.595862,
              44.0549618
            ],
            [
              12.5958439,
              44.054952
            ],
            [
              12.5961818,
              44.0546305
            ],
            [
              12.5961998,
              44.0546402
            ],
            [
              12.595862,
              44.0549618
            ]
          ]
        ]
      }
    },
    {
      "type": "Feature",
      "properties": {
        "id": 1422793258,
        "name": "",
        "access": "",
        "fee": "yes",
        "capacity": "",
        "parking": "street_side"
      },
      "geometry": {
        "type": "Polygon",
        "coordinates": [
          [
            [
              12.5962566,
              44.0545861
            ],
            [
              12.5962405,
              44.054577
            ],
            [
              12.596472,
              44.0543661
            ],
            [
              12.596488,
              44.0543752
            ],
            [
              12.5962566,
              44.0545861
            ]
          ]
        ]
      }
    },
    {
      "type": "Feature",
      "properties": {
        "id": 1422793259,
        "name": "",
        "access": "",
        "fee": "yes",
        "capacity": "",
        "parking": "street_side"
      },
      "geometry": {
        "type": "Polygon",
        "coordinates": [
          [
            [
              12.5964674,
              44.0543465
            ],
            [
              12.5964907,
              44.0543443
            ],
            [
              12.5964787,
              44.0542789
            ],
            [
              12.5964553,
              44.0542811
            ],
            [
              12.5964674,
              44.0543465
            ]
          ]
        ]
      }
    },
    {
      "type": "Feature",
      "properties": {
        "id": 1422793260,
        "name": "",
        "access": "",
        "fee": "yes",
        "capacity": "",
        "parking": "street_side"
      },
      "geometry": {
        "type": "Polygon",
        "coordinates": [
          [
            [
              12.5960872,
              44.0544884
            ],
            [
              12.5960263,
              44.0544803
            ],
            [
              12.5963913,
              44.0541504
            ],
            [
              12.596451,
              44.0541593
            ],
            [
              12.5960872,
              44.0544884
            ]
          ]
        ]
      }
    },
    {
      "type": "Feature",
      "properties": {
        "id": 1422793263,
        "name": "",
        "access": "",
        "fee": "yes",
        "capacity": "",
        "parking": "street_side"
      },
      "geometry": {
        "type": "Polygon",
        "coordinates": [
          [
            [
              12.5965131,
              44.0540939
            ],
            [
              12.5964522,
              44.0540917
            ],
            [
              12.5966038,
              44.053951
            ],
            [
              12.5966624,
              44.0539565
            ],
            [
              12.5965131,
              44.0540939
            ]
          ]
        ]
      }
    },
    {
      "type": "Feature",
      "properties": {
        "id": 1422793265,
        "name": "",
        "access": "",
        "fee": "yes",
        "capacity": "",
        "parking": "street_side"
      },
      "geometry": {
        "type": "Polygon",
        "coordinates": [
          [
            [
              12.5967665,
              44.0538808
            ],
            [
              12.5966871,
              44.0538765
            ],
            [
              12.5967129,
              44.0538484
            ],
            [
              12.5967837,
              44.0538546
            ],
            [
              12.5967665,
              44.0538808
            ]
          ]
        ]
      }
    },
    {
      "type": "Feature",
      "properties": {
        "id": 1422793268,
        "name": "",
        "access": "",
        "fee": "yes",
        "capacity": "",
        "parking": "street_side"
      },
      "geometry": {
        "type": "Polygon",
        "coordinates": [
          [
            [
              12.5968591,
              44.0537795
            ],
            [
              12.5967963,
              44.0537772
            ],
            [
              12.5969054,
              44.053675
            ],
            [
              12.5969622,
              44.0536816
            ],
            [
              12.5968591,
              44.0537795
            ]
          ]
        ]
      }
    },
    {
      "type": "Feature",
      "properties": {
        "id": 1422793273,
        "name": "",
        "access": "",
        "fee": "yes",
        "capacity": "",
        "parking": "street_side"
      },
      "geometry": {
        "type": "Polygon",
        "coordinates": [
          [
            [
              12.5970241,
              44.053632
            ],
            [
              12.5969593,
              44.0536245
            ],
            [
              12.5971303,
              44.053464
            ],
            [
              12.5971941,
              44.0534731
            ],
            [
              12.5970241,
              44.053632
            ]
          ]
        ]
      }
    },
    {
      "type": "Feature",
      "properties": {
        "id": 1422793277,
        "name": "",
        "access": "",
        "fee": "yes",
        "capacity": "",
        "parking": "street_side"
      },
      "geometry": {
        "type": "Polygon",
        "coordinates": [
          [
            [
              12.5972924,
              44.0533814
            ],
            [
              12.5972256,
              44.0533795
            ],
            [
              12.5974055,
              44.0532141
            ],
            [
              12.5974762,
              44.0532189
            ],
            [
              12.5972924,
              44.0533814
            ]
          ]
        ]
      }
    },
    {
      "type": "Feature",
      "properties": {
        "id": 1424332442,
        "name": "",
        "access": "",
        "fee": "",
        "capacity": "",
        "parking": "street_side"
      },
      "geometry": {
        "type": "Polygon",
        "coordinates": [
          [
            [
              12.5737827,
              44.0473935
            ],
            [
              12.5737781,
              44.0473768
            ],
            [
              12.5743651,
              44.047293
            ],
            [
              12.5743697,
              44.0473097
            ],
            [
              12.5737827,
              44.0473935
            ]
          ]
        ]
      }
    },
    {
      "type": "Feature",
      "properties": {
        "id": 1424332443,
        "name": "",
        "access": "",
        "fee": "",
        "capacity": "",
        "parking": "street_side"
      },
      "geometry": {
        "type": "Polygon",
        "coordinates": [
          [
            [
              12.5746739,
              44.0472658
            ],
            [
              12.574669,
              44.0472475
            ],
            [
              12.5752463,
              44.0471676
            ],
            [
              12.5752512,
              44.0471859
            ],
            [
              12.5746739,
              44.0472658
            ]
          ]
        ]
      }
    },
    {
      "type": "Feature",
      "properties": {
        "id": 1424725419,
        "name": "",
        "access": "",
        "fee": "",
        "capacity": "",
        "parking": "street_side"
      },
      "geometry": {
        "type": "Polygon",
        "coordinates": [
          [
            [
              12.5531758,
              44.0570797
            ],
            [
              12.5531753,
              44.0570385
            ],
            [
              12.553322,
              44.0570375
            ],
            [
              12.5533225,
              44.0570787
            ],
            [
              12.5531758,
              44.0570797
            ]
          ]
        ]
      }
    },
    {
      "type": "Feature",
      "properties": {
        "id": 1424727648,
        "name": "",
        "access": "",
        "fee": "",
        "capacity": "",
        "parking": "street_side"
      },
      "geometry": {
        "type": "Polygon",
        "coordinates": [
          [
            [
              12.5631783,
              44.0448384
            ],
            [
              12.5632133,
              44.0448139
            ],
            [
              12.5628944,
              44.044578
            ],
            [
              12.5628594,
              44.0446024
            ],
            [
              12.5631783,
              44.0448384
            ]
          ]
        ]
      }
    },
    {
      "type": "Feature",
      "properties": {
        "id": 1424727997,
        "name": "",
        "access": "",
        "fee": "",
        "capacity": "",
        "parking": "street_side"
      },
      "geometry": {
        "type": "Polygon",
        "coordinates": [
          [
            [
              12.5294007,
              44.0874447
            ],
            [
              12.5293474,
              44.0874239
            ],
            [
              12.5291615,
              44.0876438
            ],
            [
              12.5292011,
              44.08768
            ],
            [
              12.5294007,
              44.0874447
            ]
          ]
        ]
      }
    },
    {
      "type": "Feature",
      "properties": {
        "id": 1424727998,
        "name": "",
        "access": "",
        "fee": "",
        "capacity": "",
        "parking": "street_side"
      },
      "geometry": {
        "type": "Polygon",
        "coordinates": [
          [
            [
              12.5291133,
              44.0875352
            ],
            [
              12.5290696,
              44.0875145
            ],
            [
              12.5295927,
              44.0869418
            ],
            [
              12.5296366,
              44.0869625
            ],
            [
              12.5291133,
              44.0875352
            ]
          ]
        ]
      }
    },
    {
      "type": "Feature",
      "properties": {
        "id": 1424727999,
        "name": "",
        "access": "",
        "fee": "",
        "capacity": "",
        "parking": "street_side"
      },
      "geometry": {
        "type": "Polygon",
        "coordinates": [
          [
            [
              12.5295805,
              44.0874766
            ],
            [
              12.5295376,
              44.087457
            ],
            [
              12.529841,
              44.087115
            ],
            [
              12.5298837,
              44.0871345
            ],
            [
              12.5295805,
              44.0874766
            ]
          ]
        ]
      }
    },
    {
      "type": "Feature",
      "properties": {
        "id": 1424728448,
        "name": "",
        "access": "",
        "fee": "",
        "capacity": "",
        "parking": ""
      },
      "geometry": {
        "type": "Polygon",
        "coordinates": [
          [
            [
              12.5287635,
              44.0883834
            ],
            [
              12.5288222,
              44.0883608
            ],
            [
              12.5288551,
              44.088405
            ],
            [
              12.5290699,
              44.0883226
            ],
            [
              12.5292052,
              44.0882706
            ],
            [
              12.5290699,
              44.0880888
            ],
            [
              12.5289962,
              44.0881171
            ],
            [
              12.5289734,
              44.0880865
            ],
            [
              12.5286383,
              44.088215
            ],
            [
              12.5287635,
              44.0883834
            ]
          ]
        ]
      }
    },
    {
      "type": "Feature",
      "properties": {
        "id": 1425219709,
        "name": "",
        "access": "",
        "fee": "",
        "capacity": "",
        "parking": ""
      },
      "geometry": {
        "type": "Polygon",
        "coordinates": [
          [
            [
              12.530248,
              44.0780653
            ],
            [
              12.5299081,
              44.0779551
            ],
            [
              12.5299002,
              44.0778515
            ],
            [
              12.5303485,
              44.0778354
            ],
            [
              12.5303644,
              44.0780121
            ],
            [
              12.530248,
              44.0780653
            ]
          ]
        ]
      }
    },
    {
      "type": "Feature",
      "properties": {
        "id": 1425219711,
        "name": "",
        "access": "",
        "fee": "",
        "capacity": "",
        "parking": "street_side"
      },
      "geometry": {
        "type": "Polygon",
        "coordinates": [
          [
            [
              12.5285775,
              44.0780245
            ],
            [
              12.5285771,
              44.0779801
            ],
            [
              12.5287077,
              44.0779794
            ],
            [
              12.5287082,
              44.0780239
            ],
            [
              12.5285775,
              44.0780245
            ]
          ]
        ]
      }
    },
    {
      "type": "Feature",
      "properties": {
        "id": 1425219712,
        "name": "",
        "access": "",
        "fee": "",
        "capacity": "",
        "parking": "street_side"
      },
      "geometry": {
        "type": "Polygon",
        "coordinates": [
          [
            [
              12.5287355,
              44.0780223
            ],
            [
              12.5287345,
              44.0779782
            ],
            [
              12.528856,
              44.0779767
            ],
            [
              12.5288571,
              44.0780209
            ],
            [
              12.5287355,
              44.0780223
            ]
          ]
        ]
      }
    },
    {
      "type": "Feature",
      "properties": {
        "id": 1425219713,
        "name": "",
        "access": "",
        "fee": "",
        "capacity": "",
        "parking": "street_side"
      },
      "geometry": {
        "type": "Polygon",
        "coordinates": [
          [
            [
              12.528392,
              44.078197
            ],
            [
              12.5284133,
              44.0781935
            ],
            [
              12.5283554,
              44.0780193
            ],
            [
              12.5283363,
              44.0780227
            ],
            [
              12.528392,
              44.078197
            ]
          ]
        ]
      }
    },
    {
      "type": "Feature",
      "properties": {
        "id": 1425219722,
        "name": "",
        "access": "",
        "fee": "",
        "capacity": "",
        "parking": "street_side"
      },
      "geometry": {
        "type": "Polygon",
        "coordinates": [
          [
            [
              12.5284989,
              44.0785458
            ],
            [
              12.5285574,
              44.0785352
            ],
            [
              12.5284831,
              44.0783238
            ],
            [
              12.5284247,
              44.0783344
            ],
            [
              12.5284989,
              44.0785458
            ]
          ]
        ]
      }
    },
    {
      "type": "Feature",
      "properties": {
        "id": 1425219723,
        "name": "",
        "access": "",
        "fee": "",
        "capacity": "",
        "parking": "street_side"
      },
      "geometry": {
        "type": "Polygon",
        "coordinates": [
          [
            [
              12.5286593,
              44.0785173
            ],
            [
              12.5286878,
              44.0785124
            ],
            [
              12.5286168,
              44.0782975
            ],
            [
              12.5285884,
              44.0783023
            ],
            [
              12.5286593,
              44.0785173
            ]
          ]
        ]
      }
    },
    {
      "type": "Feature",
      "properties": {
        "id": 1425219725,
        "name": "",
        "access": "",
        "fee": "",
        "capacity": "",
        "parking": "street_side"
      },
      "geometry": {
        "type": "Polygon",
        "coordinates": [
          [
            [
              12.5285126,
              44.0777899
            ],
            [
              12.5285706,
              44.0777862
            ],
            [
              12.5285499,
              44.0776175
            ],
            [
              12.5284918,
              44.0776212
            ],
            [
              12.5285126,
              44.0777899
            ]
          ]
        ]
      }
    },
    {
      "type": "Feature",
      "properties": {
        "id": 1425219726,
        "name": "",
        "access": "",
        "fee": "",
        "capacity": "",
        "parking": "street_side"
      },
      "geometry": {
        "type": "Polygon",
        "coordinates": [
          [
            [
              12.5287268,
              44.0777783
            ],
            [
              12.5287805,
              44.0777756
            ],
            [
              12.5287634,
              44.0776023
            ],
            [
              12.5287097,
              44.077605
            ],
            [
              12.5287268,
              44.0777783
            ]
          ]
        ]
      }
    },
    {
      "type": "Feature",
      "properties": {
        "id": 1425219730,
        "name": "",
        "access": "",
        "fee": "",
        "capacity": "",
        "parking": "street_side"
      },
      "geometry": {
        "type": "Polygon",
        "coordinates": [
          [
            [
              12.5264229,
              44.0792736
            ],
            [
              12.5264706,
              44.0792547
            ],
            [
              12.5262649,
              44.0789863
            ],
            [
              12.5262171,
              44.0790052
            ],
            [
              12.5264229,
              44.0792736
            ]
          ]
        ]
      }
    },
    {
      "type": "Feature",
      "properties": {
        "id": 1425219731,
        "name": "",
        "access": "",
        "fee": "",
        "capacity": "",
        "parking": "street_side"
      },
      "geometry": {
        "type": "Polygon",
        "coordinates": [
          [
            [
              12.5261457,
              44.0790336
            ],
            [
              12.5260906,
              44.0790566
            ],
            [
              12.5262435,
              44.0792456
            ],
            [
              12.5262987,
              44.0792226
            ],
            [
              12.5261457,
              44.0790336
            ]
          ]
        ]
      }
    },
    {
      "type": "Feature",
      "properties": {
        "id": 1425219740,
        "name": "",
        "access": "",
        "fee": "",
        "capacity": "",
        "parking": "street_side"
      },
      "geometry": {
        "type": "Polygon",
        "coordinates": [
          [
            [
              12.5257845,
              44.0781186
            ],
            [
              12.5257804,
              44.0780812
            ],
            [
              12.5264188,
              44.0780452
            ],
            [
              12.5264229,
              44.0780827
            ],
            [
              12.5257845,
              44.0781186
            ]
          ]
        ]
      }
    },
    {
      "type": "Feature",
      "properties": {
        "id": 1425219741,
        "name": "",
        "access": "",
        "fee": "",
        "capacity": "",
        "parking": "street_side"
      },
      "geometry": {
        "type": "Polygon",
        "coordinates": [
          [
            [
              12.5263696,
              44.0779577
            ],
            [
              12.5263658,
              44.0779225
            ],
            [
              12.5257643,
              44.0779561
            ],
            [
              12.5257682,
              44.0779914
            ],
            [
              12.5263696,
              44.0779577
            ]
          ]
        ]
      }
    },
    {
      "type": "Feature",
      "properties": {
        "id": 1425743642,
        "name": "",
        "access": "",
        "fee": "",
        "capacity": "",
        "parking": "street_side"
      },
      "geometry": {
        "type": "Polygon",
        "coordinates": [
          [
            [
              12.5142248,
              44.0729272
            ],
            [
              12.5142442,
              44.0728867
            ],
            [
              12.5154414,
              44.0731832
            ],
            [
              12.5154221,
              44.0732235
            ],
            [
              12.5142248,
              44.0729272
            ]
          ]
        ]
      }
    },
    {
      "type": "Feature",
      "properties": {
        "id": 1425743648,
        "name": "",
        "access": "",
        "fee": "",
        "capacity": "",
        "parking": "street_side"
      },
      "geometry": {
        "type": "Polygon",
        "coordinates": [
          [
            [
              12.5129592,
              44.0733593
            ],
            [
              12.5129296,
              44.0733175
            ],
            [
              12.5130951,
              44.0732569
            ],
            [
              12.5131248,
              44.0732986
            ],
            [
              12.5129592,
              44.0733593
            ]
          ]
        ]
      }
    },
    {
      "type": "Feature",
      "properties": {
        "id": 1425743649,
        "name": "",
        "access": "",
        "fee": "",
        "capacity": "",
        "parking": "street_side"
      },
      "geometry": {
        "type": "Polygon",
        "coordinates": [
          [
            [
              12.5131112,
              44.0734665
            ],
            [
              12.5131657,
              44.0734465
            ],
            [
              12.5131135,
              44.073373
            ],
            [
              12.5130589,
              44.0733931
            ],
            [
              12.5131112,
              44.0734665
            ]
          ]
        ]
      }
    },
    {
      "type": "Feature",
      "properties": {
        "id": 1425743650,
        "name": "",
        "access": "",
        "fee": "",
        "capacity": "",
        "parking": "street_side"
      },
      "geometry": {
        "type": "Polygon",
        "coordinates": [
          [
            [
              12.5129626,
              44.0734862
            ],
            [
              12.5130204,
              44.0734657
            ],
            [
              12.5129602,
              44.073378
            ],
            [
              12.5129023,
              44.0733985
            ],
            [
              12.5129626,
              44.0734862
            ]
          ]
        ]
      }
    },
    {
      "type": "Feature",
      "properties": {
        "id": 1425743651,
        "name": "",
        "access": "",
        "fee": "",
        "capacity": "",
        "parking": "street_side"
      },
      "geometry": {
        "type": "Polygon",
        "coordinates": [
          [
            [
              12.5129775,
              44.0734985
            ],
            [
              12.5130307,
              44.0734779
            ],
            [
              12.5131193,
              44.0735959
            ],
            [
              12.5130661,
              44.0736165
            ],
            [
              12.5129775,
              44.0734985
            ]
          ]
        ]
      }
    },
    {
      "type": "Feature",
      "properties": {
        "id": 1425743652,
        "name": "",
        "access": "",
        "fee": "",
        "capacity": "",
        "parking": "street_side"
      },
      "geometry": {
        "type": "Polygon",
        "coordinates": [
          [
            [
              12.5131668,
              44.0736301
            ],
            [
              12.5131427,
              44.073595
            ],
            [
              12.513252,
              44.0735562
            ],
            [
              12.5132761,
              44.0735913
            ],
            [
              12.5131668,
              44.0736301
            ]
          ]
        ]
      }
    },
    {
      "type": "Feature",
      "properties": {
        "id": 1425743653,
        "name": "",
        "access": "",
        "fee": "",
        "capacity": "",
        "parking": "street_side"
      },
      "geometry": {
        "type": "Polygon",
        "coordinates": [
          [
            [
              12.5132597,
              44.0735477
            ],
            [
              12.5132251,
              44.0733494
            ],
            [
              12.5132852,
              44.073344
            ],
            [
              12.5133198,
              44.0735423
            ],
            [
              12.5132597,
              44.0735477
            ]
          ]
        ]
      }
    },
    {
      "type": "Feature",
      "properties": {
        "id": 1425743656,
        "name": "",
        "access": "",
        "fee": "",
        "capacity": "",
        "parking": "street_side"
      },
      "geometry": {
        "type": "Polygon",
        "coordinates": [
          [
            [
              12.5128163,
              44.0742052
            ],
            [
              12.5127887,
              44.0741672
            ],
            [
              12.5130327,
              44.0740758
            ],
            [
              12.5130602,
              44.0741138
            ],
            [
              12.5128163,
              44.0742052
            ]
          ]
        ]
      }
    },
    {
      "type": "Feature",
      "properties": {
        "id": 1426604285,
        "name": "",
        "access": "",
        "fee": "",
        "capacity": "",
        "parking": "street_side"
      },
      "geometry": {
        "type": "Polygon",
        "coordinates": [
          [
            [
              12.558953,
              44.0482474
            ],
            [
              12.5589205,
              44.0482199
            ],
            [
              12.5590534,
              44.048139
            ],
            [
              12.5590859,
              44.0481665
            ],
            [
              12.558953,
              44.0482474
            ]
          ]
        ]
      }
    },
    {
      "type": "Feature",
      "properties": {
        "id": 1426604286,
        "name": "",
        "access": "",
        "fee": "",
        "capacity": "",
        "parking": "street_side"
      },
      "geometry": {
        "type": "Polygon",
        "coordinates": [
          [
            [
              12.559132,
              44.0481307
            ],
            [
              12.559098,
              44.0481005
            ],
            [
              12.5592025,
              44.0480397
            ],
            [
              12.5592365,
              44.0480698
            ],
            [
              12.559132,
              44.0481307
            ]
          ]
        ]
      }
    },
    {
      "type": "Feature",
      "properties": {
        "id": 1426604288,
        "name": "",
        "access": "",
        "fee": "",
        "capacity": "",
        "parking": "street_side"
      },
      "geometry": {
        "type": "Polygon",
        "coordinates": [
          [
            [
              12.559841,
              44.0487727
            ],
            [
              12.5598722,
              44.048743
            ],
            [
              12.5589963,
              44.0482667
            ],
            [
              12.558965,
              44.0482965
            ],
            [
              12.559841,
              44.0487727
            ]
          ]
        ]
      }
    },
    {
      "type": "Feature",
      "properties": {
        "id": 1426608308,
        "name": "",
        "access": "",
        "fee": "",
        "capacity": "",
        "parking": "street_side"
      },
      "geometry": {
        "type": "Polygon",
        "coordinates": [
          [
            [
              12.5848684,
              44.0498489
            ],
            [
              12.5848296,
              44.0498187
            ],
            [
              12.5846849,
              44.0499147
            ],
            [
              12.5847237,
              44.0499449
            ],
            [
              12.5848684,
              44.0498489
            ]
          ]
        ]
      }
    },
    {
      "type": "Feature",
      "properties": {
        "id": 1426608309,
        "name": "",
        "access": "",
        "fee": "",
        "capacity": "",
        "parking": "street_side"
      },
      "geometry": {
        "type": "Polygon",
        "coordinates": [
          [
            [
              12.5847041,
              44.0499547
            ],
            [
              12.584664,
              44.0499248
            ],
            [
              12.5844411,
              44.0500793
            ],
            [
              12.5844813,
              44.0501092
            ],
            [
              12.5847041,
              44.0499547
            ]
          ]
        ]
      }
    },
    {
      "type": "Feature",
      "properties": {
        "id": 1427250423,
        "name": "",
        "access": "",
        "fee": "",
        "capacity": "",
        "parking": "street_side"
      },
      "geometry": {
        "type": "Polygon",
        "coordinates": [
          [
            [
              12.5730706,
              44.0300143
            ],
            [
              12.5730879,
              44.029983
            ],
            [
              12.5728822,
              44.0299243
            ],
            [
              12.5728649,
              44.0299556
            ],
            [
              12.5730706,
              44.0300143
            ]
          ]
        ]
      }
    },
    {
      "type": "Feature",
      "properties": {
        "id": 1427255420,
        "name": "",
        "access": "customers",
        "fee": "",
        "capacity": "",
        "parking": "street_side"
      },
      "geometry": {
        "type": "Polygon",
        "coordinates": [
          [
            [
              12.5841794,
              44.0629664
            ],
            [
              12.5841396,
              44.0629421
            ],
            [
              12.5842726,
              44.0628438
            ],
            [
              12.5843049,
              44.0628606
            ],
            [
              12.5841794,
              44.0629664
            ]
          ]
        ]
      }
    },
    {
      "type": "Feature",
      "properties": {
        "id": 1427259421,
        "name": "",
        "access": "private",
        "fee": "no",
        "capacity": "",
        "parking": "street_side"
      },
      "geometry": {
        "type": "Polygon",
        "coordinates": [
          [
            [
              12.5704544,
              44.0570191
            ],
            [
              12.5704981,
              44.0570429
            ],
            [
              12.5705104,
              44.0570313
            ],
            [
              12.5705358,
              44.0570066
            ],
            [
              12.5705691,
              44.0569746
            ],
            [
              12.5705243,
              44.0569509
            ],
            [
              12.5704544,
              44.0570191
            ]
          ]
        ]
      }
    },
    {
      "type": "Feature",
      "properties": {
        "id": 1427259423,
        "name": "",
        "access": "private",
        "fee": "no",
        "capacity": "",
        "parking": "street_side"
      },
      "geometry": {
        "type": "Polygon",
        "coordinates": [
          [
            [
              12.5706709,
              44.0571382
            ],
            [
              12.5707125,
              44.0571609
            ],
            [
              12.5707868,
              44.0570907
            ],
            [
              12.5706542,
              44.0570183
            ],
            [
              12.5706174,
              44.0570531
            ],
            [
              12.5707084,
              44.0571028
            ],
            [
              12.5707001,
              44.0571106
            ],
            [
              12.5706709,
              44.0571382
            ]
          ]
        ]
      }
    },
    {
      "type": "Feature",
      "properties": {
        "id": 1427262056,
        "name": "",
        "access": "",
        "fee": "",
        "capacity": "",
        "parking": "street_side"
      },
      "geometry": {
        "type": "Polygon",
        "coordinates": [
          [
            [
              12.5678288,
              44.0626336
            ],
            [
              12.5677972,
              44.0626282
            ],
            [
              12.5683878,
              44.0622781
            ],
            [
              12.5684042,
              44.0622924
            ],
            [
              12.5678288,
              44.0626336
            ]
          ]
        ]
      }
    },
    {
      "type": "Feature",
      "properties": {
        "id": 1431641068,
        "name": "",
        "access": "yes",
        "fee": "no",
        "capacity": "",
        "parking": "street_side"
      },
      "geometry": {
        "type": "Polygon",
        "coordinates": [
          [
            [
              12.4533563,
              44.0212367
            ],
            [
              12.4533489,
              44.0212035
            ],
            [
              12.4536132,
              44.0211732
            ],
            [
              12.4536205,
              44.0212064
            ],
            [
              12.4533563,
              44.0212367
            ]
          ]
        ]
      }
    },
    {
      "type": "Feature",
      "properties": {
        "id": 1431641072,
        "name": "",
        "access": "yes",
        "fee": "no",
        "capacity": "11",
        "parking": "street_side"
      },
      "geometry": {
        "type": "Polygon",
        "coordinates": [
          [
            [
              12.4533277,
              44.0221891
            ],
            [
              12.4533835,
              44.0221839
            ],
            [
              12.4533417,
              44.0219512
            ],
            [
              12.453286,
              44.0219564
            ],
            [
              12.4533277,
              44.0221891
            ]
          ]
        ]
      }
    },
    {
      "type": "Feature",
      "properties": {
        "id": 1431641087,
        "name": "",
        "access": "yes",
        "fee": "no",
        "capacity": "5",
        "parking": "street_side"
      },
      "geometry": {
        "type": "Polygon",
        "coordinates": [
          [
            [
              12.4538184,
              44.02172
            ],
            [
              12.4538085,
              44.0216775
            ],
            [
              12.4539622,
              44.021659
            ],
            [
              12.4539721,
              44.0217015
            ],
            [
              12.4538184,
              44.02172
            ]
          ]
        ]
      }
    },
    {
      "type": "Feature",
      "properties": {
        "id": 1431641095,
        "name": "",
        "access": "yes",
        "fee": "no",
        "capacity": "5",
        "parking": "street_side"
      },
      "geometry": {
        "type": "Polygon",
        "coordinates": [
          [
            [
              12.4538118,
              44.021894
            ],
            [
              12.4538024,
              44.0218529
            ],
            [
              12.4540009,
              44.0218292
            ],
            [
              12.4540104,
              44.0218703
            ],
            [
              12.4538118,
              44.021894
            ]
          ]
        ]
      }
    },
    {
      "type": "Feature",
      "properties": {
        "id": 1431641101,
        "name": "",
        "access": "yes",
        "fee": "no",
        "capacity": "7",
        "parking": "street_side"
      },
      "geometry": {
        "type": "Polygon",
        "coordinates": [
          [
            [
              12.454089,
              44.0217243
            ],
            [
              12.4541337,
              44.0217195
            ],
            [
              12.4541002,
              44.021559
            ],
            [
              12.4540554,
              44.0215639
            ],
            [
              12.454089,
              44.0217243
            ]
          ]
        ]
      }
    },
    {
      "type": "Feature",
      "properties": {
        "id": 1431641124,
        "name": "",
        "access": "yes",
        "fee": "no",
        "capacity": "9",
        "parking": "street_side"
      },
      "geometry": {
        "type": "Polygon",
        "coordinates": [
          [
            [
              12.4545909,
              44.0222215
            ],
            [
              12.4546006,
              44.0222204
            ],
            [
              12.454653,
              44.0222145
            ],
            [
              12.4546081,
              44.0220075
            ],
            [
              12.4545579,
              44.0220131
            ],
            [
              12.454546,
              44.0220144
            ],
            [
              12.4545909,
              44.0222215
            ]
          ]
        ]
      }
    },
    {
      "type": "Feature",
      "properties": {
        "id": 1431641142,
        "name": "",
        "access": "yes",
        "fee": "no",
        "capacity": "4",
        "parking": "street_side"
      },
      "geometry": {
        "type": "Polygon",
        "coordinates": [
          [
            [
              12.454234,
              44.022616
            ],
            [
              12.4541917,
              44.0225895
            ],
            [
              12.4542735,
              44.0225221
            ],
            [
              12.4543157,
              44.0225487
            ],
            [
              12.454234,
              44.022616
            ]
          ]
        ]
      }
    },
    {
      "type": "Feature",
      "properties": {
        "id": 1431641143,
        "name": "",
        "access": "yes",
        "fee": "no",
        "capacity": "6",
        "parking": "street_side"
      },
      "geometry": {
        "type": "Polygon",
        "coordinates": [
          [
            [
              12.454301,
              44.022426
            ],
            [
              12.4543569,
              44.0224197
            ],
            [
              12.4543361,
              44.0223248
            ],
            [
              12.4543262,
              44.0222797
            ],
            [
              12.4542702,
              44.022286
            ],
            [
              12.454301,
              44.022426
            ]
          ]
        ]
      }
    },
    {
      "type": "Feature",
      "properties": {
        "id": 1431641155,
        "name": "",
        "access": "yes",
        "fee": "no",
        "capacity": "8",
        "parking": "street_side"
      },
      "geometry": {
        "type": "Polygon",
        "coordinates": [
          [
            [
              12.4535973,
              44.0229574
            ],
            [
              12.453588,
              44.0229139
            ],
            [
              12.4538494,
              44.022885
            ],
            [
              12.4538587,
              44.0229284
            ],
            [
              12.4535973,
              44.0229574
            ]
          ]
        ]
      }
    },
    {
      "type": "Feature",
      "properties": {
        "id": 1431641158,
        "name": "",
        "access": "yes",
        "fee": "no",
        "capacity": "13",
        "parking": "street_side"
      },
      "geometry": {
        "type": "Polygon",
        "coordinates": [
          [
            [
              12.4533382,
              44.0226028
            ],
            [
              12.4533956,
              44.0225958
            ],
            [
              12.4533254,
              44.0222967
            ],
            [
              12.4532679,
              44.0223037
            ],
            [
              12.4533382,
              44.0226028
            ]
          ]
        ]
      }
    },
    {
      "type": "Feature",
      "properties": {
        "id": 1433557064,
        "name": "",
        "access": "yes",
        "fee": "no",
        "capacity": "2",
        "parking": "street_side"
      },
      "geometry": {
        "type": "Polygon",
        "coordinates": [
          [
            [
              12.6000878,
              44.0401838
            ],
            [
              12.6001785,
              44.0402369
            ],
            [
              12.6001939,
              44.0402231
            ],
            [
              12.6001063,
              44.0401708
            ],
            [
              12.6000878,
              44.0401838
            ]
          ]
        ]
      }
    },
    {
      "type": "Feature",
      "properties": {
        "id": 1433557065,
        "name": "",
        "access": "yes",
        "fee": "no",
        "capacity": "2",
        "parking": "street_side"
      },
      "geometry": {
        "type": "Polygon",
        "coordinates": [
          [
            [
              12.6001601,
              44.0401216
            ],
            [
              12.6001758,
              44.0401082
            ],
            [
              12.6002647,
              44.0401612
            ],
            [
              12.6002509,
              44.0401749
            ],
            [
              12.6001601,
              44.0401216
            ]
          ]
        ]
      }
    },
    {
      "type": "Feature",
      "properties": {
        "id": 1433558636,
        "name": "",
        "access": "yes",
        "fee": "no",
        "capacity": "7",
        "parking": "street_side"
      },
      "geometry": {
        "type": "Polygon",
        "coordinates": [
          [
            [
              12.600296,
              44.0403344
            ],
            [
              12.6003167,
              44.040345
            ],
            [
              12.6000477,
              44.0405989
            ],
            [
              12.6000277,
              44.040588
            ],
            [
              12.600296,
              44.0403344
            ]
          ]
        ]
      }
    },
    {
      "type": "Feature",
      "properties": {
        "id": 1441586425,
        "name": "",
        "access": "",
        "fee": "",
        "capacity": "",
        "parking": "street_side"
      },
      "geometry": {
        "type": "Polygon",
        "coordinates": [
          [
            [
              12.4507991,
              44.0197459
            ],
            [
              12.4507851,
              44.019736
            ],
            [
              12.4509608,
              44.0196074
            ],
            [
              12.4509749,
              44.0196173
            ],
            [
              12.4507991,
              44.0197459
            ]
          ]
        ]
      }
    },
    {
      "type": "Feature",
      "properties": {
        "id": 1441586426,
        "name": "",
        "access": "",
        "fee": "",
        "capacity": "",
        "parking": "street_side"
      },
      "geometry": {
        "type": "Polygon",
        "coordinates": [
          [
            [
              12.4510634,
              44.0195524
            ],
            [
              12.4510478,
              44.0195416
            ],
            [
              12.4512186,
              44.0194145
            ],
            [
              12.4512341,
              44.0194253
            ],
            [
              12.4510634,
              44.0195524
            ]
          ]
        ]
      }
    },
    {
      "type": "Feature",
      "properties": {
        "id": 1441586427,
        "name": "",
        "access": "",
        "fee": "",
        "capacity": "",
        "parking": "street_side"
      },
      "geometry": {
        "type": "Polygon",
        "coordinates": [
          [
            [
              12.4511905,
              44.0193379
            ],
            [
              12.4511772,
              44.0193284
            ],
            [
              12.4509783,
              44.0194735
            ],
            [
              12.4509917,
              44.0194831
            ],
            [
              12.4511905,
              44.0193379
            ]
          ]
        ]
      }
    },
    {
      "type": "Feature",
      "properties": {
        "id": 1441586428,
        "name": "",
        "access": "",
        "fee": "",
        "capacity": "",
        "parking": "street_side"
      },
      "geometry": {
        "type": "Polygon",
        "coordinates": [
          [
            [
              12.4508649,
              44.0195809
            ],
            [
              12.450848,
              44.0195685
            ],
            [
              12.4507025,
              44.0196717
            ],
            [
              12.4507194,
              44.019684
            ],
            [
              12.4508649,
              44.0195809
            ]
          ]
        ]
      }
    },
    {
      "type": "Feature",
      "properties": {
        "id": 1443180354,
        "name": "",
        "access": "customers",
        "fee": "",
        "capacity": "",
        "parking": "street_side"
      },
      "geometry": {
        "type": "Polygon",
        "coordinates": [
          [
            [
              12.5821455,
              44.0410286
            ],
            [
              12.5821561,
              44.040991
            ],
            [
              12.5823928,
              44.0410256
            ],
            [
              12.5823822,
              44.0410632
            ],
            [
              12.5821455,
              44.0410286
            ]
          ]
        ]
      }
    },
    {
      "type": "Feature",
      "properties": {
        "id": 1443180355,
        "name": "",
        "access": "customers",
        "fee": "",
        "capacity": "",
        "parking": "street_side"
      },
      "geometry": {
        "type": "Polygon",
        "coordinates": [
          [
            [
              12.5818313,
              44.0409629
            ],
            [
              12.5818407,
              44.0409342
            ],
            [
              12.5820735,
              44.0409734
            ],
            [
              12.5820642,
              44.0410021
            ],
            [
              12.5818313,
              44.0409629
            ]
          ]
        ]
      }
    },
    {
      "type": "Feature",
      "properties": {
        "id": 1449381862,
        "name": "",
        "access": "yes",
        "fee": "no",
        "capacity": "",
        "parking": "street_side"
      },
      "geometry": {
        "type": "Polygon",
        "coordinates": [
          [
            [
              12.5321643,
              44.0805814
            ],
            [
              12.5322284,
              44.0805343
            ],
            [
              12.5320755,
              44.0804235
            ],
            [
              12.5320107,
              44.0804691
            ],
            [
              12.5321643,
              44.0805814
            ]
          ]
        ]
      }
    },
    {
      "type": "Feature",
      "properties": {
        "id": 1449917513,
        "name": "",
        "access": "customers",
        "fee": "",
        "capacity": "",
        "parking": "surface"
      },
      "geometry": {
        "type": "Polygon",
        "coordinates": [
          [
            [
              12.5699441,
              44.0714512
            ],
            [
              12.5699021,
              44.0713725
            ],
            [
              12.5698436,
              44.071388
            ],
            [
              12.5697478,
              44.0712087
            ],
            [
              12.5700502,
              44.0711202
            ],
            [
              12.5700958,
              44.0711336
            ],
            [
              12.5702426,
              44.0713628
            ],
            [
              12.5699441,
              44.0714512
            ]
          ]
        ]
      }
    },
    {
      "type": "Feature",
      "properties": {
        "id": 1449917515,
        "name": "",
        "access": "yes",
        "fee": "no",
        "capacity": "",
        "parking": "street_side"
      },
      "geometry": {
        "type": "Polygon",
        "coordinates": [
          [
            [
              12.5705745,
              44.0721573
            ],
            [
              12.5705478,
              44.0721069
            ],
            [
              12.5700451,
              44.0722446
            ],
            [
              12.5700718,
              44.0722949
            ],
            [
              12.5705745,
              44.0721573
            ]
          ]
        ]
      }
    },
    {
      "type": "Feature",
      "properties": {
        "id": 1449917516,
        "name": "",
        "access": "yes",
        "fee": "no",
        "capacity": "",
        "parking": "street_side"
      },
      "geometry": {
        "type": "Polygon",
        "coordinates": [
          [
            [
              12.5706994,
              44.0720591
            ],
            [
              12.5707254,
              44.0721085
            ],
            [
              12.5709641,
              44.0720436
            ],
            [
              12.5709381,
              44.0719943
            ],
            [
              12.5706994,
              44.0720591
            ]
          ]
        ]
      }
    },
    {
      "type": "Feature",
      "properties": {
        "id": 1450123448,
        "name": "",
        "access": "private",
        "fee": "",
        "capacity": "",
        "parking": ""
      },
      "geometry": {
        "type": "Polygon",
        "coordinates": [
          [
            [
              12.5601875,
              44.0755369
            ],
            [
              12.5600163,
              44.0752915
            ],
            [
              12.5604151,
              44.0751385
            ],
            [
              12.5605988,
              44.0754163
            ],
            [
              12.5601875,
              44.0755369
            ]
          ]
        ]
      }
    },
    {
      "type": "Feature",
      "properties": {
        "id": 1450123449,
        "name": "",
        "access": "private",
        "fee": "",
        "capacity": "",
        "parking": ""
      },
      "geometry": {
        "type": "Polygon",
        "coordinates": [
          [
            [
              12.5604125,
              44.075136
            ],
            [
              12.5602164,
              44.0748715
            ],
            [
              12.5598165,
              44.0750292
            ],
            [
              12.5600144,
              44.0752893
            ],
            [
              12.5604125,
              44.075136
            ]
          ]
        ]
      }
    },
    {
      "type": "Feature",
      "properties": {
        "id": 1452365857,
        "name": "",
        "access": "yes",
        "fee": "",
        "capacity": "",
        "parking": "street_side"
      },
      "geometry": {
        "type": "Polygon",
        "coordinates": [
          [
            [
              12.5902546,
              44.0592971
            ],
            [
              12.5905726,
              44.0594992
            ],
            [
              12.5906434,
              44.0594837
            ],
            [
              12.5903135,
              44.0592833
            ],
            [
              12.5902546,
              44.0592971
            ]
          ]
        ]
      }
    },
    {
      "type": "Feature",
      "properties": {
        "id": 1452569902,
        "name": "",
        "access": "",
        "fee": "",
        "capacity": "",
        "parking": "street_side"
      },
      "geometry": {
        "type": "Polygon",
        "coordinates": [
          [
            [
              12.5588514,
              44.0567762
            ],
            [
              12.5588504,
              44.0567587
            ],
            [
              12.5589698,
              44.0567552
            ],
            [
              12.5589708,
              44.0567728
            ],
            [
              12.5588514,
              44.0567762
            ]
          ]
        ]
      }
    },
    {
      "type": "Feature",
      "properties": {
        "id": 1452569903,
        "name": "",
        "access": "",
        "fee": "",
        "capacity": "",
        "parking": "street_side"
      },
      "geometry": {
        "type": "Polygon",
        "coordinates": [
          [
            [
              12.5590573,
              44.0567679
            ],
            [
              12.5590571,
              44.0567521
            ],
            [
              12.559114,
              44.0567517
            ],
            [
              12.5591142,
              44.0567675
            ],
            [
              12.5590573,
              44.0567679
            ]
          ]
        ]
      }
    },
    {
      "type": "Feature",
      "properties": {
        "id": 1455772887,
        "name": "",
        "access": "",
        "fee": "",
        "capacity": "2",
        "parking": "street_side"
      },
      "geometry": {
        "type": "Polygon",
        "coordinates": [
          [
            [
              12.5877134,
              44.0584413
            ],
            [
              12.5877297,
              44.0584286
            ],
            [
              12.5876361,
              44.0583667
            ],
            [
              12.5876198,
              44.0583794
            ],
            [
              12.5877134,
              44.0584413
            ]
          ]
        ]
      }
    },
    {
      "type": "Feature",
      "properties": {
        "id": 1455772889,
        "name": "",
        "access": "private",
        "fee": "",
        "capacity": "",
        "parking": "street_side"
      },
      "geometry": {
        "type": "Polygon",
        "coordinates": [
          [
            [
              12.5880656,
              44.0586408
            ],
            [
              12.5880887,
              44.0586223
            ],
            [
              12.5881289,
              44.0586483
            ],
            [
              12.5881058,
              44.0586667
            ],
            [
              12.5880656,
              44.0586408
            ]
          ]
        ]
      }
    },
    {
      "type": "Feature",
      "properties": {
        "id": 1455931541,
        "name": "",
        "access": "",
        "fee": "",
        "capacity": "",
        "parking": "street_side"
      },
      "geometry": {
        "type": "Polygon",
        "coordinates": [
          [
            [
              12.5878216,
              44.0556704
            ],
            [
              12.5878023,
              44.0556604
            ],
            [
              12.587727,
              44.0557352
            ],
            [
              12.5877463,
              44.0557452
            ],
            [
              12.5878216,
              44.0556704
            ]
          ]
        ]
      }
    },
    {
      "type": "Feature",
      "properties": {
        "id": 1455931542,
        "name": "",
        "access": "",
        "fee": "",
        "capacity": "",
        "parking": "street_side"
      },
      "geometry": {
        "type": "Polygon",
        "coordinates": [
          [
            [
              12.5878239,
              44.055752
            ],
            [
              12.5878054,
              44.0557428
            ],
            [
              12.5876298,
              44.0559238
            ],
            [
              12.5876483,
              44.0559331
            ],
            [
              12.5878239,
              44.055752
            ]
          ]
        ]
      }
    },
    {
      "type": "Feature",
      "properties": {
        "id": 1455931543,
        "name": "",
        "access": "",
        "fee": "",
        "capacity": "",
        "parking": "street_side"
      },
      "geometry": {
        "type": "Polygon",
        "coordinates": [
          [
            [
              12.5876632,
              44.0558316
            ],
            [
              12.587645,
              44.0558223
            ],
            [
              12.5875734,
              44.0558955
            ],
            [
              12.5875917,
              44.0559047
            ],
            [
              12.5876632,
              44.0558316
            ]
          ]
        ]
      }
    },
    {
      "type": "Feature",
      "properties": {
        "id": 1455931544,
        "name": "",
        "access": "",
        "fee": "",
        "capacity": "",
        "parking": "street_side"
      },
      "geometry": {
        "type": "Polygon",
        "coordinates": [
          [
            [
              12.5874304,
              44.0560675
            ],
            [
              12.5874133,
              44.0560591
            ],
            [
              12.5873442,
              44.0561319
            ],
            [
              12.5873613,
              44.0561402
            ],
            [
              12.5874304,
              44.0560675
            ]
          ]
        ]
      }
    },
    {
      "type": "Feature",
      "properties": {
        "id": 1455931545,
        "name": "",
        "access": "",
        "fee": "",
        "capacity": "",
        "parking": "street_side"
      },
      "geometry": {
        "type": "Polygon",
        "coordinates": [
          [
            [
              12.5875379,
              44.0560488
            ],
            [
              12.587522,
              44.0560408
            ],
            [
              12.5872624,
              44.0563081
            ],
            [
              12.5872785,
              44.0563162
            ],
            [
              12.5875379,
              44.0560488
            ]
          ]
        ]
      }
    },
    {
      "type": "Feature",
      "properties": {
        "id": 1455931546,
        "name": "",
        "access": "",
        "fee": "",
        "capacity": "",
        "parking": "street_side"
      },
      "geometry": {
        "type": "Polygon",
        "coordinates": [
          [
            [
              12.5872838,
              44.0562187
            ],
            [
              12.5872656,
              44.0562097
            ],
            [
              12.5871979,
              44.05628
            ],
            [
              12.5872161,
              44.0562891
            ],
            [
              12.5872838,
              44.0562187
            ]
          ]
        ]
      }
    },
    {
      "type": "Feature",
      "properties": {
        "id": 1455931548,
        "name": "",
        "access": "",
        "fee": "",
        "capacity": "",
        "parking": "street_side"
      },
      "geometry": {
        "type": "Polygon",
        "coordinates": [
          [
            [
              12.5871719,
              44.0564302
            ],
            [
              12.5871559,
              44.0564222
            ],
            [
              12.5869208,
              44.0566645
            ],
            [
              12.5869368,
              44.0566725
            ],
            [
              12.5871719,
              44.0564302
            ]
          ]
        ]
      }
    },
    {
      "type": "Feature",
      "properties": {
        "id": 1455931552,
        "name": "",
        "access": "",
        "fee": "",
        "capacity": "",
        "parking": "street_side"
      },
      "geometry": {
        "type": "Polygon",
        "coordinates": [
          [
            [
              12.5873088,
              44.056345
            ],
            [
              12.5872899,
              44.0563332
            ],
            [
              12.5875735,
              44.0560437
            ],
            [
              12.5875948,
              44.0560528
            ],
            [
              12.5873088,
              44.056345
            ]
          ]
        ]
      }
    },
    {
      "type": "Feature",
      "properties": {
        "id": 1455931554,
        "name": "",
        "access": "",
        "fee": "",
        "capacity": "",
        "parking": "street_side"
      },
      "geometry": {
        "type": "Polygon",
        "coordinates": [
          [
            [
              12.5877204,
              44.0559178
            ],
            [
              12.5877936,
              44.0558405
            ],
            [
              12.5877761,
              44.0558319
            ],
            [
              12.587703,
              44.0559093
            ],
            [
              12.5877204,
              44.0559178
            ]
          ]
        ]
      }
    },
    {
      "type": "Feature",
      "properties": {
        "id": 1455931555,
        "name": "",
        "access": "",
        "fee": "",
        "capacity": "",
        "parking": "street_side"
      },
      "geometry": {
        "type": "Polygon",
        "coordinates": [
          [
            [
              12.5878271,
              44.0558077
            ],
            [
              12.5878107,
              44.0557994
            ],
            [
              12.5878801,
              44.0557285
            ],
            [
              12.5878965,
              44.0557368
            ],
            [
              12.5878271,
              44.0558077
            ]
          ]
        ]
      }
    },
    {
      "type": "Feature",
      "properties": {
        "id": 1455935006,
        "name": "",
        "access": "yes",
        "fee": "yes",
        "capacity": "",
        "parking": "street_side"
      },
      "geometry": {
        "type": "Polygon",
        "coordinates": [
          [
            [
              12.5911981,
              44.0590798
            ],
            [
              12.5912723,
              44.0590865
            ],
            [
              12.5913193,
              44.0590403
            ],
            [
              12.5912663,
              44.0590125
            ],
            [
              12.5911981,
              44.0590798
            ]
          ]
        ]
      }
    },
    {
      "type": "Feature",
      "properties": {
        "id": 1455935013,
        "name": "",
        "access": "yes",
        "fee": "yes",
        "capacity": "",
        "parking": "street_side"
      },
      "geometry": {
        "type": "Polygon",
        "coordinates": [
          [
            [
              12.5913963,
              44.0588905
            ],
            [
              12.5914621,
              44.0588973
            ],
            [
              12.5916957,
              44.0586823
            ],
            [
              12.5916243,
              44.0586769
            ],
            [
              12.5913963,
              44.0588905
            ]
          ]
        ]
      }
    },
    {
      "type": "Feature",
      "properties": {
        "id": 1455935014,
        "name": "",
        "access": "yes",
        "fee": "yes",
        "capacity": "",
        "parking": "street_side"
      },
      "geometry": {
        "type": "Polygon",
        "coordinates": [
          [
            [
              12.5916916,
              44.0586151
            ],
            [
              12.5917528,
              44.0586227
            ],
            [
              12.5919334,
              44.0584581
            ],
            [
              12.5918604,
              44.058452
            ],
            [
              12.5916916,
              44.0586151
            ]
          ]
        ]
      }
    },
    {
      "type": "Feature",
      "properties": {
        "id": 1455935015,
        "name": "",
        "access": "yes",
        "fee": "yes",
        "capacity": "",
        "parking": "street_side"
      },
      "geometry": {
        "type": "Polygon",
        "coordinates": [
          [
            [
              12.5919294,
              44.0583943
            ],
            [
              12.591997,
              44.0583974
            ],
            [
              12.5921973,
              44.0582045
            ],
            [
              12.5921313,
              44.0581983
            ],
            [
              12.5919294,
              44.0583943
            ]
          ]
        ]
      }
    },
    {
      "type": "Feature",
      "properties": {
        "id": 1455935018,
        "name": "",
        "access": "yes",
        "fee": "yes",
        "capacity": "2",
        "parking": "street_side"
      },
      "geometry": {
        "type": "Polygon",
        "coordinates": [
          [
            [
              12.5922541,
              44.0580769
            ],
            [
              12.5922855,
              44.0580796
            ],
            [
              12.5923302,
              44.0580834
            ],
            [
              12.5922571,
              44.058147
            ],
            [
              12.5921899,
              44.0581384
            ],
            [
              12.5922541,
              44.0580769
            ]
          ]
        ]
      }
    },
    {
      "type": "Feature",
      "properties": {
        "id": 1455935021,
        "name": "",
        "access": "yes",
        "fee": "yes",
        "capacity": "",
        "parking": "street_side"
      },
      "geometry": {
        "type": "Polygon",
        "coordinates": [
          [
            [
              12.5923234,
              44.0580099
            ],
            [
              12.5923493,
              44.058013
            ],
            [
              12.5923873,
              44.0580176
            ],
            [
              12.592476,
              44.0579388
            ],
            [
              12.5924083,
              44.0579315
            ],
            [
              12.5923234,
              44.0580099
            ]
          ]
        ]
      }
    },
    {
      "type": "Feature",
      "properties": {
        "id": 1455935027,
        "name": "",
        "access": "yes",
        "fee": "yes",
        "capacity": "",
        "parking": "street_side"
      },
      "geometry": {
        "type": "Polygon",
        "coordinates": [
          [
            [
              12.592917,
              44.0575172
            ],
            [
              12.5928468,
              44.0575132
            ],
            [
              12.592543,
              44.0578075
            ],
            [
              12.5926089,
              44.0578133
            ],
            [
              12.592917,
              44.0575172
            ]
          ]
        ]
      }
    },
    {
      "type": "Feature",
      "properties": {
        "id": 1456223567,
        "name": "",
        "access": "",
        "fee": "",
        "capacity": "",
        "parking": "street_side"
      },
      "geometry": {
        "type": "Polygon",
        "coordinates": [
          [
            [
              12.5890859,
              44.0543934
            ],
            [
              12.5890673,
              44.0543865
            ],
            [
              12.5891507,
              44.05427
            ],
            [
              12.5891693,
              44.0542769
            ],
            [
              12.5890859,
              44.0543934
            ]
          ]
        ]
      }
    },
    {
      "type": "Feature",
      "properties": {
        "id": 1456223568,
        "name": "",
        "access": "",
        "fee": "",
        "capacity": "",
        "parking": "street_side"
      },
      "geometry": {
        "type": "Polygon",
        "coordinates": [
          [
            [
              12.5892175,
              44.0542181
            ],
            [
              12.5891953,
              44.0542099
            ],
            [
              12.589309,
              44.0540496
            ],
            [
              12.5893311,
              44.0540577
            ],
            [
              12.5892175,
              44.0542181
            ]
          ]
        ]
      }
    },
    {
      "type": "Feature",
      "properties": {
        "id": 1456228888,
        "name": "",
        "access": "yes",
        "fee": "yes",
        "capacity": "",
        "parking": "street_side"
      },
      "geometry": {
        "type": "Polygon",
        "coordinates": [
          [
            [
              12.5910481,
              44.0592934
            ],
            [
              12.5909802,
              44.0592863
            ],
            [
              12.5908461,
              44.0594154
            ],
            [
              12.5909141,
              44.0594213
            ],
            [
              12.5910481,
              44.0592934
            ]
          ]
        ]
      }
    },
    {
      "type": "Feature",
      "properties": {
        "id": 1456228890,
        "name": "",
        "access": "yes",
        "fee": "yes",
        "capacity": "",
        "parking": "street_side"
      },
      "geometry": {
        "type": "Polygon",
        "coordinates": [
          [
            [
              12.5907781,
              44.0586474
            ],
            [
              12.5907916,
              44.0586345
            ],
            [
              12.5910269,
              44.0587616
            ],
            [
              12.5910133,
              44.0587746
            ],
            [
              12.5907781,
              44.0586474
            ]
          ]
        ]
      }
    },
    {
      "type": "Feature",
      "properties": {
        "id": 1456228891,
        "name": "",
        "access": "",
        "fee": "yes",
        "capacity": "1",
        "parking": "street_side"
      },
      "geometry": {
        "type": "Polygon",
        "coordinates": [
          [
            [
              12.5911102,
              44.058832
            ],
            [
              12.5911226,
              44.0588192
            ],
            [
              12.5911706,
              44.0588431
            ],
            [
              12.5911583,
              44.0588559
            ],
            [
              12.5911102,
              44.058832
            ]
          ]
        ]
      }
    },
    {
      "type": "Feature",
      "properties": {
        "id": 1456228892,
        "name": "",
        "access": "yes",
        "fee": "yes",
        "capacity": "1",
        "parking": "street_side"
      },
      "geometry": {
        "type": "Polygon",
        "coordinates": [
          [
            [
              12.5912492,
              44.0589117
            ],
            [
              12.591265,
              44.0588976
            ],
            [
              12.5913033,
              44.0589196
            ],
            [
              12.5912875,
              44.0589338
            ],
            [
              12.5912492,
              44.0589117
            ]
          ]
        ]
      }
    },
    {
      "type": "Feature",
      "properties": {
        "id": 1456228893,
        "name": "",
        "access": "private",
        "fee": "",
        "capacity": "",
        "parking": ""
      },
      "geometry": {
        "type": "Polygon",
        "coordinates": [
          [
            [
              12.591106,
              44.0590878
            ],
            [
              12.5909641,
              44.0590086
            ],
            [
              12.5910914,
              44.0588908
            ],
            [
              12.591164,
              44.0589313
            ],
            [
              12.5912333,
              44.05897
            ],
            [
              12.591106,
              44.0590878
            ]
          ]
        ]
      }
    },
    {
      "type": "Feature",
      "properties": {
        "id": 1456433173,
        "name": "",
        "access": "",
        "fee": "",
        "capacity": "",
        "parking": "street_side"
      },
      "geometry": {
        "type": "Polygon",
        "coordinates": [
          [
            [
              12.5879527,
              44.0554414
            ],
            [
              12.5879875,
              44.0554371
            ],
            [
              12.5879665,
              44.0553502
            ],
            [
              12.5879318,
              44.0553545
            ],
            [
              12.5879527,
              44.0554414
            ]
          ]
        ]
      }
    },
    {
      "type": "Feature",
      "properties": {
        "id": 1456433174,
        "name": "",
        "access": "",
        "fee": "",
        "capacity": "",
        "parking": "street_side"
      },
      "geometry": {
        "type": "Polygon",
        "coordinates": [
          [
            [
              12.5891206,
              44.0584764
            ],
            [
              12.589134,
              44.0584651
            ],
            [
              12.5892378,
              44.0585286
            ],
            [
              12.5892233,
              44.0585407
            ],
            [
              12.5891206,
              44.0584764
            ]
          ]
        ]
      }
    },
    {
      "type": "Feature",
      "properties": {
        "id": 1456433175,
        "name": "",
        "access": "yes",
        "fee": "no",
        "capacity": "1",
        "parking": "street_side"
      },
      "geometry": {
        "type": "Polygon",
        "coordinates": [
          [
            [
              12.5899957,
              44.0590242
            ],
            [
              12.5900103,
              44.0590121
            ],
            [
              12.5899519,
              44.0589757
            ],
            [
              12.5899376,
              44.0589872
            ],
            [
              12.5899957,
              44.0590242
            ]
          ]
        ]
      }
    },
    {
      "type": "Feature",
      "properties": {
        "id": 1456433176,
        "name": "",
        "access": "",
        "fee": "",
        "capacity": "",
        "parking": "street_side"
      },
      "geometry": {
        "type": "Polygon",
        "coordinates": [
          [
            [
              12.5898232,
              44.0589153
            ],
            [
              12.5898373,
              44.0589039
            ],
            [
              12.5897907,
              44.0588744
            ],
            [
              12.5897769,
              44.0588859
            ],
            [
              12.5898232,
              44.0589153
            ]
          ]
        ]
      }
    },
    {
      "type": "Feature",
      "properties": {
        "id": 1456433177,
        "name": "",
        "access": "",
        "fee": "",
        "capacity": "",
        "parking": "street_side"
      },
      "geometry": {
        "type": "Polygon",
        "coordinates": [
          [
            [
              12.589632,
              44.0587983
            ],
            [
              12.5896451,
              44.0587865
            ],
            [
              12.589701,
              44.0588191
            ],
            [
              12.5896873,
              44.0588306
            ],
            [
              12.589632,
              44.0587983
            ]
          ]
        ]
      }
    },
    {
      "type": "Feature",
      "properties": {
        "id": 1456433178,
        "name": "",
        "access": "",
        "fee": "",
        "capacity": "",
        "parking": "street_side"
      },
      "geometry": {
        "type": "Polygon",
        "coordinates": [
          [
            [
              12.5893612,
              44.0586251
            ],
            [
              12.5893757,
              44.0586131
            ],
            [
              12.5893186,
              44.0585783
            ],
            [
              12.589304,
              44.0585905
            ],
            [
              12.5893612,
              44.0586251
            ]
          ]
        ]
      }
    },
    {
      "type": "Feature",
      "properties": {
        "id": 1456622387,
        "name": "",
        "access": "yes",
        "fee": "no",
        "capacity": "1",
        "parking": "street_side"
      },
      "geometry": {
        "type": "Polygon",
        "coordinates": [
          [
            [
              12.5886739,
              44.0549974
            ],
            [
              12.5887093,
              44.0549622
            ],
            [
              12.5887266,
              44.0549712
            ],
            [
              12.5886912,
              44.0550064
            ],
            [
              12.5886739,
              44.0549974
            ]
          ]
        ]
      }
    },
    {
      "type": "Feature",
      "properties": {
        "id": 1456622388,
        "name": "",
        "access": "yes",
        "fee": "no",
        "capacity": "2",
        "parking": "street_side"
      },
      "geometry": {
        "type": "Polygon",
        "coordinates": [
          [
            [
              12.5888566,
              44.0548395
            ],
            [
              12.5888388,
              44.0548305
            ],
            [
              12.5887582,
              44.0549127
            ],
            [
              12.588776,
              44.0549217
            ],
            [
              12.5888566,
              44.0548395
            ]
          ]
        ]
      }
    },
    {
      "type": "Feature",
      "properties": {
        "id": 1456843922,
        "name": "",
        "access": "",
        "fee": "",
        "capacity": "",
        "parking": "street_side"
      },
      "geometry": {
        "type": "Polygon",
        "coordinates": [
          [
            [
              12.553868,
              44.0591702
            ],
            [
              12.5538858,
              44.059123
            ],
            [
              12.5540437,
              44.0590873
            ],
            [
              12.5540304,
              44.0591345
            ],
            [
              12.553868,
              44.0591702
            ]
          ]
        ]
      }
    },
    {
      "type": "Feature",
      "properties": {
        "id": 1456848434,
        "name": "",
        "access": "customers",
        "fee": "no",
        "capacity": "",
        "parking": "street_side"
      },
      "geometry": {
        "type": "Polygon",
        "coordinates": [
          [
            [
              12.5891414,
              44.0546365
            ],
            [
              12.5891674,
              44.0546122
            ],
            [
              12.5892746,
              44.0546716
            ],
            [
              12.5892486,
              44.0546959
            ],
            [
              12.5891414,
              44.0546365
            ]
          ]
        ]
      }
    },
    {
      "type": "Feature",
      "properties": {
        "id": 1456848435,
        "name": "",
        "access": "",
        "fee": "",
        "capacity": "",
        "parking": "street_side"
      },
      "geometry": {
        "type": "Polygon",
        "coordinates": [
          [
            [
              12.5890459,
              44.054603
            ],
            [
              12.5890271,
              44.0545955
            ],
            [
              12.5889076,
              44.0547512
            ],
            [
              12.5889264,
              44.0547587
            ],
            [
              12.5890459,
              44.054603
            ]
          ]
        ]
      }
    },
    {
      "type": "Feature",
      "properties": {
        "id": 1457134697,
        "name": "",
        "access": "yes",
        "fee": "no",
        "capacity": "",
        "parking": "surface"
      },
      "geometry": {
        "type": "Polygon",
        "coordinates": [
          [
            [
              12.5395275,
              44.0503177
            ],
            [
              12.5395735,
              44.0502545
            ],
            [
              12.5393719,
              44.0501787
            ],
            [
              12.5393259,
              44.050242
            ],
            [
              12.5395275,
              44.0503177
            ]
          ]
        ]
      }
    },
    {
      "type": "Feature",
      "properties": {
        "id": 1457996229,
        "name": "",
        "access": "customers",
        "fee": "",
        "capacity": "",
        "parking": ""
      },
      "geometry": {
        "type": "Polygon",
        "coordinates": [
          [
            [
              12.5896982,
              44.0599948
            ],
            [
              12.5897903,
              44.0599092
            ],
            [
              12.5898213,
              44.0599264
            ],
            [
              12.5900323,
              44.0597304
            ],
            [
              12.5900898,
              44.0597623
            ],
            [
              12.590114,
              44.0597758
            ],
            [
              12.5899178,
              44.059958
            ],
            [
              12.5899042,
              44.0599707
            ],
            [
              12.5900709,
              44.0600633
            ],
            [
              12.589982,
              44.0601459
            ],
            [
              12.5898338,
              44.0600635
            ],
            [
              12.5899007,
              44.0600013
            ],
            [
              12.5898856,
              44.0599929
            ],
            [
              12.5898163,
              44.0600603
            ],
            [
              12.5896982,
              44.0599948
            ]
          ]
        ]
      }
    },
    {
      "type": "Feature",
      "properties": {
        "id": 1457996233,
        "name": "",
        "access": "customers",
        "fee": "",
        "capacity": "",
        "parking": "surface"
      },
      "geometry": {
        "type": "Polygon",
        "coordinates": [
          [
            [
              12.590366,
              44.0597584
            ],
            [
              12.5902306,
              44.0596837
            ],
            [
              12.590382,
              44.0595454
            ],
            [
              12.5901933,
              44.0594361
            ],
            [
              12.5902402,
              44.0593943
            ],
            [
              12.5904202,
              44.0594985
            ],
            [
              12.5904329,
              44.0594872
            ],
            [
              12.5905769,
              44.0595706
            ],
            [
              12.5904658,
              44.0596698
            ],
            [
              12.590366,
              44.0597584
            ]
          ]
        ]
      }
    },
    {
      "type": "Feature",
      "properties": {
        "id": 1457996236,
        "name": "",
        "access": "private",
        "fee": "",
        "capacity": "",
        "parking": "street_side"
      },
      "geometry": {
        "type": "Polygon",
        "coordinates": [
          [
            [
              12.5904737,
              44.0589169
            ],
            [
              12.5905057,
              44.0588859
            ],
            [
              12.5906733,
              44.0589752
            ],
            [
              12.5906417,
              44.0590058
            ],
            [
              12.5904737,
              44.0589169
            ]
          ]
        ]
      }
    },
    {
      "type": "Feature",
      "properties": {
        "id": 1457996240,
        "name": "",
        "access": "private",
        "fee": "",
        "capacity": "",
        "parking": "street_side"
      },
      "geometry": {
        "type": "Polygon",
        "coordinates": [
          [
            [
              12.5907251,
              44.0590468
            ],
            [
              12.5907193,
              44.0590192
            ],
            [
              12.5907276,
              44.0590114
            ],
            [
              12.5909347,
              44.0591212
            ],
            [
              12.5909355,
              44.0591584
            ],
            [
              12.5907251,
              44.0590468
            ]
          ]
        ]
      }
    },
    {
      "type": "Feature",
      "properties": {
        "id": 1458225904,
        "name": "",
        "access": "private",
        "fee": "",
        "capacity": "",
        "parking": "surface"
      },
      "geometry": {
        "type": "Polygon",
        "coordinates": [
          [
            [
              12.5923407,
              44.0576988
            ],
            [
              12.5924735,
              44.0575639
            ],
            [
              12.5925754,
              44.0575383
            ],
            [
              12.5926968,
              44.0574174
            ],
            [
              12.5927082,
              44.0574233
            ],
            [
              12.5928021,
              44.0574717
            ],
            [
              12.5924804,
              44.0577729
            ],
            [
              12.5923407,
              44.0576988
            ]
          ]
        ]
      }
    },
    {
      "type": "Feature",
      "properties": {
        "id": 1458226516,
        "name": "",
        "access": "private",
        "fee": "",
        "capacity": "",
        "parking": ""
      },
      "geometry": {
        "type": "Polygon",
        "coordinates": [
          [
            [
              12.59088,
              44.0590849
            ],
            [
              12.5910261,
              44.0591644
            ],
            [
              12.5910717,
              44.0591207
            ],
            [
              12.591106,
              44.0590878
            ],
            [
              12.5909641,
              44.0590086
            ],
            [
              12.59088,
              44.0590849
            ]
          ]
        ]
      }
    },
    {
      "type": "Feature",
      "properties": {
        "id": 1458226519,
        "name": "",
        "access": "customers",
        "fee": "",
        "capacity": "",
        "parking": "surface"
      },
      "geometry": {
        "type": "Polygon",
        "coordinates": [
          [
            [
              12.5927476,
              44.057292
            ],
            [
              12.592644,
              44.0572359
            ],
            [
              12.5926222,
              44.0572241
            ],
            [
              12.5928762,
              44.0569818
            ],
            [
              12.5930015,
              44.0570496
            ],
            [
              12.5927476,
              44.057292
            ]
          ]
        ]
      }
    },
    {
      "type": "Feature",
      "properties": {
        "id": 1458227207,
        "name": "",
        "access": "customers",
        "fee": "",
        "capacity": "",
        "parking": "surface"
      },
      "geometry": {
        "type": "Polygon",
        "coordinates": [
          [
            [
              12.591203,
              44.0587886
            ],
            [
              12.5913238,
              44.0588545
            ],
            [
              12.5915987,
              44.0585941
            ],
            [
              12.5917073,
              44.0584913
            ],
            [
              12.591541,
              44.0584006
            ],
            [
              12.5914115,
              44.0585233
            ],
            [
              12.5914218,
              44.0585289
            ],
            [
              12.5914011,
              44.0585486
            ],
            [
              12.5915213,
              44.0586142
            ],
            [
              12.5915002,
              44.0586341
            ],
            [
              12.5914151,
              44.0585877
            ],
            [
              12.591203,
              44.0587886
            ]
          ]
        ]
      }
    },
    {
      "type": "Feature",
      "properties": {
        "id": 1458763143,
        "name": "",
        "access": "yes",
        "fee": "no",
        "capacity": "",
        "parking": "street_side"
      },
      "geometry": {
        "type": "Polygon",
        "coordinates": [
          [
            [
              12.6026541,
              44.037675
            ],
            [
              12.6026918,
              44.0376422
            ],
            [
              12.6032025,
              44.0379448
            ],
            [
              12.6031647,
              44.0379777
            ],
            [
              12.6026541,
              44.037675
            ]
          ]
        ]
      }
    },
    {
      "type": "Feature",
      "properties": {
        "id": 1459221327,
        "name": "",
        "access": "",
        "fee": "yes",
        "capacity": "3",
        "parking": "street_side"
      },
      "geometry": {
        "type": "Polygon",
        "coordinates": [
          [
            [
              12.5925278,
              44.0572519
            ],
            [
              12.5925411,
              44.0572395
            ],
            [
              12.5923476,
              44.057133
            ],
            [
              12.5923343,
              44.0571454
            ],
            [
              12.5925278,
              44.0572519
            ]
          ]
        ]
      }
    },
    {
      "type": "Feature",
      "properties": {
        "id": 1460689203,
        "name": "",
        "access": "customers",
        "fee": "",
        "capacity": "",
        "parking": ""
      },
      "geometry": {
        "type": "Polygon",
        "coordinates": [
          [
            [
              12.5922988,
              44.0579521
            ],
            [
              12.5921306,
              44.057858
            ],
            [
              12.5922547,
              44.0577435
            ],
            [
              12.5923546,
              44.0577994
            ],
            [
              12.5923756,
              44.05778
            ],
            [
              12.5924438,
              44.0578182
            ],
            [
              12.5922988,
              44.0579521
            ]
          ]
        ]
      }
    },
    {
      "type": "Feature",
      "properties": {
        "id": 1460689207,
        "name": "",
        "access": "customers",
        "fee": "",
        "capacity": "",
        "parking": ""
      },
      "geometry": {
        "type": "Polygon",
        "coordinates": [
          [
            [
              12.5930057,
              44.0570376
            ],
            [
              12.593171,
              44.0571231
            ],
            [
              12.5932809,
              44.0570134
            ],
            [
              12.593196,
              44.0569695
            ],
            [
              12.5931156,
              44.0569279
            ],
            [
              12.5930057,
              44.0570376
            ]
          ]
        ]
      }
    },
    {
      "type": "Feature",
      "properties": {
        "id": 1462242363,
        "name": "",
        "access": "",
        "fee": "",
        "capacity": "",
        "parking": ""
      },
      "geometry": {
        "type": "Polygon",
        "coordinates": [
          [
            [
              12.5531032,
              44.0523607
            ],
            [
              12.5531475,
              44.0523311
            ],
            [
              12.5530836,
              44.0522817
            ],
            [
              12.5530393,
              44.0523113
            ],
            [
              12.5531032,
              44.0523607
            ]
          ]
        ]
      }
    },
    {
      "type": "Feature",
      "properties": {
        "id": 1462247683,
        "name": "",
        "access": "customers",
        "fee": "",
        "capacity": "",
        "parking": ""
      },
      "geometry": {
        "type": "Polygon",
        "coordinates": [
          [
            [
              12.5871158,
              44.0625827
            ],
            [
              12.5872839,
              44.0626717
            ],
            [
              12.587442,
              44.0625175
            ],
            [
              12.5872739,
              44.0624285
            ],
            [
              12.5872131,
              44.0624878
            ],
            [
              12.5871158,
              44.0625827
            ]
          ]
        ]
      }
    },
    {
      "type": "Feature",
      "properties": {
        "id": 1462247686,
        "name": "",
        "access": "customers",
        "fee": "",
        "capacity": "",
        "parking": ""
      },
      "geometry": {
        "type": "Polygon",
        "coordinates": [
          [
            [
              12.5885564,
              44.0612572
            ],
            [
              12.5886996,
              44.0613348
            ],
            [
              12.5891387,
              44.0609163
            ],
            [
              12.5889956,
              44.0608387
            ],
            [
              12.5885564,
              44.0612572
            ]
          ]
        ]
      }
    },
    {
      "type": "Feature",
      "properties": {
        "id": 1462247687,
        "name": "",
        "access": "",
        "fee": "",
        "capacity": "",
        "parking": "street_side"
      },
      "geometry": {
        "type": "Polygon",
        "coordinates": [
          [
            [
              12.5920499,
              44.0579601
            ],
            [
              12.5920813,
              44.0579303
            ],
            [
              12.5922313,
              44.0580094
            ],
            [
              12.592201,
              44.0580391
            ],
            [
              12.5920499,
              44.0579601
            ]
          ]
        ]
      }
    },
    {
      "type": "Feature",
      "properties": {
        "id": 1462247688,
        "name": "",
        "access": "customers",
        "fee": "",
        "capacity": "",
        "parking": ""
      },
      "geometry": {
        "type": "Polygon",
        "coordinates": [
          [
            [
              12.5918295,
              44.0581772
            ],
            [
              12.5919524,
              44.0580646
            ],
            [
              12.5920011,
              44.0580921
            ],
            [
              12.5920999,
              44.0581478
            ],
            [
              12.591977,
              44.0582604
            ],
            [
              12.5918295,
              44.0581772
            ]
          ]
        ]
      }
    },
    {
      "type": "Feature",
      "properties": {
        "id": 1462247695,
        "name": "",
        "access": "customers",
        "fee": "",
        "capacity": "",
        "parking": ""
      },
      "geometry": {
        "type": "Polygon",
        "coordinates": [
          [
            [
              12.5914281,
              44.057954
            ],
            [
              12.591453,
              44.0579302
            ],
            [
              12.5914963,
              44.0578891
            ],
            [
              12.5917931,
              44.0580502
            ],
            [
              12.5917249,
              44.0581151
            ],
            [
              12.5914281,
              44.057954
            ]
          ]
        ]
      }
    },
    {
      "type": "Feature",
      "properties": {
        "id": 1462247703,
        "name": "",
        "access": "private",
        "fee": "",
        "capacity": "",
        "parking": ""
      },
      "geometry": {
        "type": "Polygon",
        "coordinates": [
          [
            [
              12.5920219,
              44.0574755
            ],
            [
              12.5919444,
              44.0574322
            ],
            [
              12.5919937,
              44.0573867
            ],
            [
              12.5920514,
              44.0573332
            ],
            [
              12.5921289,
              44.0573765
            ],
            [
              12.5920219,
              44.0574755
            ]
          ]
        ]
      }
    },
    {
      "type": "Feature",
      "properties": {
        "id": 1462502735,
        "name": "",
        "access": "private",
        "fee": "",
        "capacity": "",
        "parking": "street_side"
      },
      "geometry": {
        "type": "Polygon",
        "coordinates": [
          [
            [
              12.5323887,
              44.0805787
            ],
            [
              12.5323578,
              44.0805425
            ],
            [
              12.5324849,
              44.0804997
            ],
            [
              12.5326761,
              44.0804717
            ],
            [
              12.5326875,
              44.0805186
            ],
            [
              12.5325055,
              44.0805433
            ],
            [
              12.5323887,
              44.0805787
            ]
          ]
        ]
      }
    },
    {
      "type": "Feature",
      "properties": {
        "id": 1462502737,
        "name": "",
        "access": "",
        "fee": "",
        "capacity": "",
        "parking": "street_side"
      },
      "geometry": {
        "type": "Polygon",
        "coordinates": [
          [
            [
              12.531995,
              44.0804568
            ],
            [
              12.5320092,
              44.0804473
            ],
            [
              12.5319577,
              44.0804074
            ],
            [
              12.5319435,
              44.0804169
            ],
            [
              12.531995,
              44.0804568
            ]
          ]
        ]
      }
    },
    {
      "type": "Feature",
      "properties": {
        "id": 1462502738,
        "name": "",
        "access": "",
        "fee": "",
        "capacity": "",
        "parking": "street_side"
      },
      "geometry": {
        "type": "Polygon",
        "coordinates": [
          [
            [
              12.5319435,
              44.0804169
            ],
            [
              12.5318623,
              44.0803548
            ],
            [
              12.5319311,
              44.0803096
            ],
            [
              12.5320101,
              44.0803726
            ],
            [
              12.5319577,
              44.0804074
            ],
            [
              12.5319435,
              44.0804169
            ]
          ]
        ]
      }
    },
    {
      "type": "Feature",
      "properties": {
        "id": 1462502746,
        "name": "",
        "access": "private",
        "fee": "",
        "capacity": "",
        "parking": "street_side"
      },
      "geometry": {
        "type": "Polygon",
        "coordinates": [
          [
            [
              12.5324683,
              44.0804486
            ],
            [
              12.5324605,
              44.0804141
            ],
            [
              12.5324764,
              44.0804039
            ],
            [
              12.5326517,
              44.0803834
            ],
            [
              12.5326614,
              44.080426
            ],
            [
              12.5324683,
              44.0804486
            ]
          ]
        ]
      }
    },
    {
      "type": "Feature",
      "properties": {
        "id": 1462502747,
        "name": "",
        "access": "",
        "fee": "",
        "capacity": "",
        "parking": "street_side"
      },
      "geometry": {
        "type": "Polygon",
        "coordinates": [
          [
            [
              12.5326565,
              44.0802176
            ],
            [
              12.5327035,
              44.080216
            ],
            [
              12.5327146,
              44.0803813
            ],
            [
              12.5326676,
              44.080383
            ],
            [
              12.5326565,
              44.0802176
            ]
          ]
        ]
      }
    },
    {
      "type": "Feature",
      "properties": {
        "id": 1462502748,
        "name": "",
        "access": "",
        "fee": "",
        "capacity": "",
        "parking": ""
      },
      "geometry": {
        "type": "Polygon",
        "coordinates": [
          [
            [
              12.5328307,
              44.0800787
            ],
            [
              12.5328454,
              44.0804301
            ],
            [
              12.5329428,
              44.0804944
            ],
            [
              12.5329774,
              44.0804842
            ],
            [
              12.5329604,
              44.0800759
            ],
            [
              12.5328307,
              44.0800787
            ]
          ]
        ]
      }
    },
    {
      "type": "Feature",
      "properties": {
        "id": 1462502952,
        "name": "",
        "access": "",
        "fee": "",
        "capacity": "",
        "parking": "street_side"
      },
      "geometry": {
        "type": "Polygon",
        "coordinates": [
          [
            [
              12.5334271,
              44.0803673
            ],
            [
              12.5335827,
              44.0803644
            ],
            [
              12.5335796,
              44.0802799
            ],
            [
              12.533424,
              44.0802829
            ],
            [
              12.5334271,
              44.0803673
            ]
          ]
        ]
      }
    },
    {
      "type": "Feature",
      "properties": {
        "id": 1462502953,
        "name": "",
        "access": "",
        "fee": "",
        "capacity": "",
        "parking": ""
      },
      "geometry": {
        "type": "Polygon",
        "coordinates": [
          [
            [
              12.533677,
              44.0804963
            ],
            [
              12.5337967,
              44.0804943
            ],
            [
              12.5337823,
              44.080054
            ],
            [
              12.5336627,
              44.080056
            ],
            [
              12.533677,
              44.0804963
            ]
          ]
        ]
      }
    },
    {
      "type": "Feature",
      "properties": {
        "id": 1462502954,
        "name": "",
        "access": "",
        "fee": "",
        "capacity": "",
        "parking": ""
      },
      "geometry": {
        "type": "Polygon",
        "coordinates": [
          [
            [
              12.5329698,
              44.0796448
            ],
            [
              12.5330276,
              44.0796439
            ],
            [
              12.5330153,
              44.0792498
            ],
            [
              12.5328878,
              44.0792518
            ],
            [
              12.5328903,
              44.079333
            ],
            [
              12.5329599,
              44.0793319
            ],
            [
              12.5329698,
              44.0796448
            ]
          ]
        ]
      }
    },
    {
      "type": "Feature",
      "properties": {
        "id": 1462503513,
        "name": "",
        "access": "private",
        "fee": "",
        "capacity": "",
        "parking": "street_side"
      },
      "geometry": {
        "type": "Polygon",
        "coordinates": [
          [
            [
              12.5734559,
              44.0724782
            ],
            [
              12.5735386,
              44.0724582
            ],
            [
              12.5735568,
              44.0724968
            ],
            [
              12.5734741,
              44.0725168
            ],
            [
              12.5734559,
              44.0724782
            ]
          ]
        ]
      }
    },
    {
      "type": "Feature",
      "properties": {
        "id": 1462503515,
        "name": "",
        "access": "private",
        "fee": "",
        "capacity": "",
        "parking": "street_side"
      },
      "geometry": {
        "type": "Polygon",
        "coordinates": [
          [
            [
              12.5734141,
              44.0724087
            ],
            [
              12.5733964,
              44.07237
            ],
            [
              12.5735613,
              44.0723311
            ],
            [
              12.573579,
              44.0723699
            ],
            [
              12.5734141,
              44.0724087
            ]
          ]
        ]
      }
    },
    {
      "type": "Feature",
      "properties": {
        "id": 1462503523,
        "name": "",
        "access": "",
        "fee": "",
        "capacity": "",
        "parking": "street_side"
      },
      "geometry": {
        "type": "Polygon",
        "coordinates": [
          [
            [
              12.5739571,
              44.0727272
            ],
            [
              12.5739407,
              44.0727122
            ],
            [
              12.5738473,
              44.0727649
            ],
            [
              12.5738636,
              44.0727799
            ],
            [
              12.5739571,
              44.0727272
            ]
          ]
        ]
      }
    },
    {
      "type": "Feature",
      "properties": {
        "id": 1462503524,
        "name": "",
        "access": "private",
        "fee": "",
        "capacity": "",
        "parking": "street_side"
      },
      "geometry": {
        "type": "Polygon",
        "coordinates": [
          [
            [
              12.5737053,
              44.0728684
            ],
            [
              12.5736884,
              44.072853
            ],
            [
              12.5737857,
              44.072798
            ],
            [
              12.5738025,
              44.0728134
            ],
            [
              12.5737053,
              44.0728684
            ]
          ]
        ]
      }
    },
    {
      "type": "Feature",
      "properties": {
        "id": 1462753427,
        "name": "",
        "access": "",
        "fee": "",
        "capacity": "3",
        "parking": "street_side"
      },
      "geometry": {
        "type": "Polygon",
        "coordinates": [
          [
            [
              12.589793,
              44.058747
            ],
            [
              12.5897783,
              44.0587387
            ],
            [
              12.5898673,
              44.0586566
            ],
            [
              12.589882,
              44.0586649
            ],
            [
              12.589793,
              44.058747
            ]
          ]
        ]
      }
    },
    {
      "type": "Feature",
      "properties": {
        "id": 1463385960,
        "name": "",
        "access": "",
        "fee": "",
        "capacity": "",
        "parking": ""
      },
      "geometry": {
        "type": "Polygon",
        "coordinates": [
          [
            [
              12.5920749,
              44.0400533
            ],
            [
              12.5918788,
              44.0399387
            ],
            [
              12.5920612,
              44.0397774
            ],
            [
              12.5921629,
              44.0398369
            ],
            [
              12.5922547,
              44.0397557
            ],
            [
              12.5923491,
              44.0398109
            ],
            [
              12.5920749,
              44.0400533
            ]
          ]
        ]
      }
    },
    {
      "type": "Feature",
      "properties": {
        "id": 1463637313,
        "name": "",
        "access": "private",
        "fee": "",
        "capacity": "",
        "parking": "street_side"
      },
      "geometry": {
        "type": "Polygon",
        "coordinates": [
          [
            [
              12.5773565,
              44.0683438
            ],
            [
              12.5773227,
              44.0683107
            ],
            [
              12.5774633,
              44.0682365
            ],
            [
              12.5774971,
              44.0682697
            ],
            [
              12.5773565,
              44.0683438
            ]
          ]
        ]
      }
    },
    {
      "type": "Feature",
      "properties": {
        "id": 1463869941,
        "name": "",
        "access": "",
        "fee": "",
        "capacity": "",
        "parking": "street_side"
      },
      "geometry": {
        "type": "Polygon",
        "coordinates": [
          [
            [
              12.6032851,
              44.0335622
            ],
            [
              12.6032653,
              44.0335488
            ],
            [
              12.6035262,
              44.0333941
            ],
            [
              12.6035625,
              44.033424
            ],
            [
              12.6033589,
              44.0335503
            ],
            [
              12.6033267,
              44.0335622
            ],
            [
              12.6033059,
              44.0335637
            ],
            [
              12.6032851,
              44.0335622
            ]
          ]
        ]
      }
    },
    {
      "type": "Feature",
      "properties": {
        "id": 1464078498,
        "name": "",
        "access": "customers",
        "fee": "no",
        "capacity": "",
        "parking": "street_side"
      },
      "geometry": {
        "type": "Polygon",
        "coordinates": [
          [
            [
              12.6084481,
              44.0337044
            ],
            [
              12.6084118,
              44.033678
            ],
            [
              12.6082188,
              44.0338154
            ],
            [
              12.6082552,
              44.0338418
            ],
            [
              12.6084481,
              44.0337044
            ]
          ]
        ]
      }
    },
    {
      "type": "Feature",
      "properties": {
        "id": 1464079497,
        "name": "",
        "access": "private",
        "fee": "no",
        "capacity": "",
        "parking": "street_side"
      },
      "geometry": {
        "type": "Polygon",
        "coordinates": [
          [
            [
              12.5861844,
              44.0569709
            ],
            [
              12.5861479,
              44.0569469
            ],
            [
              12.5862888,
              44.056836
            ],
            [
              12.5863252,
              44.0568599
            ],
            [
              12.5861844,
              44.0569709
            ]
          ]
        ]
      }
    },
    {
      "type": "Feature",
      "properties": {
        "id": 1464296964,
        "name": "",
        "access": "",
        "fee": "",
        "capacity": "",
        "parking": ""
      },
      "geometry": {
        "type": "Polygon",
        "coordinates": [
          [
            [
              12.5737589,
              44.0713225
            ],
            [
              12.5738951,
              44.0714518
            ],
            [
              12.5741731,
              44.0713007
            ],
            [
              12.5741111,
              44.0712417
            ],
            [
              12.5740778,
              44.0712101
            ],
            [
              12.5740319,
              44.0712351
            ],
            [
              12.573991,
              44.0711963
            ],
            [
              12.5737589,
              44.0713225
            ]
          ]
        ]
      }
    },
    {
      "type": "Feature",
      "properties": {
        "id": 1464538477,
        "name": "",
        "access": "",
        "fee": "",
        "capacity": "",
        "parking": "street_side"
      },
      "geometry": {
        "type": "Polygon",
        "coordinates": [
          [
            [
              12.5566586,
              44.0481157
            ],
            [
              12.5566289,
              44.0480884
            ],
            [
              12.5563789,
              44.0482287
            ],
            [
              12.5564085,
              44.048256
            ],
            [
              12.5566586,
              44.0481157
            ]
          ]
        ]
      }
    },
    {
      "type": "Feature",
      "properties": {
        "id": 1464538479,
        "name": "",
        "access": "",
        "fee": "",
        "capacity": "",
        "parking": "street_side"
      },
      "geometry": {
        "type": "Polygon",
        "coordinates": [
          [
            [
              12.5565831,
              44.0479946
            ],
            [
              12.5565465,
              44.0479612
            ],
            [
              12.5561773,
              44.0481704
            ],
            [
              12.556214,
              44.0482039
            ],
            [
              12.5565831,
              44.0479946
            ]
          ]
        ]
      }
    },
    {
      "type": "Feature",
      "properties": {
        "id": 1464538480,
        "name": "",
        "access": "",
        "fee": "",
        "capacity": "",
        "parking": "street_side"
      },
      "geometry": {
        "type": "Polygon",
        "coordinates": [
          [
            [
              12.5563226,
              44.0483146
            ],
            [
              12.5563069,
              44.0482983
            ],
            [
              12.5562878,
              44.0482819
            ],
            [
              12.5561606,
              44.0483516
            ],
            [
              12.5561954,
              44.0483844
            ],
            [
              12.5563226,
              44.0483146
            ]
          ]
        ]
      }
    },
    {
      "type": "Feature",
      "properties": {
        "id": 1464539665,
        "name": "",
        "access": "",
        "fee": "yes",
        "capacity": "",
        "parking": ""
      },
      "geometry": {
        "type": "Polygon",
        "coordinates": [
          [
            [
              12.5949688,
              44.054508
            ],
            [
              12.595097,
              44.0543747
            ],
            [
              12.5952277,
              44.0542387
            ],
            [
              12.5953824,
              44.0543201
            ],
            [
              12.5953284,
              44.0543752
            ],
            [
              12.5954397,
              44.0544316
            ],
            [
              12.5954545,
              44.0544165
            ],
            [
              12.5956181,
              44.0544992
            ],
            [
              12.5954036,
              44.0547239
            ],
            [
              12.5949688,
              44.054508
            ]
          ]
        ]
      }
    },
    {
      "type": "Feature",
      "properties": {
        "id": 1464540600,
        "name": "",
        "access": "customers",
        "fee": "",
        "capacity": "",
        "parking": ""
      },
      "geometry": {
        "type": "Polygon",
        "coordinates": [
          [
            [
              12.5951282,
              44.0550006
            ],
            [
              12.5954012,
              44.054737
            ],
            [
              12.5955591,
              44.0548215
            ],
            [
              12.5952861,
              44.055085
            ],
            [
              12.5951846,
              44.0550308
            ],
            [
              12.5951282,
              44.0550006
            ]
          ]
        ]
      }
    },
    {
      "type": "Feature",
      "properties": {
        "id": 1464540603,
        "name": "",
        "access": "permit",
        "fee": "",
        "capacity": "",
        "parking": ""
      },
      "geometry": {
        "type": "Polygon",
        "coordinates": [
          [
            [
              12.5946944,
              44.0554302
            ],
            [
              12.5947699,
              44.0554698
            ],
            [
              12.594849,
              44.0555114
            ],
            [
              12.5950331,
              44.0553304
            ],
            [
              12.5948784,
              44.0552492
            ],
            [
              12.5946944,
              44.0554302
            ]
          ]
        ]
      }
    },
    {
      "type": "Feature",
      "properties": {
        "id": 1464540604,
        "name": "",
        "access": "customers",
        "fee": "",
        "capacity": "",
        "parking": ""
      },
      "geometry": {
        "type": "Polygon",
        "coordinates": [
          [
            [
              12.5945103,
              44.0556101
            ],
            [
              12.5946611,
              44.0556905
            ],
            [
              12.59479,
              44.0555656
            ],
            [
              12.5947103,
              44.0555231
            ],
            [
              12.5946392,
              44.0554852
            ],
            [
              12.5945103,
              44.0556101
            ]
          ]
        ]
      }
    },
    {
      "type": "Feature",
      "properties": {
        "id": 1464540606,
        "name": "",
        "access": "",
        "fee": "",
        "capacity": "",
        "parking": ""
      },
      "geometry": {
        "type": "Polygon",
        "coordinates": [
          [
            [
              12.5950518,
              44.0553322
            ],
            [
              12.5948811,
              44.0552416
            ],
            [
              12.5950579,
              44.0550693
            ],
            [
              12.5952288,
              44.0551599
            ],
            [
              12.5950518,
              44.0553322
            ]
          ]
        ]
      }
    },
    {
      "type": "Feature",
      "properties": {
        "id": 1466417367,
        "name": "",
        "access": "",
        "fee": "",
        "capacity": "",
        "parking": ""
      },
      "geometry": {
        "type": "Polygon",
        "coordinates": [
          [
            [
              12.5508741,
              44.0408573
            ],
            [
              12.5505273,
              44.0407708
            ],
            [
              12.5506281,
              44.0405342
            ],
            [
              12.5508947,
              44.0405951
            ],
            [
              12.5509343,
              44.0406042
            ],
            [
              12.5508741,
              44.0408573
            ]
          ]
        ]
      }
    },
    {
      "type": "Feature",
      "properties": {
        "id": 1466417370,
        "name": "",
        "access": "",
        "fee": "",
        "capacity": "",
        "parking": ""
      },
      "geometry": {
        "type": "Polygon",
        "coordinates": [
          [
            [
              12.5488209,
              44.0401458
            ],
            [
              12.5492707,
              44.0402432
            ],
            [
              12.5488031,
              44.0407802
            ],
            [
              12.5484353,
              44.0406669
            ],
            [
              12.5486747,
              44.0403488
            ],
            [
              12.5488209,
              44.0401458
            ]
          ]
        ]
      }
    },
    {
      "type": "Feature",
      "properties": {
        "id": 1467740567,
        "name": "",
        "access": "",
        "fee": "",
        "capacity": "",
        "parking": "surface"
      },
      "geometry": {
        "type": "Polygon",
        "coordinates": [
          [
            [
              12.5746346,
              44.04246
            ],
            [
              12.5750719,
              44.0424672
            ],
            [
              12.5750846,
              44.0420701
            ],
            [
              12.5754335,
              44.0420759
            ],
            [
              12.5754358,
              44.0420044
            ],
            [
              12.5746495,
              44.0419915
            ],
            [
              12.5746346,
              44.04246
            ]
          ]
        ]
      }
    },
    {
      "type": "Feature",
      "properties": {
        "id": 1473532320,
        "name": "",
        "access": "",
        "fee": "",
        "capacity": "",
        "parking": "street_side"
      },
      "geometry": {
        "type": "Polygon",
        "coordinates": [
          [
            [
              12.5305967,
              44.0833635
            ],
            [
              12.5306403,
              44.0833329
            ],
            [
              12.531256,
              44.0837857
            ],
            [
              12.5312122,
              44.0838164
            ],
            [
              12.5305967,
              44.0833635
            ]
          ]
        ]
      }
    },
    {
      "type": "Feature",
      "properties": {
        "id": 1473532321,
        "name": "",
        "access": "",
        "fee": "",
        "capacity": "",
        "parking": ""
      },
      "geometry": {
        "type": "Polygon",
        "coordinates": [
          [
            [
              12.5300508,
              44.0850986
            ],
            [
              12.5297581,
              44.0849476
            ],
            [
              12.5299519,
              44.084844
            ],
            [
              12.5301143,
              44.0850602
            ],
            [
              12.5300896,
              44.0850752
            ],
            [
              12.5300508,
              44.0850986
            ]
          ]
        ]
      }
    },
    {
      "type": "Feature",
      "properties": {
        "id": 1474657058,
        "name": "",
        "access": "",
        "fee": "",
        "capacity": "",
        "parking": "street_side"
      },
      "geometry": {
        "type": "Polygon",
        "coordinates": [
          [
            [
              12.5731681,
              44.0556396
            ],
            [
              12.5731576,
              44.05569
            ],
            [
              12.5739749,
              44.0551771
            ],
            [
              12.5739749,
              44.0551251
            ],
            [
              12.573793,
              44.0552411
            ],
            [
              12.5731681,
              44.0556396
            ]
          ]
        ]
      }
    },
    {
      "type": "Feature",
      "properties": {
        "id": 1475481619,
        "name": "",
        "access": "private",
        "fee": "",
        "capacity": "",
        "parking": ""
      },
      "geometry": {
        "type": "Polygon",
        "coordinates": [
          [
            [
              12.6004366,
              44.0400048
            ],
            [
              12.600558,
              44.0400725
            ],
            [
              12.6007798,
              44.0398671
            ],
            [
              12.6006583,
              44.0397994
            ],
            [
              12.6004366,
              44.0400048
            ]
          ]
        ]
      }
    },
    {
      "type": "Feature",
      "properties": {
        "id": 1476254335,
        "name": "",
        "access": "",
        "fee": "",
        "capacity": "",
        "parking": "surface"
      },
      "geometry": {
        "type": "Polygon",
        "coordinates": [
          [
            [
              12.519531,
              44.0720786
            ],
            [
              12.519568,
              44.0716072
            ],
            [
              12.5204727,
              44.071479
            ],
            [
              12.5204648,
              44.07165
            ],
            [
              12.5199661,
              44.0717004
            ],
            [
              12.5199688,
              44.0721014
            ],
            [
              12.519531,
              44.0720786
            ]
          ]
        ]
      }
    },
    {
      "type": "Feature",
      "properties": {
        "id": 1477371279,
        "name": "",
        "access": "customers",
        "fee": "",
        "capacity": "",
        "parking": ""
      },
      "geometry": {
        "type": "Polygon",
        "coordinates": [
          [
            [
              12.5482032,
              44.0697753
            ],
            [
              12.5481911,
              44.0697461
            ],
            [
              12.5481163,
              44.0695659
            ],
            [
              12.5489601,
              44.0693946
            ],
            [
              12.5490133,
              44.0695196
            ],
            [
              12.548783,
              44.0695589
            ],
            [
              12.5488216,
              44.0696503
            ],
            [
              12.5482032,
              44.0697753
            ]
          ]
        ]
      }
    },
    {
      "type": "Feature",
      "properties": {
        "id": 1477371280,
        "name": "",
        "access": "",
        "fee": "",
        "capacity": "",
        "parking": "street_side"
      },
      "geometry": {
        "type": "Polygon",
        "coordinates": [
          [
            [
              12.5480765,
              44.0695642
            ],
            [
              12.5481372,
              44.0695519
            ],
            [
              12.5480531,
              44.0693372
            ],
            [
              12.5479924,
              44.0693495
            ],
            [
              12.5480765,
              44.0695642
            ]
          ]
        ]
      }
    },
    {
      "type": "Feature",
      "properties": {
        "id": 1478496773,
        "name": "",
        "access": "",
        "fee": "",
        "capacity": "",
        "parking": "street_side"
      },
      "geometry": {
        "type": "Polygon",
        "coordinates": [
          [
            [
              12.5872183,
              44.0468809
            ],
            [
              12.5872424,
              44.0468308
            ],
            [
              12.5876579,
              44.046934
            ],
            [
              12.5876768,
              44.0468948
            ],
            [
              12.5872366,
              44.0467855
            ],
            [
              12.5871937,
              44.0468747
            ],
            [
              12.5872183,
              44.0468809
            ]
          ]
        ]
      }
    },
    {
      "type": "Feature",
      "properties": {
        "id": 1478496774,
        "name": "",
        "access": "",
        "fee": "",
        "capacity": "",
        "parking": "street_side"
      },
      "geometry": {
        "type": "Polygon",
        "coordinates": [
          [
            [
              12.587283,
              44.0469614
            ],
            [
              12.5873047,
              44.0469182
            ],
            [
              12.5875136,
              44.0469723
            ],
            [
              12.587492,
              44.0470155
            ],
            [
              12.587283,
              44.0469614
            ]
          ]
        ]
      }
    },
    {
      "type": "Feature",
      "properties": {
        "id": 1479129758,
        "name": "",
        "access": "",
        "fee": "",
        "capacity": "",
        "parking": ""
      },
      "geometry": {
        "type": "Polygon",
        "coordinates": [
          [
            [
              12.5444379,
              44.0598881
            ],
            [
              12.5444399,
              44.0597485
            ],
            [
              12.5448064,
              44.0597512
            ],
            [
              12.5448043,
              44.0598909
            ],
            [
              12.5444379,
              44.0598881
            ]
          ]
        ]
      }
    },
    {
      "type": "Feature",
      "properties": {
        "id": 1479984254,
        "name": "",
        "access": "",
        "fee": "",
        "capacity": "",
        "parking": "street_side"
      },
      "geometry": {
        "type": "Polygon",
        "coordinates": [
          [
            [
              12.5666284,
              44.0459322
            ],
            [
              12.5666614,
              44.0459073
            ],
            [
              12.5668887,
              44.0460779
            ],
            [
              12.5668583,
              44.0460984
            ],
            [
              12.5666284,
              44.0459322
            ]
          ]
        ]
      }
    },
    {
      "type": "Feature",
      "properties": {
        "id": 1479984255,
        "name": "",
        "access": "",
        "fee": "",
        "capacity": "",
        "parking": "street_side"
      },
      "geometry": {
        "type": "Polygon",
        "coordinates": [
          [
            [
              12.5671719,
              44.0463264
            ],
            [
              12.567204,
              44.0463044
            ],
            [
              12.5669913,
              44.0461488
            ],
            [
              12.5669583,
              44.0461705
            ],
            [
              12.5671719,
              44.0463264
            ]
          ]
        ]
      }
    },
    {
      "type": "Feature",
      "properties": {
        "id": 1479984256,
        "name": "",
        "access": "",
        "fee": "",
        "capacity": "",
        "parking": "street_side"
      },
      "geometry": {
        "type": "Polygon",
        "coordinates": [
          [
            [
              12.5674568,
              44.0465501
            ],
            [
              12.5674917,
              44.046524
            ],
            [
              12.5672576,
              44.046347
            ],
            [
              12.5672167,
              44.0463759
            ],
            [
              12.5674568,
              44.0465501
            ]
          ]
        ]
      }
    },
    {
      "type": "Feature",
      "properties": {
        "id": 1481046612,
        "name": "",
        "access": "",
        "fee": "",
        "capacity": "",
        "parking": "street_side"
      },
      "geometry": {
        "type": "Polygon",
        "coordinates": [
          [
            [
              12.5548304,
              44.0490622
            ],
            [
              12.5548772,
              44.0490354
            ],
            [
              12.5546957,
              44.0488717
            ],
            [
              12.5546489,
              44.0488985
            ],
            [
              12.5548304,
              44.0490622
            ]
          ]
        ]
      }
    },
    {
      "type": "Feature",
      "properties": {
        "id": 1481676250,
        "name": "",
        "access": "",
        "fee": "",
        "capacity": "",
        "parking": ""
      },
      "geometry": {
        "type": "Polygon",
        "coordinates": [
          [
            [
              12.5153204,
              44.0961052
            ],
            [
              12.5154584,
              44.0960058
            ],
            [
              12.5157881,
              44.0962416
            ],
            [
              12.5157207,
              44.0962902
            ],
            [
              12.5156925,
              44.0963105
            ],
            [
              12.5156494,
              44.0963411
            ],
            [
              12.5155295,
              44.0962551
            ],
            [
              12.5155232,
              44.0962506
            ],
            [
              12.5153759,
              44.096145
            ],
            [
              12.5153204,
              44.0961052
            ]
          ]
        ]
      }
    },
    {
      "type": "Feature",
      "properties": {
        "id": 1481676251,
        "name": "",
        "access": "",
        "fee": "",
        "capacity": "",
        "parking": "street_side"
      },
      "geometry": {
        "type": "Polygon",
        "coordinates": [
          [
            [
              12.5148698,
              44.0957756
            ],
            [
              12.5148863,
              44.0957638
            ],
            [
              12.514907,
              44.095749
            ],
            [
              12.515191,
              44.0959533
            ],
            [
              12.5151538,
              44.09598
            ],
            [
              12.5151428,
              44.0959721
            ],
            [
              12.5151036,
              44.0959439
            ],
            [
              12.5148698,
              44.0957756
            ]
          ]
        ]
      }
    },
    {
      "type": "Feature",
      "properties": {
        "id": 1481676252,
        "name": "",
        "access": "",
        "fee": "",
        "capacity": "",
        "parking": "street_side"
      },
      "geometry": {
        "type": "Polygon",
        "coordinates": [
          [
            [
              12.5146445,
              44.0956155
            ],
            [
              12.5146859,
              44.0955863
            ],
            [
              12.5143945,
              44.0953752
            ],
            [
              12.5143678,
              44.0953942
            ],
            [
              12.5143557,
              44.0954028
            ],
            [
              12.5145176,
              44.095522
            ],
            [
              12.5146126,
              44.095592
            ],
            [
              12.5146445,
              44.0956155
            ]
          ]
        ]
      }
    },
    {
      "type": "Feature",
      "properties": {
        "id": 1481676253,
        "name": "",
        "access": "",
        "fee": "",
        "capacity": "",
        "parking": ""
      },
      "geometry": {
        "type": "Polygon",
        "coordinates": [
          [
            [
              12.514065,
              44.0952032
            ],
            [
              12.5140522,
              44.0951939
            ],
            [
              12.5139368,
              44.0951106
            ],
            [
              12.5139224,
              44.0951002
            ],
            [
              12.5138172,
              44.0950242
            ],
            [
              12.5137879,
              44.0950031
            ],
            [
              12.5138281,
              44.094972
            ],
            [
              12.5138795,
              44.0949323
            ],
            [
              12.5138373,
              44.0949026
            ],
            [
              12.513876,
              44.0948742
            ],
            [
              12.5142809,
              44.0951593
            ],
            [
              12.5142421,
              44.0951877
            ],
            [
              12.5141622,
              44.0951314
            ],
            [
              12.5141071,
              44.0951717
            ],
            [
              12.514065,
              44.0952032
            ]
          ]
        ]
      }
    },
    {
      "type": "Feature",
      "properties": {
        "id": 1481676254,
        "name": "",
        "access": "",
        "fee": "",
        "capacity": "",
        "parking": "street_side"
      },
      "geometry": {
        "type": "Polygon",
        "coordinates": [
          [
            [
              12.5143217,
              44.0952108
            ],
            [
              12.5143389,
              44.0951988
            ],
            [
              12.5148379,
              44.0955571
            ],
            [
              12.5148194,
              44.0955703
            ],
            [
              12.5143217,
              44.0952108
            ]
          ]
        ]
      }
    },
    {
      "type": "Feature",
      "properties": {
        "id": 1482440077,
        "name": "",
        "access": "",
        "fee": "",
        "capacity": "",
        "parking": "street_side"
      },
      "geometry": {
        "type": "Polygon",
        "coordinates": [
          [
            [
              12.5151202,
              44.0957824
            ],
            [
              12.515135,
              44.0957718
            ],
            [
              12.5153379,
              44.0959203
            ],
            [
              12.5153267,
              44.0959287
            ],
            [
              12.5151202,
              44.0957824
            ]
          ]
        ]
      }
    },
    {
      "type": "Feature",
      "properties": {
        "id": 1482440078,
        "name": "",
        "access": "",
        "fee": "",
        "capacity": "",
        "parking": "street_side"
      },
      "geometry": {
        "type": "Polygon",
        "coordinates": [
          [
            [
              12.5150277,
              44.0957164
            ],
            [
              12.5150422,
              44.0957061
            ],
            [
              12.5149515,
              44.0956401
            ],
            [
              12.5149371,
              44.0956503
            ],
            [
              12.5150277,
              44.0957164
            ]
          ]
        ]
      }
    },
    {
      "type": "Feature",
      "properties": {
        "id": 1483724584,
        "name": "",
        "access": "",
        "fee": "",
        "capacity": "",
        "parking": ""
      },
      "geometry": {
        "type": "Polygon",
        "coordinates": [
          [
            [
              12.5548015,
              44.0517817
            ],
            [
              12.5543717,
              44.0514639
            ],
            [
              12.55452,
              44.0513603
            ],
            [
              12.5549498,
              44.0516781
            ],
            [
              12.5548822,
              44.0517254
            ],
            [
              12.5548015,
              44.0517817
            ]
          ]
        ]
      }
    },
    {
      "type": "Feature",
      "properties": {
        "id": 1483724585,
        "name": "",
        "access": "",
        "fee": "",
        "capacity": "",
        "parking": "street_side"
      },
      "geometry": {
        "type": "Polygon",
        "coordinates": [
          [
            [
              12.5534878,
              44.0521244
            ],
            [
              12.5534512,
              44.0520973
            ],
            [
              12.5540312,
              44.0516917
            ],
            [
              12.554068,
              44.0517189
            ],
            [
              12.5534878,
              44.0521244
            ]
          ]
        ]
      }
    },
    {
      "type": "Feature",
      "properties": {
        "id": 1484011417,
        "name": "",
        "access": "",
        "fee": "",
        "capacity": "",
        "parking": "street_side"
      },
      "geometry": {
        "type": "Polygon",
        "coordinates": [
          [
            [
              12.5776311,
              44.0708977
            ],
            [
              12.5776773,
              44.0708738
            ],
            [
              12.5783398,
              44.0714926
            ],
            [
              12.578368,
              44.0715071
            ],
            [
              12.578294,
              44.0715264
            ],
            [
              12.5782402,
              44.0714839
            ],
            [
              12.5776311,
              44.0708977
            ]
          ]
        ]
      }
    },
    {
      "type": "Feature",
      "properties": {
        "id": 1484210179,
        "name": "",
        "access": "",
        "fee": "",
        "capacity": "",
        "parking": ""
      },
      "geometry": {
        "type": "Polygon",
        "coordinates": [
          [
            [
              12.5471164,
              44.0602286
            ],
            [
              12.5472126,
              44.0603231
            ],
            [
              12.547355,
              44.0602994
            ],
            [
              12.5473635,
              44.0601149
            ],
            [
              12.5472332,
              44.0601749
            ],
            [
              12.5471164,
              44.0602286
            ]
          ]
        ]
      }
    },
    {
      "type": "Feature",
      "properties": {
        "id": 1484210196,
        "name": "",
        "access": "",
        "fee": "",
        "capacity": "",
        "parking": "street_side"
      },
      "geometry": {
        "type": "Polygon",
        "coordinates": [
          [
            [
              12.5498477,
              44.059214
            ],
            [
              12.5498965,
              44.0592157
            ],
            [
              12.5499211,
              44.0589423
            ],
            [
              12.549867,
              44.0589386
            ],
            [
              12.5498477,
              44.059214
            ]
          ]
        ]
      }
    },
    {
      "type": "Feature",
      "properties": {
        "id": 1493891659,
        "name": "",
        "access": "",
        "fee": "",
        "capacity": "8",
        "parking": "surface"
      },
      "geometry": {
        "type": "Polygon",
        "coordinates": [
          [
            [
              12.5626437,
              44.0734212
            ],
            [
              12.5626675,
              44.0734128
            ],
            [
              12.562743,
              44.0733859
            ],
            [
              12.5626984,
              44.0733212
            ],
            [
              12.5626547,
              44.0732577
            ],
            [
              12.5625555,
              44.073293
            ],
            [
              12.5626204,
              44.0733874
            ],
            [
              12.5626437,
              44.0734212
            ]
          ]
        ]
      }
    }
  ]
}