{
  "type": "FeatureCollection",
  "features": [
    {
      "type": "Feature",
      "properties": {
        "nome": "Borgo Mazzini",
        "tipo": "quartiere",
        "fonte_geometria": "Comune di Rimini SIT (ArcGIS)",
        "centroid_lon": 12.558968,
        "centroid_lat": 44.056227,
        "popolazione": 9400,
        "eta_0_14": 846,
        "eta_15_64": 5988,
        "eta_65_plus": 2566,
        "famiglie": 4500,
        "eta_media": 46.2,
        "densita_ab_kmq": 10444,
        "color": "#45b7d1",
        "fonte": "ISTAT 2023"
      },
      "geometry": {
        "type": "Polygon",
        "coordinates": [
          [
            [
              12.5495530876468,
              44.0644090358221
            ],
            [
              12.5515486204903,
              44.0633264757512
            ],
            [
              12.5530927031912,
              44.0633505698226
            ],
            [
              12.5538543856189,
              44.0633488824762
            ],
            [
              12.5545067331951,
              44.0633493498208
            ],
            [
              12.5548081260577,
              44.0633828133629
            ],
            [
              12.5548703137299,
              44.0633886454842
            ],
            [
              12.5553944267993,
              44.0633953664628
            ],
            [
              12.556094110201,
              44.063383332993
            ],
            [
              12.5566862769414,
              44.0634050089871
            ],
            [
              12.5583288697946,
              44.0634626485023
            ],
            [
              12.5589681882059,
              44.0634763163676
            ],
            [
              12.5596264062724,
              44.0634858840005
            ],
            [
              12.5597639949363,
              44.063479820799
            ],
            [
              12.5638829834147,
              44.0635857721388
            ],
            [
              12.5641099787039,
              44.0633025217444
            ],
            [
              12.5641393383423,
              44.0632716363017
            ],
            [
              12.5639760982855,
              44.0631421137583
            ],
            [
              12.5638558003942,
              44.0629549884176
            ],
            [
              12.5637632388856,
              44.0626244061213
            ],
            [
              12.5637381237869,
              44.0625518473574
            ],
            [
              12.5636375555942,
              44.0619600103339
            ],
            [
              12.5635642620502,
              44.0616163345148
            ],
            [
              12.5633649357701,
              44.0613014813765
            ],
            [
              12.5629422424963,
              44.0607252769739
            ],
            [
              12.5626600556145,
              44.0602240926896
            ],
            [
              12.5625965330458,
              44.0597185745047
            ],
            [
              12.5628602613452,
              44.0592245401871
            ],
            [
              12.5632655470654,
              44.0589315908155
            ],
            [
              12.5641380447683,
              44.0578248394384
            ],
            [
              12.5646982260946,
              44.0571030482035
            ],
            [
              12.5652882377766,
              44.0566429758756
            ],
            [
              12.5656122187771,
              44.0564293109035
            ],
            [
              12.5662794056234,
              44.0561419332795
            ],
            [
              12.5670239347208,
              44.0561758050296
            ],
            [
              12.5677732401605,
              44.0561692594753
            ],
            [
              12.5683246467432,
              44.0560414567218
            ],
            [
              12.5693243755347,
              44.0557116266665
            ],
            [
              12.5698601936522,
              44.0555069597832
            ],
            [
              12.570151856862,
              44.0553961275262
            ],
            [
              12.5694794966179,
              44.0548191361294
            ],
            [
              12.5686224661076,
              44.054103164534
            ],
            [
              12.5683092244664,
              44.0538264055483
            ],
            [
              12.568006986289,
              44.0535858937013
            ],
            [
              12.5678485387443,
              44.0534159650219
            ],
            [
              12.5677828880667,
              44.0533425427642
            ],
            [
              12.5677447590745,
              44.0532066869755
            ],
            [
              12.5676908691405,
              44.0529984721654
            ],
            [
              12.5676949474919,
              44.0527464765567
            ],
            [
              12.5678604396251,
              44.0524393999058
            ],
            [
              12.5680787544937,
              44.0521379495833
            ],
            [
              12.5682084613393,
              44.0519426468043
            ],
            [
              12.5686124157562,
              44.0514515853135
            ],
            [
              12.5688536421561,
              44.0512001370784
            ],
            [
              12.5691471370308,
              44.0509678077197
            ],
            [
              12.5662217167142,
              44.049019381772
            ],
            [
              12.5660324605485,
              44.0489163156511
            ],
            [
              12.5659035361355,
              44.0488640506661
            ],
            [
              12.5648344681839,
              44.0479949819584
            ],
            [
              12.5639146786729,
              44.0472911408747
            ],
            [
              12.5633708152437,
              44.046856399965
            ],
            [
              12.5627955979161,
              44.0464254873778
            ],
            [
              12.5621569478514,
              44.045943702019
            ],
            [
              12.5609165352425,
              44.0449944141357
            ],
            [
              12.5598257837565,
              44.0441248353617
            ],
            [
              12.5570403829449,
              44.0448575396459
            ],
            [
              12.5560846356697,
              44.0451071784299
            ],
            [
              12.5544220058941,
              44.0455487397683
            ],
            [
              12.5527594497803,
              44.0461690459851
            ],
            [
              12.5517794830268,
              44.0468066087147
            ],
            [
              12.5502473964283,
              44.04811666757
            ],
            [
              12.5491115387352,
              44.0492178546851
            ],
            [
              12.5478132072484,
              44.0506827401689
            ],
            [
              12.546728312778,
              44.0517893048023
            ],
            [
              12.5464572578191,
              44.0520805779537
            ],
            [
              12.5462357593212,
              44.052305393695
            ],
            [
              12.5445409509938,
              44.0540470427627
            ],
            [
              12.5439142341493,
              44.0546367606214
            ],
            [
              12.5431820991079,
              44.0554357757957
            ],
            [
              12.5427402151247,
              44.0560834822408
            ],
            [
              12.5426858562703,
              44.0561903474035
            ],
            [
              12.5424929520461,
              44.0567038647028
            ],
            [
              12.5421620216786,
              44.0595441194319
            ],
            [
              12.5419556463185,
              44.0613153027303
            ],
            [
              12.5429421635871,
              44.0616876453408
            ],
            [
              12.5435404110236,
              44.0619390942321
            ],
            [
              12.5461861561479,
              44.0630988338663
            ],
            [
              12.5474725975336,
              44.0636171305696
            ],
            [
              12.5480081766993,
              44.0637996869144
            ],
            [
              12.5487722746968,
              44.0641176890479
            ],
            [
              12.5495530876468,
              44.0644090358221
            ]
          ]
        ]
      }
    },
    {
      "type": "Feature",
      "properties": {
        "nome": "Borgo S.Giovanni - Lagomaggio",
        "tipo": "quartiere",
        "fonte_geometria": "Comune di Rimini SIT (ArcGIS)",
        "centroid_lon": 12.587383,
        "centroid_lat": 44.053093,
        "popolazione": 14200,
        "eta_0_14": 1278,
        "eta_15_64": 9043,
        "eta_65_plus": 3879,
        "famiglie": 6800,
        "eta_media": 46.2,
        "densita_ab_kmq": 15778,
        "color": "#96ceb4",
        "fonte": "ISTAT 2023"
      },
      "geometry": {
        "type": "Polygon",
        "coordinates": [
          [
            [
              12.5942359088182,
              44.0530926275012
            ],
            [
              12.5944251407294,
              44.0528895468873
            ],
            [
              12.5947772003707,
              44.052518837895
            ],
            [
              12.5950144768783,
              44.0522852573247
            ],
            [
              12.5950933175192,
              44.0521878848459
            ],
            [
              12.5951648306023,
              44.0521173676741
            ],
            [
              12.5952299243244,
              44.0520512167924
            ],
            [
              12.5952984990183,
              44.0519761355167
            ],
            [
              12.595356992818,
              44.0519188483076
            ],
            [
              12.5953965950473,
              44.0518656646599
            ],
            [
              12.5954646235655,
              44.0518040761606
            ],
            [
              12.5955392538026,
              44.0517336250318
            ],
            [
              12.5956177297275,
              44.0516452478717
            ],
            [
              12.5956533030128,
              44.0516144854743
            ],
            [
              12.5957086778619,
              44.0515571320608
            ],
            [
              12.5961679855683,
              44.0510806426384
            ],
            [
              12.5962103393373,
              44.0510365191199
            ],
            [
              12.5972297753695,
              44.0499821211772
            ],
            [
              12.5972510447805,
              44.0499578111839
            ],
            [
              12.5972785458046,
              44.0499336316019
            ],
            [
              12.5973044011151,
              44.0499116685267
            ],
            [
              12.5977827549022,
              44.0494265689653
            ],
            [
              12.5993218780044,
              44.0477888885866
            ],
            [
              12.6000313683141,
              44.0470400514088
            ],
            [
              12.5994887562381,
              44.0467480535463
            ],
            [
              12.598638900572,
              44.0463115491472
            ],
            [
              12.598422262858,
              44.0461899553895
            ],
            [
              12.5980803407047,
              44.0460027054475
            ],
            [
              12.5972950712126,
              44.0455900553637
            ],
            [
              12.5970113006008,
              44.0454310354266
            ],
            [
              12.5963128469927,
              44.0451867605594
            ],
            [
              12.5956485122974,
              44.0449477006836
            ],
            [
              12.5952024448599,
              44.0447897599338
            ],
            [
              12.59470813879,
              44.0445902874784
            ],
            [
              12.5943486455897,
              44.0444521722924
            ],
            [
              12.5928849010214,
              44.0434580126568
            ],
            [
              12.5921326823451,
              44.0429244850327
            ],
            [
              12.5917231044745,
              44.0426367558178
            ],
            [
              12.5913164640948,
              44.0423535898885
            ],
            [
              12.5912405313005,
              44.0423024717463
            ],
            [
              12.5903850791302,
              44.0416992326231
            ],
            [
              12.5899459341103,
              44.0419870632518
            ],
            [
              12.5901823239807,
              44.0428518343272
            ],
            [
              12.5902181092683,
              44.0429696277379
            ],
            [
              12.5903076775904,
              44.0433001254046
            ],
            [
              12.5904392664064,
              44.0437485486904
            ],
            [
              12.5904974583722,
              44.0440063597906
            ],
            [
              12.5909557276262,
              44.0454790089009
            ],
            [
              12.5911056681252,
              44.0459368208646
            ],
            [
              12.5911260526956,
              44.0460497874035
            ],
            [
              12.5910823271992,
              44.0465125163836
            ],
            [
              12.5878465057143,
              44.0491225897585
            ],
            [
              12.5872169501935,
              44.049640463876
            ],
            [
              12.5870064273117,
              44.0498295798715
            ],
            [
              12.5858297115446,
              44.0501423201164
            ],
            [
              12.5854937200688,
              44.0502702608566
            ],
            [
              12.5841561654417,
              44.0508541726383
            ],
            [
              12.5837532315109,
              44.0510932280459
            ],
            [
              12.5836763869265,
              44.0511411181668
            ],
            [
              12.5833732198912,
              44.0513057585219
            ],
            [
              12.5830010945814,
              44.0515544675369
            ],
            [
              12.5828631744392,
              44.0516460794447
            ],
            [
              12.582565139479,
              44.0518378354699
            ],
            [
              12.5820431626034,
              44.0521643944111
            ],
            [
              12.5817304482732,
              44.0523333304844
            ],
            [
              12.5815068692771,
              44.0524591378747
            ],
            [
              12.5811846157369,
              44.0526323710026
            ],
            [
              12.5805111200223,
              44.0530007285948
            ],
            [
              12.5796679190758,
              44.0523256462707
            ],
            [
              12.5795978540769,
              44.0522836484291
            ],
            [
              12.5790519945912,
              44.0518939535242
            ],
            [
              12.5784377283965,
              44.0514217796444
            ],
            [
              12.5781193178491,
              44.0511944548353
            ],
            [
              12.5774902105876,
              44.0507039546596
            ],
            [
              12.5767662906395,
              44.0501664253639
            ],
            [
              12.5762861168657,
              44.050462335765
            ],
            [
              12.5755234750372,
              44.0509503109116
            ],
            [
              12.5751030805522,
              44.051233980019
            ],
            [
              12.5749009533251,
              44.0513692334369
            ],
            [
              12.5743859006637,
              44.0518309491896
            ],
            [
              12.5734739211058,
              44.0523832610628
            ],
            [
              12.5730368143633,
              44.0526935764336
            ],
            [
              12.5723351735325,
              44.0534439122628
            ],
            [
              12.5712156274484,
              44.0546445058671
            ],
            [
              12.5707118863731,
              44.0551334530348
            ],
            [
              12.570151856862,
              44.0553961275262
            ],
            [
              12.571486348234,
              44.0564958642548
            ],
            [
              12.5724958920183,
              44.0570710097629
            ],
            [
              12.5727979900585,
              44.0572394838135
            ],
            [
              12.5733987087603,
              44.0575088344578
            ],
            [
              12.573979989716,
              44.0577957742112
            ],
            [
              12.5758133721592,
              44.0588340336624
            ],
            [
              12.5769499404196,
              44.0594343430984
            ],
            [
              12.5772537129194,
              44.0596388530964
            ],
            [
              12.5773955101904,
              44.0597588996366
            ],
            [
              12.5776279277106,
              44.0599528913668
            ],
            [
              12.5778665831321,
              44.0601470141511
            ],
            [
              12.5781903584184,
              44.0604734853126
            ],
            [
              12.5789268898148,
              44.0611643243893
            ],
            [
              12.5791134555263,
              44.0613348331092
            ],
            [
              12.5795656584571,
              44.0617270434541
            ],
            [
              12.5796531642473,
              44.0618009213817
            ],
            [
              12.5802954012849,
              44.0615129326963
            ],
            [
              12.5807053923806,
              44.0613325589227
            ],
            [
              12.5817772316349,
              44.0608420943023
            ],
            [
              12.5819746130624,
              44.060747241203
            ],
            [
              12.5820791715716,
              44.0607089424249
            ],
            [
              12.5822704974557,
              44.0606094593464
            ],
            [
              12.5830594545321,
              44.0602435356353
            ],
            [
              12.583460440017,
              44.0600539577658
            ],
            [
              12.5839912958409,
              44.0598176091373
            ],
            [
              12.5844944476215,
              44.0595716693529
            ],
            [
              12.5849840231631,
              44.0593524503323
            ],
            [
              12.5858400807979,
              44.0589474126414
            ],
            [
              12.5858751141957,
              44.0589301473618
            ],
            [
              12.5860216725377,
              44.0588567209665
            ],
            [
              12.5863397336404,
              44.0587103933838
            ],
            [
              12.5874125763129,
              44.0581928884328
            ],
            [
              12.5875329038486,
              44.0581504163921
            ],
            [
              12.5878637955886,
              44.0579953532568
            ],
            [
              12.5882229339543,
              44.0578363834095
            ],
            [
              12.5883309698419,
              44.0577891494316
            ],
            [
              12.5885220909102,
              44.0576941526448
            ],
            [
              12.5887288058335,
              44.0575994855899
            ],
            [
              12.5889417541666,
              44.0575049500794
            ],
            [
              12.5891583685243,
              44.0573969859494
            ],
            [
              12.5893881872184,
              44.0572712949224
            ],
            [
              12.5895092405928,
              44.057210830173
            ],
            [
              12.5896147046038,
              44.057150035475
            ],
            [
              12.589761616882,
              44.0570676088892
            ],
            [
              12.5899437440176,
              44.0569634173374
            ],
            [
              12.5900046363191,
              44.0569241884224
            ],
            [
              12.590151547699,
              44.0568417621678
            ],
            [
              12.5902669111444,
              44.056767671468
            ],
            [
              12.5903690711518,
              44.0567113081942
            ],
            [
              12.5904626046375,
              44.0566367557437
            ],
            [
              12.5906581148743,
              44.0565103387643
            ],
            [
              12.5907610043136,
              44.0564359842536
            ],
            [
              12.5908545377993,
              44.0563614333933
            ],
            [
              12.5909706288801,
              44.05626935105
            ],
            [
              12.5911408254905,
              44.0561514013869
            ],
            [
              12.5912213369978,
              44.0560900800968
            ],
            [
              12.5913664041364,
              44.0559761010637
            ],
            [
              12.5914958783183,
              44.0558617944995
            ],
            [
              12.5919769010002,
              44.0553902810601
            ],
            [
              12.592022015292,
              44.0553552203281
            ],
            [
              12.5920874809167,
              44.0552800767452
            ],
            [
              12.5921951242406,
              44.0551653072387
            ],
            [
              12.5922666445102,
              44.055094792321
            ],
            [
              12.5926532138315,
              44.0547203165132
            ],
            [
              12.5927795645711,
              44.0546059416739
            ],
            [
              12.5928936263577,
              44.0544868072491
            ],
            [
              12.5930373900408,
              44.054327783436
            ],
            [
              12.5934609825282,
              44.0538865645079
            ],
            [
              12.5935064606378,
              44.0538425089318
            ],
            [
              12.5938840243484,
              44.0534588355727
            ],
            [
              12.5939628676842,
              44.0533614650235
            ],
            [
              12.594105351268,
              44.0532339241399
            ],
            [
              12.5942359088182,
              44.0530926275012
            ]
          ]
        ]
      }
    },
    {
      "type": "Feature",
      "properties": {
        "nome": "Centro storico",
        "tipo": "quartiere",
        "fonte_geometria": "Comune di Rimini SIT (ArcGIS)",
        "centroid_lon": 12.569366,
        "centroid_lat": 44.060368,
        "popolazione": 12800,
        "eta_0_14": 1152,
        "eta_15_64": 8153,
        "eta_65_plus": 3495,
        "famiglie": 6300,
        "eta_media": 46.2,
        "densita_ab_kmq": 14222,
        "color": "#ff6b6b",
        "fonte": "ISTAT 2023"
      },
      "geometry": {
        "type": "Polygon",
        "coordinates": [
          [
            [
              12.5639884204762,
              44.06345420404
            ],
            [
              12.5654081727485,
              44.0641454156427
            ],
            [
              12.5667405737408,
              44.0649150000091
            ],
            [
              12.5679896308377,
              44.0657896949087
            ],
            [
              12.5689905184559,
              44.0666880913526
            ],
            [
              12.5693813116557,
              44.0665208512146
            ],
            [
              12.5701537271544,
              44.0661816737073
            ],
            [
              12.5709336588571,
              44.0658111415229
            ],
            [
              12.5752697979875,
              44.0638146166514
            ],
            [
              12.5796531642473,
              44.0618009213817
            ],
            [
              12.5795656584571,
              44.0617270434541
            ],
            [
              12.5791134555263,
              44.0613348331092
            ],
            [
              12.5789268898148,
              44.0611643243893
            ],
            [
              12.5781903584184,
              44.0604734853126
            ],
            [
              12.5778665831321,
              44.0601470141511
            ],
            [
              12.5776279277106,
              44.0599528913668
            ],
            [
              12.5773955101904,
              44.0597588996366
            ],
            [
              12.5772537129194,
              44.0596388530964
            ],
            [
              12.5769499404196,
              44.0594343430984
            ],
            [
              12.5758133721592,
              44.0588340336624
            ],
            [
              12.573979989716,
              44.0577957742112
            ],
            [
              12.5733987087603,
              44.0575088344578
            ],
            [
              12.5727979900585,
              44.0572394838135
            ],
            [
              12.5724958920183,
              44.0570710097629
            ],
            [
              12.571486348234,
              44.0564958642548
            ],
            [
              12.570151856862,
              44.0553961275262
            ],
            [
              12.5698601936522,
              44.0555069597832
            ],
            [
              12.5693243755347,
              44.0557116266665
            ],
            [
              12.5683246467432,
              44.0560414567218
            ],
            [
              12.5677732401605,
              44.0561692594753
            ],
            [
              12.5670239347208,
              44.0561758050296
            ],
            [
              12.5662794056234,
              44.0561419332795
            ],
            [
              12.5656122187771,
              44.0564293109035
            ],
            [
              12.5652882377766,
              44.0566429758756
            ],
            [
              12.5646982260946,
              44.0571030482035
            ],
            [
              12.5641380447683,
              44.0578248394384
            ],
            [
              12.5632655470654,
              44.0589315908155
            ],
            [
              12.5628602613452,
              44.0592245401871
            ],
            [
              12.5625965330458,
              44.0597185745047
            ],
            [
              12.5626600556145,
              44.0602240926896
            ],
            [
              12.5629422424963,
              44.0607252769739
            ],
            [
              12.5633649357701,
              44.0613014813765
            ],
            [
              12.5635642620502,
              44.0616163345148
            ],
            [
              12.5636375555942,
              44.0619600103339
            ],
            [
              12.5637381237869,
              44.0625518473574
            ],
            [
              12.5637632388856,
              44.0626244061213
            ],
            [
              12.5638558003942,
              44.0629549884176
            ],
            [
              12.5639760982855,
              44.0631421137583
            ],
            [
              12.5641393383423,
              44.0632716363017
            ],
            [
              12.5641099787039,
              44.0633025217444
            ],
            [
              12.5639884204762,
              44.06345420404
            ]
          ]
        ]
      }
    },
    {
      "type": "Feature",
      "properties": {
        "nome": "Colonnella",
        "tipo": "quartiere",
        "fonte_geometria": "Comune di Rimini SIT (ArcGIS)",
        "centroid_lon": 12.575663,
        "centroid_lat": 44.048903,
        "popolazione": 7200,
        "eta_0_14": 648,
        "eta_15_64": 4586,
        "eta_65_plus": 1966,
        "famiglie": 3500,
        "eta_media": 46.2,
        "densita_ab_kmq": 8000,
        "color": "#7bed9f",
        "fonte": "ISTAT 2023"
      },
      "geometry": {
        "type": "Polygon",
        "coordinates": [
          [
            [
              12.5899459359069,
              44.0419870645432
            ],
            [
              12.5886309092305,
              44.0411317132545
            ],
            [
              12.5856033648391,
              44.0413035278806
            ],
            [
              12.5821774589417,
              44.0414753420083
            ],
            [
              12.5790104879334,
              44.0416614736331
            ],
            [
              12.5756862389869,
              44.0418382827988
            ],
            [
              12.5747735335902,
              44.0418774235546
            ],
            [
              12.5713649481099,
              44.0420615669876
            ],
            [
              12.5691953073913,
              44.0421639528082
            ],
            [
              12.5668252040238,
              44.0423610584299
            ],
            [
              12.5655876651254,
              44.0426362831438
            ],
            [
              12.5642650180404,
              44.0429321859634
            ],
            [
              12.5636753944306,
              44.0430816604061
            ],
            [
              12.5630098380265,
              44.0432565223539
            ],
            [
              12.5601071307136,
              44.0440363157684
            ],
            [
              12.5598257837565,
              44.0441248353617
            ],
            [
              12.5609165352425,
              44.0449944141357
            ],
            [
              12.5621569478514,
              44.045943702019
            ],
            [
              12.5627955979161,
              44.0464254873778
            ],
            [
              12.5633708152437,
              44.046856399965
            ],
            [
              12.5639146786729,
              44.0472911408747
            ],
            [
              12.5648344681839,
              44.0479949819584
            ],
            [
              12.5659035361355,
              44.0488640506661
            ],
            [
              12.5660324605485,
              44.0489163156511
            ],
            [
              12.5662217167142,
              44.049019381772
            ],
            [
              12.5691471370308,
              44.0509678077197
            ],
            [
              12.5688536421561,
              44.0512001370784
            ],
            [
              12.5686124157562,
              44.0514515853135
            ],
            [
              12.5682084613393,
              44.0519426468043
            ],
            [
              12.5680787544937,
              44.0521379495833
            ],
            [
              12.5678604396251,
              44.0524393999058
            ],
            [
              12.5676949474919,
              44.0527464765567
            ],
            [
              12.5676908691405,
              44.0529984721654
            ],
            [
              12.5677447590745,
              44.0532066869755
            ],
            [
              12.5677828880667,
              44.0533425427642
            ],
            [
              12.5678485387443,
              44.0534159650219
            ],
            [
              12.568006986289,
              44.0535858937013
            ],
            [
              12.5683092244664,
              44.0538264055483
            ],
            [
              12.5686224661076,
              44.054103164534
            ],
            [
              12.5694794966179,
              44.0548191361294
            ],
            [
              12.570151856862,
              44.0553961275262
            ],
            [
              12.5707118863731,
              44.0551334530348
            ],
            [
              12.5712156274484,
              44.0546445058671
            ],
            [
              12.5723351735325,
              44.0534439122628
            ],
            [
              12.5730368143633,
              44.0526935764336
            ],
            [
              12.5734739211058,
              44.0523832610628
            ],
            [
              12.5743859006637,
              44.0518309491896
            ],
            [
              12.5749009533251,
              44.0513692334369
            ],
            [
              12.5751030805522,
              44.051233980019
            ],
            [
              12.5755234750372,
              44.0509503109116
            ],
            [
              12.5762861168657,
              44.050462335765
            ],
            [
              12.5767662906395,
              44.0501664253639
            ],
            [
              12.5774902105876,
              44.0507039546596
            ],
            [
              12.5781193178491,
              44.0511944548353
            ],
            [
              12.5784377283965,
              44.0514217796444
            ],
            [
              12.5790519945912,
              44.0518939535242
            ],
            [
              12.5795978540769,
              44.0522836484291
            ],
            [
              12.5796679190758,
              44.0523256462707
            ],
            [
              12.5805111200223,
              44.0530007285948
            ],
            [
              12.5811846157369,
              44.0526323710026
            ],
            [
              12.5815068692771,
              44.0524591378747
            ],
            [
              12.5817304482732,
              44.0523333304844
            ],
            [
              12.5820431626034,
              44.0521643944111
            ],
            [
              12.582565139479,
              44.0518378354699
            ],
            [
              12.5828631744392,
              44.0516460794447
            ],
            [
              12.5830010945814,
              44.0515544675369
            ],
            [
              12.5833732198912,
              44.0513057585219
            ],
            [
              12.5836763869265,
              44.0511411181668
            ],
            [
              12.5837532315109,
              44.0510932280459
            ],
            [
              12.5841561654417,
              44.0508541726383
            ],
            [
              12.5854937200688,
              44.0502702608566
            ],
            [
              12.5858297115446,
              44.0501423201164
            ],
            [
              12.5870064273117,
              44.0498295798715
            ],
            [
              12.5872169501935,
              44.049640463876
            ],
            [
              12.5878465057143,
              44.0491225897585
            ],
            [
              12.5910823271992,
              44.0465125163836
            ],
            [
              12.5911260526956,
              44.0460497874035
            ],
            [
              12.5911056681252,
              44.0459368208646
            ],
            [
              12.5909557276262,
              44.0454790089009
            ],
            [
              12.5904974583722,
              44.0440063597906
            ],
            [
              12.5904392664064,
              44.0437485486904
            ],
            [
              12.5903076775904,
              44.0433001254046
            ],
            [
              12.5902181092683,
              44.0429696277379
            ],
            [
              12.5901823239807,
              44.0428518343272
            ],
            [
              12.5899459359069,
              44.0419870645432
            ]
          ]
        ]
      }
    },
    {
      "type": "Feature",
      "properties": {
        "nome": "Zona Sud - monte",
        "tipo": "quartiere",
        "fonte_geometria": "Comune di Rimini SIT (ArcGIS)",
        "centroid_lon": 12.560901,
        "centroid_lat": 44.005017,
        "popolazione": 11200,
        "eta_0_14": 1008,
        "eta_15_64": 7134,
        "eta_65_plus": 3058,
        "famiglie": 5300,
        "eta_media": 46.2,
        "densita_ab_kmq": 12444,
        "color": "#fdcb6e",
        "fonte": "ISTAT 2023"
      },
      "geometry": {
        "type": "Polygon",
        "coordinates": [
          [
            [
              12.5570403829449,
              44.0448575396459
            ],
            [
              12.5598257837565,
              44.0441248353617
            ],
            [
              12.5601071307136,
              44.0440363157684
            ],
            [
              12.5630098380265,
              44.0432565223539
            ],
            [
              12.5636753944306,
              44.0430816604061
            ],
            [
              12.5642650180404,
              44.0429321859634
            ],
            [
              12.5655876651254,
              44.0426362831438
            ],
            [
              12.5668252040238,
              44.0423610584299
            ],
            [
              12.5691953073913,
              44.0421639528082
            ],
            [
              12.5713649499065,
              44.0420615682791
            ],
            [
              12.5747735344886,
              44.0418774229089
            ],
            [
              12.5756862407835,
              44.0418382827988
            ],
            [
              12.5790104879334,
              44.0416614736331
            ],
            [
              12.5821774589417,
              44.0414753420083
            ],
            [
              12.5856033648391,
              44.0413035278806
            ],
            [
              12.5886309092305,
              44.0411317132545
            ],
            [
              12.5899459359069,
              44.0419870645432
            ],
            [
              12.5903850791302,
              44.0416992326231
            ],
            [
              12.5928750447061,
              44.0401582208694
            ],
            [
              12.5948980884551,
              44.0388954172003
            ],
            [
              12.5966361443753,
              44.0378111397929
            ],
            [
              12.5974178763018,
              44.0373054167205
            ],
            [
              12.5978943597965,
              44.0370183421713
            ],
            [
              12.5961194163558,
              44.036161723774
            ],
            [
              12.5940542353318,
              44.0352314409802
            ],
            [
              12.5921176544288,
              44.034285827953
            ],
            [
              12.5922900546065,
              44.033726776048
            ],
            [
              12.592734064902,
              44.0333940239894
            ],
            [
              12.5942083161659,
              44.0322727108476
            ],
            [
              12.5949370663553,
              44.0313787614241
            ],
            [
              12.5941254995816,
              44.031852328637
            ],
            [
              12.5935839475176,
              44.0321290133351
            ],
            [
              12.5934787161702,
              44.0321853153971
            ],
            [
              12.5933619279968,
              44.032218866301
            ],
            [
              12.5932460489184,
              44.0322299282977
            ],
            [
              12.5930944061119,
              44.0321997228676
            ],
            [
              12.5929326617501,
              44.0321107856796
            ],
            [
              12.5925979620516,
              44.0318246385894
            ],
            [
              12.5914102841431,
              44.030723740431
            ],
            [
              12.5910077355896,
              44.0303416269227
            ],
            [
              12.5909814859186,
              44.0302195321361
            ],
            [
              12.5910681778351,
              44.0300818155339
            ],
            [
              12.5923640838708,
              44.0293573952833
            ],
            [
              12.5936482183829,
              44.0286147070914
            ],
            [
              12.5948692812806,
              44.0279652076151
            ],
            [
              12.5951314141721,
              44.0278086742027
            ],
            [
              12.5953478587482,
              44.0275476438891
            ],
            [
              12.5957596285082,
              44.0269306073174
            ],
            [
              12.5962036486851,
              44.0262872377817
            ],
            [
              12.5978379060708,
              44.0252142593363
            ],
            [
              12.6013029219207,
              44.0229868301598
            ],
            [
              12.6011618639632,
              44.0219215163079
            ],
            [
              12.6013159510855,
              44.0212720352198
            ],
            [
              12.6028541597027,
              44.020332011281
            ],
            [
              12.604549374967,
              44.0192872230213
            ],
            [
              12.6057106963051,
              44.0185643291079
            ],
            [
              12.6070314263852,
              44.0177547325265
            ],
            [
              12.60802941514,
              44.0171364279787
            ],
            [
              12.6085843143725,
              44.0168329439682
            ],
            [
              12.6091410578462,
              44.0165610071301
            ],
            [
              12.6099863464774,
              44.0163266161581
            ],
            [
              12.6119154435158,
              44.0150435322704
            ],
            [
              12.6114851765458,
              44.0146519062556
            ],
            [
              12.6114089410192,
              44.0143757194723
            ],
            [
              12.6112543068229,
              44.0141879238706
            ],
            [
              12.6110989485844,
              44.0140181192794
            ],
            [
              12.6109703295986,
              44.013803858668
            ],
            [
              12.6110525685663,
              44.0133869400864
            ],
            [
              12.6109622016419,
              44.0130744451419
            ],
            [
              12.6107613724804,
              44.0125615749224
            ],
            [
              12.610669381402,
              44.012289560351
            ],
            [
              12.610810101593,
              44.0122024746194
            ],
            [
              12.6110877474911,
              44.012122753866
            ],
            [
              12.611418906929,
              44.0120306486271
            ],
            [
              12.6117308271485,
              44.0119516434813
            ],
            [
              12.6121622403687,
              44.0118481271798
            ],
            [
              12.6125101084709,
              44.0118058829203
            ],
            [
              12.6129602165306,
              44.0117027546503
            ],
            [
              12.6133919872803,
              44.0115902368999
            ],
            [
              12.6134999162684,
              44.0115429770295
            ],
            [
              12.6137285033722,
              44.0112866657124
            ],
            [
              12.6140262320069,
              44.0110948210797
            ],
            [
              12.6142751848165,
              44.0108749458483
            ],
            [
              12.6144731968613,
              44.0106810169297
            ],
            [
              12.6146187769379,
              44.0104724879121
            ],
            [
              12.61479610707,
              44.0103276417974
            ],
            [
              12.6150057289415,
              44.0102329862675
            ],
            [
              12.6152824594564,
              44.0101757439785
            ],
            [
              12.6155298321294,
              44.0100728732459
            ],
            [
              12.6157600775233,
              44.0098526052817
            ],
            [
              12.6159247081721,
              44.0096354687389
            ],
            [
              12.616106177741,
              44.0093871723454
            ],
            [
              12.6162531915288,
              44.0091426590872
            ],
            [
              12.6163129582413,
              44.0088963234735
            ],
            [
              12.6164246134412,
              44.0086780805382
            ],
            [
              12.6165208688222,
              44.0084550149419
            ],
            [
              12.6167010708682,
              44.0082382015036
            ],
            [
              12.6168118232613,
              44.0080424471127
            ],
            [
              12.6169741030191,
              44.0078837786902
            ],
            [
              12.618334049053,
              44.0083462099993
            ],
            [
              12.6182648015209,
              44.008037128365
            ],
            [
              12.6182456440492,
              44.0076913299214
            ],
            [
              12.6183150263285,
              44.0074009744107
            ],
            [
              12.6183848847149,
              44.0070987192423
            ],
            [
              12.6183711117449,
              44.0068244944394
            ],
            [
              12.6182824291618,
              44.0065665732701
            ],
            [
              12.6181155976405,
              44.0061998285309
            ],
            [
              12.6179534831727,
              44.0059157331757
            ],
            [
              12.6183215534873,
              44.0048417373299
            ],
            [
              12.6187752709778,
              44.0040801238674
            ],
            [
              12.6192844172162,
              44.0031727007569
            ],
            [
              12.6196009197419,
              44.0027516534097
            ],
            [
              12.6198944882785,
              44.0025650435471
            ],
            [
              12.619913474172,
              44.0024531513985
            ],
            [
              12.6199760984254,
              44.0020884366989
            ],
            [
              12.6199921342516,
              44.0020346636004
            ],
            [
              12.6199960661776,
              44.0020067237724
            ],
            [
              12.6201365168739,
              44.0015161705164
            ],
            [
              12.6204141088731,
              44.0010887361805
            ],
            [
              12.6206425531448,
              44.00074388008
            ],
            [
              12.6207837449513,
              44.0005728505975
            ],
            [
              12.6208846742667,
              44.0001906681145
            ],
            [
              12.6203263749109,
              44.0000743579889
            ],
            [
              12.6201567891549,
              44.0000401446378
            ],
            [
              12.6200408696524,
              44.0000581837727
            ],
            [
              12.6195701371721,
              44.0001347543988
            ],
            [
              12.619028855501,
              44.000223363475
            ],
            [
              12.6181000531928,
              44.0003649761742
            ],
            [
              12.6173139707253,
              44.0003767814175
            ],
            [
              12.6163790176523,
              44.0003839231071
            ],
            [
              12.6163966866157,
              44.0003271191232
            ],
            [
              12.6165516900196,
              43.9998202878774
            ],
            [
              12.6171333213183,
              43.9989961058158
            ],
            [
              12.617239431218,
              43.9984660836288
            ],
            [
              12.616840485807,
              43.9978477511682
            ],
            [
              12.6166014863308,
              43.9977998709648
            ],
            [
              12.6160510238775,
              43.9976890011949
            ],
            [
              12.615988738289,
              43.9976766997668
            ],
            [
              12.6150727208038,
              43.9974948999219
            ],
            [
              12.6144619248012,
              43.9973672226269
            ],
            [
              12.6144188380068,
              43.9973591448437
            ],
            [
              12.6134064582412,
              43.9975026687929
            ],
            [
              12.6133394394294,
              43.9975126380455
            ],
            [
              12.6130466784784,
              43.9974286260214
            ],
            [
              12.6128105311531,
              43.9973605309914
            ],
            [
              12.6127342480158,
              43.9967799907726
            ],
            [
              12.6129118341677,
              43.996696291779
            ],
            [
              12.6132061276447,
              43.9965552926444
            ],
            [
              12.6134197254596,
              43.9964536377649
            ],
            [
              12.6140249608907,
              43.996250753352
            ],
            [
              12.6142248782623,
              43.9959598015895
            ],
            [
              12.6139112746,
              43.995384556563
            ],
            [
              12.6136330430003,
              43.9948397004041
            ],
            [
              12.6131161263347,
              43.9943332675549
            ],
            [
              12.6123750207168,
              43.9942185066578
            ],
            [
              12.6120571392771,
              43.9945829873221
            ],
            [
              12.6119962137379,
              43.9946529460995
            ],
            [
              12.6119255324947,
              43.9951638411386
            ],
            [
              12.6114444235747,
              43.995592437449
            ],
            [
              12.6113423785517,
              43.9956804755693
            ],
            [
              12.6109411738778,
              43.9954484629715
            ],
            [
              12.6108842135022,
              43.9947016508744
            ],
            [
              12.6105955695301,
              43.9943950960934
            ],
            [
              12.6098485017937,
              43.9942979205915
            ],
            [
              12.6097927649236,
              43.9942919388453
            ],
            [
              12.6096863567833,
              43.9943456963423
            ],
            [
              12.6088941397207,
              43.9947600700551
            ],
            [
              12.6086472036289,
              43.9948881297234
            ],
            [
              12.6086736329629,
              43.9954377883203
            ],
            [
              12.6088005199968,
              43.9959874424722
            ],
            [
              12.6085676640987,
              43.9965169013138
            ],
            [
              12.6076710789698,
              43.9965038532447
            ],
            [
              12.6069992631048,
              43.9961942549579
            ],
            [
              12.6069164653851,
              43.9960601099113
            ],
            [
              12.6067403560635,
              43.9957734902532
            ],
            [
              12.6068261891906,
              43.9953698706616
            ],
            [
              12.6069090533856,
              43.9949759116816
            ],
            [
              12.6069954722143,
              43.994068404255
            ],
            [
              12.6071171813589,
              43.9935243897272
            ],
            [
              12.6069104808086,
              43.9932001450363
            ],
            [
              12.6068931487135,
              43.9931747208481
            ],
            [
              12.6062549819424,
              43.9929771989635
            ],
            [
              12.6054937881982,
              43.993317874267
            ],
            [
              12.6054935231952,
              43.993598492949
            ],
            [
              12.6054936624341,
              43.9942374070841
            ],
            [
              12.605336410547,
              43.9950450938521
            ],
            [
              12.6045949590778,
              43.9954941200577
            ],
            [
              12.6041511562931,
              43.9955792127525
            ],
            [
              12.6039163276947,
              43.9956226718704
            ],
            [
              12.6035850011702,
              43.9955052347902
            ],
            [
              12.6034145162006,
              43.995446391761
            ],
            [
              12.6030644508192,
              43.9953208433127
            ],
            [
              12.602981244366,
              43.995249946974
            ],
            [
              12.6024805243249,
              43.9947948047439
            ],
            [
              12.6023344582598,
              43.9946837923539
            ],
            [
              12.6022373198348,
              43.9946008290704
            ],
            [
              12.6022065660111,
              43.994579790955
            ],
            [
              12.6018149724124,
              43.9942590540945
            ],
            [
              12.6014232323883,
              43.993794271091
            ],
            [
              12.6014880925485,
              43.9937369560677
            ],
            [
              12.6015771398477,
              43.9936588733314
            ],
            [
              12.6018063252295,
              43.9934580144524
            ],
            [
              12.6019138338061,
              43.9933691568007
            ],
            [
              12.6021178708515,
              43.9926199900097
            ],
            [
              12.6021615927547,
              43.9924475605421
            ],
            [
              12.60225398538,
              43.9920170059069
            ],
            [
              12.6026638336435,
              43.9914233887837
            ],
            [
              12.6030696367933,
              43.9907770151993
            ],
            [
              12.6035541718879,
              43.9903734592156
            ],
            [
              12.6040308233676,
              43.9899757876631
            ],
            [
              12.6045382160945,
              43.9891405138736
            ],
            [
              12.6052779966973,
              43.9883463343495
            ],
            [
              12.6045152452744,
              43.9878643431454
            ],
            [
              12.6039862705227,
              43.9873131090954
            ],
            [
              12.603234227018,
              43.9874743383572
            ],
            [
              12.6024709563688,
              43.9872474042308
            ],
            [
              12.6018742782891,
              43.9868929031974
            ],
            [
              12.6013540962475,
              43.9864966095923
            ],
            [
              12.6011628323471,
              43.985992579116
            ],
            [
              12.6010909455648,
              43.9857445599427
            ],
            [
              12.6010823352128,
              43.9857141123642
            ],
            [
              12.6010526000786,
              43.9856134394648
            ],
            [
              12.6011710168976,
              43.9851685643722
            ],
            [
              12.6012954200898,
              43.9847924961296
            ],
            [
              12.6007395632532,
              43.9847942574593
            ],
            [
              12.6004080175397,
              43.9845939580613
            ],
            [
              12.5999593809205,
              43.9843156127287
            ],
            [
              12.5998540525551,
              43.9842676013831
            ],
            [
              12.5996943662336,
              43.9841956912655
            ],
            [
              12.5995345307917,
              43.9841237299978
            ],
            [
              12.5994558266947,
              43.9840891862056
            ],
            [
              12.5986102811453,
              43.9840609541722
            ],
            [
              12.5981665798703,
              43.9840420220649
            ],
            [
              12.5972665613804,
              43.9840040712188
            ],
            [
              12.5961742638938,
              43.9838614512129
            ],
            [
              12.5952966188444,
              43.9837466144789
            ],
            [
              12.594413001795,
              43.9835629304428
            ],
            [
              12.5938507624283,
              43.9834456504833
            ],
            [
              12.5930739406931,
              43.9832492797351
            ],
            [
              12.592525310803,
              43.9829607928683
            ],
            [
              12.5922328651606,
              43.9827226416253
            ],
            [
              12.5919932188973,
              43.9825274229278
            ],
            [
              12.5917358964841,
              43.9823608540091
            ],
            [
              12.5902331461678,
              43.9822814790457
            ],
            [
              12.5887226308142,
              43.9823334323687
            ],
            [
              12.5877872833808,
              43.9824208457116
            ],
            [
              12.5879202511109,
              43.98308769771
            ],
            [
              12.5878588117354,
              43.9834315433646
            ],
            [
              12.5878250476571,
              43.9836245110064
            ],
            [
              12.5869946297371,
              43.983153035512
            ],
            [
              12.5863769400629,
              43.9829470708766
            ],
            [
              12.5849423152828,
              43.9824701752366
            ],
            [
              12.5847500335912,
              43.9824175905148
            ],
            [
              12.5833590714254,
              43.9820380570032
            ],
            [
              12.5831830654101,
              43.9819877743401
            ],
            [
              12.5831307969353,
              43.9819747696167
            ],
            [
              12.5815187261405,
              43.9823975370507
            ],
            [
              12.580920911692,
              43.9825601635715
            ],
            [
              12.5797407131565,
              43.9828799184582
            ],
            [
              12.5783501139102,
              43.9827622551378
            ],
            [
              12.5780052012653,
              43.9827015113913
            ],
            [
              12.5778320599774,
              43.9826714539599
            ],
            [
              12.5773268896825,
              43.9834247842275
            ],
            [
              12.5770897667868,
              43.983958887484
            ],
            [
              12.5770894209354,
              43.9842964977813
            ],
            [
              12.5770900156202,
              43.9843858822294
            ],
            [
              12.5770898682964,
              43.9844270323309
            ],
            [
              12.5770245023848,
              43.9847396710797
            ],
            [
              12.5768576133713,
              43.9851590319212
            ],
            [
              12.5768553918376,
              43.9855383380015
            ],
            [
              12.5769294363732,
              43.9858544980186
            ],
            [
              12.5769614954491,
              43.9859210123592
            ],
            [
              12.5770004140605,
              43.9860097428441
            ],
            [
              12.5770309684582,
              43.9860721604725
            ],
            [
              12.5765830702542,
              43.9861082355954
            ],
            [
              12.5760590209652,
              43.9861159652373
            ],
            [
              12.5757983424461,
              43.9863805964424
            ],
            [
              12.5757108842667,
              43.9870000346969
            ],
            [
              12.5755809339777,
              43.9877423347504
            ],
            [
              12.5754685879734,
              43.9883625434278
            ],
            [
              12.5754178987368,
              43.9886927309354
            ],
            [
              12.57538771175,
              43.9888279131682
            ],
            [
              12.5752069105277,
              43.9887932389723
            ],
            [
              12.5748561426638,
              43.9887234271106
            ],
            [
              12.5747029367887,
              43.9886571466456
            ],
            [
              12.5746231870527,
              43.9886243621832
            ],
            [
              12.5745247361892,
              43.9886347795329
            ],
            [
              12.5743626127383,
              43.9886533734441
            ],
            [
              12.5743188737671,
              43.9890467603984
            ],
            [
              12.5741846457007,
              43.9899062324824
            ],
            [
              12.5741193417728,
              43.9905834859099
            ],
            [
              12.5739573755271,
              43.9912277566373
            ],
            [
              12.573894239234,
              43.9918374222758
            ],
            [
              12.5739470224434,
              43.9923849376392
            ],
            [
              12.5740175276168,
              43.9928007726931
            ],
            [
              12.5742045011634,
              43.9927777014124
            ],
            [
              12.5746402766027,
              43.9927505418005
            ],
            [
              12.5746198498114,
              43.9933091593598
            ],
            [
              12.5748449541469,
              43.9939097953956
            ],
            [
              12.5749660991495,
              43.9943823079985
            ],
            [
              12.5750240800112,
              43.9945373385824
            ],
            [
              12.5746187996809,
              43.994595083237
            ],
            [
              12.5741109640845,
              43.9946701738874
            ],
            [
              12.573703916768,
              43.9947159194626
            ],
            [
              12.5732993658697,
              43.9948512004242
            ],
            [
              12.5730254919974,
              43.9949660912863
            ],
            [
              12.5726619384121,
              43.9950402702576
            ],
            [
              12.571723868185,
              43.9953364003641
            ],
            [
              12.5716982814708,
              43.995171668477
            ],
            [
              12.5715414490969,
              43.9951965547791
            ],
            [
              12.571482963382,
              43.9947532973442
            ],
            [
              12.5714499898212,
              43.9940161018824
            ],
            [
              12.5714466804277,
              43.9937719304723
            ],
            [
              12.5706867030024,
              43.9934951423755
            ],
            [
              12.5701883625985,
              43.993197245878
            ],
            [
              12.5699398832011,
              43.9928344693234
            ],
            [
              12.5696415410171,
              43.9924911647805
            ],
            [
              12.5692785515737,
              43.9922708082658
            ],
            [
              12.5691076641589,
              43.9921673513292
            ],
            [
              12.5685836687688,
              43.9919133443028
            ],
            [
              12.5683141121998,
              43.9917824184111
            ],
            [
              12.5678153945036,
              43.9914575062826
            ],
            [
              12.567392277225,
              43.9911330389621
            ],
            [
              12.5671388966193,
              43.9909175640251
            ],
            [
              12.5670437946751,
              43.9908700912113
            ],
            [
              12.5668817071568,
              43.9907891849212
            ],
            [
              12.5663773974479,
              43.9909278420194
            ],
            [
              12.5658472863273,
              43.990819763033
            ],
            [
              12.5649822473363,
              43.9906398093294
            ],
            [
              12.5641902144284,
              43.9904978489786
            ],
            [
              12.5637082224644,
              43.9903959691513
            ],
            [
              12.5630664273978,
              43.990268275936
            ],
            [
              12.5628857923639,
              43.9905257780687
            ],
            [
              12.5625226825463,
              43.9904441771852
            ],
            [
              12.5613871069243,
              43.9901577766435
            ],
            [
              12.5602699386807,
              43.9898611114075
            ],
            [
              12.5600695999993,
              43.9898082856978
            ],
            [
              12.5597959525025,
              43.9894602249143
            ],
            [
              12.5596968261059,
              43.9891257081519
            ],
            [
              12.5597117246649,
              43.9887366016296
            ],
            [
              12.5594677781663,
              43.9885987098234
            ],
            [
              12.5584530007972,
              43.9887633959707
            ],
            [
              12.5572944498635,
              43.9887592246452
            ],
            [
              12.5567353186677,
              43.9887095468107
            ],
            [
              12.55641965966,
              43.9886972389969
            ],
            [
              12.5563523129632,
              43.9886947351646
            ],
            [
              12.5561744034178,
              43.9886905108362
            ],
            [
              12.5555692874626,
              43.9886023479479
            ],
            [
              12.5555349655305,
              43.9885418467299
            ],
            [
              12.5555181122375,
              43.9885087558487
            ],
            [
              12.5553647293943,
              43.9882213887646
            ],
            [
              12.5552900740043,
              43.988083732316
            ],
            [
              12.5551216201256,
              43.9879449302598
            ],
            [
              12.5548316340704,
              43.9877153945246
            ],
            [
              12.5544613539002,
              43.987456671561
            ],
            [
              12.5543513920246,
              43.9873550127295
            ],
            [
              12.5542942430028,
              43.9873612569392
            ],
            [
              12.5540910252209,
              43.9873979801951
            ],
            [
              12.5538571093108,
              43.987426577111
            ],
            [
              12.5537747364942,
              43.9874173442739
            ],
            [
              12.553616692293,
              43.9873616789937
            ],
            [
              12.5533165660549,
              43.9872394879459
            ],
            [
              12.5529954641549,
              43.9871243145433
            ],
            [
              12.5528302073803,
              43.9871922823576
            ],
            [
              12.552778561438,
              43.987177656477
            ],
            [
              12.5526863125432,
              43.9871478087851
            ],
            [
              12.5526101776279,
              43.9871273174117
            ],
            [
              12.552537474277,
              43.9871051513789
            ],
            [
              12.5524923923245,
              43.9870911020072
            ],
            [
              12.5523021821479,
              43.9870216740057
            ],
            [
              12.5518368233897,
              43.986850128621
            ],
            [
              12.5517539852458,
              43.9868313486461
            ],
            [
              12.5512196987558,
              43.9867118465681
            ],
            [
              12.5505740669847,
              43.9866508690101
            ],
            [
              12.549918640882,
              43.986654766436
            ],
            [
              12.5494904876479,
              43.9866582198266
            ],
            [
              12.5487049917804,
              43.986983331446
            ],
            [
              12.5478029125552,
              43.9873849081457
            ],
            [
              12.546725147115,
              43.9878189516464
            ],
            [
              12.546231607308,
              43.98797318436
            ],
            [
              12.5457364424487,
              43.9885385220663
            ],
            [
              12.545695964362,
              43.988610292489
            ],
            [
              12.5454573170253,
              43.9890308171417
            ],
            [
              12.5454402463399,
              43.9890608836332
            ],
            [
              12.5454012594566,
              43.9893949677335
            ],
            [
              12.5453605819439,
              43.9897256646036
            ],
            [
              12.5453064476682,
              43.9897337175737
            ],
            [
              12.5444996671183,
              43.9898592532825
            ],
            [
              12.5440882378199,
              43.9904172995841
            ],
            [
              12.5438438951643,
              43.9906350021805
            ],
            [
              12.5437371986647,
              43.9907228259761
            ],
            [
              12.54347663513,
              43.9903107552755
            ],
            [
              12.5434132787497,
              43.9902106537462
            ],
            [
              12.5433631087394,
              43.9902357954784
            ],
            [
              12.5428746237525,
              43.9905089568913
            ],
            [
              12.5424291986104,
              43.9907341703906
            ],
            [
              12.5420874453404,
              43.9909056832225
            ],
            [
              12.5416483048121,
              43.9912919674003
            ],
            [
              12.5416079165569,
              43.991327062809
            ],
            [
              12.540993264985,
              43.9919908838745
            ],
            [
              12.5405660621685,
              43.992124509463
            ],
            [
              12.5401465911516,
              43.9922320968405
            ],
            [
              12.5399003144232,
              43.9922977748601
            ],
            [
              12.5393334226817,
              43.992441062881
            ],
            [
              12.5392665916178,
              43.9925653274572
            ],
            [
              12.5391479951357,
              43.9927794877098
            ],
            [
              12.5389098688219,
              43.992999754443
            ],
            [
              12.539187030528,
              43.9938329175174
            ],
            [
              12.5393750775614,
              43.9941987292546
            ],
            [
              12.5396360893554,
              43.9947057674972
            ],
            [
              12.5400006795966,
              43.995468866168
            ],
            [
              12.5392191731472,
              43.9955074016426
            ],
            [
              12.5390874702451,
              43.9955779771377
            ],
            [
              12.5386818889791,
              43.9958022078579
            ],
            [
              12.5377642464417,
              43.9963198771676
            ],
            [
              12.5373463861041,
              43.996652109023
            ],
            [
              12.5372851704091,
              43.9966937611426
            ],
            [
              12.5367914275829,
              43.9963304237058
            ],
            [
              12.5366926236814,
              43.996047752569
            ],
            [
              12.5366816848962,
              43.9960168727731
            ],
            [
              12.5366564619996,
              43.9959460102241
            ],
            [
              12.5366945712289,
              43.9956432391523
            ],
            [
              12.5364943349555,
              43.9953635516839
            ],
            [
              12.5364556795505,
              43.9953130302114
            ],
            [
              12.5363131762037,
              43.995314915308
            ],
            [
              12.5359601535684,
              43.9953183765959
            ],
            [
              12.5356540930595,
              43.9951996903658
            ],
            [
              12.5355227656532,
              43.9950025804187
            ],
            [
              12.5353242514501,
              43.99470439292
            ],
            [
              12.5352180472273,
              43.9945291544284
            ],
            [
              12.534939466183,
              43.994072613983
            ],
            [
              12.5348485638628,
              43.9935397617716
            ],
            [
              12.5348633734886,
              43.9928775950366
            ],
            [
              12.5348951576799,
              43.9924354797001
            ],
            [
              12.5348502329326,
              43.9922554501107
            ],
            [
              12.5344834867347,
              43.9921118326852
            ],
            [
              12.5341942750273,
              43.9921310937603
            ],
            [
              12.5336956750103,
              43.9921660277493
            ],
            [
              12.5327150093674,
              43.9920843173145
            ],
            [
              12.5321690923895,
              43.9920307309723
            ],
            [
              12.5320208838424,
              43.9920156370841
            ],
            [
              12.5317539997613,
              43.9919696638751
            ],
            [
              12.531402589602,
              43.9919088978825
            ],
            [
              12.5313258456289,
              43.9918982219483
            ],
            [
              12.5303180337965,
              43.9918980170768
            ],
            [
              12.5299028558284,
              43.9919777921556
            ],
            [
              12.5296344230518,
              43.9920263892583
            ],
            [
              12.5291423708549,
              43.992115474472
            ],
            [
              12.5290612520865,
              43.9921302936661
            ],
            [
              12.528493793508,
              43.9923218105736
            ],
            [
              12.528294663959,
              43.9925632212472
            ],
            [
              12.5279602642978,
              43.9928424397951
            ],
            [
              12.5278531806244,
              43.9928067830256
            ],
            [
              12.5275418838357,
              43.9926991268924
            ],
            [
              12.5272042107137,
              43.9926006243969
            ],
            [
              12.5269136883643,
              43.9925173292469
            ],
            [
              12.5262472659842,
              43.9926530966945
            ],
            [
              12.5255859738828,
              43.9926911383058
            ],
            [
              12.5251917167793,
              43.9926013443467
            ],
            [
              12.5250676702184,
              43.9925726943444
            ],
            [
              12.5249370309215,
              43.9925280360909
            ],
            [
              12.5247169625415,
              43.9924527611264
            ],
            [
              12.5244908017873,
              43.9923759395256
            ],
            [
              12.5244038718173,
              43.9922515989383
            ],
            [
              12.5243360544032,
              43.9921543876125
            ],
            [
              12.5240847929233,
              43.9918952238452
            ],
            [
              12.5237548156683,
              43.9917535902854
            ],
            [
              12.5235901185441,
              43.9916515329465
            ],
            [
              12.5235601067287,
              43.9916336825561
            ],
            [
              12.5232364473252,
              43.9914639639816
            ],
            [
              12.5230960271715,
              43.9913918654641
            ],
            [
              12.5229150660491,
              43.9913513587234
            ],
            [
              12.5227746611668,
              43.9913216598379
            ],
            [
              12.5226235798074,
              43.9913540750724
            ],
            [
              12.5222613440505,
              43.9914343892395
            ],
            [
              12.5219443941638,
              43.9917847185338
            ],
            [
              12.5218962462612,
              43.9917798313385
            ],
            [
              12.5216545428559,
              43.991753356977
            ],
            [
              12.521575403076,
              43.9917449320215
            ],
            [
              12.5215051539225,
              43.9916903242434
            ],
            [
              12.5211755135357,
              43.9914281945762
            ],
            [
              12.5208382725033,
              43.9911424573529
            ],
            [
              12.520753128384,
              43.9911597488499
            ],
            [
              12.5203729954918,
              43.991241693868
            ],
            [
              12.5202210679194,
              43.9912957637004
            ],
            [
              12.5197389043771,
              43.9914670441849
            ],
            [
              12.5188698714763,
              43.9914487885171
            ],
            [
              12.5187718778553,
              43.9913935988076
            ],
            [
              12.5184064539774,
              43.9911806278978
            ],
            [
              12.5180387645485,
              43.9910306192791
            ],
            [
              12.5174283512281,
              43.9910081787373
            ],
            [
              12.5172178355329,
              43.9912182988364
            ],
            [
              12.5172802801232,
              43.9912559503624
            ],
            [
              12.5175503298673,
              43.9913676303173
            ],
            [
              12.5176240007037,
              43.9914819940908
            ],
            [
              12.5177381460336,
              43.9916602468046
            ],
            [
              12.517674053933,
              43.9919998232348
            ],
            [
              12.5176901499463,
              43.9921834430337
            ],
            [
              12.5176994906287,
              43.9922913411641
            ],
            [
              12.517091014076,
              43.9922465579672
            ],
            [
              12.5166134642811,
              43.992032408717
            ],
            [
              12.5162968135333,
              43.9918262486909
            ],
            [
              12.5158692190513,
              43.99160196417
            ],
            [
              12.5152972329638,
              43.9916093505653
            ],
            [
              12.5151046647096,
              43.9917610761895
            ],
            [
              12.5147942392868,
              43.9920041429773
            ],
            [
              12.5142388935916,
              43.9921865787797
            ],
            [
              12.5138613532373,
              43.9922891147367
            ],
            [
              12.5138088574887,
              43.9923022257753
            ],
            [
              12.5137886624628,
              43.9922615910466
            ],
            [
              12.5136963641606,
              43.9920751918382
            ],
            [
              12.5134993815851,
              43.9916782917186
            ],
            [
              12.513406550582,
              43.9913286255343
            ],
            [
              12.5134604881266,
              43.9913029407363
            ],
            [
              12.5134071785044,
              43.9912318127498
            ],
            [
              12.5129643405103,
              43.9911019052016
            ],
            [
              12.5127216211105,
              43.9911510278092
            ],
            [
              12.5117312922901,
              43.9910685565849
            ],
            [
              12.5107323692874,
              43.9910226737694
            ],
            [
              12.5101881267692,
              43.9909185509143
            ],
            [
              12.509650617124,
              43.9909633978036
            ],
            [
              12.5094710510852,
              43.99120346455
            ],
            [
              12.509386451345,
              43.9915077066017
            ],
            [
              12.5094395453715,
              43.9917472392548
            ],
            [
              12.5096083154572,
              43.9919490468488
            ],
            [
              12.5096216608291,
              43.9920929658348
            ],
            [
              12.5093672426693,
              43.9929474478972
            ],
            [
              12.5091261788645,
              43.9937164482275
            ],
            [
              12.5090333505563,
              43.9964558349555
            ],
            [
              12.5090090376531,
              43.9983774447873
            ],
            [
              12.509100420572,
              43.9984289542923
            ],
            [
              12.509204075376,
              43.9984852327857
            ],
            [
              12.5092864886168,
              43.9985275433988
            ],
            [
              12.5094211056537,
              43.9985889998741
            ],
            [
              12.5094972899763,
              43.9986311753556
            ],
            [
              12.5093344667378,
              43.998722154383
            ],
            [
              12.5091422883525,
              43.9988440045032
            ],
            [
              12.5089124534887,
              43.9990460613085
            ],
            [
              12.5087315013494,
              43.9991231405106
            ],
            [
              12.5107724817598,
              44.0016884851074
            ],
            [
              12.5117296313051,
              44.0028842338306
            ],
            [
              12.5118117238474,
              44.0032326371786
            ],
            [
              12.5122656227975,
              44.003787206777
            ],
            [
              12.51222485186,
              44.00386734581
            ],
            [
              12.5121585948196,
              44.0039604329521
            ],
            [
              12.5119641149505,
              44.0045098795725
            ],
            [
              12.5121935294027,
              44.0045418869935
            ],
            [
              12.5124500415355,
              44.0045969901682
            ],
            [
              12.5127453644817,
              44.0046934535539
            ],
            [
              12.5129406160037,
              44.0047967387472
            ],
            [
              12.5131197274949,
              44.0049131765967
            ],
            [
              12.5133511586649,
              44.0051207830901
            ],
            [
              12.5137123362064,
              44.00498460027
            ],
            [
              12.5140087595889,
              44.004905523709
            ],
            [
              12.5147502398042,
              44.0049216636505
            ],
            [
              12.5151525880334,
              44.0048448904989
            ],
            [
              12.5155735179143,
              44.0046964968865
            ],
            [
              12.5158898677265,
              44.0046628657912
            ],
            [
              12.516036182625,
              44.0045940237216
            ],
            [
              12.516219319467,
              44.004539487859
            ],
            [
              12.5163108694726,
              44.0044379448725
            ],
            [
              12.5165764734543,
              44.0042006409647
            ],
            [
              12.5169077227237,
              44.0041088109597
            ],
            [
              12.5171069969015,
              44.0040411196863
            ],
            [
              12.5174121950277,
              44.0039757305703
            ],
            [
              12.5176980254764,
              44.0038514000733
            ],
            [
              12.5178607750531,
              44.0038369327285
            ],
            [
              12.5180585472477,
              44.0038052189265
            ],
            [
              12.5181545636768,
              44.0038208105841
            ],
            [
              12.5186135390066,
              44.0037317506966
            ],
            [
              12.5187288099256,
              44.0037342558328
            ],
            [
              12.5190213256366,
              44.0038981633667
            ],
            [
              12.5192020621802,
              44.0040506394123
            ],
            [
              12.5192972548542,
              44.0041607432393
            ],
            [
              12.5193922175595,
              44.0041267932888
            ],
            [
              12.519373379888,
              44.0042794360989
            ],
            [
              12.5193046246328,
              44.0045075185593
            ],
            [
              12.5192695732688,
              44.0047498365955
            ],
            [
              12.5190376866529,
              44.0050013850372
            ],
            [
              12.5188999695299,
              44.0050884225436
            ],
            [
              12.5178581753286,
              44.006515264667
            ],
            [
              12.5178237554802,
              44.0066675666404
            ],
            [
              12.5178074672275,
              44.0068337675472
            ],
            [
              12.5183415471049,
              44.0071874884919
            ],
            [
              12.5187278891524,
              44.0075695083095
            ],
            [
              12.5187775192752,
              44.0078001619097
            ],
            [
              12.5187044000044,
              44.0079831351672
            ],
            [
              12.5185313925655,
              44.0081684377148
            ],
            [
              12.5180573300305,
              44.0084687387896
            ],
            [
              12.5177059746684,
              44.0082945469325
            ],
            [
              12.5174389675181,
              44.0082662346663
            ],
            [
              12.5164681501058,
              44.0091859377017
            ],
            [
              12.5162395351542,
              44.0094330493603
            ],
            [
              12.516148761293,
              44.0096651526438
            ],
            [
              12.5160970659433,
              44.009857591778
            ],
            [
              12.5160464207243,
              44.0100995713782
            ],
            [
              12.5159482582199,
              44.0114793929007
            ],
            [
              12.5158382999375,
              44.0129174770258
            ],
            [
              12.51578061013,
              44.0137760064308
            ],
            [
              12.515821636189,
              44.0139884685631
            ],
            [
              12.5158607506331,
              44.0140973555389
            ],
            [
              12.5160254765034,
              44.0143350158753
            ],
            [
              12.5163068090875,
              44.0145437025115
            ],
            [
              12.5166247830536,
              44.0147711899158
            ],
            [
              12.5167775020418,
              44.0149230604603
            ],
            [
              12.5172675330293,
              44.0155864302008
            ],
            [
              12.5178549611565,
              44.0163824577629
            ],
            [
              12.5183650272698,
              44.0170147491543
            ],
            [
              12.5186486325915,
              44.0171694615514
            ],
            [
              12.5188822673289,
              44.0172510625042
            ],
            [
              12.5198170003147,
              44.0175729664314
            ],
            [
              12.5205826056853,
              44.0178371737655
            ],
            [
              12.5211537734075,
              44.0180521400909
            ],
            [
              12.5214942313069,
              44.0181900726269
            ],
            [
              12.5220877554017,
              44.0180183925366
            ],
            [
              12.522354127443,
              44.0179881604843
            ],
            [
              12.522619752086,
              44.0179759168831
            ],
            [
              12.5228668642476,
              44.0179587701524
            ],
            [
              12.5233233233963,
              44.0179326595409
            ],
            [
              12.524888430268,
              44.0195961291044
            ],
            [
              12.5251278771053,
              44.019763371921
            ],
            [
              12.5257027503781,
              44.0201899662897
            ],
            [
              12.5273487649142,
              44.0212609601966
            ],
            [
              12.5273284441242,
              44.0214495815441
            ],
            [
              12.5274459904758,
              44.0216231844069
            ],
            [
              12.5275122430246,
              44.0217551606642
            ],
            [
              12.5275372988345,
              44.0220528007306
            ],
            [
              12.5275068782857,
              44.0227093592997
            ],
            [
              12.5273710619979,
              44.0228999829886
            ],
            [
              12.5271661221456,
              44.0231026128408
            ],
            [
              12.5269322610328,
              44.0232505986757
            ],
            [
              12.5267880931078,
              44.0233420082512
            ],
            [
              12.5269011496795,
              44.0238486217294
            ],
            [
              12.5269560592013,
              44.0239533450012
            ],
            [
              12.5271848690873,
              44.0241518637789
            ],
            [
              12.5274871665535,
              44.0243834844352
            ],
            [
              12.5276876202192,
              44.0245138655676
            ],
            [
              12.5279525863971,
              44.0246681508182
            ],
            [
              12.5281338439635,
              44.0247350951151
            ],
            [
              12.5283261346383,
              44.024761764685
            ],
            [
              12.5287211840559,
              44.0247883205603
            ],
            [
              12.5291573143297,
              44.0248022583046
            ],
            [
              12.5294581214908,
              44.0248447788038
            ],
            [
              12.5297159873847,
              44.0249448890776
            ],
            [
              12.5300141220578,
              44.0251268948165
            ],
            [
              12.5304627955079,
              44.0255147234207
            ],
            [
              12.5312633031222,
              44.0263693073864
            ],
            [
              12.5314941315227,
              44.0265948691942
            ],
            [
              12.5316097635644,
              44.026664891629
            ],
            [
              12.5318805373506,
              44.0266797474065
            ],
            [
              12.5326203017837,
              44.0266687231281
            ],
            [
              12.5340006557442,
              44.0266310185045
            ],
            [
              12.5347620489144,
              44.0266249495919
            ],
            [
              12.5358448305472,
              44.0266168092646
            ],
            [
              12.5363220515587,
              44.0266181030102
            ],
            [
              12.5376728635228,
              44.0266157260836
            ],
            [
              12.5380582946786,
              44.0266320674523
            ],
            [
              12.5379836590515,
              44.0273966821604
            ],
            [
              12.5378757183853,
              44.0284064310279
            ],
            [
              12.5378410703648,
              44.0287305485355
            ],
            [
              12.5378212885639,
              44.0289822051772
            ],
            [
              12.538189998479,
              44.0289676464349
            ],
            [
              12.5384858370583,
              44.0289511209888
            ],
            [
              12.5384480826635,
              44.0290632389387
            ],
            [
              12.5383909516081,
              44.029237564846
            ],
            [
              12.5383992727025,
              44.0294133027661
            ],
            [
              12.5384968135727,
              44.0296944966926
            ],
            [
              12.538585838414,
              44.0301060503671
            ],
            [
              12.5387115702144,
              44.030459875995
            ],
            [
              12.5387325952837,
              44.0305548596286
            ],
            [
              12.5387125412933,
              44.0306624632136
            ],
            [
              12.5387036506669,
              44.0308018170095
            ],
            [
              12.5388878699788,
              44.030873310259
            ],
            [
              12.5389668130277,
              44.0310010530033
            ],
            [
              12.5391128844828,
              44.0310897289935
            ],
            [
              12.5398972646428,
              44.0316603109305
            ],
            [
              12.5398684206373,
              44.0317542211785
            ],
            [
              12.539852974106,
              44.0318259115543
            ],
            [
              12.5398815369388,
              44.0318895468461
            ],
            [
              12.5399205211272,
              44.0320029244484
            ],
            [
              12.5399859292597,
              44.0320808585477
            ],
            [
              12.5400742731779,
              44.0321322774301
            ],
            [
              12.540172201222,
              44.0321549542959
            ],
            [
              12.5401136301672,
              44.0322366599169
            ],
            [
              12.5402076918623,
              44.0328283793708
            ],
            [
              12.5409476727894,
              44.0325877325308
            ],
            [
              12.5416231690521,
              44.0325482581975
            ],
            [
              12.5418942051464,
              44.0324820686698
            ],
            [
              12.5425430385131,
              44.0322574554036
            ],
            [
              12.5428672467874,
              44.0321879065203
            ],
            [
              12.5429517872388,
              44.0324823211932
            ],
            [
              12.5432201032344,
              44.03301026532
            ],
            [
              12.5431132926488,
              44.0331790241675
            ],
            [
              12.5432950101526,
              44.033160426127
            ],
            [
              12.5439851273949,
              44.0332202850978
            ],
            [
              12.544369220061,
              44.0332870640909
            ],
            [
              12.5440316286856,
              44.0336804353953
            ],
            [
              12.5456464743763,
              44.034691974619
            ],
            [
              12.5462530635686,
              44.0353397193402
            ],
            [
              12.5462025135709,
              44.03558171249
            ],
            [
              12.5447571063124,
              44.0371891826063
            ],
            [
              12.5445068428608,
              44.0370395835128
            ],
            [
              12.5440652813728,
              44.037475861107
            ],
            [
              12.544765752597,
              44.0378141400959
            ],
            [
              12.5444180857175,
              44.0381452089762
            ],
            [
              12.5449441391478,
              44.0385526491525
            ],
            [
              12.5449773148296,
              44.0385803715739
            ],
            [
              12.5452368758444,
              44.0384148950861
            ],
            [
              12.5455052286709,
              44.0382631111945
            ],
            [
              12.5458666227064,
              44.0379737817002
            ],
            [
              12.5460427958083,
              44.037711979886
            ],
            [
              12.5463592417402,
              44.0374531927351
            ],
            [
              12.5466925328803,
              44.037239781426
            ],
            [
              12.5474262220071,
              44.0379082543457
            ],
            [
              12.5477916800209,
              44.0386543448939
            ],
            [
              12.5480462221482,
              44.038610294132
            ],
            [
              12.5481044841826,
              44.0394668261162
            ],
            [
              12.5475397627708,
              44.0393151527622
            ],
            [
              12.5473888206503,
              44.0400996701072
            ],
            [
              12.5477520274859,
              44.0405981304554
            ],
            [
              12.5474747903213,
              44.0412673984971
            ],
            [
              12.547396848894,
              44.0416438468652
            ],
            [
              12.5477698311966,
              44.0416788666381
            ],
            [
              12.5478947176823,
              44.0412989224347
            ],
            [
              12.5483574722245,
              44.0415024224865
            ],
            [
              12.5484256857956,
              44.0415128899594
            ],
            [
              12.549166696192,
              44.0404169309848
            ],
            [
              12.5492542064737,
              44.0403377828522
            ],
            [
              12.5493469072211,
              44.0401327044453
            ],
            [
              12.5506577432568,
              44.0404264145212
            ],
            [
              12.5503521956859,
              44.0425400545339
            ],
            [
              12.5503267113796,
              44.0441420326381
            ],
            [
              12.5501900641502,
              44.0443115707966
            ],
            [
              12.5500734906741,
              44.0444562047487
            ],
            [
              12.5502203535449,
              44.0445268769721
            ],
            [
              12.5503525586053,
              44.044574728494
            ],
            [
              12.5504785257643,
              44.0446224450244
            ],
            [
              12.5506177071412,
              44.0446524381416
            ],
            [
              12.5507726602395,
              44.0446782696613
            ],
            [
              12.5509657674829,
              44.0446869130965
            ],
            [
              12.5510978189313,
              44.0446627345913
            ],
            [
              12.5514973680101,
              44.0450757675795
            ],
            [
              12.5524440917083,
              44.0458656266653
            ],
            [
              12.5527594479837,
              44.0461690466308
            ],
            [
              12.5544220067924,
              44.0455487391226
            ],
            [
              12.5560846356697,
              44.0451071784299
            ],
            [
              12.5570403829449,
              44.0448575396459
            ]
          ]
        ]
      }
    },
    {
      "type": "Feature",
      "properties": {
        "nome": "Ghetto Turco",
        "tipo": "quartiere",
        "fonte_geometria": "Comune di Rimini SIT (ArcGIS)",
        "centroid_lon": 12.604807,
        "centroid_lat": 44.039019,
        "popolazione": 8600,
        "eta_0_14": 774,
        "eta_15_64": 5477,
        "eta_65_plus": 2349,
        "famiglie": 4100,
        "eta_media": 46.2,
        "densita_ab_kmq": 9556,
        "color": "#dda0dd",
        "fonte": "ISTAT 2023"
      },
      "geometry": {
        "type": "Polygon",
        "coordinates": [
          [
            [
              12.6100890553554,
              44.0296801932441
            ],
            [
              12.6098158462365,
              44.0296474663261
            ],
            [
              12.6080822899776,
              44.030709532818
            ],
            [
              12.6058902479708,
              44.0320770667949
            ],
            [
              12.6058392883413,
              44.0321030071326
            ],
            [
              12.60561895406,
              44.0322289304705
            ],
            [
              12.6032920704374,
              44.0336881168612
            ],
            [
              12.6022455394197,
              44.034341371711
            ],
            [
              12.6010680933223,
              44.0350683917881
            ],
            [
              12.5998900732014,
              44.0358088918515
            ],
            [
              12.5978943597965,
              44.0370183421713
            ],
            [
              12.5974178763018,
              44.0373054167205
            ],
            [
              12.5966361443753,
              44.0378111397929
            ],
            [
              12.5948980884551,
              44.0388954172003
            ],
            [
              12.5928750447061,
              44.0401582208694
            ],
            [
              12.5903850791302,
              44.0416992326231
            ],
            [
              12.5912405313005,
              44.0423024717463
            ],
            [
              12.5913164640948,
              44.0423535898885
            ],
            [
              12.5917231044745,
              44.0426367558178
            ],
            [
              12.5921326823451,
              44.0429244850327
            ],
            [
              12.5928849010214,
              44.0434580126568
            ],
            [
              12.5943486455897,
              44.0444521722924
            ],
            [
              12.59470813879,
              44.0445902874784
            ],
            [
              12.5952024448599,
              44.0447897599338
            ],
            [
              12.5956485122974,
              44.0449477006836
            ],
            [
              12.5963128469927,
              44.0451867605594
            ],
            [
              12.5970113006008,
              44.0454310354266
            ],
            [
              12.5972950712126,
              44.0455900553637
            ],
            [
              12.5980803407047,
              44.0460027054475
            ],
            [
              12.598422262858,
              44.0461899553895
            ],
            [
              12.598638900572,
              44.0463115491472
            ],
            [
              12.5994887562381,
              44.0467480535463
            ],
            [
              12.6000313683141,
              44.0470400514088
            ],
            [
              12.6001036054394,
              44.0469770477219
            ],
            [
              12.6001846397662,
              44.0469022253893
            ],
            [
              12.6002240515527,
              44.0468535376505
            ],
            [
              12.6002794174186,
              44.0467961815638
            ],
            [
              12.6003476184132,
              44.0467300925357
            ],
            [
              12.6003967472761,
              44.046672605901
            ],
            [
              12.6004614655025,
              44.0466154465734
            ],
            [
              12.6005267290062,
              44.0465447949209
            ],
            [
              12.600569441203,
              44.0464916742446
            ],
            [
              12.6006182062482,
              44.0464431818117
            ],
            [
              12.6006798064222,
              44.0463859576939
            ],
            [
              12.6007252728536,
              44.0463418971839
            ],
            [
              12.6007610222087,
              44.0463066373882
            ],
            [
              12.6007908983784,
              44.0462622501003
            ],
            [
              12.6008658780602,
              44.0461827985538
            ],
            [
              12.6009377396897,
              44.0461032816858
            ],
            [
              12.6010026375791,
              44.0460416245623
            ],
            [
              12.6011393961996,
              44.0459004495887
            ],
            [
              12.6012374706691,
              44.0457899738564
            ],
            [
              12.6015566340047,
              44.0454590665021
            ],
            [
              12.6016019162815,
              44.0454195038882
            ],
            [
              12.6019109951298,
              44.0451063906729
            ],
            [
              12.6023119051562,
              44.0446826662811
            ],
            [
              12.6026831159811,
              44.0442988302687
            ],
            [
              12.6030596520189,
              44.0439376137604
            ],
            [
              12.6033894154749,
              44.0435754142022
            ],
            [
              12.603708554556,
              44.043244499643
            ],
            [
              12.6040218177568,
              44.0429044584752
            ],
            [
              12.6045281172341,
              44.0424199175542
            ],
            [
              12.6049198186306,
              44.0419914904208
            ],
            [
              12.6050890037379,
              44.0418194801939
            ],
            [
              12.6055052749558,
              44.041400569552
            ],
            [
              12.6057301744753,
              44.0411622047173
            ],
            [
              12.6062230710886,
              44.0406998820951
            ],
            [
              12.6065494982016,
              44.0403421035951
            ],
            [
              12.6069756445993,
              44.0399098895572
            ],
            [
              12.6072144509378,
              44.0396358016341
            ],
            [
              12.6074226624544,
              44.0394240933177
            ],
            [
              12.6075597534516,
              44.039273914157
            ],
            [
              12.6078236748888,
              44.0389958498749
            ],
            [
              12.6082272556066,
              44.0385811639382
            ],
            [
              12.608722865132,
              44.0381278898443
            ],
            [
              12.6091986362627,
              44.0376246828667
            ],
            [
              12.6096755257959,
              44.0371710120451
            ],
            [
              12.6100910073946,
              44.0367700726111
            ],
            [
              12.6105715863086,
              44.0363794974539
            ],
            [
              12.6109621630144,
              44.0360545589856
            ],
            [
              12.6114300801745,
              44.0356682162411
            ],
            [
              12.611866095464,
              44.035299210316
            ],
            [
              12.6120634786881,
              44.0351232780226
            ],
            [
              12.6127021952281,
              44.0346009558282
            ],
            [
              12.6131534189954,
              44.0342412656824
            ],
            [
              12.6135633939214,
              44.0338987174164
            ],
            [
              12.613972458854,
              44.0335786568471
            ],
            [
              12.6142920722455,
              44.0333107434905
            ],
            [
              12.614090214513,
              44.0330544429535
            ],
            [
              12.614028546067,
              44.0329586230946
            ],
            [
              12.613904618982,
              44.032703951129
            ],
            [
              12.6138436251709,
              44.0325136140735
            ],
            [
              12.6137614014746,
              44.0323858539224
            ],
            [
              12.6136221194864,
              44.0322028849155
            ],
            [
              12.6135872414972,
              44.0321391343541
            ],
            [
              12.613529233686,
              44.0320298871912
            ],
            [
              12.6135035274959,
              44.0319708310959
            ],
            [
              12.6133670482514,
              44.0318734478277
            ],
            [
              12.6132005320387,
              44.0318249524712
            ],
            [
              12.612998052672,
              44.0317396928261
            ],
            [
              12.6128318508697,
              44.0316056759535
            ],
            [
              12.6126724277546,
              44.0314582967635
            ],
            [
              12.6125706010222,
              44.0313526334722
            ],
            [
              12.6124269433402,
              44.0312010807902
            ],
            [
              12.6121098146888,
              44.0310188921948
            ],
            [
              12.611717428776,
              44.0306910806127
            ],
            [
              12.6115396243335,
              44.0304577872769
            ],
            [
              12.6114192797298,
              44.0303472336626
            ],
            [
              12.6111126389093,
              44.0302147779258
            ],
            [
              12.6109721495854,
              44.0301398155838
            ],
            [
              12.6108099776255,
              44.029983371877
            ],
            [
              12.6106854333978,
              44.0298997391082
            ],
            [
              12.6102814035224,
              44.0297067249564
            ],
            [
              12.6100890553554,
              44.0296801932441
            ]
          ]
        ]
      }
    },
    {
      "type": "Feature",
      "properties": {
        "nome": "Marecchiese",
        "tipo": "quartiere",
        "fonte_geometria": "Comune di Rimini SIT (ArcGIS)",
        "centroid_lon": 12.486393,
        "centroid_lat": 44.007892,
        "popolazione": 16400,
        "eta_0_14": 1476,
        "eta_15_64": 10443,
        "eta_65_plus": 4481,
        "famiglie": 7800,
        "eta_media": 46.2,
        "densita_ab_kmq": 18222,
        "color": "#ffa502",
        "fonte": "ISTAT 2023"
      },
      "geometry": {
        "type": "Polygon",
        "coordinates": [
          [
            [
              12.5368677125168,
              44.0604944367911
            ],
            [
              12.5384004027832,
              44.0604149507569
            ],
            [
              12.5406907168889,
              44.0608829344479
            ],
            [
              12.5419556463185,
              44.0613153027303
            ],
            [
              12.5421620216786,
              44.0595441194319
            ],
            [
              12.5424929520461,
              44.0567038647028
            ],
            [
              12.5426858562703,
              44.0561903474035
            ],
            [
              12.5427402151247,
              44.0560834822408
            ],
            [
              12.5431820991079,
              44.0554357757957
            ],
            [
              12.5439142341493,
              44.0546367606214
            ],
            [
              12.5445409509938,
              44.0540470427627
            ],
            [
              12.5462357593212,
              44.052305393695
            ],
            [
              12.5464572578191,
              44.0520805779537
            ],
            [
              12.546728312778,
              44.0517893048023
            ],
            [
              12.5478132081467,
              44.0506827395233
            ],
            [
              12.5491115387352,
              44.0492178546851
            ],
            [
              12.5502473964283,
              44.04811666757
            ],
            [
              12.5517794830268,
              44.0468066087147
            ],
            [
              12.552759451577,
              44.0461690453394
            ],
            [
              12.5524440917083,
              44.0458656266653
            ],
            [
              12.5514973680101,
              44.0450757675795
            ],
            [
              12.551097818033,
              44.0446627332998
            ],
            [
              12.5509657674829,
              44.0446869130965
            ],
            [
              12.5507726602395,
              44.0446782696613
            ],
            [
              12.5506177071412,
              44.0446524381416
            ],
            [
              12.5504785257643,
              44.0446224450244
            ],
            [
              12.5503525586053,
              44.044574728494
            ],
            [
              12.5502203535449,
              44.0445268769721
            ],
            [
              12.5500734924707,
              44.0444562021659
            ],
            [
              12.5503267113796,
              44.0441420326381
            ],
            [
              12.5503521956859,
              44.0425400545339
            ],
            [
              12.5506577432568,
              44.0404264145212
            ],
            [
              12.5493469072211,
              44.0401327044453
            ],
            [
              12.5492542064737,
              44.0403377828522
            ],
            [
              12.549166696192,
              44.0404169309848
            ],
            [
              12.5484256857956,
              44.0415128899594
            ],
            [
              12.5483574722245,
              44.0415024224865
            ],
            [
              12.5478947176823,
              44.0412989224347
            ],
            [
              12.5477698311966,
              44.0416788666381
            ],
            [
              12.547396848894,
              44.0416438468652
            ],
            [
              12.5474747903213,
              44.0412673984971
            ],
            [
              12.5477520274859,
              44.0405981304554
            ],
            [
              12.5473888206503,
              44.0400996701072
            ],
            [
              12.5475397627708,
              44.0393151527622
            ],
            [
              12.5481044841826,
              44.0394668261162
            ],
            [
              12.5480462221482,
              44.038610294132
            ],
            [
              12.5477916800209,
              44.0386543448939
            ],
            [
              12.5474262220071,
              44.0379082543457
            ],
            [
              12.5466925328803,
              44.037239781426
            ],
            [
              12.5463592417402,
              44.0374531927351
            ],
            [
              12.5460427958083,
              44.037711979886
            ],
            [
              12.5458666227064,
              44.0379737817002
            ],
            [
              12.5455052286709,
              44.0382631111945
            ],
            [
              12.5452368758444,
              44.0384148950861
            ],
            [
              12.5449773148296,
              44.0385803715739
            ],
            [
              12.5449441391478,
              44.0385526491525
            ],
            [
              12.5444180857175,
              44.0381452089762
            ],
            [
              12.544765752597,
              44.0378141400959
            ],
            [
              12.5440652813728,
              44.037475861107
            ],
            [
              12.5445068428608,
              44.0370395835128
            ],
            [
              12.5447571063124,
              44.0371891826063
            ],
            [
              12.5462025135709,
              44.03558171249
            ],
            [
              12.5462530635686,
              44.0353397193402
            ],
            [
              12.5456464743763,
              44.034691974619
            ],
            [
              12.5440316286856,
              44.0336804353953
            ],
            [
              12.544369220061,
              44.0332870640909
            ],
            [
              12.5439851273949,
              44.0332202850978
            ],
            [
              12.5432950101526,
              44.033160426127
            ],
            [
              12.5431132926488,
              44.0331790241675
            ],
            [
              12.5432201032344,
              44.03301026532
            ],
            [
              12.5429517872388,
              44.0324823211932
            ],
            [
              12.5428672467874,
              44.0321879065203
            ],
            [
              12.5425430385131,
              44.0322574554036
            ],
            [
              12.5418942051464,
              44.0324820686698
            ],
            [
              12.5416231690521,
              44.0325482581975
            ],
            [
              12.5409476727894,
              44.0325877325308
            ],
            [
              12.5402076918623,
              44.0328283793708
            ],
            [
              12.5401136301672,
              44.0322366599169
            ],
            [
              12.540172201222,
              44.0321549542959
            ],
            [
              12.5400742731779,
              44.0321322774301
            ],
            [
              12.5399859292597,
              44.0320808585477
            ],
            [
              12.5399205211272,
              44.0320029244484
            ],
            [
              12.5398815369388,
              44.0318895468461
            ],
            [
              12.539852974106,
              44.0318259115543
            ],
            [
              12.5398684206373,
              44.0317542211785
            ],
            [
              12.5398972646428,
              44.0316603109305
            ],
            [
              12.5391128844828,
              44.0310897289935
            ],
            [
              12.5389668130277,
              44.0310010530033
            ],
            [
              12.5388878699788,
              44.030873310259
            ],
            [
              12.5387036506669,
              44.0308018170095
            ],
            [
              12.5387125412933,
              44.0306624632136
            ],
            [
              12.5387325952837,
              44.0305548596286
            ],
            [
              12.5387115702144,
              44.030459875995
            ],
            [
              12.538585838414,
              44.0301060503671
            ],
            [
              12.5384968135727,
              44.0296944966926
            ],
            [
              12.5383992727025,
              44.0294133027661
            ],
            [
              12.5383909516081,
              44.029237564846
            ],
            [
              12.5384480826635,
              44.0290632389387
            ],
            [
              12.5384858370583,
              44.0289511209888
            ],
            [
              12.538189998479,
              44.0289676464349
            ],
            [
              12.5378212885639,
              44.0289822051772
            ],
            [
              12.5378410703648,
              44.0287305485355
            ],
            [
              12.5378757183853,
              44.0284064310279
            ],
            [
              12.5379836590515,
              44.0273966821604
            ],
            [
              12.5380582946786,
              44.0266320674523
            ],
            [
              12.5376728635228,
              44.0266157260836
            ],
            [
              12.5363220515587,
              44.0266181030102
            ],
            [
              12.5358448305472,
              44.0266168092646
            ],
            [
              12.5347620489144,
              44.0266249495919
            ],
            [
              12.5340006557442,
              44.0266310185045
            ],
            [
              12.5326203017837,
              44.0266687231281
            ],
            [
              12.5318805373506,
              44.0266797474065
            ],
            [
              12.5316097635644,
              44.026664891629
            ],
            [
              12.5314941315227,
              44.0265948691942
            ],
            [
              12.5312633031222,
              44.0263693073864
            ],
            [
              12.5304627955079,
              44.0255147234207
            ],
            [
              12.5300141220578,
              44.0251268948165
            ],
            [
              12.5297159873847,
              44.0249448890776
            ],
            [
              12.5294581214908,
              44.0248447788038
            ],
            [
              12.5291573143297,
              44.0248022583046
            ],
            [
              12.5287211840559,
              44.0247883205603
            ],
            [
              12.5283261346383,
              44.024761764685
            ],
            [
              12.5281338439635,
              44.0247350951151
            ],
            [
              12.5279525863971,
              44.0246681508182
            ],
            [
              12.5276876202192,
              44.0245138655676
            ],
            [
              12.5274871665535,
              44.0243834844352
            ],
            [
              12.5271848690873,
              44.0241518637789
            ],
            [
              12.5269560592013,
              44.0239533450012
            ],
            [
              12.5269011496795,
              44.0238486217294
            ],
            [
              12.5267880931078,
              44.0233420082512
            ],
            [
              12.5269322610328,
              44.0232505986757
            ],
            [
              12.5271661221456,
              44.0231026128408
            ],
            [
              12.5273710619979,
              44.0228999829886
            ],
            [
              12.5275068782857,
              44.0227093592997
            ],
            [
              12.5275372988345,
              44.0220528007306
            ],
            [
              12.5275122430246,
              44.0217551606642
            ],
            [
              12.5274459904758,
              44.0216231844069
            ],
            [
              12.5273284441242,
              44.0214495815441
            ],
            [
              12.5273487649142,
              44.0212609601966
            ],
            [
              12.5257027503781,
              44.0201899662897
            ],
            [
              12.5251278771053,
              44.019763371921
            ],
            [
              12.524888430268,
              44.0195961291044
            ],
            [
              12.5233233233963,
              44.0179326595409
            ],
            [
              12.5228668642476,
              44.0179587701524
            ],
            [
              12.522619752086,
              44.0179759168831
            ],
            [
              12.522354127443,
              44.0179881604843
            ],
            [
              12.5220877554017,
              44.0180183925366
            ],
            [
              12.5214942313069,
              44.0181900726269
            ],
            [
              12.5211537734075,
              44.0180521400909
            ],
            [
              12.5205826056853,
              44.0178371737655
            ],
            [
              12.5198170003147,
              44.0175729664314
            ],
            [
              12.5188822673289,
              44.0172510625042
            ],
            [
              12.5186486325915,
              44.0171694615514
            ],
            [
              12.5183650272698,
              44.0170147491543
            ],
            [
              12.5178549611565,
              44.0163824577629
            ],
            [
              12.5172675330293,
              44.0155864302008
            ],
            [
              12.5167775020418,
              44.0149230604603
            ],
            [
              12.5166247830536,
              44.0147711899158
            ],
            [
              12.5163068090875,
              44.0145437025115
            ],
            [
              12.5160254765034,
              44.0143350158753
            ],
            [
              12.5158607506331,
              44.0140973555389
            ],
            [
              12.515821636189,
              44.0139884685631
            ],
            [
              12.51578061013,
              44.0137760064308
            ],
            [
              12.5158382999375,
              44.0129174770258
            ],
            [
              12.5159482582199,
              44.0114793929007
            ],
            [
              12.5160464207243,
              44.0100995713782
            ],
            [
              12.5160970659433,
              44.009857591778
            ],
            [
              12.516148761293,
              44.0096651526438
            ],
            [
              12.5162395351542,
              44.0094330493603
            ],
            [
              12.5164681501058,
              44.0091859377017
            ],
            [
              12.5174389675181,
              44.0082662346663
            ],
            [
              12.5177059746684,
              44.0082945469325
            ],
            [
              12.5180573300305,
              44.0084687387896
            ],
            [
              12.5185313925655,
              44.0081684377148
            ],
            [
              12.5187044000044,
              44.0079831351672
            ],
            [
              12.5187775192752,
              44.0078001619097
            ],
            [
              12.5187278891524,
              44.0075695083095
            ],
            [
              12.5183415471049,
              44.0071874884919
            ],
            [
              12.5178074672275,
              44.0068337675472
            ],
            [
              12.5178237554802,
              44.0066675666404
            ],
            [
              12.5178581753286,
              44.006515264667
            ],
            [
              12.5188999695299,
              44.0050884225436
            ],
            [
              12.5190376866529,
              44.0050013850372
            ],
            [
              12.5192695732688,
              44.0047498365955
            ],
            [
              12.5193046246328,
              44.0045075185593
            ],
            [
              12.519373379888,
              44.0042794360989
            ],
            [
              12.5193922175595,
              44.0041267932888
            ],
            [
              12.5192972548542,
              44.0041607432393
            ],
            [
              12.5192020621802,
              44.0040506394123
            ],
            [
              12.5190213256366,
              44.0038981633667
            ],
            [
              12.5187288099256,
              44.0037342558328
            ],
            [
              12.5186135390066,
              44.0037317506966
            ],
            [
              12.5181545636768,
              44.0038208105841
            ],
            [
              12.5180585472477,
              44.0038052189265
            ],
            [
              12.5178607750531,
              44.0038369327285
            ],
            [
              12.5176980254764,
              44.0038514000733
            ],
            [
              12.5174121950277,
              44.0039757305703
            ],
            [
              12.5171069969015,
              44.0040411196863
            ],
            [
              12.5169077227237,
              44.0041088109597
            ],
            [
              12.5165764734543,
              44.0042006409647
            ],
            [
              12.5163108694726,
              44.0044379448725
            ],
            [
              12.516219319467,
              44.004539487859
            ],
            [
              12.516036182625,
              44.0045940237216
            ],
            [
              12.5158898677265,
              44.0046628657912
            ],
            [
              12.5155735179143,
              44.0046964968865
            ],
            [
              12.5151525880334,
              44.0048448904989
            ],
            [
              12.5147502398042,
              44.0049216636505
            ],
            [
              12.5140087595889,
              44.004905523709
            ],
            [
              12.5137123362064,
              44.00498460027
            ],
            [
              12.5133511586649,
              44.0051207830901
            ],
            [
              12.5131197274949,
              44.0049131765967
            ],
            [
              12.5129406160037,
              44.0047967387472
            ],
            [
              12.5127453644817,
              44.0046934535539
            ],
            [
              12.5124500415355,
              44.0045969901682
            ],
            [
              12.5121935294027,
              44.0045418869935
            ],
            [
              12.5119641149505,
              44.0045098795725
            ],
            [
              12.5121585948196,
              44.0039604329521
            ],
            [
              12.51222485186,
              44.00386734581
            ],
            [
              12.5122656227975,
              44.003787206777
            ],
            [
              12.5118117238474,
              44.0032326371786
            ],
            [
              12.5117296313051,
              44.0028842338306
            ],
            [
              12.5107724817598,
              44.0016884851074
            ],
            [
              12.5087315013494,
              43.9991231405106
            ],
            [
              12.5089124534887,
              43.9990460613085
            ],
            [
              12.5091422883525,
              43.9988440045032
            ],
            [
              12.5093344667378,
              43.998722154383
            ],
            [
              12.5094972899763,
              43.9986311753556
            ],
            [
              12.5094211056537,
              43.9985889998741
            ],
            [
              12.5092864886168,
              43.9985275433988
            ],
            [
              12.509204075376,
              43.9984852327857
            ],
            [
              12.509100420572,
              43.9984289542923
            ],
            [
              12.5090090376531,
              43.9983774447873
            ],
            [
              12.5090333505563,
              43.9964558349555
            ],
            [
              12.5091261788645,
              43.9937164482275
            ],
            [
              12.5093672426693,
              43.9929474478972
            ],
            [
              12.5096216599308,
              43.9920929677736
            ],
            [
              12.5092273282671,
              43.9920740104379
            ],
            [
              12.5088037896787,
              43.991904119919
            ],
            [
              12.5084821236367,
              43.9917447478306
            ],
            [
              12.5082422132687,
              43.9916427402404
            ],
            [
              12.5080657554008,
              43.9914922642319
            ],
            [
              12.508104599452,
              43.9913111550645
            ],
            [
              12.5084223308731,
              43.9912246958103
            ],
            [
              12.5086376759113,
              43.9911290810789
            ],
            [
              12.5086491914149,
              43.990989307012
            ],
            [
              12.5084595741264,
              43.9909036473996
            ],
            [
              12.5081587624737,
              43.9908799051752
            ],
            [
              12.5074809889818,
              43.9911778301084
            ],
            [
              12.5070190042958,
              43.991451605036
            ],
            [
              12.5064774001295,
              43.9917082793148
            ],
            [
              12.5063248913471,
              43.9917230010216
            ],
            [
              12.505963677873,
              43.9908088839666
            ],
            [
              12.5058589019716,
              43.9907592957438
            ],
            [
              12.5057150071344,
              43.990836209272
            ],
            [
              12.5051659586294,
              43.9909017078743
            ],
            [
              12.5048751182764,
              43.9909184345816
            ],
            [
              12.5045025878263,
              43.9909598296234
            ],
            [
              12.5039803216932,
              43.9910065630076
            ],
            [
              12.5039283514591,
              43.9909109524489
            ],
            [
              12.5037541932783,
              43.990599100431
            ],
            [
              12.5039242856841,
              43.9905555581396
            ],
            [
              12.5046066594486,
              43.9904099802554
            ],
            [
              12.5045828801447,
              43.9903091059193
            ],
            [
              12.5044007943316,
              43.9898318913343
            ],
            [
              12.5040885902445,
              43.9893886513511
            ],
            [
              12.504149217543,
              43.9891076333777
            ],
            [
              12.5039346405644,
              43.9889820269236
            ],
            [
              12.5032268947829,
              43.9889537649016
            ],
            [
              12.5030941785812,
              43.9888839564603
            ],
            [
              12.5031258450933,
              43.9887017561064
            ],
            [
              12.5031853593791,
              43.9885407189037
            ],
            [
              12.503519043083,
              43.988294893651
            ],
            [
              12.5035375187334,
              43.9881896776033
            ],
            [
              12.5032111428244,
              43.9879428600801
            ],
            [
              12.5028906769317,
              43.9876158793626
            ],
            [
              12.5026597712761,
              43.9873950581318
            ],
            [
              12.5024326556127,
              43.9870879692237
            ],
            [
              12.5022325477983,
              43.9868562520187
            ],
            [
              12.5019917705561,
              43.9867443392956
            ],
            [
              12.501616954792,
              43.9868360694939
            ],
            [
              12.5012322063558,
              43.9869305400162
            ],
            [
              12.501014284051,
              43.9869564328877
            ],
            [
              12.5005166874522,
              43.9868878540151
            ],
            [
              12.499800636746,
              43.9865653556727
            ],
            [
              12.4994568964025,
              43.9863164818418
            ],
            [
              12.4991767855272,
              43.986012898953
            ],
            [
              12.4990327433664,
              43.9858138168629
            ],
            [
              12.4989088908415,
              43.9857667323007
            ],
            [
              12.4983167672203,
              43.9861824101261
            ],
            [
              12.4981291145474,
              43.9861625893251
            ],
            [
              12.4979513208846,
              43.9861751116046
            ],
            [
              12.4976209330996,
              43.9861769614425
            ],
            [
              12.4974339388917,
              43.9861734317552
            ],
            [
              12.4970567470837,
              43.9861740742216
            ],
            [
              12.4967983835231,
              43.9861827281275
            ],
            [
              12.4965028449812,
              43.986243180689
            ],
            [
              12.4963024506042,
              43.9863047584722
            ],
            [
              12.4961173374686,
              43.9863276868421
            ],
            [
              12.4955082734177,
              43.9857079267991
            ],
            [
              12.4949959291769,
              43.9850728371141
            ],
            [
              12.4948326073734,
              43.9850111585139
            ],
            [
              12.4946943323967,
              43.9848888301241
            ],
            [
              12.4947344457674,
              43.9846864226165
            ],
            [
              12.4947969065274,
              43.9845952197593
            ],
            [
              12.494728144984,
              43.984559241964
            ],
            [
              12.4946104872413,
              43.9845774357611
            ],
            [
              12.4945261129783,
              43.9846177642044
            ],
            [
              12.4944339979324,
              43.984624861899
            ],
            [
              12.4942966095929,
              43.9844879391343
            ],
            [
              12.494231368547,
              43.984342842776
            ],
            [
              12.4941964600151,
              43.9842924069375
            ],
            [
              12.4940789334265,
              43.9841816211679
            ],
            [
              12.4940278076087,
              43.9841281433903
            ],
            [
              12.4938720963323,
              43.9840333180767
            ],
            [
              12.4937040475938,
              43.9839686217946
            ],
            [
              12.4935711418475,
              43.983816807735
            ],
            [
              12.4932684374445,
              43.9836055735888
            ],
            [
              12.4930596339382,
              43.9834508983953
            ],
            [
              12.4928755754247,
              43.9832189795435
            ],
            [
              12.4925575978652,
              43.9829685203345
            ],
            [
              12.4924229574721,
              43.9829580767816
            ],
            [
              12.4922090784845,
              43.9829869912694
            ],
            [
              12.4917995616993,
              43.9829858342507
            ],
            [
              12.4917365358989,
              43.9830064149613
            ],
            [
              12.4915464029775,
              43.983173361492
            ],
            [
              12.4910551233317,
              43.9832626067212
            ],
            [
              12.4904713145168,
              43.9833182771381
            ],
            [
              12.4901683379243,
              43.9832977909065
            ],
            [
              12.4899210514895,
              43.9832104144055
            ],
            [
              12.4898040908395,
              43.9831132367498
            ],
            [
              12.4895286530004,
              43.9830279464879
            ],
            [
              12.4893608926211,
              43.9829375425936
            ],
            [
              12.4893064798677,
              43.9828506141506
            ],
            [
              12.489126894066,
              43.9828023818506
            ],
            [
              12.48908828717,
              43.9828153980276
            ],
            [
              12.4890627624395,
              43.9827976128498
            ],
            [
              12.4890483354961,
              43.9826821192725
            ],
            [
              12.4889587492077,
              43.982634213259
            ],
            [
              12.4888036137514,
              43.9825870046547
            ],
            [
              12.4887553023554,
              43.982518011573
            ],
            [
              12.4886968615563,
              43.982490512439
            ],
            [
              12.4885961110056,
              43.9823985576936
            ],
            [
              12.4884920860957,
              43.9823772909569
            ],
            [
              12.4884186290583,
              43.9822922918045
            ],
            [
              12.4883431032008,
              43.982287041851
            ],
            [
              12.4883130006556,
              43.9823091191888
            ],
            [
              12.4880901987022,
              43.9823018958183
            ],
            [
              12.488003063018,
              43.9822766091667
            ],
            [
              12.4879686090336,
              43.9822182332875
            ],
            [
              12.487820239688,
              43.9821781553053
            ],
            [
              12.4877277671126,
              43.9820728721797
            ],
            [
              12.4875528408723,
              43.9820210188191
            ],
            [
              12.4874846767085,
              43.9820394719499
            ],
            [
              12.4872571550066,
              43.9819982839955
            ],
            [
              12.4871422380239,
              43.9819944864543
            ],
            [
              12.4870973483109,
              43.9819202976413
            ],
            [
              12.4868850305951,
              43.9818878888897
            ],
            [
              12.4868231555367,
              43.9818986532408
            ],
            [
              12.486707703158,
              43.9818482444134
            ],
            [
              12.486595674259,
              43.9817046270148
            ],
            [
              12.4864993883352,
              43.9816442325317
            ],
            [
              12.4863390255823,
              43.9816176670324
            ],
            [
              12.4862866151737,
              43.9815773094024
            ],
            [
              12.4860673507858,
              43.9815066907559
            ],
            [
              12.4858945032471,
              43.9814046746199
            ],
            [
              12.4858210875322,
              43.9813715157666
            ],
            [
              12.4857161921548,
              43.9813394848578
            ],
            [
              12.4856109877569,
              43.9813351249089
            ],
            [
              12.4855521121732,
              43.9812975543534
            ],
            [
              12.4854173756604,
              43.9812902836728
            ],
            [
              12.4853523070911,
              43.9812835036072
            ],
            [
              12.484947298052,
              43.9811924551825
            ],
            [
              12.4847809695872,
              43.9812158502875
            ],
            [
              12.4846954634469,
              43.9812037425962
            ],
            [
              12.484624036602,
              43.9811451620462
            ],
            [
              12.4845325494785,
              43.9811291403922
            ],
            [
              12.4844311575307,
              43.9811452861549
            ],
            [
              12.4842560040166,
              43.9811279936796
            ],
            [
              12.484191652303,
              43.9811425040525
            ],
            [
              12.4840928178588,
              43.9811099830492
            ],
            [
              12.4840244623538,
              43.9811043962169
            ],
            [
              12.4838437033524,
              43.9810140133102
            ],
            [
              12.483675367153,
              43.9809897461308
            ],
            [
              12.4835113078326,
              43.9809333883447
            ],
            [
              12.4833876700051,
              43.9809000081587
            ],
            [
              12.4832650131379,
              43.9808916650486
            ],
            [
              12.4831464247406,
              43.9808760874043
            ],
            [
              12.4830430412278,
              43.9808671185734
            ],
            [
              12.482991140164,
              43.9808879986562
            ],
            [
              12.4829440046627,
              43.980890101402
            ],
            [
              12.4828875239875,
              43.9808960870845
            ],
            [
              12.4827414345662,
              43.9810191825762
            ],
            [
              12.4826055661761,
              43.9810068938527
            ],
            [
              12.4824664377998,
              43.9809751232468
            ],
            [
              12.4823844943779,
              43.9810257493598
            ],
            [
              12.4822548647874,
              43.9810276478383
            ],
            [
              12.482008673399,
              43.9810499305533
            ],
            [
              12.4819265197713,
              43.9810764407161
            ],
            [
              12.4815729410788,
              43.9810829700022
            ],
            [
              12.4813540414071,
              43.9810467987438
            ],
            [
              12.4811711030927,
              43.9809745395466
            ],
            [
              12.4808035708689,
              43.9810026140331
            ],
            [
              12.4805994430937,
              43.9809745860875
            ],
            [
              12.4804319845483,
              43.9810055370574
            ],
            [
              12.4803512331908,
              43.9809473583736
            ],
            [
              12.4800548583173,
              43.9808582363589
            ],
            [
              12.4798811663622,
              43.9808369593744
            ],
            [
              12.4794332465985,
              43.9808719698223
            ],
            [
              12.4793727935732,
              43.9808466909649
            ],
            [
              12.4793370172687,
              43.9808562176443
            ],
            [
              12.4791539100711,
              43.9808233138138
            ],
            [
              12.4790069681485,
              43.9807735808575
            ],
            [
              12.4788923179654,
              43.9807845638949
            ],
            [
              12.4788461984587,
              43.9807761483713
            ],
            [
              12.4787907167101,
              43.980743660134
            ],
            [
              12.4785947447393,
              43.9806294107688
            ],
            [
              12.4785250732025,
              43.9805599073372
            ],
            [
              12.4784101885591,
              43.980518548998
            ],
            [
              12.4782603001624,
              43.9804244612869
            ],
            [
              12.4781198458728,
              43.9804372207153
            ],
            [
              12.4780518820333,
              43.9804578036022
            ],
            [
              12.4779743915603,
              43.9804289460592
            ],
            [
              12.4777906160161,
              43.980372936801
            ],
            [
              12.4777617854854,
              43.9803126786481
            ],
            [
              12.4776931667741,
              43.9802711902085
            ],
            [
              12.4775568698876,
              43.9802534482243
            ],
            [
              12.4775281839856,
              43.9802108828252
            ],
            [
              12.477450141947,
              43.9802020599823
            ],
            [
              12.4773855917056,
              43.9801600407628
            ],
            [
              12.4772061487361,
              43.980123062222
            ],
            [
              12.4771143885247,
              43.9800984714731
            ],
            [
              12.4769293310846,
              43.9800238019463
            ],
            [
              12.4767948820327,
              43.97999398621
            ],
            [
              12.4767453875555,
              43.9799540967716
            ],
            [
              12.4766762666859,
              43.9799398388555
            ],
            [
              12.4765136024492,
              43.9798560643987
            ],
            [
              12.4764288490971,
              43.9798068884873
            ],
            [
              12.4763224652113,
              43.9798026195703
            ],
            [
              12.4762251237671,
              43.979809860698
            ],
            [
              12.4760677101832,
              43.9798423391037
            ],
            [
              12.4759375191457,
              43.9798729842642
            ],
            [
              12.4758401759049,
              43.9798705886571
            ],
            [
              12.4757587247598,
              43.979840211757
            ],
            [
              12.4756668477675,
              43.9798234147009
            ],
            [
              12.4756018411819,
              43.979808765673
            ],
            [
              12.4754695094591,
              43.9797672762349
            ],
            [
              12.4754673490109,
              43.9796750515949
            ],
            [
              12.4753498718296,
              43.9795694925355
            ],
            [
              12.4753267608723,
              43.9795132607454
            ],
            [
              12.4752234878523,
              43.979497378277
            ],
            [
              12.475133417372,
              43.9795235497642
            ],
            [
              12.4749987904536,
              43.9795464219293
            ],
            [
              12.4748518395479,
              43.9795255297392
            ],
            [
              12.4746658182155,
              43.9794465239681
            ],
            [
              12.4744927613692,
              43.9793835221217
            ],
            [
              12.4743562875146,
              43.9793006214853
            ],
            [
              12.474166692684,
              43.9792374966642
            ],
            [
              12.4739272063209,
              43.9791877203622
            ],
            [
              12.473842305645,
              43.9790996694124
            ],
            [
              12.4738172633099,
              43.9790255810559
            ],
            [
              12.4737555113206,
              43.9790172376823
            ],
            [
              12.4736722572567,
              43.9790176164858
            ],
            [
              12.4735328728606,
              43.9789839869964
            ],
            [
              12.4734383197871,
              43.9789547292476
            ],
            [
              12.4733892430265,
              43.9789316241421
            ],
            [
              12.4732587169173,
              43.9788577476032
            ],
            [
              12.4731685045033,
              43.9788343787188
            ],
            [
              12.4731395886326,
              43.97879731661
            ],
            [
              12.4730213775277,
              43.978745971711
            ],
            [
              12.4729798555986,
              43.9786501203254
            ],
            [
              12.4729241762207,
              43.9786330501405
            ],
            [
              12.4727602875803,
              43.9785741044084
            ],
            [
              12.4726422372738,
              43.978589071783
            ],
            [
              12.4725350916166,
              43.9785822875304
            ],
            [
              12.4724825024433,
              43.9785986434281
            ],
            [
              12.4724563282308,
              43.978632178111
            ],
            [
              12.4723510690357,
              43.9786326706881
            ],
            [
              12.4721857871083,
              43.978589416975
            ],
            [
              12.472082977619,
              43.9785384002816
            ],
            [
              12.4719310527415,
              43.9784937663759
            ],
            [
              12.4718863238269,
              43.9785078255394
            ],
            [
              12.4717856936504,
              43.9784851882741
            ],
            [
              12.4717015790005,
              43.9784290789249
            ],
            [
              12.4716305007019,
              43.9784123771411
            ],
            [
              12.47150144244,
              43.978404286435
            ],
            [
              12.4715062080026,
              43.978310968504
            ],
            [
              12.4713957260024,
              43.9782541324021
            ],
            [
              12.4713136002225,
              43.9782400137068
            ],
            [
              12.4712329153403,
              43.9781840489267
            ],
            [
              12.4710751478203,
              43.9781268170868
            ],
            [
              12.4710173978256,
              43.9780767024159
            ],
            [
              12.4709480784284,
              43.9780644971195
            ],
            [
              12.4709227585138,
              43.9780010923715
            ],
            [
              12.4707581637975,
              43.9779390217958
            ],
            [
              12.4706734957854,
              43.9779309368432
            ],
            [
              12.4705901087708,
              43.9778586292499
            ],
            [
              12.4705363886185,
              43.9778284639977
            ],
            [
              12.4704383851159,
              43.9777674475787
            ],
            [
              12.4703226515646,
              43.9777973982453
            ],
            [
              12.4701407229567,
              43.9777272554051
            ],
            [
              12.4700528695185,
              43.9777251855154
            ],
            [
              12.469981591794,
              43.9777410658721
            ],
            [
              12.4698846294388,
              43.9777190004108
            ],
            [
              12.4698179412071,
              43.9776944209486
            ],
            [
              12.4697626813424,
              43.9776957985054
            ],
            [
              12.4696616388392,
              43.977634230539
            ],
            [
              12.4695314612765,
              43.977581196138
            ],
            [
              12.4694865122746,
              43.9775588112768
            ],
            [
              12.4693991807576,
              43.9775355853906
            ],
            [
              12.4693309186775,
              43.9774873145114
            ],
            [
              12.4692124785022,
              43.9774457581607
            ],
            [
              12.4690225989057,
              43.9772190190623
            ],
            [
              12.4690251114935,
              43.9771694983524
            ],
            [
              12.4690094134339,
              43.9771215064389
            ],
            [
              12.468924535216,
              43.9770851789136
            ],
            [
              12.4688820413098,
              43.9770872636937
            ],
            [
              12.468785575723,
              43.9770608525949
            ],
            [
              12.468508787716,
              43.9770021929697
            ],
            [
              12.4684122826033,
              43.9769220732482
            ],
            [
              12.4683901301484,
              43.9768402164178
            ],
            [
              12.4683662340635,
              43.9766105058688
            ],
            [
              12.4682471506945,
              43.9765012449612
            ],
            [
              12.4677457802732,
              43.9762498375107
            ],
            [
              12.4671829956292,
              43.975994369903
            ],
            [
              12.4664136451822,
              43.9756713967088
            ],
            [
              12.4655970325715,
              43.9754008588829
            ],
            [
              12.4647155544108,
              43.9750840083656
            ],
            [
              12.4640529831083,
              43.9748489537848
            ],
            [
              12.4636299880006,
              43.9746862595963
            ],
            [
              12.4627989170054,
              43.9742767171243
            ],
            [
              12.4573564289408,
              43.971521565142
            ],
            [
              12.4569392908487,
              43.9712924055305
            ],
            [
              12.4563347570019,
              43.9709998140622
            ],
            [
              12.4556511273925,
              43.9706514949479
            ],
            [
              12.4530368439645,
              43.9693123667956
            ],
            [
              12.4529499032147,
              43.9693896656415
            ],
            [
              12.453046091222,
              43.9694476261327
            ],
            [
              12.453201259916,
              43.969543849255
            ],
            [
              12.4526986489213,
              43.9696784511965
            ],
            [
              12.452612245364,
              43.9697006120985
            ],
            [
              12.4522974523322,
              43.9699992626933
            ],
            [
              12.4522033088904,
              43.9703379861505
            ],
            [
              12.4521503585943,
              43.9705258746572
            ],
            [
              12.4520818557657,
              43.9707620182664
            ],
            [
              12.4520821468199,
              43.9708736566109
            ],
            [
              12.4520818952916,
              43.9709240669976
            ],
            [
              12.4522363570114,
              43.9711489753004
            ],
            [
              12.4526655639694,
              43.9716176426736
            ],
            [
              12.4530291984031,
              43.9721378031144
            ],
            [
              12.4533813101467,
              43.9726403104212
            ],
            [
              12.4535793617174,
              43.97297192878
            ],
            [
              12.4535937958474,
              43.9731655012646
            ],
            [
              12.4535009316066,
              43.9731865450308
            ],
            [
              12.4527175036608,
              43.973331478588
            ],
            [
              12.452224913373,
              43.9735067550978
            ],
            [
              12.4523438332487,
              43.9741841846383
            ],
            [
              12.4523622208642,
              43.9749308618452
            ],
            [
              12.4520816626279,
              43.9752724494523
            ],
            [
              12.4514841607931,
              43.9760016367069
            ],
            [
              12.4513280632411,
              43.9761888989833
            ],
            [
              12.4513033586725,
              43.9762072226969
            ],
            [
              12.4509839923176,
              43.976444511852
            ],
            [
              12.4503053474599,
              43.9769961926729
            ],
            [
              12.4497998977888,
              43.9775246353669
            ],
            [
              12.4489837091829,
              43.9780994225803
            ],
            [
              12.4481880030638,
              43.9782926428539
            ],
            [
              12.4481296377232,
              43.978371488553
            ],
            [
              12.4478861781115,
              43.9787078306623
            ],
            [
              12.4477193789295,
              43.9794871131711
            ],
            [
              12.4476403936599,
              43.9795684337054
            ],
            [
              12.4472252866586,
              43.9799971904732
            ],
            [
              12.4474151500855,
              43.9802615451425
            ],
            [
              12.4479532454323,
              43.9807240036429
            ],
            [
              12.4486537193515,
              43.9811964285954
            ],
            [
              12.4496541856599,
              43.9818938583119
            ],
            [
              12.4502580044477,
              43.9823915314816
            ],
            [
              12.4511564814286,
              43.9826897465857
            ],
            [
              12.4512738445238,
              43.9827285708878
            ],
            [
              12.452081606034,
              43.9829338323737
            ],
            [
              12.4521292149475,
              43.9829449649717
            ],
            [
              12.4522121752623,
              43.9830198997183
            ],
            [
              12.4522638966631,
              43.9830678997917
            ],
            [
              12.4524047722626,
              43.9832932093945
            ],
            [
              12.4526590960993,
              43.9835245843563
            ],
            [
              12.4529782423669,
              43.9835591394655
            ],
            [
              12.4532304362981,
              43.9837903899341
            ],
            [
              12.4534121627851,
              43.9839304285133
            ],
            [
              12.4537914764139,
              43.9840966982847
            ],
            [
              12.4544487539443,
              43.9841398898126
            ],
            [
              12.4550900648189,
              43.9840366837137
            ],
            [
              12.4554582357448,
              43.9840915247621
            ],
            [
              12.4555345655945,
              43.9841026190072
            ],
            [
              12.4556226355267,
              43.9843841906948
            ],
            [
              12.4557294685701,
              43.9846309073166
            ],
            [
              12.4557703131695,
              43.9847263289126
            ],
            [
              12.4559536548274,
              43.9851123986425
            ],
            [
              12.4559618241066,
              43.9851813525133
            ],
            [
              12.4559915089352,
              43.9854218517877
            ],
            [
              12.4559412005843,
              43.9857634979705
            ],
            [
              12.4559212903243,
              43.9858966289041
            ],
            [
              12.4559043265385,
              43.9863022648805
            ],
            [
              12.4559316191535,
              43.9868055979144
            ],
            [
              12.4559432164038,
              43.9873589443648
            ],
            [
              12.4559441632281,
              43.9874174095533
            ],
            [
              12.4558177046906,
              43.9880109297227
            ],
            [
              12.4555358591685,
              43.9887937056125
            ],
            [
              12.4551600642408,
              43.9894082745968
            ],
            [
              12.4548675790725,
              43.989867271334
            ],
            [
              12.4544333756849,
              43.9903890757308
            ],
            [
              12.454358022304,
              43.9907019474135
            ],
            [
              12.4543776756457,
              43.9908092956559
            ],
            [
              12.4544077799875,
              43.990948697236
            ],
            [
              12.4544602595664,
              43.9912075142013
            ],
            [
              12.4544876456062,
              43.9912811168571
            ],
            [
              12.4546207292189,
              43.9916466392774
            ],
            [
              12.4546383406901,
              43.9916972834338
            ],
            [
              12.4546817221318,
              43.9918873799176
            ],
            [
              12.4547753634153,
              43.9923053259696
            ],
            [
              12.4548551490839,
              43.9927665519166
            ],
            [
              12.4549195466117,
              43.9933182820613
            ],
            [
              12.4548468648204,
              43.9938381444769
            ],
            [
              12.4546419743754,
              43.9945510669424
            ],
            [
              12.4546922584717,
              43.9951482349273
            ],
            [
              12.4549569282056,
              43.9953902906875
            ],
            [
              12.4549791354577,
              43.9954105963211
            ],
            [
              12.4550716727118,
              43.9954234009968
            ],
            [
              12.4553358492705,
              43.9954508721672
            ],
            [
              12.455451426515,
              43.9954624263533
            ],
            [
              12.455545721772,
              43.9954607008835
            ],
            [
              12.4558777202364,
              43.9954541919199
            ],
            [
              12.456320497145,
              43.9954451322324
            ],
            [
              12.4563624987745,
              43.9954441796694
            ],
            [
              12.4564256359659,
              43.9954443896985
            ],
            [
              12.4566718345409,
              43.9954462172753
            ],
            [
              12.4567288353406,
              43.9954467820921
            ],
            [
              12.4569584995244,
              43.9954497703221
            ],
            [
              12.4573394121543,
              43.9956392098372
            ],
            [
              12.4577079325249,
              43.9957045357624
            ],
            [
              12.4578580490937,
              43.9957303983103
            ],
            [
              12.4580190352775,
              43.9957583856845
            ],
            [
              12.4586141161526,
              43.9957999427879
            ],
            [
              12.4590326879559,
              43.9959530219069
            ],
            [
              12.4591404768068,
              43.9959832386962
            ],
            [
              12.4597336559485,
              43.9961548759454
            ],
            [
              12.4596983216151,
              43.9964363103287
            ],
            [
              12.4597559467439,
              43.9968171838252
            ],
            [
              12.4599941709742,
              43.9973951413758
            ],
            [
              12.46007658152,
              43.9977932633864
            ],
            [
              12.4600085718665,
              43.9982319655744
            ],
            [
              12.4600416972426,
              43.9986405912639
            ],
            [
              12.4599702003291,
              43.9991063999606
            ],
            [
              12.4600981204256,
              43.9993811670633
            ],
            [
              12.4601647853011,
              43.9995236392789
            ],
            [
              12.4604149921589,
              43.9998498720104
            ],
            [
              12.460495431801,
              43.9999547449357
            ],
            [
              12.460486274375,
              44.0001883993348
            ],
            [
              12.4604773559009,
              44.0004038031316
            ],
            [
              12.4604697974761,
              44.0005857213627
            ],
            [
              12.4605327657842,
              44.0007368618552
            ],
            [
              12.4607971911763,
              44.0013642966574
            ],
            [
              12.4609065484857,
              44.0015927489535
            ],
            [
              12.461386156321,
              44.0015360779472
            ],
            [
              12.4617086497113,
              44.0015458371607
            ],
            [
              12.4621054238942,
              44.0015805562462
            ],
            [
              12.462492382186,
              44.0016772112816
            ],
            [
              12.4626538489685,
              44.0017402637776
            ],
            [
              12.462453743849,
              44.0022945953208
            ],
            [
              12.4618180420551,
              44.0031781504649
            ],
            [
              12.4609913323806,
              44.0047247055354
            ],
            [
              12.4602766336388,
              44.0059797581137
            ],
            [
              12.4594866273302,
              44.0066849828379
            ],
            [
              12.4582391503699,
              44.0075794442112
            ],
            [
              12.457135588908,
              44.0085912466516
            ],
            [
              12.4564263860591,
              44.0091615528214
            ],
            [
              12.4558968848947,
              44.0095868149879
            ],
            [
              12.455719339167,
              44.0095787899095
            ],
            [
              12.4552130217234,
              44.009550497639
            ],
            [
              12.4544543154142,
              44.0095150789795
            ],
            [
              12.4541623728283,
              44.0099108783897
            ],
            [
              12.4540848104901,
              44.010259836157
            ],
            [
              12.4539984527469,
              44.0104873813433
            ],
            [
              12.4534982761866,
              44.0099669883467
            ],
            [
              12.4531048590079,
              44.0095827724056
            ],
            [
              12.4525876009825,
              44.0091287099085
            ],
            [
              12.452148898832,
              44.0088424034208
            ],
            [
              12.4520816500515,
              44.0088260442267
            ],
            [
              12.4517741693062,
              44.0087639154294
            ],
            [
              12.4515199128431,
              44.0087653969332
            ],
            [
              12.4512443923589,
              44.0087700637022
            ],
            [
              12.4508283394317,
              44.0089086852469
            ],
            [
              12.4502784276457,
              44.0091053723242
            ],
            [
              12.4496356785684,
              44.0094218945949
            ],
            [
              12.4490393481367,
              44.0094290778376
            ],
            [
              12.4487452028817,
              44.0097112723729
            ],
            [
              12.4486990492391,
              44.0100226776494
            ],
            [
              12.4485555730168,
              44.0105172657525
            ],
            [
              12.448110684169,
              44.010872427446
            ],
            [
              12.4476131971646,
              44.0112565671951
            ],
            [
              12.4470840777842,
              44.0116686836793
            ],
            [
              12.4468220976063,
              44.0118836575074
            ],
            [
              12.445997485498,
              44.0123992115035
            ],
            [
              12.4459313515268,
              44.0124417286231
            ],
            [
              12.4455655979673,
              44.0121862248903
            ],
            [
              12.4454962570105,
              44.0121399752892
            ],
            [
              12.4454622279292,
              44.0122038132578
            ],
            [
              12.4452807287159,
              44.0126234232295
            ],
            [
              12.4450577120652,
              44.0130802977223
            ],
            [
              12.4447417898511,
              44.0133869245813
            ],
            [
              12.4446681244046,
              44.0134611696767
            ],
            [
              12.444377094507,
              44.0137535454189
            ],
            [
              12.4443381875737,
              44.0137952288173
            ],
            [
              12.4440026479505,
              44.0139756078122
            ],
            [
              12.4433582603461,
              44.0135120264992
            ],
            [
              12.4427669245474,
              44.0136774368498
            ],
            [
              12.4424847798863,
              44.014021279067
            ],
            [
              12.4421207259393,
              44.0144275994788
            ],
            [
              12.4416737772546,
              44.0146891391409
            ],
            [
              12.4411557924921,
              44.0152206379201
            ],
            [
              12.4405719872704,
              44.0161865642257
            ],
            [
              12.4401814662602,
              44.0165881700552
            ],
            [
              12.4401546749051,
              44.0166224707645
            ],
            [
              12.4400322731595,
              44.0170943011836
            ],
            [
              12.4397787371453,
              44.0174636097327
            ],
            [
              12.4396078111029,
              44.0175665626081
            ],
            [
              12.4394541228325,
              44.0176593556388
            ],
            [
              12.4393541690874,
              44.017879979624
            ],
            [
              12.4392473737732,
              44.0180532001725
            ],
            [
              12.4390563263668,
              44.0181203760999
            ],
            [
              12.4388036123111,
              44.0182397645404
            ],
            [
              12.4386054655189,
              44.0183568039064
            ],
            [
              12.438315816332,
              44.018528959113
            ],
            [
              12.4380436447672,
              44.0187551011361
            ],
            [
              12.4384939630326,
              44.0191405108663
            ],
            [
              12.4384334767696,
              44.0192056429581
            ],
            [
              12.4388175838087,
              44.0193981060435
            ],
            [
              12.4392791903039,
              44.0198178459837
            ],
            [
              12.4397960647488,
              44.0201914313588
            ],
            [
              12.440008372583,
              44.0203450366682
            ],
            [
              12.440954007523,
              44.0211627874057
            ],
            [
              12.4416744033803,
              44.0217532615507
            ],
            [
              12.4417433571632,
              44.0218147740633
            ],
            [
              12.4423455257459,
              44.0223542084236
            ],
            [
              12.4429796222504,
              44.022948745963
            ],
            [
              12.4432924443785,
              44.0230981926576
            ],
            [
              12.4435797399794,
              44.0232158418907
            ],
            [
              12.4436996021877,
              44.0234550585649
            ],
            [
              12.4437220322221,
              44.0235010467794
            ],
            [
              12.4439868169403,
              44.0239792055691
            ],
            [
              12.4443071391026,
              44.0243127610562
            ],
            [
              12.4446860422012,
              44.0244171876731
            ],
            [
              12.445266576657,
              44.0245607430473
            ],
            [
              12.4455563740659,
              44.0247960948999
            ],
            [
              12.4456197816503,
              44.0249022498004
            ],
            [
              12.4457013127455,
              44.0250372687979
            ],
            [
              12.4458325880495,
              44.0252559023823
            ],
            [
              12.4460750765823,
              44.0257797408655
            ],
            [
              12.4467042296579,
              44.0263009090597
            ],
            [
              12.4474387730825,
              44.0269179185995
            ],
            [
              12.4478821500657,
              44.0274416558456
            ],
            [
              12.4482320321908,
              44.0272290681712
            ],
            [
              12.4483928297284,
              44.0274472712564
            ],
            [
              12.4488262255304,
              44.0278047271627
            ],
            [
              12.4496587796442,
              44.0281732862958
            ],
            [
              12.4506070942587,
              44.0281907381604
            ],
            [
              12.4517776592611,
              44.0282658166435
            ],
            [
              12.4520819024781,
              44.0282855116423
            ],
            [
              12.4523782162661,
              44.028304441906
            ],
            [
              12.4528212321266,
              44.0285286561425
            ],
            [
              12.4530695704886,
              44.0286319695826
            ],
            [
              12.4535072701192,
              44.0288139659385
            ],
            [
              12.45477463039,
              44.0292392764159
            ],
            [
              12.4551946907017,
              44.0293616483641
            ],
            [
              12.4556986868986,
              44.029507153279
            ],
            [
              12.4560818084858,
              44.0288260264551
            ],
            [
              12.4564838872205,
              44.0284582386909
            ],
            [
              12.4572640201458,
              44.0280339760532
            ],
            [
              12.4574934076486,
              44.0279711020004
            ],
            [
              12.457711779111,
              44.027917949815
            ],
            [
              12.4578166870648,
              44.0278151331122
            ],
            [
              12.4579647976956,
              44.0275247295091
            ],
            [
              12.4583559106956,
              44.0271925982145
            ],
            [
              12.4587840208105,
              44.0268045939223
            ],
            [
              12.4588170725248,
              44.026824076259
            ],
            [
              12.4592300909429,
              44.0270672758424
            ],
            [
              12.4593726984943,
              44.0269434600912
            ],
            [
              12.4594273636743,
              44.0268926787326
            ],
            [
              12.4602806877357,
              44.0261376260228
            ],
            [
              12.4609011109833,
              44.0256500245797
            ],
            [
              12.4619062458362,
              44.024859447074
            ],
            [
              12.4627113474348,
              44.0241507495482
            ],
            [
              12.4628126854837,
              44.0240609728435
            ],
            [
              12.4625466754635,
              44.0239819430319
            ],
            [
              12.4621618713318,
              44.0238671199884
            ],
            [
              12.4625574929761,
              44.0232072851092
            ],
            [
              12.4626853924113,
              44.0229947319865
            ],
            [
              12.4619722549416,
              44.0224115455392
            ],
            [
              12.4612079314669,
              44.02196374561
            ],
            [
              12.4614507919023,
              44.0218169987367
            ],
            [
              12.4621369314045,
              44.0215460130001
            ],
            [
              12.4624379793141,
              44.0214280962554
            ],
            [
              12.4625908573041,
              44.021396093425
            ],
            [
              12.4629193029316,
              44.0211984943141
            ],
            [
              12.4631343434409,
              44.0210178879477
            ],
            [
              12.4632452593273,
              44.0208479775969
            ],
            [
              12.4632976356,
              44.0206767664242
            ],
            [
              12.4633304762101,
              44.0205408970881
            ],
            [
              12.4633056324026,
              44.0200891535631
            ],
            [
              12.4636247175848,
              44.019193884097
            ],
            [
              12.4639785936196,
              44.0182018400851
            ],
            [
              12.4644494698303,
              44.0172417916711
            ],
            [
              12.464689775457,
              44.0174676821399
            ],
            [
              12.4651480698639,
              44.0174420816553
            ],
            [
              12.4655226296081,
              44.0174424460015
            ],
            [
              12.4658546056146,
              44.0175372676756
            ],
            [
              12.4662328951639,
              44.0177086416624
            ],
            [
              12.4667401324823,
              44.0178272260162
            ],
            [
              12.4672947325758,
              44.0178720234976
            ],
            [
              12.467325413636,
              44.0179563812506
            ],
            [
              12.4672660376907,
              44.0181914776677
            ],
            [
              12.467171307649,
              44.0183519046879
            ],
            [
              12.467088774034,
              44.0185209714201
            ],
            [
              12.4672821588568,
              44.0187324204357
            ],
            [
              12.4673470297967,
              44.018749985544
            ],
            [
              12.4679341677681,
              44.018918425825
            ],
            [
              12.4685865108527,
              44.0191086999508
            ],
            [
              12.4687494832115,
              44.0190784665165
            ],
            [
              12.4687364441652,
              44.0190296234864
            ],
            [
              12.4686739681338,
              44.0188013985493
            ],
            [
              12.4686967260532,
              44.0186425063277
            ],
            [
              12.4687298738872,
              44.0184117282268
            ],
            [
              12.46915560167,
              44.0182879512445
            ],
            [
              12.4695460804594,
              44.0185138067203
            ],
            [
              12.4699729688656,
              44.0187654544112
            ],
            [
              12.4700950274548,
              44.0187836312616
            ],
            [
              12.4703491123396,
              44.0186924297725
            ],
            [
              12.4708775930179,
              44.0185942042792
            ],
            [
              12.4710803104382,
              44.0184954915448
            ],
            [
              12.4714168786324,
              44.0179167440713
            ],
            [
              12.4714614719014,
              44.0176707207434
            ],
            [
              12.4714844750609,
              44.0175455694583
            ],
            [
              12.47141160642,
              44.0172305311372
            ],
            [
              12.4715512917518,
              44.0168008081633
            ],
            [
              12.4718526953942,
              44.0164957674788
            ],
            [
              12.472255780242,
              44.0163774388684
            ],
            [
              12.4723912273222,
              44.0162575931744
            ],
            [
              12.4726178857431,
              44.0160526368697
            ],
            [
              12.4726463560494,
              44.0159196879323
            ],
            [
              12.4729682897894,
              44.0160395943891
            ],
            [
              12.4730769113786,
              44.01596910719
            ],
            [
              12.4733089210636,
              44.0156359912154
            ],
            [
              12.4735936124485,
              44.0154612557819
            ],
            [
              12.4739992440201,
              44.0152367892675
            ],
            [
              12.4744264782777,
              44.0149699229123
            ],
            [
              12.4747481074887,
              44.0148579346467
            ],
            [
              12.475034207432,
              44.0146498777077
            ],
            [
              12.475585529573,
              44.0144143356962
            ],
            [
              12.4758055027316,
              44.0141344285545
            ],
            [
              12.4760927129925,
              44.0137734978424
            ],
            [
              12.4762390242978,
              44.0135910683291
            ],
            [
              12.4764628440424,
              44.0134489832851
            ],
            [
              12.4767256407889,
              44.0132808065604
            ],
            [
              12.4768550835297,
              44.0132101028856
            ],
            [
              12.4774290387243,
              44.0131257752053
            ],
            [
              12.4774861140843,
              44.0131118812316
            ],
            [
              12.4776052369791,
              44.0129955376484
            ],
            [
              12.477729471288,
              44.0128720310397
            ],
            [
              12.4778570015156,
              44.0125432960258
            ],
            [
              12.4778692958586,
              44.0125105906576
            ],
            [
              12.4782025977785,
              44.0123050703131
            ],
            [
              12.4787141416203,
              44.012270107479
            ],
            [
              12.4790085105558,
              44.0117932258528
            ],
            [
              12.4791959350567,
              44.0115159080575
            ],
            [
              12.4799852757137,
              44.0110656334287
            ],
            [
              12.4803740998063,
              44.0107813042398
            ],
            [
              12.4807112132779,
              44.0108583087562
            ],
            [
              12.4813622708734,
              44.0109619437248
            ],
            [
              12.4819619520211,
              44.0112225302097
            ],
            [
              12.4819997270771,
              44.0112391013003
            ],
            [
              12.4826504397194,
              44.0115474200403
            ],
            [
              12.4826961927135,
              44.0115688132914
            ],
            [
              12.4839490272262,
              44.0120347091322
            ],
            [
              12.4847609676991,
              44.0122711637875
            ],
            [
              12.4856595704441,
              44.0125499562302
            ],
            [
              12.4866138426856,
              44.0129647958839
            ],
            [
              12.4868960098045,
              44.0132165627396
            ],
            [
              12.4872884612943,
              44.0135683772547
            ],
            [
              12.4880405173754,
              44.0140616320793
            ],
            [
              12.4881250281824,
              44.0141159253207
            ],
            [
              12.488875635281,
              44.0146616878607
            ],
            [
              12.4890947981592,
              44.0148713094476
            ],
            [
              12.4893668143154,
              44.0151328206655
            ],
            [
              12.4899594329083,
              44.0156068639414
            ],
            [
              12.4903464010816,
              44.0158383823172
            ],
            [
              12.490740597998,
              44.0160742785049
            ],
            [
              12.491397296115,
              44.0166552003515
            ],
            [
              12.4922244621337,
              44.0174626484792
            ],
            [
              12.4928954344807,
              44.0181263302498
            ],
            [
              12.4938587132312,
              44.0188354247251
            ],
            [
              12.4942647508413,
              44.019582560929
            ],
            [
              12.4939093216194,
              44.0198701340085
            ],
            [
              12.4939856649438,
              44.0199385068103
            ],
            [
              12.4940979229133,
              44.0204078529206
            ],
            [
              12.4942713786115,
              44.0206784491727
            ],
            [
              12.4944436314655,
              44.0209776036198
            ],
            [
              12.4946622832023,
              44.0211157954873
            ],
            [
              12.4951607376922,
              44.0215078606979
            ],
            [
              12.4958414873027,
              44.0219610900902
            ],
            [
              12.4966344778147,
              44.0223370571455
            ],
            [
              12.4967855861236,
              44.0224667664698
            ],
            [
              12.497031478373,
              44.022690101046
            ],
            [
              12.4974257103237,
              44.0229909364227
            ],
            [
              12.4975017787637,
              44.0230493057852
            ],
            [
              12.4975761341163,
              44.0231932875633
            ],
            [
              12.4976756225341,
              44.0233860858653
            ],
            [
              12.4976523687446,
              44.0239449666037
            ],
            [
              12.4976499810226,
              44.0245932376568
            ],
            [
              12.4977585684758,
              44.0247232210842
            ],
            [
              12.4981490014511,
              44.0251946388896
            ],
            [
              12.4985669911461,
              44.0256184529159
            ],
            [
              12.4986175213808,
              44.0258332792862
            ],
            [
              12.4986418217076,
              44.0259357577395
            ],
            [
              12.498782187064,
              44.0261475226427
            ],
            [
              12.4988417830965,
              44.0265238138747
            ],
            [
              12.4986219545668,
              44.0267106028446
            ],
            [
              12.4985895388597,
              44.026954661941
            ],
            [
              12.498583735743,
              44.0269953633342
            ],
            [
              12.4987613191999,
              44.0275210866664
            ],
            [
              12.4991913274551,
              44.0280090841497
            ],
            [
              12.4997375857928,
              44.0283732719555
            ],
            [
              12.5006147412604,
              44.028715518884
            ],
            [
              12.5005571403861,
              44.0288411787957
            ],
            [
              12.5004381540351,
              44.0290540364779
            ],
            [
              12.4998443847003,
              44.0295089526797
            ],
            [
              12.4995570729297,
              44.0295489515478
            ],
            [
              12.4982665388195,
              44.0293339810503
            ],
            [
              12.4981229161719,
              44.0297020830863
            ],
            [
              12.4977847795192,
              44.0297278462034
            ],
            [
              12.4974453160548,
              44.0297533916512
            ],
            [
              12.4974842499375,
              44.0302655067066
            ],
            [
              12.4975018676969,
              44.0304995835836
            ],
            [
              12.4970628915602,
              44.0305709125032
            ],
            [
              12.4958346978358,
              44.0307080589669
            ],
            [
              12.4956312168475,
              44.030754099036
            ],
            [
              12.4948289718915,
              44.0309371364556
            ],
            [
              12.4943664392331,
              44.0312327573382
            ],
            [
              12.4939658552951,
              44.0318543094494
            ],
            [
              12.4935780202476,
              44.0324738710213
            ],
            [
              12.4931089577355,
              44.0327945123519
            ],
            [
              12.4930268157859,
              44.0328482175208
            ],
            [
              12.4926643536536,
              44.0325059117884
            ],
            [
              12.4924863255306,
              44.0323394024281
            ],
            [
              12.491768931843,
              44.03308291001
            ],
            [
              12.4912810154897,
              44.0335824129832
            ],
            [
              12.4910127129689,
              44.0338577740586
            ],
            [
              12.4909707796114,
              44.0339026679256
            ],
            [
              12.4903824585588,
              44.0345320503463
            ],
            [
              12.490320699383,
              44.0346006432528
            ],
            [
              12.4909916708316,
              44.0349387972227
            ],
            [
              12.491466346916,
              44.0352393289043
            ],
            [
              12.4910684291777,
              44.0358141790471
            ],
            [
              12.4905311746541,
              44.0362096795682
            ],
            [
              12.4904365128844,
              44.0363179877849
            ],
            [
              12.4899776255895,
              44.0368423510484
            ],
            [
              12.4892501635842,
              44.0375037932667
            ],
            [
              12.4885365769568,
              44.0380567656912
            ],
            [
              12.4884642302371,
              44.0381130001267
            ],
            [
              12.4887888831774,
              44.0384016986642
            ],
            [
              12.4894856048336,
              44.0387285202482
            ],
            [
              12.4899675141526,
              44.0391653685348
            ],
            [
              12.4896742492467,
              44.0395704646804
            ],
            [
              12.4893802522137,
              44.0398269992138
            ],
            [
              12.4891312329288,
              44.0400462072117
            ],
            [
              12.4888282401666,
              44.0402640176299
            ],
            [
              12.4884366717208,
              44.0405447119208
            ],
            [
              12.4883153299871,
              44.0405512256228
            ],
            [
              12.4877369676577,
              44.0405835700463
            ],
            [
              12.4865935928624,
              44.0405122176615
            ],
            [
              12.4857001733966,
              44.0409508318322
            ],
            [
              12.4848867569917,
              44.0415908806462
            ],
            [
              12.4843728658519,
              44.0419561421527
            ],
            [
              12.4844004423345,
              44.0425877746403
            ],
            [
              12.4844048108418,
              44.0426798931083
            ],
            [
              12.4843956498225,
              44.04271775412
            ],
            [
              12.4842370190214,
              44.0433978443957
            ],
            [
              12.4841761168384,
              44.0436546710103
            ],
            [
              12.4838880585678,
              44.044275728652
            ],
            [
              12.4837450755207,
              44.0442821806012
            ],
            [
              12.4829263833101,
              44.0443184321227
            ],
            [
              12.4821451733047,
              44.0443332918695
            ],
            [
              12.4819900656962,
              44.0443333209264
            ],
            [
              12.4811070217719,
              44.0442615585108
            ],
            [
              12.4799878377089,
              44.0441921354245
            ],
            [
              12.4787797572637,
              44.0441299661984
            ],
            [
              12.4778586086017,
              44.0441007431527
            ],
            [
              12.4774225897189,
              44.0443331427102
            ],
            [
              12.4768906262723,
              44.0445369145144
            ],
            [
              12.4761028783283,
              44.0443520910936
            ],
            [
              12.4759932416428,
              44.0445344201417
            ],
            [
              12.4757216575762,
              44.044745389589
            ],
            [
              12.474309054097,
              44.0448334709802
            ],
            [
              12.472478153699,
              44.0450601060559
            ],
            [
              12.4712100945389,
              44.0452336417052
            ],
            [
              12.4695548219654,
              44.045437433657
            ],
            [
              12.4684094142826,
              44.0457275854792
            ],
            [
              12.4676347700637,
              44.0462786732199
            ],
            [
              12.4669403939086,
              44.0468219204616
            ],
            [
              12.4667307010701,
              44.0469843077708
            ],
            [
              12.4661792908942,
              44.047056658332
            ],
            [
              12.4645977637174,
              44.0472801682106
            ],
            [
              12.4630430332855,
              44.0474805355556
            ],
            [
              12.4617734541759,
              44.0476850564918
            ],
            [
              12.4617717312072,
              44.0483157575377
            ],
            [
              12.4617623438125,
              44.0494424740378
            ],
            [
              12.4618776470708,
              44.0494693804211
            ],
            [
              12.4626510902422,
              44.0496487405019
            ],
            [
              12.4636824837492,
              44.0500222637647
            ],
            [
              12.4656517884813,
              44.0506692630428
            ],
            [
              12.4659269864703,
              44.0507615658643
            ],
            [
              12.4674723869997,
              44.0512801965396
            ],
            [
              12.4696339940847,
              44.0520817852751
            ],
            [
              12.4700224363933,
              44.0523963678569
            ],
            [
              12.4706151843437,
              44.0525077880791
            ],
            [
              12.4717229481245,
              44.0526312598898
            ],
            [
              12.4717086083176,
              44.052951524856
            ],
            [
              12.4720191406399,
              44.0529957515377
            ],
            [
              12.4800346641897,
              44.0529658543226
            ],
            [
              12.4821889302422,
              44.0527973041967
            ],
            [
              12.4881254746451,
              44.0516721396961
            ],
            [
              12.4918695404599,
              44.0513222964574
            ],
            [
              12.4941204059482,
              44.0515247626383
            ],
            [
              12.4957905869621,
              44.0518810060892
            ],
            [
              12.4979091171343,
              44.0530032942744
            ],
            [
              12.4990172303598,
              44.0538873482745
            ],
            [
              12.5006262298146,
              44.0565154175275
            ],
            [
              12.5026785999644,
              44.0628533569862
            ],
            [
              12.5064061816938,
              44.0652890776287
            ],
            [
              12.5084624325657,
              44.0661262172484
            ],
            [
              12.5127389091881,
              44.0664985367013
            ],
            [
              12.5175942422133,
              44.0661675501174
            ],
            [
              12.5210246325006,
              44.065647880219
            ],
            [
              12.5277951728132,
              44.0630982884135
            ],
            [
              12.5302684207417,
              44.0623955615264
            ],
            [
              12.5368677125168,
              44.0604944367911
            ]
          ]
        ]
      }
    },
    {
      "type": "Feature",
      "properties": {
        "nome": "Marina centro",
        "tipo": "quartiere",
        "fonte_geometria": "Comune di Rimini SIT (ArcGIS)",
        "centroid_lon": 12.590701,
        "centroid_lat": 44.058487,
        "popolazione": 18200,
        "eta_0_14": 1638,
        "eta_15_64": 11594,
        "eta_65_plus": 4968,
        "famiglie": 8800,
        "eta_media": 46.2,
        "densita_ab_kmq": 20222,
        "color": "#4ecdc4",
        "fonte": "ISTAT 2023"
      },
      "geometry": {
        "type": "Polygon",
        "coordinates": [
          [
            [
              12.5763825339434,
              44.0811860302365
            ],
            [
              12.5762179392272,
              44.0809771794586
            ],
            [
              12.5756936240369,
              44.0803630379766
            ],
            [
              12.5751215858471,
              44.0789954912673
            ],
            [
              12.5752572054038,
              44.0788099345171
            ],
            [
              12.5753595944816,
              44.0786830098956
            ],
            [
              12.5754727786141,
              44.0785090811622
            ],
            [
              12.5756462172444,
              44.0783260842422
            ],
            [
              12.57612273757,
              44.0778942319316
            ],
            [
              12.5768765920783,
              44.0772997874913
            ],
            [
              12.5773041919502,
              44.0767508528666
            ],
            [
              12.5778337182674,
              44.0761728453279
            ],
            [
              12.5793469393467,
              44.074727931824
            ],
            [
              12.5796016710186,
              44.0743727467914
            ],
            [
              12.5799363033434,
              44.0739697260858
            ],
            [
              12.5799581467778,
              44.0739424216589
            ],
            [
              12.5807163212844,
              44.0731322365839
            ],
            [
              12.5813828074448,
              44.0724456471057
            ],
            [
              12.5828867920463,
              44.070867989887
            ],
            [
              12.5832447122965,
              44.0705022902956
            ],
            [
              12.5842977282523,
              44.0694341510026
            ],
            [
              12.5844295479355,
              44.0690748847002
            ],
            [
              12.5845199543856,
              44.0689580087456
            ],
            [
              12.5846107866373,
              44.0688398713633
            ],
            [
              12.5864911949872,
              44.0670433089508
            ],
            [
              12.5867985346971,
              44.0667015628966
            ],
            [
              12.5871675320731,
              44.066357127129
            ],
            [
              12.5874466565981,
              44.0660600949255
            ],
            [
              12.5876871966852,
              44.0658009223342
            ],
            [
              12.5881450634939,
              44.0653947604376
            ],
            [
              12.5884457080599,
              44.0651141703485
            ],
            [
              12.5885933389903,
              44.0649836287414
            ],
            [
              12.5895286657625,
              44.0654058588418
            ],
            [
              12.5896083921423,
              44.0653487498681
            ],
            [
              12.5889406483404,
              44.0649851811347
            ],
            [
              12.5887303922583,
              44.0648838378483
            ],
            [
              12.5894428335337,
              44.063971588127
            ],
            [
              12.5906513191191,
              44.0628603194458
            ],
            [
              12.5906865007389,
              44.0628276050447
            ],
            [
              12.591029051713,
              44.062556510538
            ],
            [
              12.5915975559304,
              44.0619513487629
            ],
            [
              12.5927575271006,
              44.0604808502203
            ],
            [
              12.5930823345511,
              44.0600686599266
            ],
            [
              12.5945336679955,
              44.0588131164563
            ],
            [
              12.5952787603366,
              44.0580801425956
            ],
            [
              12.5976282581481,
              44.0558795119378
            ],
            [
              12.598832619568,
              44.0563372506155
            ],
            [
              12.5988939313828,
              44.0563017540318
            ],
            [
              12.5978245912417,
              44.0557476833274
            ],
            [
              12.5979577053971,
              44.0556132417293
            ],
            [
              12.599142974024,
              44.0545049079396
            ],
            [
              12.5993466831843,
              44.0543137403007
            ],
            [
              12.5998792476039,
              44.0538095829534
            ],
            [
              12.6002059594828,
              44.0534441511391
            ],
            [
              12.6006725965437,
              44.0530109926037
            ],
            [
              12.6011147024108,
              44.0525355924206
            ],
            [
              12.6014309057975,
              44.0521784167504
            ],
            [
              12.6018936693229,
              44.0516900604703
            ],
            [
              12.601938060471,
              44.0516453511727
            ],
            [
              12.603831205135,
              44.0499905314047
            ],
            [
              12.6039757449625,
              44.0498501916301
            ],
            [
              12.6041098095355,
              44.0497029507907
            ],
            [
              12.6043046586122,
              44.0495220774604
            ],
            [
              12.6044017422399,
              44.0494298521229
            ],
            [
              12.6045554502733,
              44.0492697242158
            ],
            [
              12.6047496238169,
              44.0490860280323
            ],
            [
              12.604864818379,
              44.0489645135752
            ],
            [
              12.6050390663913,
              44.0488007880717
            ],
            [
              12.6053328217774,
              44.0485607871972
            ],
            [
              12.6056990577322,
              44.0481768988335
            ],
            [
              12.6061629441517,
              44.0477008361255
            ],
            [
              12.606687125493,
              44.0474157231494
            ],
            [
              12.6070618442391,
              44.0469924059139
            ],
            [
              12.6077219451744,
              44.0463869843386
            ],
            [
              12.6084746498392,
              44.045777249789
            ],
            [
              12.6090978560676,
              44.0452400167117
            ],
            [
              12.6063349625455,
              44.0440794914283
            ],
            [
              12.6050661326308,
              44.0434471096662
            ],
            [
              12.6047214787007,
              44.0434184997185
            ],
            [
              12.603926249587,
              44.0430081956337
            ],
            [
              12.603708554556,
              44.043244499643
            ],
            [
              12.6033894154749,
              44.0435754142022
            ],
            [
              12.6030596520189,
              44.0439376137604
            ],
            [
              12.6026831159811,
              44.0442988302687
            ],
            [
              12.6023119051562,
              44.0446826662811
            ],
            [
              12.6019109951298,
              44.0451063906729
            ],
            [
              12.6016019162815,
              44.0454195038882
            ],
            [
              12.6015566340047,
              44.0454590665021
            ],
            [
              12.6012374706691,
              44.0457899738564
            ],
            [
              12.6011393961996,
              44.0459004495887
            ],
            [
              12.6010026375791,
              44.0460416245623
            ],
            [
              12.6009377396897,
              44.0461032816858
            ],
            [
              12.6008658780602,
              44.0461827985538
            ],
            [
              12.6007908983784,
              44.0462622501003
            ],
            [
              12.6007610222087,
              44.0463066373882
            ],
            [
              12.6007252728536,
              44.0463418971839
            ],
            [
              12.6006798064222,
              44.0463859576939
            ],
            [
              12.6006182062482,
              44.0464431818117
            ],
            [
              12.600569441203,
              44.0464916742446
            ],
            [
              12.6005267290062,
              44.0465447949209
            ],
            [
              12.6004614655025,
              44.0466154465734
            ],
            [
              12.6003967472761,
              44.046672605901
            ],
            [
              12.6003476184132,
              44.0467300925357
            ],
            [
              12.6002794174186,
              44.0467961815638
            ],
            [
              12.6002240515527,
              44.0468535376505
            ],
            [
              12.6001846397662,
              44.0469022253893
            ],
            [
              12.6001036054394,
              44.0469770477219
            ],
            [
              12.6000313683141,
              44.0470400514088
            ],
            [
              12.5993218780044,
              44.0477888885866
            ],
            [
              12.5977827549022,
              44.0494265689653
            ],
            [
              12.5973044011151,
              44.0499116685267
            ],
            [
              12.5972785458046,
              44.0499336316019
            ],
            [
              12.5972510447805,
              44.0499578111839
            ],
            [
              12.5972297753695,
              44.0499821211772
            ],
            [
              12.5962103393373,
              44.0510365191199
            ],
            [
              12.5961679855683,
              44.0510806426384
            ],
            [
              12.5957086778619,
              44.0515571320608
            ],
            [
              12.5956533030128,
              44.0516144854743
            ],
            [
              12.5956177297275,
              44.0516452478717
            ],
            [
              12.5955392538026,
              44.0517336250318
            ],
            [
              12.5954646235655,
              44.0518040761606
            ],
            [
              12.5953965950473,
              44.0518656646599
            ],
            [
              12.595356992818,
              44.0519188483076
            ],
            [
              12.5952984990183,
              44.0519761355167
            ],
            [
              12.5952299243244,
              44.0520512167924
            ],
            [
              12.5951648306023,
              44.0521173676741
            ],
            [
              12.5950933175192,
              44.0521878848459
            ],
            [
              12.5950144768783,
              44.0522852573247
            ],
            [
              12.5947772003707,
              44.052518837895
            ],
            [
              12.5944251407294,
              44.0528895468873
            ],
            [
              12.5942359088182,
              44.0530926275012
            ],
            [
              12.594105351268,
              44.0532339241399
            ],
            [
              12.5939628676842,
              44.0533614650235
            ],
            [
              12.5938840243484,
              44.0534588355727
            ],
            [
              12.5935064606378,
              44.0538425089318
            ],
            [
              12.5934609825282,
              44.0538865645079
            ],
            [
              12.5930373900408,
              44.054327783436
            ],
            [
              12.5928936263577,
              44.0544868072491
            ],
            [
              12.5927795645711,
              44.0546059416739
            ],
            [
              12.5926532138315,
              44.0547203165132
            ],
            [
              12.5922666445102,
              44.055094792321
            ],
            [
              12.5921951242406,
              44.0551653072387
            ],
            [
              12.5920874809167,
              44.0552800767452
            ],
            [
              12.592022015292,
              44.0553552203281
            ],
            [
              12.5919769010002,
              44.0553902810601
            ],
            [
              12.5914958783183,
              44.0558617944995
            ],
            [
              12.5913664041364,
              44.0559761010637
            ],
            [
              12.5912213369978,
              44.0560900800968
            ],
            [
              12.5911408254905,
              44.0561514013869
            ],
            [
              12.5909706288801,
              44.05626935105
            ],
            [
              12.5908545377993,
              44.0563614333933
            ],
            [
              12.5907610043136,
              44.0564359842536
            ],
            [
              12.5906581148743,
              44.0565103387643
            ],
            [
              12.5904626046375,
              44.0566367557437
            ],
            [
              12.5903690711518,
              44.0567113081942
            ],
            [
              12.5902669111444,
              44.056767671468
            ],
            [
              12.590151547699,
              44.0568417621678
            ],
            [
              12.5900046363191,
              44.0569241884224
            ],
            [
              12.5899437440176,
              44.0569634173374
            ],
            [
              12.589761616882,
              44.0570676088892
            ],
            [
              12.5896147046038,
              44.057150035475
            ],
            [
              12.5895092405928,
              44.057210830173
            ],
            [
              12.5893881872184,
              44.0572712949224
            ],
            [
              12.5891583685243,
              44.0573969859494
            ],
            [
              12.5889417541666,
              44.0575049500794
            ],
            [
              12.5887288058335,
              44.0575994855899
            ],
            [
              12.5885220909102,
              44.0576941526448
            ],
            [
              12.5883309698419,
              44.0577891494316
            ],
            [
              12.5882229339543,
              44.0578363834095
            ],
            [
              12.5878637955886,
              44.0579953532568
            ],
            [
              12.5875329038486,
              44.0581504163921
            ],
            [
              12.5874125763129,
              44.0581928884328
            ],
            [
              12.5863397336404,
              44.0587103933838
            ],
            [
              12.5860216725377,
              44.0588567209665
            ],
            [
              12.5858751141957,
              44.0589301473618
            ],
            [
              12.5858400807979,
              44.0589474126414
            ],
            [
              12.5849840231631,
              44.0593524503323
            ],
            [
              12.5844944476215,
              44.0595716693529
            ],
            [
              12.5839912958409,
              44.0598176091373
            ],
            [
              12.583460440017,
              44.0600539577658
            ],
            [
              12.5830594545321,
              44.0602435356353
            ],
            [
              12.5822704974557,
              44.0606094593464
            ],
            [
              12.5820791715716,
              44.0607089424249
            ],
            [
              12.5819746130624,
              44.060747241203
            ],
            [
              12.5817772316349,
              44.0608420936568
            ],
            [
              12.5807053923806,
              44.0613325589227
            ],
            [
              12.5802954012849,
              44.0615129326963
            ],
            [
              12.5796531642473,
              44.0618009213817
            ],
            [
              12.5752697979875,
              44.0638146166514
            ],
            [
              12.5709336588571,
              44.0658111415229
            ],
            [
              12.5701537271544,
              44.0661816737073
            ],
            [
              12.5693813116557,
              44.0665208512146
            ],
            [
              12.5689905148627,
              44.0666880887707
            ],
            [
              12.5692121004972,
              44.0669178791603
            ],
            [
              12.5698320988417,
              44.0676333027218
            ],
            [
              12.5710330547484,
              44.0691038217565
            ],
            [
              12.571465774119,
              44.0698197539614
            ],
            [
              12.5718970310324,
              44.0705716657607
            ],
            [
              12.5720535013853,
              44.0708675864985
            ],
            [
              12.5722136449493,
              44.0711500816984
            ],
            [
              12.5727628659308,
              44.0722241006596
            ],
            [
              12.5733131936368,
              44.0734241818014
            ],
            [
              12.5738058944173,
              44.0750416706232
            ],
            [
              12.5740386793485,
              44.0758388725174
            ],
            [
              12.574499394715,
              44.0781762644379
            ],
            [
              12.5747723792551,
              44.0781602612474
            ],
            [
              12.5746586013362,
              44.0785451491071
            ],
            [
              12.5748922989557,
              44.0791889417684
            ],
            [
              12.575605990686,
              44.0811109439611
            ],
            [
              12.5757835462951,
              44.0810556679807
            ],
            [
              12.5765854480947,
              44.0820048017557
            ],
            [
              12.5769690179413,
              44.0818512072167
            ],
            [
              12.5765565870213,
              44.0812562856387
            ],
            [
              12.5763825339434,
              44.0811860302365
            ]
          ]
        ]
      }
    },
    {
      "type": "Feature",
      "properties": {
        "nome": "Zona Nord - mare",
        "tipo": "quartiere",
        "fonte_geometria": "Comune di Rimini SIT (ArcGIS)",
        "centroid_lon": 12.538558,
        "centroid_lat": 44.088984,
        "popolazione": 22000,
        "eta_0_14": 1980,
        "eta_15_64": 14014,
        "eta_65_plus": 6006,
        "famiglie": 10400,
        "eta_media": 46.2,
        "densita_ab_kmq": 24444,
        "color": "#a29bfe",
        "fonte": "ISTAT 2023"
      },
      "geometry": {
        "type": "Polygon",
        "coordinates": [
          [
            [
              12.5633671878466,
              44.07611921364
            ],
            [
              12.5594445710893,
              44.0710984636838
            ],
            [
              12.559173349942,
              44.0712412160149
            ],
            [
              12.5588681886468,
              44.0713742370643
            ],
            [
              12.5582473934966,
              44.0716670635524
            ],
            [
              12.5579062519793,
              44.0718398261314
            ],
            [
              12.5569765477625,
              44.0724321381447
            ],
            [
              12.555984782536,
              44.0730906362206
            ],
            [
              12.5543363012261,
              44.0742302214446
            ],
            [
              12.5530405155647,
              44.0751432662848
            ],
            [
              12.5525678957241,
              44.0754752475331
            ],
            [
              12.5521022477084,
              44.0757893708816
            ],
            [
              12.5516817490188,
              44.0760684486143
            ],
            [
              12.5512788501223,
              44.0763749115997
            ],
            [
              12.5508045737883,
              44.0766708381696
            ],
            [
              12.5503324839536,
              44.0769893177704
            ],
            [
              12.5498271519619,
              44.0773565983983
            ],
            [
              12.5474071040612,
              44.0790287020283
            ],
            [
              12.5454627437479,
              44.0803688690702
            ],
            [
              12.5448909139673,
              44.0807572046714
            ],
            [
              12.5444301204473,
              44.0811029111431
            ],
            [
              12.543996139842,
              44.0814041765661
            ],
            [
              12.5435208564965,
              44.0817225597066
            ],
            [
              12.5430833751565,
              44.0820327503435
            ],
            [
              12.5420808202652,
              44.0827179018665
            ],
            [
              12.5416699578037,
              44.0829881477551
            ],
            [
              12.5414066939332,
              44.0831625376079
            ],
            [
              12.5404833973994,
              44.0838178711992
            ],
            [
              12.5401426439542,
              44.0840536090695
            ],
            [
              12.5384568654921,
              44.0851741530287
            ],
            [
              12.5380569552905,
              44.0854806327325
            ],
            [
              12.5376267781521,
              44.0857639518573
            ],
            [
              12.5371896085275,
              44.086065123212
            ],
            [
              12.5365392462281,
              44.0865372505183
            ],
            [
              12.5358842594016,
              44.0870452845413
            ],
            [
              12.5356365615384,
              44.0872199973153
            ],
            [
              12.5354893114937,
              44.0873068489294
            ],
            [
              12.5352164652941,
              44.0874855188354
            ],
            [
              12.5349818019857,
              44.0876470074361
            ],
            [
              12.5345793001446,
              44.0879399140622
            ],
            [
              12.5340924959056,
              44.0883075241756
            ],
            [
              12.5335947043723,
              44.0886388811833
            ],
            [
              12.5331668538705,
              44.0889402385652
            ],
            [
              12.532765080563,
              44.089215150015
            ],
            [
              12.5320715308581,
              44.0896728135257
            ],
            [
              12.5315867577099,
              44.0899909398904
            ],
            [
              12.5314642688277,
              44.0900828226706
            ],
            [
              12.5312332661541,
              44.0902308779983
            ],
            [
              12.5307091728476,
              44.0905931651147
            ],
            [
              12.5302203276363,
              44.090933705393
            ],
            [
              12.5297380913306,
              44.0912653831917
            ],
            [
              12.5294971586798,
              44.0914267240455
            ],
            [
              12.5283817726938,
              44.0908399063891
            ],
            [
              12.5280136017678,
              44.0910570099607
            ],
            [
              12.5274474205937,
              44.0914543817144
            ],
            [
              12.5264881564142,
              44.0919917858429
            ],
            [
              12.5254420547911,
              44.0927388654346
            ],
            [
              12.5245197014883,
              44.0932140324543
            ],
            [
              12.5241754518001,
              44.0935306726448
            ],
            [
              12.5232295437722,
              44.0940458305553
            ],
            [
              12.5229403401496,
              44.0937919773817
            ],
            [
              12.5224419494401,
              44.0940602545922
            ],
            [
              12.5227050650885,
              44.0943405500216
            ],
            [
              12.5210326140319,
              44.0952765649603
            ],
            [
              12.5210896426794,
              44.095331820556
            ],
            [
              12.5203766462451,
              44.0958024932743
            ],
            [
              12.5205604011281,
              44.0959640346491
            ],
            [
              12.5207013755422,
              44.0959535916397
            ],
            [
              12.5208585169366,
              44.0959299940574
            ],
            [
              12.5210540765806,
              44.0960332718773
            ],
            [
              12.5218180568989,
              44.0967340729642
            ],
            [
              12.5213294856737,
              44.0970655782379
            ],
            [
              12.5199353219123,
              44.0980661335352
            ],
            [
              12.5193491684945,
              44.0984900403809
            ],
            [
              12.5179209100748,
              44.0995573539054
            ],
            [
              12.5174462025495,
              44.0999296559072
            ],
            [
              12.5172075677892,
              44.100109025678
            ],
            [
              12.5161364534753,
              44.100999521236
            ],
            [
              12.5156988760156,
              44.1013051028994
            ],
            [
              12.5152781311876,
              44.1016560628487
            ],
            [
              12.5147772943656,
              44.1020547928827
            ],
            [
              12.5142819372668,
              44.1024716468902
            ],
            [
              12.51344812641,
              44.1020213557235
            ],
            [
              12.5124002308513,
              44.1014628612832
            ],
            [
              12.5120056099301,
              44.1012652034497
            ],
            [
              12.5113288129068,
              44.1009443573791
            ],
            [
              12.5107196410582,
              44.1007240123731
            ],
            [
              12.508885626201,
              44.0999952978438
            ],
            [
              12.5084555146396,
              44.0998175701674
            ],
            [
              12.5055627732364,
              44.102632800417
            ],
            [
              12.5068085200415,
              44.10322295604
            ],
            [
              12.5097787150868,
              44.1011844710231
            ],
            [
              12.5101581796325,
              44.1013014594332
            ],
            [
              12.510352606501,
              44.1014317383657
            ],
            [
              12.511519905229,
              44.1018983236643
            ],
            [
              12.5122250881169,
              44.1022873081489
            ],
            [
              12.5108550683754,
              44.103598877639
            ],
            [
              12.5093100397486,
              44.1027549304247
            ],
            [
              12.5089966705466,
              44.103076698151
            ],
            [
              12.5088526688099,
              44.1036047251489
            ],
            [
              12.5086924964998,
              44.1041459034021
            ],
            [
              12.5094123443848,
              44.104557733175
            ],
            [
              12.5080322796818,
              44.1058825523682
            ],
            [
              12.5071336068681,
              44.1068262423466
            ],
            [
              12.5063447962171,
              44.1078308425021
            ],
            [
              12.5052765026133,
              44.1085727489538
            ],
            [
              12.5037931945347,
              44.107523009258
            ],
            [
              12.5035129704717,
              44.1077239493142
            ],
            [
              12.5040734715983,
              44.108136828755
            ],
            [
              12.5034853104458,
              44.1085290998016
            ],
            [
              12.5029800386412,
              44.1081399319223
            ],
            [
              12.5026680321834,
              44.1083536785444
            ],
            [
              12.5020323609322,
              44.1078716244202
            ],
            [
              12.5015163479718,
              44.1082564608639
            ],
            [
              12.5022169000444,
              44.1086814176067
            ],
            [
              12.5019675420946,
              44.1088336563284
            ],
            [
              12.5023932824538,
              44.1091014576501
            ],
            [
              12.5028978742337,
              44.1087285245375
            ],
            [
              12.5040516533167,
              44.1095452984261
            ],
            [
              12.5022430410192,
              44.1105815903198
            ],
            [
              12.5024517555923,
              44.1107437053427
            ],
            [
              12.5017887423187,
              44.1112063524159
            ],
            [
              12.5019965100675,
              44.1113909542307
            ],
            [
              12.5016341251903,
              44.1120582404814
            ],
            [
              12.5020645161278,
              44.1124457746561
            ],
            [
              12.5006234198844,
              44.1136483955871
            ],
            [
              12.5006700253796,
              44.1136817829577
            ],
            [
              12.5010166349421,
              44.1138871387031
            ],
            [
              12.5017245136742,
              44.1142885408106
            ],
            [
              12.5028403254617,
              44.1150708335821
            ],
            [
              12.503010855347,
              44.1151688049507
            ],
            [
              12.503067130308,
              44.1151962225615
            ],
            [
              12.5037142389094,
              44.1155624327027
            ],
            [
              12.5037646891941,
              44.1155365837421
            ],
            [
              12.5042418850528,
              44.115136704428
            ],
            [
              12.5045141464491,
              44.1148078247868
            ],
            [
              12.5050523226442,
              44.1144449707838
            ],
            [
              12.5056087472161,
              44.1140117188458
            ],
            [
              12.5058847321292,
              44.1137328239922
            ],
            [
              12.5065325351284,
              44.1133396903453
            ],
            [
              12.5070235785172,
              44.1130659661996
            ],
            [
              12.5077698647192,
              44.1125459858322
            ],
            [
              12.5079777618255,
              44.1122433704457
            ],
            [
              12.5083592421906,
              44.1120457351131
            ],
            [
              12.5089256245874,
              44.1116391508627
            ],
            [
              12.5091235423091,
              44.1114474170018
            ],
            [
              12.5098434503812,
              44.1120866134487
            ],
            [
              12.5099269981942,
              44.1120435821952
            ],
            [
              12.5091637967153,
              44.1113513782734
            ],
            [
              12.5095795972159,
              44.1110860941945
            ],
            [
              12.5098483399112,
              44.1106846013216
            ],
            [
              12.5101921314587,
              44.1104455453477
            ],
            [
              12.5105494489394,
              44.1101901546156
            ],
            [
              12.5110130919154,
              44.1096856366432
            ],
            [
              12.5110534145936,
              44.109658584125
            ],
            [
              12.5113617658064,
              44.1093984369782
            ],
            [
              12.5117195135801,
              44.1090021849217
            ],
            [
              12.5121622904887,
              44.1086773276039
            ],
            [
              12.5131219175876,
              44.1078452573711
            ],
            [
              12.5137939688112,
              44.1073493188385
            ],
            [
              12.5144131487905,
              44.1068272789088
            ],
            [
              12.5147459018397,
              44.10632400682
            ],
            [
              12.5147648778517,
              44.1062904604844
            ],
            [
              12.5147305208854,
              44.1062717041482
            ],
            [
              12.51482858727,
              44.1061960356425
            ],
            [
              12.5150613407601,
              44.1059532396401
            ],
            [
              12.515341322278,
              44.105701809404
            ],
            [
              12.5155639930774,
              44.1055033820147
            ],
            [
              12.5157611732822,
              44.1053669583232
            ],
            [
              12.5159082023414,
              44.105253388319
            ],
            [
              12.5160584644373,
              44.1051841051232
            ],
            [
              12.5164420567417,
              44.1049003010623
            ],
            [
              12.5172774665997,
              44.1042644457007
            ],
            [
              12.5183606120502,
              44.1035265097368
            ],
            [
              12.5185931975554,
              44.1033853608837
            ],
            [
              12.5189125378591,
              44.1032366824545
            ],
            [
              12.519257034584,
              44.1029839105271
            ],
            [
              12.5195031666837,
              44.1028617300317
            ],
            [
              12.5197706059235,
              44.1027158350709
            ],
            [
              12.5199176781018,
              44.1026617113858
            ],
            [
              12.5200346171923,
              44.1026300149826
            ],
            [
              12.5200766089402,
              44.1026168754458
            ],
            [
              12.5201779119548,
              44.1025833302318
            ],
            [
              12.5202589094507,
              44.1025166255022
            ],
            [
              12.5203016773431,
              44.10241626121
            ],
            [
              12.5203537877144,
              44.1022384253419
            ],
            [
              12.5206361479711,
              44.1020471983388
            ],
            [
              12.5207909034401,
              44.1018673674076
            ],
            [
              12.5209949395872,
              44.1016028006738
            ],
            [
              12.5212338447404,
              44.1013403802581
            ],
            [
              12.5214267929819,
              44.1011002149948
            ],
            [
              12.5216772055539,
              44.1009098616378
            ],
            [
              12.52190684189,
              44.1007214203776
            ],
            [
              12.5221037427188,
              44.100561795683
            ],
            [
              12.5223021706836,
              44.1003985076827
            ],
            [
              12.5225016613554,
              44.1002964367292
            ],
            [
              12.5227905559575,
              44.1001879229683
            ],
            [
              12.5229857589704,
              44.1001123176367
            ],
            [
              12.523098473284,
              44.1000643884291
            ],
            [
              12.5232642510815,
              44.0999187929899
            ],
            [
              12.5236647146453,
              44.0994916405205
            ],
            [
              12.5242558141871,
              44.0989997948295
            ],
            [
              12.5247593073274,
              44.0985566754647
            ],
            [
              12.5251687980615,
              44.0982593958749
            ],
            [
              12.5255614947913,
              44.0980190348807
            ],
            [
              12.5256072720398,
              44.0979929795486
            ],
            [
              12.525812419403,
              44.097877010989
            ],
            [
              12.5260042582251,
              44.0977303398951
            ],
            [
              12.5261990857423,
              44.097532588942
            ],
            [
              12.5264021130813,
              44.0973497031233
            ],
            [
              12.5265429266971,
              44.0972563968556
            ],
            [
              12.526953419951,
              44.0969814943977
            ],
            [
              12.5272100776108,
              44.0967443177779
            ],
            [
              12.5274948390643,
              44.0965848087937
            ],
            [
              12.5276312850711,
              44.0964938599585
            ],
            [
              12.5277466503132,
              44.0964182479677
            ],
            [
              12.5279444512539,
              44.0962662282329
            ],
            [
              12.5281695609792,
              44.0960255023702
            ],
            [
              12.5283266718309,
              44.0959463059831
            ],
            [
              12.5284216569941,
              44.0958558084153
            ],
            [
              12.5285451501928,
              44.095749065829
            ],
            [
              12.5288691392781,
              44.0955452341401
            ],
            [
              12.5291808430036,
              44.0953470339484
            ],
            [
              12.529408571318,
              44.0952262621752
            ],
            [
              12.5296378896505,
              44.0951599162394
            ],
            [
              12.5298287250545,
              44.0951288900034
            ],
            [
              12.5299780016985,
              44.0951119804367
            ],
            [
              12.5300975189538,
              44.0950581723696
            ],
            [
              12.5301989522241,
              44.0949600341176
            ],
            [
              12.5303720665625,
              44.0948783756645
            ],
            [
              12.5305456695845,
              44.0948031861237
            ],
            [
              12.5306872189204,
              44.0947356061649
            ],
            [
              12.5308421953749,
              44.0946902190524
            ],
            [
              12.5309442152451,
              44.094663061607
            ],
            [
              12.5311202131755,
              44.0946404899629
            ],
            [
              12.5312484243262,
              44.0945978821387
            ],
            [
              12.5314087107223,
              44.0945133573686
            ],
            [
              12.5316210859302,
              44.0943611417677
            ],
            [
              12.5318289471038,
              44.0940446808645
            ],
            [
              12.5323150066394,
              44.0936274493725
            ],
            [
              12.5325797590183,
              44.0934387100579
            ],
            [
              12.5327887323062,
              44.0932936705758
            ],
            [
              12.5330339337512,
              44.092891063275
            ],
            [
              12.5333227196572,
              44.0926187490036
            ],
            [
              12.5334323653258,
              44.0925212931805
            ],
            [
              12.5337064152678,
              44.0922666689147
            ],
            [
              12.5343298505666,
              44.0918405450899
            ],
            [
              12.5345440754056,
              44.0918194092136
            ],
            [
              12.5352596446149,
              44.0922074102843
            ],
            [
              12.5353181617708,
              44.0921927915936
            ],
            [
              12.5353768460134,
              44.0921751850282
            ],
            [
              12.5352776854807,
              44.0920771045752
            ],
            [
              12.5353020729441,
              44.0920413048919
            ],
            [
              12.5353300509736,
              44.0920088272756
            ],
            [
              12.5354921878992,
              44.0920839603666
            ],
            [
              12.5354449221422,
              44.0919975538519
            ],
            [
              12.5354436007204,
              44.0918507526851
            ],
            [
              12.5350948334046,
              44.091649064446
            ],
            [
              12.5352601746209,
              44.0913187643624
            ],
            [
              12.5354953921898,
              44.0909807200078
            ],
            [
              12.5358310845267,
              44.0907301642239
            ],
            [
              12.5359874919974,
              44.0906186230204
            ],
            [
              12.5361096916221,
              44.0905332570195
            ],
            [
              12.5363688474968,
              44.0904061536629
            ],
            [
              12.5372977243652,
              44.0898163327285
            ],
            [
              12.5377479617822,
              44.089554209065
            ],
            [
              12.5380348818873,
              44.0893900693023
            ],
            [
              12.5383493766784,
              44.0890763381911
            ],
            [
              12.538627129476,
              44.0889122390419
            ],
            [
              12.5388471313807,
              44.088786308449
            ],
            [
              12.5390462007426,
              44.0886807254802
            ],
            [
              12.5392456438037,
              44.0885460270263
            ],
            [
              12.5394535633678,
              44.0884188845566
            ],
            [
              12.5395641630472,
              44.0883524612988
            ],
            [
              12.5398120297937,
              44.0882013125409
            ],
            [
              12.5399786663806,
              44.0881501546109
            ],
            [
              12.5402615404737,
              44.088029015197
            ],
            [
              12.5404691177796,
              44.0879759033463
            ],
            [
              12.5406223443159,
              44.0878627548269
            ],
            [
              12.5408270919288,
              44.0877106008275
            ],
            [
              12.5409586663718,
              44.0875500254145
            ],
            [
              12.5410738878834,
              44.0873892650267
            ],
            [
              12.5413178676196,
              44.0872262529484
            ],
            [
              12.5413530061203,
              44.0872028377138
            ],
            [
              12.5415045680784,
              44.0871113472849
            ],
            [
              12.5417858755096,
              44.0869831086849
            ],
            [
              12.541925098209,
              44.0869239234808
            ],
            [
              12.5421241217568,
              44.0867923117637
            ],
            [
              12.5421810866239,
              44.0866932525748
            ],
            [
              12.5423697543931,
              44.0864863047271
            ],
            [
              12.5426341770903,
              44.0863322424004
            ],
            [
              12.542706971171,
              44.0862903067518
            ],
            [
              12.5434053044049,
              44.0858612807298
            ],
            [
              12.5439767416217,
              44.0855506184776
            ],
            [
              12.5444458876772,
              44.0852016697273
            ],
            [
              12.544866156398,
              44.0848387946555
            ],
            [
              12.5449157065708,
              44.0848096988135
            ],
            [
              12.5451109724658,
              44.084702565259
            ],
            [
              12.5454129429452,
              44.0845540011693
            ],
            [
              12.545755191187,
              44.084419317193
            ],
            [
              12.5459447105591,
              44.0843560693567
            ],
            [
              12.5460928948517,
              44.084377386641
            ],
            [
              12.5462505671504,
              44.0848923261665
            ],
            [
              12.5463562674183,
              44.084859188386
            ],
            [
              12.5462150010516,
              44.0842731986311
            ],
            [
              12.5463727254526,
              44.084164608361
            ],
            [
              12.5465647511244,
              44.0839174398117
            ],
            [
              12.5467567983557,
              44.083705635543
            ],
            [
              12.5473470912104,
              44.0833952297634
            ],
            [
              12.5476640033679,
              44.0831065408215
            ],
            [
              12.5480565815201,
              44.0829138129488
            ],
            [
              12.5483251185012,
              44.0827769525412
            ],
            [
              12.5486840700174,
              44.0826966614192
            ],
            [
              12.5488809573715,
              44.0826733728049
            ],
            [
              12.5490284041473,
              44.0826153164241
            ],
            [
              12.549175240967,
              44.0825293013215
            ],
            [
              12.5492601533209,
              44.082429447088
            ],
            [
              12.5493395733752,
              44.0822908703604
            ],
            [
              12.5495719774206,
              44.0821870865041
            ],
            [
              12.5497481792687,
              44.0821130604349
            ],
            [
              12.5499033030469,
              44.0820879408769
            ],
            [
              12.5500614065369,
              44.082082395175
            ],
            [
              12.5502536352279,
              44.0820823874314
            ],
            [
              12.550401048766,
              44.0821161081818
            ],
            [
              12.5504476497697,
              44.0821254759856
            ],
            [
              12.5504998409894,
              44.0821298801499
            ],
            [
              12.5504236899044,
              44.082043253888
            ],
            [
              12.5503534191914,
              44.0820065085745
            ],
            [
              12.5503429690897,
              44.0819495317728
            ],
            [
              12.5503405813676,
              44.0819096437844
            ],
            [
              12.5503364679819,
              44.0818409565964
            ],
            [
              12.5503859903069,
              44.0817594871719
            ],
            [
              12.5504375041969,
              44.081693881134
            ],
            [
              12.5504806978907,
              44.0816181637502
            ],
            [
              12.5505470663222,
              44.0815337733672
            ],
            [
              12.5506255179926,
              44.0815039847774
            ],
            [
              12.5507543768285,
              44.0814466577357
            ],
            [
              12.5508406797745,
              44.0814275786087
            ],
            [
              12.5509296875478,
              44.0814054729872
            ],
            [
              12.551122036613,
              44.0813707122422
            ],
            [
              12.5513256685183,
              44.0813640223435
            ],
            [
              12.551464957693,
              44.081377999049
            ],
            [
              12.5515267222587,
              44.0813769233223
            ],
            [
              12.5515985641252,
              44.0813744582495
            ],
            [
              12.5515565184783,
              44.0813285691592
            ],
            [
              12.5515020823687,
              44.0813079825552
            ],
            [
              12.5514181042627,
              44.0812687704172
            ],
            [
              12.5514124628427,
              44.0811917715511
            ],
            [
              12.5514089234805,
              44.0811326850927
            ],
            [
              12.5514524073301,
              44.0810617706817
            ],
            [
              12.5515104726335,
              44.0809874424894
            ],
            [
              12.5516285130584,
              44.0809027317772
            ],
            [
              12.5517477868703,
              44.080791630214
            ],
            [
              12.5518347231285,
              44.0807537374005
            ],
            [
              12.5520037968448,
              44.0807277015647
            ],
            [
              12.5522026658824,
              44.0807162956374
            ],
            [
              12.5524428834742,
              44.0807090629555
            ],
            [
              12.552898522461,
              44.0807244007832
            ],
            [
              12.5529753266212,
              44.0807301298815
            ],
            [
              12.5530068035888,
              44.0806959120944
            ],
            [
              12.5529054098443,
              44.0806143300989
            ],
            [
              12.5528429499826,
              44.0804971316885
            ],
            [
              12.5528370202034,
              44.0803981548837
            ],
            [
              12.5528399801523,
              44.0803188852992
            ],
            [
              12.5528967716446,
              44.0802475549725
            ],
            [
              12.5529495853967,
              44.080179087845
            ],
            [
              12.5530222420353,
              44.0801401156634
            ],
            [
              12.553177173574,
              44.0800814114755
            ],
            [
              12.5533192466277,
              44.0800569073369
            ],
            [
              12.5534425098578,
              44.0800534232466
            ],
            [
              12.5535809528195,
              44.0800782390768
            ],
            [
              12.553687469656,
              44.0801190465912
            ],
            [
              12.5537716947987,
              44.0801535615594
            ],
            [
              12.5538161775749,
              44.0801893219748
            ],
            [
              12.553838538439,
              44.0802285922616
            ],
            [
              12.5535706221937,
              44.0804600485593
            ],
            [
              12.5536015278327,
              44.0805217330876
            ],
            [
              12.5536599102414,
              44.0805128199779
            ],
            [
              12.5543246482802,
              44.0798264219652
            ],
            [
              12.5543295962008,
              44.0797374949741
            ],
            [
              12.5542662595834,
              44.0797254628907
            ],
            [
              12.5542180829347,
              44.0797697947658
            ],
            [
              12.5541682381146,
              44.0798074423409
            ],
            [
              12.5540694593659,
              44.0797815448334
            ],
            [
              12.5540565173376,
              44.07972043839
            ],
            [
              12.554031345645,
              44.0796516570241
            ],
            [
              12.5540338402666,
              44.079582017294
            ],
            [
              12.5540452273111,
              44.0795320819031
            ],
            [
              12.5540950757246,
              44.0794561584744
            ],
            [
              12.5541210244598,
              44.079407646572
            ],
            [
              12.5542081367879,
              44.0793588455224
            ],
            [
              12.5543022532802,
              44.0793270843564
            ],
            [
              12.5544040189272,
              44.0793180665234
            ],
            [
              12.5544854000037,
              44.0793165138608
            ],
            [
              12.5545769670772,
              44.0793322011726
            ],
            [
              12.5546519332843,
              44.0793452452121
            ],
            [
              12.5547013424216,
              44.0793631718078
            ],
            [
              12.5547523290005,
              44.0793927259306
            ],
            [
              12.5547613202382,
              44.0794305976745
            ],
            [
              12.5547777297635,
              44.0794644896575
            ],
            [
              12.5547799566871,
              44.0795016076131
            ],
            [
              12.5547657147966,
              44.0795417437399
            ],
            [
              12.5547219057568,
              44.0795635577246
            ],
            [
              12.5547356436924,
              44.0796205142378
            ],
            [
              12.5548422934796,
              44.0796254406574
            ],
            [
              12.5548610763538,
              44.0795962125407
            ],
            [
              12.5548796939381,
              44.0795556673137
            ],
            [
              12.554920010328,
              44.0794876285284
            ],
            [
              12.554954240632,
              44.0794293941374
            ],
            [
              12.5550320410238,
              44.079357405148
            ],
            [
              12.5550972811713,
              44.0792810020151
            ],
            [
              12.5551681357893,
              44.0792214348133
            ],
            [
              12.5554889412453,
              44.0793048501749
            ],
            [
              12.5555292935678,
              44.0792857077602
            ],
            [
              12.5552160851642,
              44.0790916574168
            ],
            [
              12.5552373231342,
              44.0789887727054
            ],
            [
              12.555294865618,
              44.0789126052887
            ],
            [
              12.555269117207,
              44.0788342307291
            ],
            [
              12.5552489626053,
              44.0787205245777
            ],
            [
              12.5552529816679,
              44.0786630347955
            ],
            [
              12.555346163014,
              44.0786042097547
            ],
            [
              12.5554268362181,
              44.0785667104869
            ],
            [
              12.5555346502219,
              44.0785345539489
            ],
            [
              12.5556841604279,
              44.078524487966
            ],
            [
              12.5558071011627,
              44.0785311181693
            ],
            [
              12.5559085164667,
              44.0785708761412
            ],
            [
              12.5559965495679,
              44.0785958784504
            ],
            [
              12.5560558886823,
              44.0786439812296
            ],
            [
              12.5561082604634,
              44.0785849683766
            ],
            [
              12.5561058682498,
              44.0785450781199
            ],
            [
              12.5561367343629,
              44.0784772111232
            ],
            [
              12.5562353343469,
              44.078407494506
            ],
            [
              12.5562880097585,
              44.0783734922098
            ],
            [
              12.5563541985269,
              44.0783122520173
            ],
            [
              12.5564039283627,
              44.0782431134315
            ],
            [
              12.5564490588243,
              44.0781825107018
            ],
            [
              12.5564919138532,
              44.0781012427493
            ],
            [
              12.5565108629158,
              44.0780662483847
            ],
            [
              12.5565348093064,
              44.0780207284464
            ],
            [
              12.5565896909803,
              44.0779717881492
            ],
            [
              12.5566760352488,
              44.0779379243517
            ],
            [
              12.5567565368747,
              44.0779205323149
            ],
            [
              12.5568657163177,
              44.0779164782594
            ],
            [
              12.5569355836872,
              44.0779190867428
            ],
            [
              12.5570104313167,
              44.0779277646923
            ],
            [
              12.5570744704167,
              44.0779497180212
            ],
            [
              12.5571241786929,
              44.0779727710083
            ],
            [
              12.5571822053687,
              44.0780002633067
            ],
            [
              12.5572208176546,
              44.0780120705161
            ],
            [
              12.5572380419518,
              44.0780387696692
            ],
            [
              12.5573130836174,
              44.0781431796855
            ],
            [
              12.557277099802,
              44.0781866886447
            ],
            [
              12.5571623373296,
              44.078196648849
            ],
            [
              12.5571491455696,
              44.0782425145549
            ],
            [
              12.55719831845,
              44.0782564990965
            ],
            [
              12.5572721240337,
              44.0782560105734
            ],
            [
              12.5573675233202,
              44.0782514267159
            ],
            [
              12.5582558753896,
              44.0779491720599
            ],
            [
              12.5581897099773,
              44.0778985415452
            ],
            [
              12.5580794435728,
              44.0778897312955
            ],
            [
              12.5580466766245,
              44.0778544509179
            ],
            [
              12.5580151727075,
              44.0777914264517
            ],
            [
              12.5580098106636,
              44.0777020491766
            ],
            [
              12.5580807874525,
              44.0776224836373
            ],
            [
              12.5581639058708,
              44.0775630064053
            ],
            [
              12.5582535721092,
              44.077517115004
            ],
            [
              12.5583816916316,
              44.0774795298612
            ],
            [
              12.5586522453305,
              44.0775179526672
            ],
            [
              12.5587191814973,
              44.0775276148328
            ],
            [
              12.5588269389072,
              44.0775792149782
            ],
            [
              12.5589708813551,
              44.0776720766696
            ],
            [
              12.5589951484442,
              44.0777257082408
            ],
            [
              12.5590290832023,
              44.0777667309875
            ],
            [
              12.5588494731462,
              44.0778280898428
            ],
            [
              12.5587406961484,
              44.0778386296277
            ],
            [
              12.5586558520664,
              44.0778586075875
            ],
            [
              12.5586587904557,
              44.0779012655461
            ],
            [
              12.5587241222314,
              44.0779059036397
            ],
            [
              12.5590158896458,
              44.0778490138826
            ],
            [
              12.5598466165862,
              44.077674221159
            ],
            [
              12.5597375368562,
              44.0776494327157
            ],
            [
              12.559690617849,
              44.0776144664793
            ],
            [
              12.5596873596594,
              44.0775601804238
            ],
            [
              12.5597321155235,
              44.0774918386109
            ],
            [
              12.5598628931609,
              44.0774137577399
            ],
            [
              12.559972366353,
              44.0772634206348
            ],
            [
              12.5600244389951,
              44.077207407294
            ],
            [
              12.5600947097081,
              44.0771212275083
            ],
            [
              12.5601507573953,
              44.0770203154462
            ],
            [
              12.5601752814026,
              44.0769843962942
            ],
            [
              12.5603388259883,
              44.076716215877
            ],
            [
              12.5604761990565,
              44.0765850996735
            ],
            [
              12.5606020269766,
              44.0765098029801
            ],
            [
              12.56089633303,
              44.076357197068
            ],
            [
              12.5612542739415,
              44.0762516758121
            ],
            [
              12.5615194808679,
              44.0762081480052
            ],
            [
              12.5617302633628,
              44.07616689701
            ],
            [
              12.5618533622011,
              44.0761490578607
            ],
            [
              12.5619561707921,
              44.076145138565
            ],
            [
              12.5620591383849,
              44.0761419246519
            ],
            [
              12.5621749599711,
              44.0761394864663
            ],
            [
              12.562243648751,
              44.0761514257012
            ],
            [
              12.5623142473492,
              44.0761780676112
            ],
            [
              12.5623520727109,
              44.0762167674777
            ],
            [
              12.5623630752765,
              44.0762715626662
            ],
            [
              12.5623654261676,
              44.0763107038993
            ],
            [
              12.5623334910592,
              44.0763545297878
            ],
            [
              12.5622933848751,
              44.0763794626891
            ],
            [
              12.5622681152661,
              44.0764080934996
            ],
            [
              12.5622624837276,
              44.0764426771046
            ],
            [
              12.5622643019177,
              44.0764729703331
            ],
            [
              12.562298199845,
              44.0765063632108
            ],
            [
              12.5623462489329,
              44.0765025930169
            ],
            [
              12.5623770306044,
              44.0764840531075
            ],
            [
              12.5624346808861,
              44.0764522974974
            ],
            [
              12.56246293919,
              44.0764288128168
            ],
            [
              12.5625008813326,
              44.0764147349112
            ],
            [
              12.5626017396812,
              44.0764768579845
            ],
            [
              12.5626470668738,
              44.0765305816348
            ],
            [
              12.5627130508263,
              44.0766125061386
            ],
            [
              12.5627446032524,
              44.0766762791854
            ],
            [
              12.5627925616104,
              44.0767097610077
            ],
            [
              12.5628558919397,
              44.0767096816287
            ],
            [
              12.5629086239452,
              44.0766885997186
            ],
            [
              12.5629206065727,
              44.0766156451644
            ],
            [
              12.5629024165865,
              44.0765522044125
            ],
            [
              12.5628663195835,
              44.0765237356571
            ],
            [
              12.5628298857122,
              44.076489715499
            ],
            [
              12.5627714197602,
              44.0764219790892
            ],
            [
              12.5627204143167,
              44.0763328133603
            ],
            [
              12.5631524734257,
              44.0761899623082
            ],
            [
              12.5633671878466,
              44.07611921364
            ]
          ]
        ]
      }
    },
    {
      "type": "Feature",
      "properties": {
        "nome": "Zona Nord - monte",
        "tipo": "quartiere",
        "fonte_geometria": "Comune di Rimini SIT (ArcGIS)",
        "centroid_lon": 12.488634,
        "centroid_lat": 44.088898,
        "popolazione": 13500,
        "eta_0_14": 1215,
        "eta_15_64": 8600,
        "eta_65_plus": 3685,
        "famiglie": 6400,
        "eta_media": 46.2,
        "densita_ab_kmq": 15000,
        "color": "#fd79a8",
        "fonte": "ISTAT 2023"
      },
      "geometry": {
        "type": "Polygon",
        "coordinates": [
          [
            [
              12.5498271555552,
              44.0773566009797
            ],
            [
              12.5488780809659,
              44.0764630646943
            ],
            [
              12.5481568532687,
              44.0757349056753
            ],
            [
              12.5481258784594,
              44.0755275651844
            ],
            [
              12.5479305308177,
              44.0752311746814
            ],
            [
              12.5475149530993,
              44.0750013204058
            ],
            [
              12.5472036078016,
              44.0748806038942
            ],
            [
              12.5467304094459,
              44.0748490571714
            ],
            [
              12.5461407543951,
              44.0747651179342
            ],
            [
              12.545820125009,
              44.074629945063
            ],
            [
              12.544738100656,
              44.0740222903153
            ],
            [
              12.544373399922,
              44.0737578842683
            ],
            [
              12.5425391919271,
              44.071502006721
            ],
            [
              12.5415753220851,
              44.0711463001911
            ],
            [
              12.5403938991459,
              44.0707930254113
            ],
            [
              12.5406184078984,
              44.0703845116257
            ],
            [
              12.5408020909161,
              44.0697684426584
            ],
            [
              12.5409383015643,
              44.0693437729388
            ],
            [
              12.5410325069898,
              44.0687400295265
            ],
            [
              12.5411962042891,
              44.0675026130511
            ],
            [
              12.5414097625782,
              44.0655981389774
            ],
            [
              12.5414862702944,
              44.0649441262901
            ],
            [
              12.541532409564,
              44.0645460226286
            ],
            [
              12.5415247505279,
              44.0642536618125
            ],
            [
              12.5415881275695,
              44.0641552516933
            ],
            [
              12.5416538644853,
              44.0639998789541
            ],
            [
              12.5415732478751,
              44.0637985940851
            ],
            [
              12.5417126807803,
              44.0632955987125
            ],
            [
              12.541789475059,
              44.0626344657716
            ],
            [
              12.5419556481152,
              44.0613153001482
            ],
            [
              12.5406907168889,
              44.0608829344479
            ],
            [
              12.5384004027832,
              44.0604149507569
            ],
            [
              12.5368677125168,
              44.0604944367911
            ],
            [
              12.5302684207417,
              44.0623955615264
            ],
            [
              12.5277951728132,
              44.0630982884135
            ],
            [
              12.5210246325006,
              44.065647880219
            ],
            [
              12.5175942422133,
              44.0661675501174
            ],
            [
              12.5127389091881,
              44.0664985367013
            ],
            [
              12.5084624325657,
              44.0661262172484
            ],
            [
              12.5064061816938,
              44.0652890776287
            ],
            [
              12.5026785999644,
              44.0628533569862
            ],
            [
              12.5006262298146,
              44.0565154175275
            ],
            [
              12.4990172303598,
              44.0538873482745
            ],
            [
              12.4979091171343,
              44.0530032942744
            ],
            [
              12.4957905869621,
              44.0518810060892
            ],
            [
              12.4941204059482,
              44.0515247626383
            ],
            [
              12.4918695404599,
              44.0513222964574
            ],
            [
              12.4881254746451,
              44.0516721396961
            ],
            [
              12.4821889302422,
              44.0527973041967
            ],
            [
              12.4800346641897,
              44.0529658543226
            ],
            [
              12.4720191406399,
              44.0529957515377
            ],
            [
              12.4717086083176,
              44.052951524856
            ],
            [
              12.4716237058451,
              44.0537467168801
            ],
            [
              12.4715831073842,
              44.0546347173018
            ],
            [
              12.4715809388511,
              44.0547428220437
            ],
            [
              12.4715832627927,
              44.0555213247844
            ],
            [
              12.4714991813804,
              44.0554614709126
            ],
            [
              12.470975039565,
              44.0555313501342
            ],
            [
              12.4704789206948,
              44.0556626201475
            ],
            [
              12.4707150832914,
              44.0563536496374
            ],
            [
              12.4707891916075,
              44.0572471699719
            ],
            [
              12.4705598813598,
              44.0582766975304
            ],
            [
              12.4708320089071,
              44.0583168880771
            ],
            [
              12.4711447501868,
              44.0583331664769
            ],
            [
              12.4713775953051,
              44.0583452648834
            ],
            [
              12.4713859289759,
              44.0585382954934
            ],
            [
              12.4714017240536,
              44.0589885755783
            ],
            [
              12.4710961261771,
              44.0603407192825
            ],
            [
              12.4715188661633,
              44.060500101358
            ],
            [
              12.4717207742015,
              44.0605767449925
            ],
            [
              12.47254670324,
              44.0608309208064
            ],
            [
              12.473515696174,
              44.0611915146432
            ],
            [
              12.4735435637108,
              44.0612420445478
            ],
            [
              12.473667745019,
              44.0614764012127
            ],
            [
              12.4735989044239,
              44.0618656012067
            ],
            [
              12.4735683365514,
              44.0620375932437
            ],
            [
              12.4734861002787,
              44.0628188403191
            ],
            [
              12.4733786896185,
              44.0634007196196
            ],
            [
              12.4732916464607,
              44.0638690721722
            ],
            [
              12.4729693219536,
              44.0642119958232
            ],
            [
              12.4729254320655,
              44.0642583358324
            ],
            [
              12.4726229477497,
              44.0646366578226
            ],
            [
              12.4726469875651,
              44.0655271904575
            ],
            [
              12.4725490873688,
              44.066380933378
            ],
            [
              12.4724987601533,
              44.0676127190985
            ],
            [
              12.4726328346078,
              44.0676586581989
            ],
            [
              12.4728131731977,
              44.0677218896755
            ],
            [
              12.4730693547504,
              44.0677554637006
            ],
            [
              12.4736240653367,
              44.0678200957107
            ],
            [
              12.4745288637622,
              44.0679059960057
            ],
            [
              12.4745872785102,
              44.0679112377366
            ],
            [
              12.4746345730132,
              44.067911750227
            ],
            [
              12.4754855695398,
              44.0679030559631
            ],
            [
              12.4756618755924,
              44.0678886868659
            ],
            [
              12.4758545318815,
              44.0678738175381
            ],
            [
              12.4759677052342,
              44.0678655963867
            ],
            [
              12.4759105984333,
              44.0679960541839
            ],
            [
              12.4760094140129,
              44.0680030031297
            ],
            [
              12.4770445957153,
              44.0680544676444
            ],
            [
              12.4780873915382,
              44.0680822717859
            ],
            [
              12.4787741248268,
              44.0680926745346
            ],
            [
              12.4792395823997,
              44.0681261386226
            ],
            [
              12.4795694707215,
              44.0681785021435
            ],
            [
              12.4793773103024,
              44.068337049207
            ],
            [
              12.4792961789576,
              44.068369457848
            ],
            [
              12.4790986025956,
              44.0685401187958
            ],
            [
              12.4789073018643,
              44.0687292983601
            ],
            [
              12.4786830221823,
              44.0689756086672
            ],
            [
              12.4785520541021,
              44.0690432109578
            ],
            [
              12.4784647207884,
              44.0691469003988
            ],
            [
              12.4784283911217,
              44.0693238708478
            ],
            [
              12.4782677301281,
              44.0695046314162
            ],
            [
              12.4782205991184,
              44.0696744480896
            ],
            [
              12.4780793453282,
              44.0698321662828
            ],
            [
              12.4779302815849,
              44.0699452202013
            ],
            [
              12.4777851587507,
              44.0701255064175
            ],
            [
              12.4776933733866,
              44.0703303583498
            ],
            [
              12.47766972883,
              44.0704216133326
            ],
            [
              12.4776361102788,
              44.0705537132663
            ],
            [
              12.477613818585,
              44.0707255064426
            ],
            [
              12.4775664010128,
              44.070898063299
            ],
            [
              12.4775077571944,
              44.0710631850658
            ],
            [
              12.4774639283917,
              44.0712356344438
            ],
            [
              12.4772980068637,
              44.0717177310241
            ],
            [
              12.4767313810236,
              44.0720283975004
            ],
            [
              12.4749285871142,
              44.0731484282993
            ],
            [
              12.4744445856189,
              44.0734282877962
            ],
            [
              12.4742543368147,
              44.0735391482557
            ],
            [
              12.4736566400455,
              44.0739093209861
            ],
            [
              12.4722715798112,
              44.0747710031459
            ],
            [
              12.472161864074,
              44.0748496973866
            ],
            [
              12.471667911042,
              44.0752039773232
            ],
            [
              12.4714729802186,
              44.0750315995285
            ],
            [
              12.4708813749253,
              44.0754164044795
            ],
            [
              12.4705392928718,
              44.075633889926
            ],
            [
              12.4702402949177,
              44.0758230345541
            ],
            [
              12.4700085843716,
              44.075974093611
            ],
            [
              12.4698007833852,
              44.0761019746654
            ],
            [
              12.4697405306841,
              44.0761398136659
            ],
            [
              12.4696423124842,
              44.0762041538512
            ],
            [
              12.4693160883905,
              44.0764092319167
            ],
            [
              12.4690929890947,
              44.0765489079155
            ],
            [
              12.4690559407758,
              44.0765691818854
            ],
            [
              12.4687523129047,
              44.0767549889623
            ],
            [
              12.468562669565,
              44.0768582802602
            ],
            [
              12.4678142004568,
              44.0773911930653
            ],
            [
              12.4670830454774,
              44.0778365883996
            ],
            [
              12.4664613681817,
              44.0782245747128
            ],
            [
              12.4662641502476,
              44.0783459923407
            ],
            [
              12.465657742515,
              44.0787936359345
            ],
            [
              12.4646666716862,
              44.0794537404306
            ],
            [
              12.463284344127,
              44.0803055549529
            ],
            [
              12.4620126090608,
              44.0810541953821
            ],
            [
              12.4617372583582,
              44.0812566173272
            ],
            [
              12.4597514147434,
              44.0825366880063
            ],
            [
              12.4595647394374,
              44.0826025905899
            ],
            [
              12.4589059680086,
              44.0830245969165
            ],
            [
              12.4576991721543,
              44.0837268807903
            ],
            [
              12.4562389130492,
              44.0847165689224
            ],
            [
              12.4562084601611,
              44.0846997867232
            ],
            [
              12.4560279248401,
              44.0845600441444
            ],
            [
              12.4559849709965,
              44.0844452191231
            ],
            [
              12.4554364677689,
              44.0845863157538
            ],
            [
              12.45450139522,
              44.08483441973
            ],
            [
              12.4533046083945,
              44.0848544740504
            ],
            [
              12.4528299368017,
              44.0850658334886
            ],
            [
              12.4527449903118,
              44.0851030685949
            ],
            [
              12.45243907533,
              44.0855007674917
            ],
            [
              12.4523190729845,
              44.0857639041082
            ],
            [
              12.4522701372594,
              44.0858704943692
            ],
            [
              12.4520826319101,
              44.0862767848201
            ],
            [
              12.4520826067573,
              44.0868124499479
            ],
            [
              12.4520829517104,
              44.0870330074603
            ],
            [
              12.4520799136081,
              44.0871996798922
            ],
            [
              12.45208587393,
              44.0874785547558
            ],
            [
              12.4515551869894,
              44.0881247924277
            ],
            [
              12.4515956462114,
              44.0886052138335
            ],
            [
              12.4518461746661,
              44.0894754072731
            ],
            [
              12.4521199955377,
              44.0898899375117
            ],
            [
              12.4528835051387,
              44.0898032568012
            ],
            [
              12.4536389254106,
              44.0894257041239
            ],
            [
              12.4543797642288,
              44.0890845783335
            ],
            [
              12.4555500803978,
              44.0889908054321
            ],
            [
              12.4566007778019,
              44.0892986725874
            ],
            [
              12.4572939448246,
              44.0896735264899
            ],
            [
              12.4574114031412,
              44.0901081640127
            ],
            [
              12.457104495521,
              44.0908961958745
            ],
            [
              12.4565237823006,
              44.0917015303848
            ],
            [
              12.4556868650695,
              44.0923975806817
            ],
            [
              12.4545235557597,
              44.0931905544272
            ],
            [
              12.4533818365594,
              44.0937818101222
            ],
            [
              12.4527019637046,
              44.0941759409571
            ],
            [
              12.4526047650926,
              44.0942313872602
            ],
            [
              12.4517865022767,
              44.0948653402111
            ],
            [
              12.4514702665506,
              44.0953340424689
            ],
            [
              12.4513960701997,
              44.0954843033323
            ],
            [
              12.4513718076022,
              44.095587379998
            ],
            [
              12.4514636594417,
              44.0957573631053
            ],
            [
              12.4515578127649,
              44.0958738016195
            ],
            [
              12.4517661949614,
              44.095985644518
            ],
            [
              12.4520110927758,
              44.0960554255797
            ],
            [
              12.4521683680191,
              44.0960875196921
            ],
            [
              12.4525579368151,
              44.0960211792386
            ],
            [
              12.4527854306693,
              44.095919063955
            ],
            [
              12.4530976931469,
              44.0956902106816
            ],
            [
              12.4533650686063,
              44.0954675009627
            ],
            [
              12.453669615454,
              44.0953027885846
            ],
            [
              12.4541533420648,
              44.0950062958576
            ],
            [
              12.4545284425948,
              44.0947833196922
            ],
            [
              12.4554640460481,
              44.0947551809996
            ],
            [
              12.455931079266,
              44.0949589728313
            ],
            [
              12.4559636225338,
              44.0952160506465
            ],
            [
              12.4548548427584,
              44.0963389559803
            ],
            [
              12.4544356690839,
              44.0969368205954
            ],
            [
              12.4540432193907,
              44.098006520091
            ],
            [
              12.4541158616562,
              44.0988775906176
            ],
            [
              12.453744202572,
              44.0997350926857
            ],
            [
              12.4535363108557,
              44.1004751067455
            ],
            [
              12.4536428609299,
              44.1008364879668
            ],
            [
              12.4536636964546,
              44.1009258864133
            ],
            [
              12.453939234905,
              44.1014937203435
            ],
            [
              12.4544195497144,
              44.1021048731116
            ],
            [
              12.4548695203318,
              44.1025368854123
            ],
            [
              12.4550878001661,
              44.1031199500961
            ],
            [
              12.4548847036567,
              44.1035672346335
            ],
            [
              12.4546881064585,
              44.1040323226662
            ],
            [
              12.4540023586217,
              44.1045090715639
            ],
            [
              12.4528900529588,
              44.1049736903314
            ],
            [
              12.4521914169927,
              44.1053862193718
            ],
            [
              12.4526036484867,
              44.1055532825804
            ],
            [
              12.4535281236102,
              44.1056745189772
            ],
            [
              12.4537568715125,
              44.1057128273588
            ],
            [
              12.4542681063339,
              44.1058713015857
            ],
            [
              12.454414146348,
              44.1062642914009
            ],
            [
              12.454229764441,
              44.1073141805204
            ],
            [
              12.453518877251,
              44.1079920168954
            ],
            [
              12.4523900937908,
              44.1083815534057
            ],
            [
              12.4521990418928,
              44.1087215416742
            ],
            [
              12.4522602638761,
              44.1093768907067
            ],
            [
              12.4523957406007,
              44.1095866080607
            ],
            [
              12.4525340209673,
              44.1093776085934
            ],
            [
              12.4524955595985,
              44.1090726852816
            ],
            [
              12.4525898467707,
              44.108682358675
            ],
            [
              12.4526401497316,
              44.1086662482808
            ],
            [
              12.4528664623012,
              44.1085948173316
            ],
            [
              12.4534233701666,
              44.1086979524127
            ],
            [
              12.4542802102341,
              44.108841822767
            ],
            [
              12.4551003217828,
              44.1086339945837
            ],
            [
              12.455906592988,
              44.1085019448423
            ],
            [
              12.4567905388208,
              44.1085378358267
            ],
            [
              12.4580566944508,
              44.1087102108059
            ],
            [
              12.4593949982729,
              44.1086834513204
            ],
            [
              12.4603587675036,
              44.1086050059093
            ],
            [
              12.4604753239117,
              44.1088064705486
            ],
            [
              12.4606160225431,
              44.1090517651912
            ],
            [
              12.4608696771349,
              44.1095438136368
            ],
            [
              12.4612337903707,
              44.1095326725561
            ],
            [
              12.4617073022384,
              44.1095183658136
            ],
            [
              12.4629923431507,
              44.1095021685722
            ],
            [
              12.4642869663921,
              44.109646507818
            ],
            [
              12.4643964234145,
              44.1097692373731
            ],
            [
              12.4646564847909,
              44.110058966838
            ],
            [
              12.465096701501,
              44.1101122233292
            ],
            [
              12.4652791673015,
              44.1101383191148
            ],
            [
              12.4656890604808,
              44.1101408055636
            ],
            [
              12.4660714418562,
              44.1101426799137
            ],
            [
              12.4662427164449,
              44.1101442775617
            ],
            [
              12.4675983487688,
              44.1102486786384
            ],
            [
              12.4677559420157,
              44.1102731431798
            ],
            [
              12.4684282878867,
              44.1103755071485
            ],
            [
              12.4686527921476,
              44.1097889916999
            ],
            [
              12.4695413319648,
              44.1097262586121
            ],
            [
              12.4721766665132,
              44.109740126061
            ],
            [
              12.4745184801358,
              44.1095838384339
            ],
            [
              12.4764769583722,
              44.1096181614141
            ],
            [
              12.4766522654982,
              44.1097750842727
            ],
            [
              12.4767910713792,
              44.1099104638625
            ],
            [
              12.4780751825352,
              44.1108391181325
            ],
            [
              12.4794488727929,
              44.1120486116899
            ],
            [
              12.4800264059773,
              44.1125577345486
            ],
            [
              12.4801121941886,
              44.1126315644967
            ],
            [
              12.4802903606522,
              44.1127950818534
            ],
            [
              12.480418110967,
              44.1126613077409
            ],
            [
              12.4807507723881,
              44.1123014912643
            ],
            [
              12.4817382481591,
              44.1110650090562
            ],
            [
              12.4819970716571,
              44.1107420857813
            ],
            [
              12.4827535968568,
              44.1097916484425
            ],
            [
              12.4828527843389,
              44.1096761506547
            ],
            [
              12.483430841241,
              44.1090193117528
            ],
            [
              12.4837370877012,
              44.108667799528
            ],
            [
              12.4843431405992,
              44.1077030867983
            ],
            [
              12.4846071779191,
              44.1076291023387
            ],
            [
              12.4846404236694,
              44.1079875140343
            ],
            [
              12.4846640403783,
              44.1080806169574
            ],
            [
              12.4847593651046,
              44.1084581111645
            ],
            [
              12.4850342980906,
              44.1085848777259
            ],
            [
              12.4852862404935,
              44.1087009536391
            ],
            [
              12.4860657221402,
              44.1088178278438
            ],
            [
              12.4866924704258,
              44.1091303519103
            ],
            [
              12.4873127715025,
              44.1091692643559
            ],
            [
              12.4879172523488,
              44.1087787597198
            ],
            [
              12.4883531607387,
              44.1085544880647
            ],
            [
              12.4892294169927,
              44.1084193982045
            ],
            [
              12.4895731582345,
              44.1086170353434
            ],
            [
              12.4900505580108,
              44.1088155187165
            ],
            [
              12.4900061327267,
              44.1090310637503
            ],
            [
              12.4905090051312,
              44.1091663153986
            ],
            [
              12.4903977137489,
              44.1093887413183
            ],
            [
              12.490362172803,
              44.1094615232293
            ],
            [
              12.4906660611856,
              44.1095746575138
            ],
            [
              12.490645548156,
              44.1096227725109
            ],
            [
              12.4906028736885,
              44.1097094177198
            ],
            [
              12.4906854585075,
              44.1097061353255
            ],
            [
              12.4910256217595,
              44.1096922549687
            ],
            [
              12.4914736861518,
              44.1097176801421
            ],
            [
              12.4919160309708,
              44.1096035070378
            ],
            [
              12.4922600228425,
              44.1097619147191
            ],
            [
              12.4927773599197,
              44.1098996079391
            ],
            [
              12.4934071795452,
              44.1101589621186
            ],
            [
              12.4939204454575,
              44.1102157079284
            ],
            [
              12.4949114749638,
              44.1103879174116
            ],
            [
              12.4957299659518,
              44.1105609029594
            ],
            [
              12.496926945915,
              44.1106232559084
            ],
            [
              12.4975055984002,
              44.1107945786384
            ],
            [
              12.4981497892736,
              44.1111380533457
            ],
            [
              12.4985501162935,
              44.110920106333
            ],
            [
              12.4988365944275,
              44.1112219196885
            ],
            [
              12.4991935939045,
              44.111614090928
            ],
            [
              12.499297623306,
              44.1117252100574
            ],
            [
              12.4996997496514,
              44.1122395302929
            ],
            [
              12.4997912215035,
              44.1125355876745
            ],
            [
              12.4999084947672,
              44.1129173379172
            ],
            [
              12.5002621749693,
              44.1134376413656
            ],
            [
              12.5003551937203,
              44.1134889096357
            ],
            [
              12.5006234198844,
              44.1136483955871
            ],
            [
              12.5020645161278,
              44.1124457746561
            ],
            [
              12.5016341251903,
              44.1120582404814
            ],
            [
              12.5019965100675,
              44.1113909542307
            ],
            [
              12.5017887423187,
              44.1112063524159
            ],
            [
              12.5024517555923,
              44.1107437053427
            ],
            [
              12.5022430410192,
              44.1105815903198
            ],
            [
              12.5040516533167,
              44.1095452984261
            ],
            [
              12.5028978742337,
              44.1087285245375
            ],
            [
              12.5023932824538,
              44.1091014576501
            ],
            [
              12.5019675420946,
              44.1088336563284
            ],
            [
              12.5022169000444,
              44.1086814176067
            ],
            [
              12.5015163479718,
              44.1082564608639
            ],
            [
              12.5020323609322,
              44.1078716244202
            ],
            [
              12.5026680321834,
              44.1083536785444
            ],
            [
              12.5029800386412,
              44.1081399319223
            ],
            [
              12.5034853104458,
              44.1085290998016
            ],
            [
              12.5040734715983,
              44.108136828755
            ],
            [
              12.5035129704717,
              44.1077239493142
            ],
            [
              12.5037931945347,
              44.107523009258
            ],
            [
              12.5052765026133,
              44.1085727489538
            ],
            [
              12.5063447962171,
              44.1078308425021
            ],
            [
              12.5071336068681,
              44.1068262423466
            ],
            [
              12.5080322796818,
              44.1058825523682
            ],
            [
              12.5094123443848,
              44.104557733175
            ],
            [
              12.5086924964998,
              44.1041459034021
            ],
            [
              12.5088526688099,
              44.1036047251489
            ],
            [
              12.5089966705466,
              44.103076698151
            ],
            [
              12.5093100397486,
              44.1027549304247
            ],
            [
              12.5108550683754,
              44.103598877639
            ],
            [
              12.5122250881169,
              44.1022873081489
            ],
            [
              12.511519905229,
              44.1018983236643
            ],
            [
              12.510352606501,
              44.1014317383657
            ],
            [
              12.5101581796325,
              44.1013014594332
            ],
            [
              12.5097787150868,
              44.1011844710231
            ],
            [
              12.5068085200415,
              44.10322295604
            ],
            [
              12.5055627732364,
              44.102632800417
            ],
            [
              12.5084555146396,
              44.0998175701674
            ],
            [
              12.508885626201,
              44.0999952978438
            ],
            [
              12.5107196410582,
              44.1007240123731
            ],
            [
              12.5113288129068,
              44.1009443573791
            ],
            [
              12.5120056099301,
              44.1012652034497
            ],
            [
              12.5124002308513,
              44.1014628612832
            ],
            [
              12.51344812641,
              44.1020213557235
            ],
            [
              12.5142819372668,
              44.1024716468902
            ],
            [
              12.5147772943656,
              44.1020547928827
            ],
            [
              12.5152781311876,
              44.1016560628487
            ],
            [
              12.5156988760156,
              44.1013051028994
            ],
            [
              12.5161364534753,
              44.100999521236
            ],
            [
              12.5172075677892,
              44.100109025678
            ],
            [
              12.5174462025495,
              44.0999296559072
            ],
            [
              12.5179209100748,
              44.0995573539054
            ],
            [
              12.5193491684945,
              44.0984900403809
            ],
            [
              12.5199353219123,
              44.0980661335352
            ],
            [
              12.5213294856737,
              44.0970655782379
            ],
            [
              12.5218180568989,
              44.0967340729642
            ],
            [
              12.5210540765806,
              44.0960332718773
            ],
            [
              12.5208585169366,
              44.0959299940574
            ],
            [
              12.5207013755422,
              44.0959535916397
            ],
            [
              12.5205604011281,
              44.0959640346491
            ],
            [
              12.5203766462451,
              44.0958024932743
            ],
            [
              12.5210896426794,
              44.095331820556
            ],
            [
              12.5210326140319,
              44.0952765649603
            ],
            [
              12.5227050650885,
              44.0943405500216
            ],
            [
              12.5224419494401,
              44.0940602545922
            ],
            [
              12.5229403401496,
              44.0937919773817
            ],
            [
              12.5232295437722,
              44.0940458305553
            ],
            [
              12.5241754518001,
              44.0935306726448
            ],
            [
              12.5245197014883,
              44.0932140324543
            ],
            [
              12.5254420547911,
              44.0927388654346
            ],
            [
              12.5264881564142,
              44.0919917858429
            ],
            [
              12.5274474205937,
              44.0914543817144
            ],
            [
              12.5280136017678,
              44.0910570099607
            ],
            [
              12.5283817726938,
              44.0908399063891
            ],
            [
              12.5294971586798,
              44.0914267240455
            ],
            [
              12.5297380913306,
              44.0912653831917
            ],
            [
              12.5302203276363,
              44.090933705393
            ],
            [
              12.5307091728476,
              44.0905931651147
            ],
            [
              12.5312332661541,
              44.0902308779983
            ],
            [
              12.5314642688277,
              44.0900828226706
            ],
            [
              12.5315867577099,
              44.0899909398904
            ],
            [
              12.5320715308581,
              44.0896728135257
            ],
            [
              12.532765080563,
              44.089215150015
            ],
            [
              12.5331668538705,
              44.0889402385652
            ],
            [
              12.5335947043723,
              44.0886388811833
            ],
            [
              12.5340924959056,
              44.0883075241756
            ],
            [
              12.5345793001446,
              44.0879399140622
            ],
            [
              12.5349818019857,
              44.0876470074361
            ],
            [
              12.5352164652941,
              44.0874855188354
            ],
            [
              12.5354893114937,
              44.0873068489294
            ],
            [
              12.5356365615384,
              44.0872199973153
            ],
            [
              12.5358842594016,
              44.0870452845413
            ],
            [
              12.5365392462281,
              44.0865372505183
            ],
            [
              12.5371896085275,
              44.086065123212
            ],
            [
              12.5376267781521,
              44.0857639518573
            ],
            [
              12.5380569552905,
              44.0854806327325
            ],
            [
              12.5384568654921,
              44.0851741530287
            ],
            [
              12.5401426439542,
              44.0840536090695
            ],
            [
              12.5404833973994,
              44.0838178711992
            ],
            [
              12.5414066939332,
              44.0831625376079
            ],
            [
              12.5416699578037,
              44.0829881477551
            ],
            [
              12.5420808202652,
              44.0827179018665
            ],
            [
              12.5430833751565,
              44.0820327503435
            ],
            [
              12.5435208564965,
              44.0817225597066
            ],
            [
              12.543996139842,
              44.0814041765661
            ],
            [
              12.5444301204473,
              44.0811029111431
            ],
            [
              12.5448909139673,
              44.0807572046714
            ],
            [
              12.5454627437479,
              44.0803688690702
            ],
            [
              12.5474071040612,
              44.0790287020283
            ],
            [
              12.5498271555552,
              44.0773566009797
            ]
          ]
        ]
      }
    },
    {
      "type": "Feature",
      "properties": {
        "nome": "Zona Sud - Mare",
        "tipo": "quartiere",
        "fonte_geometria": "Comune di Rimini SIT (ArcGIS)",
        "centroid_lon": 12.614056,
        "centroid_lat": 44.02903,
        "popolazione": 19800,
        "eta_0_14": 1782,
        "eta_15_64": 12609,
        "eta_65_plus": 5409,
        "famiglie": 9400,
        "eta_media": 46.2,
        "densita_ab_kmq": 22000,
        "color": "#55efc4",
        "fonte": "ISTAT 2023"
      },
      "geometry": {
        "type": "Polygon",
        "coordinates": [
          [
            [
              12.603926249587,
              44.0430081956337
            ],
            [
              12.6047214787007,
              44.0434184997185
            ],
            [
              12.6050661326308,
              44.0434471096662
            ],
            [
              12.6063349625455,
              44.0440794914283
            ],
            [
              12.6090978560676,
              44.0452400167117
            ],
            [
              12.610059216915,
              44.0458343860347
            ],
            [
              12.610232033911,
              44.0458509448688
            ],
            [
              12.6102262568454,
              44.0457607942455
            ],
            [
              12.6091586917752,
              44.0451008227802
            ],
            [
              12.6092178557182,
              44.045002078638
            ],
            [
              12.609532959567,
              44.0448171746639
            ],
            [
              12.6098287370608,
              44.0446258046417
            ],
            [
              12.6098555176361,
              44.0445926727241
            ],
            [
              12.6103671010039,
              44.0440340570603
            ],
            [
              12.6106339177112,
              44.0437851769914
            ],
            [
              12.611327828539,
              44.0431408339278
            ],
            [
              12.6121405110203,
              44.0423845805192
            ],
            [
              12.61253993703,
              44.0420155544295
            ],
            [
              12.6130039312472,
              44.0415501511776
            ],
            [
              12.613027864163,
              44.0415071816031
            ],
            [
              12.6130509760187,
              44.0414718039876
            ],
            [
              12.6131302658172,
              44.0414204642406
            ],
            [
              12.6132171194305,
              44.0413757562315
            ],
            [
              12.6132861190274,
              44.0413018089102
            ],
            [
              12.6134138585625,
              44.0412143576809
            ],
            [
              12.6134816283659,
              44.0411475889127
            ],
            [
              12.6135078376126,
              44.0411283876635
            ],
            [
              12.6135895330995,
              44.0410689144426
            ],
            [
              12.6136460640803,
              44.0409827705081
            ],
            [
              12.6137603064283,
              44.0408461676502
            ],
            [
              12.6138336538712,
              44.0407002269259
            ],
            [
              12.6139232724989,
              44.0406271750642
            ],
            [
              12.6140380214967,
              44.0405747219549
            ],
            [
              12.6142705531029,
              44.0404749351265
            ],
            [
              12.6144686406062,
              44.0403826233784
            ],
            [
              12.6146447184867,
              44.0401907159686
            ],
            [
              12.6148397436332,
              44.0400245336445
            ],
            [
              12.6160096627469,
              44.0405931084449
            ],
            [
              12.6160890351904,
              44.0405430626697
            ],
            [
              12.6150267827568,
              44.0399218238301
            ],
            [
              12.6150459114825,
              44.0398854734001
            ],
            [
              12.6151330345903,
              44.0398364628261
            ],
            [
              12.6151708249177,
              44.0397926673727
            ],
            [
              12.6152778861333,
              44.0396817114271
            ],
            [
              12.6154915477286,
              44.0394750906025
            ],
            [
              12.6155417527733,
              44.039418335682
            ],
            [
              12.6156945238637,
              44.0392518573679
            ],
            [
              12.6162665575619,
              44.0389356874144
            ],
            [
              12.6166288490143,
              44.0384599889198
            ],
            [
              12.6170508020763,
              44.0381719997306
            ],
            [
              12.6175894992943,
              44.0375827107654
            ],
            [
              12.6177224885839,
              44.0373692011173
            ],
            [
              12.6179398377636,
              44.0372829465402
            ],
            [
              12.6180975415033,
              44.0371847931799
            ],
            [
              12.6182337799992,
              44.0370518838811
            ],
            [
              12.6183472506944,
              44.0368858354734
            ],
            [
              12.6184864617156,
              44.0366202438481
            ],
            [
              12.618722370089,
              44.0365113569048
            ],
            [
              12.6187827395711,
              44.0364614478197
            ],
            [
              12.6188720267204,
              44.0363889267438
            ],
            [
              12.619058285208,
              44.0363157307199
            ],
            [
              12.6192269537841,
              44.0362022948512
            ],
            [
              12.6194593317784,
              44.0359357308126
            ],
            [
              12.6195948309609,
              44.0357940241544
            ],
            [
              12.6197431050851,
              44.0357479214827
            ],
            [
              12.6200129104874,
              44.0356860262582
            ],
            [
              12.6203165904608,
              44.0354036162862
            ],
            [
              12.6205379919407,
              44.0349658367732
            ],
            [
              12.6208425325001,
              44.0348273736594
            ],
            [
              12.6212039418069,
              44.0344927613663
            ],
            [
              12.6218024578396,
              44.034062538356
            ],
            [
              12.6223039531268,
              44.033730330677
            ],
            [
              12.6223536084025,
              44.0336983461129
            ],
            [
              12.6229046242179,
              44.0333151228705
            ],
            [
              12.6239301903536,
              44.033842739249
            ],
            [
              12.6239995932942,
              44.0337929170403
            ],
            [
              12.6230215004263,
              44.0331957008511
            ],
            [
              12.6230789324174,
              44.033157191151
            ],
            [
              12.6231973267786,
              44.0330749946739
            ],
            [
              12.6233911490809,
              44.0328813430895
            ],
            [
              12.623603262879,
              44.0326647972089
            ],
            [
              12.6239258245414,
              44.0324157628168
            ],
            [
              12.62433118572,
              44.0319911003117
            ],
            [
              12.6246020538294,
              44.0318183150989
            ],
            [
              12.6247045875359,
              44.0317529159197
            ],
            [
              12.6249937067168,
              44.0315179585316
            ],
            [
              12.6252232505264,
              44.0313394535614
            ],
            [
              12.6253082634916,
              44.0312159502855
            ],
            [
              12.6254283188378,
              44.0310122831498
            ],
            [
              12.6256313219223,
              44.0307959855539
            ],
            [
              12.625847921907,
              44.03066876616
            ],
            [
              12.6260410569981,
              44.0304580546639
            ],
            [
              12.6262585957223,
              44.0303203631586
            ],
            [
              12.6265541423491,
              44.0301732526816
            ],
            [
              12.6267953076635,
              44.0299543007372
            ],
            [
              12.6270265187463,
              44.0296503662866
            ],
            [
              12.6276836049356,
              44.0291808317679
            ],
            [
              12.6279087038812,
              44.0290040713797
            ],
            [
              12.6282472636404,
              44.0286838784519
            ],
            [
              12.6290011019791,
              44.027926221725
            ],
            [
              12.6292134619156,
              44.0277095834618
            ],
            [
              12.6293630772245,
              44.0276126336911
            ],
            [
              12.629481871336,
              44.0275711576495
            ],
            [
              12.629661475104,
              44.0275206384158
            ],
            [
              12.629790761538,
              44.0274502843561
            ],
            [
              12.629899029191,
              44.0273585400824
            ],
            [
              12.6299810615461,
              44.0272897902376
            ],
            [
              12.6302112260916,
              44.0270998834021
            ],
            [
              12.6304677139698,
              44.026753360313
            ],
            [
              12.630821836143,
              44.0265448290357
            ],
            [
              12.6321426344951,
              44.0255151813751
            ],
            [
              12.6321497213044,
              44.0254531088168
            ],
            [
              12.6321443242262,
              44.0253648733062
            ],
            [
              12.6321388840288,
              44.0252758903364
            ],
            [
              12.6321638356342,
              44.0251787602491
            ],
            [
              12.63222161168,
              44.025086390438
            ],
            [
              12.6322535701445,
              44.0250738989772
            ],
            [
              12.6313861757708,
              44.0244345883235
            ],
            [
              12.6310041447383,
              44.0241467583414
            ],
            [
              12.6305777369308,
              44.0237257778474
            ],
            [
              12.628415956471,
              44.0221513324893
            ],
            [
              12.6274928746345,
              44.0214777693062
            ],
            [
              12.6267968994782,
              44.0209699082332
            ],
            [
              12.6256688418568,
              44.0200856291229
            ],
            [
              12.6254535543108,
              44.0198929925634
            ],
            [
              12.625404385922,
              44.0198464776622
            ],
            [
              12.6246521016688,
              44.0203765110149
            ],
            [
              12.6245961375249,
              44.0197852189149
            ],
            [
              12.6247397278332,
              44.0193080107776
            ],
            [
              12.6247088455504,
              44.0189848682227
            ],
            [
              12.6247056520395,
              44.0189219768201
            ],
            [
              12.6244271482503,
              44.0186832463734
            ],
            [
              12.6241138949309,
              44.0184051080862
            ],
            [
              12.6240754209856,
              44.0183742127955
            ],
            [
              12.6233652290917,
              44.017813581208
            ],
            [
              12.62280025166,
              44.017288572186
            ],
            [
              12.622023287991,
              44.0167534671716
            ],
            [
              12.6212853552228,
              44.0161586982491
            ],
            [
              12.6207684798796,
              44.0156799550444
            ],
            [
              12.6201139197529,
              44.0150920407107
            ],
            [
              12.6192935620658,
              44.0145082777894
            ],
            [
              12.618645543471,
              44.0138837328579
            ],
            [
              12.618334245784,
              44.013227400873
            ],
            [
              12.6183752709447,
              44.0125373846011
            ],
            [
              12.6183766426721,
              44.0124395791867
            ],
            [
              12.6180329283798,
              44.0123957873914
            ],
            [
              12.6183324123225,
              44.0111163133432
            ],
            [
              12.61861846735,
              44.0092391745216
            ],
            [
              12.6185196760249,
              44.0085896023261
            ],
            [
              12.6184332095856,
              44.0084797729134
            ],
            [
              12.6184147159688,
              44.008453391288
            ],
            [
              12.618334049053,
              44.0083462099993
            ],
            [
              12.6169741030191,
              44.0078837786902
            ],
            [
              12.6168118232613,
              44.0080424471127
            ],
            [
              12.6167010708682,
              44.0082382015036
            ],
            [
              12.6165208688222,
              44.0084550149419
            ],
            [
              12.6164246134412,
              44.0086780805382
            ],
            [
              12.6163129582413,
              44.0088963234735
            ],
            [
              12.6162531915288,
              44.0091426590872
            ],
            [
              12.616106177741,
              44.0093871723454
            ],
            [
              12.6159247081721,
              44.0096354687389
            ],
            [
              12.6157600775233,
              44.0098526052817
            ],
            [
              12.6155298321294,
              44.0100728732459
            ],
            [
              12.6152824594564,
              44.0101757439785
            ],
            [
              12.6150057289415,
              44.0102329862675
            ],
            [
              12.61479610707,
              44.0103276417974
            ],
            [
              12.6146187769379,
              44.0104724879121
            ],
            [
              12.6144731968613,
              44.0106810169297
            ],
            [
              12.6142751848165,
              44.0108749458483
            ],
            [
              12.6140262320069,
              44.0110948210797
            ],
            [
              12.6137285033722,
              44.0112866657124
            ],
            [
              12.6134999162684,
              44.0115429770295
            ],
            [
              12.6133919872803,
              44.0115902368999
            ],
            [
              12.6129602165306,
              44.0117027546503
            ],
            [
              12.6125101084709,
              44.0118058829203
            ],
            [
              12.6121622403687,
              44.0118481271798
            ],
            [
              12.6117308271485,
              44.0119516434813
            ],
            [
              12.611418906929,
              44.0120306486271
            ],
            [
              12.6110877474911,
              44.012122753866
            ],
            [
              12.610810101593,
              44.0122024746194
            ],
            [
              12.610669381402,
              44.012289560351
            ],
            [
              12.6107613724804,
              44.0125615749224
            ],
            [
              12.6109622016419,
              44.0130744451419
            ],
            [
              12.6110525685663,
              44.0133869400864
            ],
            [
              12.6109703295986,
              44.013803858668
            ],
            [
              12.6110989485844,
              44.0140181192794
            ],
            [
              12.6112543068229,
              44.0141879238706
            ],
            [
              12.6114089410192,
              44.0143757194723
            ],
            [
              12.6114851765458,
              44.0146519062556
            ],
            [
              12.6119154435158,
              44.0150435322704
            ],
            [
              12.6099863464774,
              44.0163266161581
            ],
            [
              12.6091410578462,
              44.0165610071301
            ],
            [
              12.6085843143725,
              44.0168329439682
            ],
            [
              12.60802941514,
              44.0171364279787
            ],
            [
              12.6070314263852,
              44.0177547325265
            ],
            [
              12.6057106963051,
              44.0185643291079
            ],
            [
              12.604549374967,
              44.0192872230213
            ],
            [
              12.6028541597027,
              44.020332011281
            ],
            [
              12.6013159510855,
              44.0212720352198
            ],
            [
              12.6011618639632,
              44.0219215163079
            ],
            [
              12.6013029219207,
              44.0229868301598
            ],
            [
              12.5978379060708,
              44.0252142593363
            ],
            [
              12.5962036486851,
              44.0262872377817
            ],
            [
              12.5957596285082,
              44.0269306073174
            ],
            [
              12.5953478587482,
              44.0275476438891
            ],
            [
              12.5951314141721,
              44.0278086742027
            ],
            [
              12.5948692812806,
              44.0279652076151
            ],
            [
              12.5936482183829,
              44.0286147070914
            ],
            [
              12.5923640838708,
              44.0293573952833
            ],
            [
              12.5910681778351,
              44.0300818155339
            ],
            [
              12.5909814859186,
              44.0302195321361
            ],
            [
              12.5910077355896,
              44.0303416269227
            ],
            [
              12.5914102841431,
              44.030723740431
            ],
            [
              12.5925979620516,
              44.0318246385894
            ],
            [
              12.5929326617501,
              44.0321107856796
            ],
            [
              12.5930944061119,
              44.0321997228676
            ],
            [
              12.5932460489184,
              44.0322299282977
            ],
            [
              12.5933619279968,
              44.032218866301
            ],
            [
              12.5934787161702,
              44.0321853153971
            ],
            [
              12.5935839475176,
              44.0321290133351
            ],
            [
              12.5941254995816,
              44.031852328637
            ],
            [
              12.5949370663553,
              44.0313787614241
            ],
            [
              12.5942083161659,
              44.0322727108476
            ],
            [
              12.592734064902,
              44.0333940239894
            ],
            [
              12.5922900546065,
              44.033726776048
            ],
            [
              12.5921176544288,
              44.034285827953
            ],
            [
              12.5940542353318,
              44.0352314409802
            ],
            [
              12.5961194163558,
              44.036161723774
            ],
            [
              12.5978943597965,
              44.0370183421713
            ],
            [
              12.5998900732014,
              44.0358088918515
            ],
            [
              12.6010680933223,
              44.0350683917881
            ],
            [
              12.6022455394197,
              44.034341371711
            ],
            [
              12.6032920704374,
              44.0336881168612
            ],
            [
              12.60561895406,
              44.0322289304705
            ],
            [
              12.6058392883413,
              44.0321030071326
            ],
            [
              12.6058902479708,
              44.0320770667949
            ],
            [
              12.6080822899776,
              44.030709532818
            ],
            [
              12.6098158462365,
              44.0296474663261
            ],
            [
              12.6100890553554,
              44.0296801932441
            ],
            [
              12.6102814035224,
              44.0297067249564
            ],
            [
              12.6106854333978,
              44.0298997391082
            ],
            [
              12.6108099776255,
              44.029983371877
            ],
            [
              12.6109721495854,
              44.0301398155838
            ],
            [
              12.6111126389093,
              44.0302147779258
            ],
            [
              12.6114192797298,
              44.0303472336626
            ],
            [
              12.6115396243335,
              44.0304577872769
            ],
            [
              12.611717428776,
              44.0306910806127
            ],
            [
              12.6121098146888,
              44.0310188921948
            ],
            [
              12.6124269433402,
              44.0312010807902
            ],
            [
              12.6125706010222,
              44.0313526334722
            ],
            [
              12.6126724277546,
              44.0314582967635
            ],
            [
              12.6128318508697,
              44.0316056759535
            ],
            [
              12.612998052672,
              44.0317396928261
            ],
            [
              12.6132005320387,
              44.0318249524712
            ],
            [
              12.6133670482514,
              44.0318734478277
            ],
            [
              12.6135035274959,
              44.0319708310959
            ],
            [
              12.613529233686,
              44.0320298871912
            ],
            [
              12.6135872414972,
              44.0321391343541
            ],
            [
              12.6136221194864,
              44.0322028849155
            ],
            [
              12.6137614014746,
              44.0323858539224
            ],
            [
              12.6138436251709,
              44.0325136140735
            ],
            [
              12.613904618982,
              44.032703951129
            ],
            [
              12.614028546067,
              44.0329586230946
            ],
            [
              12.614090214513,
              44.0330544429535
            ],
            [
              12.6142920722455,
              44.0333107434905
            ],
            [
              12.613972458854,
              44.0335786568471
            ],
            [
              12.6135633939214,
              44.0338987174164
            ],
            [
              12.6131534189954,
              44.0342412656824
            ],
            [
              12.6127021952281,
              44.0346009558282
            ],
            [
              12.6120634786881,
              44.0351232780226
            ],
            [
              12.611866095464,
              44.035299210316
            ],
            [
              12.6114300801745,
              44.0356682162411
            ],
            [
              12.6109621630144,
              44.0360545589856
            ],
            [
              12.6105715863086,
              44.0363794974539
            ],
            [
              12.6100910073946,
              44.0367700726111
            ],
            [
              12.6096755257959,
              44.0371710120451
            ],
            [
              12.6091986362627,
              44.0376246828667
            ],
            [
              12.608722865132,
              44.0381278898443
            ],
            [
              12.6082272556066,
              44.0385811639382
            ],
            [
              12.6078236748888,
              44.0389958498749
            ],
            [
              12.6075597534516,
              44.039273914157
            ],
            [
              12.6074226624544,
              44.0394240933177
            ],
            [
              12.6072144509378,
              44.0396358016341
            ],
            [
              12.6069756445993,
              44.0399098895572
            ],
            [
              12.6065494982016,
              44.0403421035951
            ],
            [
              12.6062230710886,
              44.0406998820951
            ],
            [
              12.6057301744753,
              44.0411622047173
            ],
            [
              12.6055052749558,
              44.041400569552
            ],
            [
              12.6050890037379,
              44.0418194801939
            ],
            [
              12.6049198186306,
              44.0419914904208
            ],
            [
              12.6045281172341,
              44.0424199175542
            ],
            [
              12.6040218177568,
              44.0429044584752
            ],
            [
              12.603926249587,
              44.0430081956337
            ]
          ]
        ]
      }
    },
    {
      "type": "Feature",
      "properties": {
        "nome": "San Giuliano Celle",
        "tipo": "quartiere",
        "fonte_geometria": "Comune di Rimini SIT (ArcGIS)",
        "centroid_lon": 12.56114,
        "centroid_lat": 44.073077,
        "popolazione": 11000,
        "eta_0_14": 990,
        "eta_15_64": 7007,
        "eta_65_plus": 3003,
        "famiglie": 5300,
        "eta_media": 46.2,
        "densita_ab_kmq": 12222,
        "color": "#ffeaa7",
        "fonte": "ISTAT 2023"
      },
      "geometry": {
        "type": "Polygon",
        "coordinates": [
          [
            [
              12.5744441402402,
              44.0787918231879
            ],
            [
              12.574395671639,
              44.0781746297869
            ],
            [
              12.574499394715,
              44.0781762644379
            ],
            [
              12.5740386793485,
              44.0758388725174
            ],
            [
              12.5738058944173,
              44.0750416706232
            ],
            [
              12.5733131936368,
              44.0734241818014
            ],
            [
              12.5727628659308,
              44.0722241006596
            ],
            [
              12.5722136449493,
              44.0711500816984
            ],
            [
              12.5720535013853,
              44.0708675864985
            ],
            [
              12.5718970310324,
              44.0705716657607
            ],
            [
              12.571465774119,
              44.0698197539614
            ],
            [
              12.5710330547484,
              44.0691038217565
            ],
            [
              12.5698320988417,
              44.0676333027218
            ],
            [
              12.5692121004972,
              44.0669178791603
            ],
            [
              12.5689905166593,
              44.0666880900616
            ],
            [
              12.5679896308377,
              44.0657896949087
            ],
            [
              12.5667405737408,
              44.0649150000091
            ],
            [
              12.5654081727485,
              44.0641454156427
            ],
            [
              12.5639884204762,
              44.06345420404
            ],
            [
              12.5638829834147,
              44.0635857721388
            ],
            [
              12.5597639949363,
              44.063479820799
            ],
            [
              12.5596264062724,
              44.0634858840005
            ],
            [
              12.5589681882059,
              44.0634763163676
            ],
            [
              12.5583288697946,
              44.0634626485023
            ],
            [
              12.5566862769414,
              44.0634050089871
            ],
            [
              12.556094110201,
              44.063383332993
            ],
            [
              12.5553944267993,
              44.0633953664628
            ],
            [
              12.5548703137299,
              44.0633886454842
            ],
            [
              12.5548081260577,
              44.0633828133629
            ],
            [
              12.5545067331951,
              44.0633493498208
            ],
            [
              12.5538543856189,
              44.0633488824762
            ],
            [
              12.5530927031912,
              44.0633505698226
            ],
            [
              12.5515486204903,
              44.0633264757512
            ],
            [
              12.5495530876468,
              44.0644090358221
            ],
            [
              12.5487722746968,
              44.0641176890479
            ],
            [
              12.5480081766993,
              44.0637996869144
            ],
            [
              12.547472595737,
              44.0636171299241
            ],
            [
              12.5461861561479,
              44.0630988338663
            ],
            [
              12.5435404110236,
              44.0619390942321
            ],
            [
              12.5429421635871,
              44.0616876453408
            ],
            [
              12.5419556481152,
              44.0613153001482
            ],
            [
              12.541789475059,
              44.0626344657716
            ],
            [
              12.5417126807803,
              44.0632955987125
            ],
            [
              12.5415732478751,
              44.0637985940851
            ],
            [
              12.5416538644853,
              44.0639998789541
            ],
            [
              12.5415881275695,
              44.0641552516933
            ],
            [
              12.5415247505279,
              44.0642536618125
            ],
            [
              12.541532409564,
              44.0645460226286
            ],
            [
              12.5414862702944,
              44.0649441262901
            ],
            [
              12.5414097625782,
              44.0655981389774
            ],
            [
              12.5411962042891,
              44.0675026130511
            ],
            [
              12.5410325069898,
              44.0687400295265
            ],
            [
              12.5409383015643,
              44.0693437729388
            ],
            [
              12.5408020909161,
              44.0697684426584
            ],
            [
              12.5406184078984,
              44.0703845116257
            ],
            [
              12.5403938991459,
              44.0707930254113
            ],
            [
              12.5415753220851,
              44.0711463001911
            ],
            [
              12.5425391919271,
              44.071502006721
            ],
            [
              12.544373399922,
              44.0737578842683
            ],
            [
              12.544738100656,
              44.0740222903153
            ],
            [
              12.545820125009,
              44.074629945063
            ],
            [
              12.5461407543951,
              44.0747651179342
            ],
            [
              12.5467304094459,
              44.0748490571714
            ],
            [
              12.5472036078016,
              44.0748806038942
            ],
            [
              12.5475149530993,
              44.0750013204058
            ],
            [
              12.5479305308177,
              44.0752311746814
            ],
            [
              12.5481258784594,
              44.0755275651844
            ],
            [
              12.5481568532687,
              44.0757349056753
            ],
            [
              12.5488780809659,
              44.0764630646943
            ],
            [
              12.5498271555552,
              44.0773566009797
            ],
            [
              12.5503324839536,
              44.0769893177704
            ],
            [
              12.5508045737883,
              44.0766708381696
            ],
            [
              12.5512788501223,
              44.0763749115997
            ],
            [
              12.5516817490188,
              44.0760684486143
            ],
            [
              12.5521022477084,
              44.0757893708816
            ],
            [
              12.5525678957241,
              44.0754752475331
            ],
            [
              12.5530405155647,
              44.0751432662848
            ],
            [
              12.5543363012261,
              44.0742302214446
            ],
            [
              12.555984782536,
              44.0730906362206
            ],
            [
              12.5569765477625,
              44.0724321381447
            ],
            [
              12.5579062519793,
              44.0718398261314
            ],
            [
              12.5582473934966,
              44.0716670635524
            ],
            [
              12.5588681886468,
              44.0713742370643
            ],
            [
              12.559173349942,
              44.0712412160149
            ],
            [
              12.5594445710893,
              44.0710984643292
            ],
            [
              12.5633671878466,
              44.07611921364
            ],
            [
              12.5639838624245,
              44.075916005487
            ],
            [
              12.5650050645445,
              44.0771182169346
            ],
            [
              12.5650471820566,
              44.0771215559931
            ],
            [
              12.5651156839869,
              44.0770761818234
            ],
            [
              12.5650762200982,
              44.0769904800545
            ],
            [
              12.5646524524393,
              44.0764727554281
            ],
            [
              12.5646111532924,
              44.0764316982256
            ],
            [
              12.5648413528722,
              44.076326322309
            ],
            [
              12.5650986079117,
              44.0762361064303
            ],
            [
              12.5655840997121,
              44.0761666272479
            ],
            [
              12.5658051131197,
              44.0761825877383
            ],
            [
              12.566021133691,
              44.076214424809
            ],
            [
              12.5662488503273,
              44.0762759091836
            ],
            [
              12.5663908003119,
              44.0762957689243
            ],
            [
              12.5665235416665,
              44.0763273497254
            ],
            [
              12.5666865778057,
              44.0763022451358
            ],
            [
              12.5668507368391,
              44.0762299412766
            ],
            [
              12.567009643423,
              44.0762021061131
            ],
            [
              12.5672110519978,
              44.0761557935245
            ],
            [
              12.5673775295829,
              44.0761220048406
            ],
            [
              12.5675218906457,
              44.0761160623259
            ],
            [
              12.5676268498035,
              44.0761142101301
            ],
            [
              12.5678655914633,
              44.0760953112763
            ],
            [
              12.5680675938246,
              44.0760918527673
            ],
            [
              12.5683739516759,
              44.0761094273344
            ],
            [
              12.5686543221642,
              44.0761563962944
            ],
            [
              12.568883242543,
              44.0762378469744
            ],
            [
              12.5690894481216,
              44.0763371566465
            ],
            [
              12.569285589874,
              44.07643392343
            ],
            [
              12.5694320098754,
              44.0764950848964
            ],
            [
              12.5695718847516,
              44.076612190558
            ],
            [
              12.5697361021755,
              44.0767714094337
            ],
            [
              12.5698294263537,
              44.0769714349849
            ],
            [
              12.5699251508304,
              44.0772442730421
            ],
            [
              12.5699900792625,
              44.0774994950353
            ],
            [
              12.5700186124508,
              44.0777758652192
            ],
            [
              12.5700510326495,
              44.0779191990327
            ],
            [
              12.5699446820013,
              44.0780297155006
            ],
            [
              12.5698268131545,
              44.0780476954131
            ],
            [
              12.569721589892,
              44.0780781407661
            ],
            [
              12.5696680682674,
              44.0781441296293
            ],
            [
              12.5695439201968,
              44.0781565886055
            ],
            [
              12.5693553323777,
              44.0781524835842
            ],
            [
              12.5691372295115,
              44.078185031407
            ],
            [
              12.5690596186642,
              44.0782460555418
            ],
            [
              12.569047736648,
              44.0783121694137
            ],
            [
              12.5692339133889,
              44.0783420764171
            ],
            [
              12.5694601891275,
              44.078313559477
            ],
            [
              12.5695783157907,
              44.0782998608347
            ],
            [
              12.5697757601003,
              44.0783522798884
            ],
            [
              12.5699705391084,
              44.0783933493105
            ],
            [
              12.570091419108,
              44.0783924251843
            ],
            [
              12.5703123552606,
              44.0784069511302
            ],
            [
              12.570543269001,
              44.0784554625625
            ],
            [
              12.5708296752697,
              44.0785036680646
            ],
            [
              12.5710745272701,
              44.078553171947
            ],
            [
              12.5713672998993,
              44.0786083224887
            ],
            [
              12.5715557969886,
              44.0786767404524
            ],
            [
              12.5716739227535,
              44.0786959101682
            ],
            [
              12.5719476852347,
              44.0787316456513
            ],
            [
              12.5723180633213,
              44.0787915089097
            ],
            [
              12.5724739560574,
              44.0788452246504
            ],
            [
              12.5727205319248,
              44.0788903845034
            ],
            [
              12.5728880416741,
              44.07890657787
            ],
            [
              12.5731352203111,
              44.0789617216289
            ],
            [
              12.5733157205977,
              44.0789960856189
            ],
            [
              12.5734865002147,
              44.0790336130092
            ],
            [
              12.5736109061018,
              44.079058300846
            ],
            [
              12.574386944506,
              44.0792040663857
            ],
            [
              12.5744769377312,
              44.0792169684807
            ],
            [
              12.5745217645622,
              44.0791383878183
            ],
            [
              12.5745981653788,
              44.0791231321819
            ],
            [
              12.5746156322212,
              44.0790511253959
            ],
            [
              12.5744441402402,
              44.0787918231879
            ]
          ]
        ]
      }
    }
  ]
}