{
  "type": "FeatureCollection",
  "features": [
    {
      "type": "Feature",
      "properties": {
        "id": 1163053741,
        "tipo": "attrazione",
        "name": "Faro di Rimini",
        "stars": "",
        "rooms": "",
        "website": ""
      },
      "geometry": {
        "type": "Point",
        "coordinates": [
          12.5739504,
          44.0740766
        ]
      }
    },
    {
      "type": "Feature",
      "properties": {
        "id": 1340907174,
        "tipo": "hotel",
        "name": "Hotel Murano",
        "stars": "3",
        "rooms": "",
        "website": "https://www.mantovanihotelrimini.it/"
      },
      "geometry": {
        "type": "Point",
        "coordinates": [
          12.614316,
          44.0354911
        ]
      }
    },
    {
      "type": "Feature",
      "properties": {
        "id": 1340907175,
        "tipo": "hotel",
        "name": "Hotel Mariù",
        "stars": "3",
        "rooms": "",
        "website": "https://www.mantovanihotelrimini.it/"
      },
      "geometry": {
        "type": "Point",
        "coordinates": [
          12.6142664,
          44.0358069
        ]
      }
    },
    {
      "type": "Feature",
      "properties": {
        "id": 1340972272,
        "tipo": "hotel",
        "name": "Hotel Merano",
        "stars": "3",
        "rooms": "",
        "website": "https://www.hotelmerano.com"
      },
      "geometry": {
        "type": "Point",
        "coordinates": [
          12.6151367,
          44.0363817
        ]
      }
    },
    {
      "type": "Feature",
      "properties": {
        "id": 1340972275,
        "tipo": "hotel",
        "name": "Hotel Telstar",
        "stars": "3",
        "rooms": "",
        "website": "https://www.hoteltelstar.com/"
      },
      "geometry": {
        "type": "Point",
        "coordinates": [
          12.6151206,
          44.0359807
        ]
      }
    },
    {
      "type": "Feature",
      "properties": {
        "id": 1340972278,
        "tipo": "hotel",
        "name": "Hotel Fabius",
        "stars": "3",
        "rooms": "",
        "website": "https://www.hotelfabius.com"
      },
      "geometry": {
        "type": "Point",
        "coordinates": [
          12.6148041,
          44.0357957
        ]
      }
    },
    {
      "type": "Feature",
      "properties": {
        "id": 1340989655,
        "tipo": "hotel",
        "name": "Hotel Gemini",
        "stars": "3",
        "rooms": "",
        "website": "www.geminihotel.it"
      },
      "geometry": {
        "type": "Point",
        "coordinates": [
          12.6146432,
          44.036031
        ]
      }
    },
    {
      "type": "Feature",
      "properties": {
        "id": 1412365154,
        "tipo": "hotel",
        "name": "BaiaImperiale",
        "stars": "3",
        "rooms": "",
        "website": ""
      },
      "geometry": {
        "type": "Point",
        "coordinates": [
          12.5646519,
          44.0749585
        ]
      }
    },
    {
      "type": "Feature",
      "properties": {
        "id": 1412365169,
        "tipo": "hotel",
        "name": "Hotel Belvedere",
        "stars": "3",
        "rooms": "",
        "website": ""
      },
      "geometry": {
        "type": "Point",
        "coordinates": [
          12.5657458,
          44.0744033
        ]
      }
    },
    {
      "type": "Feature",
      "properties": {
        "id": 1412365172,
        "tipo": "hotel",
        "name": "Hotel Corona",
        "stars": "",
        "rooms": "",
        "website": ""
      },
      "geometry": {
        "type": "Point",
        "coordinates": [
          12.5668985,
          44.0744346
        ]
      }
    },
    {
      "type": "Feature",
      "properties": {
        "id": 1412365182,
        "tipo": "hotel",
        "name": "Hotel Paloma",
        "stars": "3",
        "rooms": "",
        "website": ""
      },
      "geometry": {
        "type": "Point",
        "coordinates": [
          12.5650689,
          44.0748897
        ]
      }
    },
    {
      "type": "Feature",
      "properties": {
        "id": 1412365186,
        "tipo": "hotel",
        "name": "Hotel Record",
        "stars": "3",
        "rooms": "",
        "website": ""
      },
      "geometry": {
        "type": "Point",
        "coordinates": [
          12.5666946,
          44.0744054
        ]
      }
    },
    {
      "type": "Feature",
      "properties": {
        "id": 1412365190,
        "tipo": "hotel",
        "name": "Hotel Ricchi",
        "stars": "3",
        "rooms": "",
        "website": ""
      },
      "geometry": {
        "type": "Point",
        "coordinates": [
          12.5632261,
          44.0741785
        ]
      }
    },
    {
      "type": "Feature",
      "properties": {
        "id": 1412365197,
        "tipo": "hotel",
        "name": "Hotel River",
        "stars": "",
        "rooms": "",
        "website": ""
      },
      "geometry": {
        "type": "Point",
        "coordinates": [
          12.5654066,
          44.0744738
        ]
      }
    },
    {
      "type": "Feature",
      "properties": {
        "id": 1412365198,
        "tipo": "motel",
        "name": "Hotel Savini",
        "stars": "2",
        "rooms": "",
        "website": ""
      },
      "geometry": {
        "type": "Point",
        "coordinates": [
          12.5632654,
          44.0740083
        ]
      }
    },
    {
      "type": "Feature",
      "properties": {
        "id": 1412365211,
        "tipo": "hotel",
        "name": "Hotel Villa Maris",
        "stars": "2",
        "rooms": "",
        "website": ""
      },
      "geometry": {
        "type": "Point",
        "coordinates": [
          12.5636181,
          44.0744496
        ]
      }
    },
    {
      "type": "Feature",
      "properties": {
        "id": 1412365225,
        "tipo": "hotel",
        "name": "Hotel Villa Dina",
        "stars": "",
        "rooms": "",
        "website": ""
      },
      "geometry": {
        "type": "Point",
        "coordinates": [
          12.5655558,
          44.072051
        ]
      }
    },
    {
      "type": "Feature",
      "properties": {
        "id": 1412365228,
        "tipo": "hotel",
        "name": "Villa Maris",
        "stars": "",
        "rooms": "",
        "website": ""
      },
      "geometry": {
        "type": "Point",
        "coordinates": [
          12.5632677,
          44.0745515
        ]
      }
    },
    {
      "type": "Feature",
      "properties": {
        "id": 1719415100,
        "tipo": "hotel",
        "name": "Hotel St. Pierre",
        "stars": "3",
        "rooms": "",
        "website": "https://www.hotel-stpierre.com/"
      },
      "geometry": {
        "type": "Point",
        "coordinates": [
          12.5859939,
          44.0624012
        ]
      }
    },
    {
      "type": "Feature",
      "properties": {
        "id": 1818039007,
        "tipo": "hotel",
        "name": "Blue Moon Rimini",
        "stars": "",
        "rooms": "",
        "website": ""
      },
      "geometry": {
        "type": "Point",
        "coordinates": [
          12.6231395,
          44.0301019
        ]
      }
    },
    {
      "type": "Feature",
      "properties": {
        "id": 2534804899,
        "tipo": "attrazione",
        "name": "Ruota panoramica",
        "stars": "",
        "rooms": "",
        "website": "https://www.ruotapanoramicarimini.it/"
      },
      "geometry": {
        "type": "Point",
        "coordinates": [
          12.5751451,
          44.0773553
        ]
      }
    },
    {
      "type": "Feature",
      "properties": {
        "id": 2718096087,
        "tipo": "hotel",
        "name": "Calypso",
        "stars": "",
        "rooms": "",
        "website": ""
      },
      "geometry": {
        "type": "Point",
        "coordinates": [
          12.5781695,
          44.067167
        ]
      }
    },
    {
      "type": "Feature",
      "properties": {
        "id": 2718096116,
        "tipo": "hotel",
        "name": "Hotel Italia",
        "stars": "",
        "rooms": "",
        "website": ""
      },
      "geometry": {
        "type": "Point",
        "coordinates": [
          12.5828991,
          44.0643998
        ]
      }
    },
    {
      "type": "Feature",
      "properties": {
        "id": 2718098280,
        "tipo": "hotel",
        "name": "Sole Blu",
        "stars": "",
        "rooms": "",
        "website": "https://www.hotelsoleblu.com/"
      },
      "geometry": {
        "type": "Point",
        "coordinates": [
          12.5903993,
          44.0585052
        ]
      }
    },
    {
      "type": "Feature",
      "properties": {
        "id": 2718098810,
        "tipo": "hotel",
        "name": "Adriatica",
        "stars": "",
        "rooms": "",
        "website": "https://adriatica.ciminohotels.it/"
      },
      "geometry": {
        "type": "Point",
        "coordinates": [
          12.543118,
          44.0850079
        ]
      }
    },
    {
      "type": "Feature",
      "properties": {
        "id": 2718098935,
        "tipo": "hotel",
        "name": "Residence Perla",
        "stars": "",
        "rooms": "",
        "website": ""
      },
      "geometry": {
        "type": "Point",
        "coordinates": [
          12.622233,
          44.0304262
        ]
      }
    },
    {
      "type": "Feature",
      "properties": {
        "id": 2718099071,
        "tipo": "hotel",
        "name": "",
        "stars": "",
        "rooms": "",
        "website": ""
      },
      "geometry": {
        "type": "Point",
        "coordinates": [
          12.5297847,
          44.0931062
        ]
      }
    },
    {
      "type": "Feature",
      "properties": {
        "id": 2718099077,
        "tipo": "hotel",
        "name": "Hotel Augustus",
        "stars": "",
        "rooms": "",
        "website": "https://www.augustusrimini.com/en/"
      },
      "geometry": {
        "type": "Point",
        "coordinates": [
          12.5876067,
          44.0608532
        ]
      }
    },
    {
      "type": "Feature",
      "properties": {
        "id": 2718099079,
        "tipo": "bed_and_breakfast",
        "name": "Residence Doral",
        "stars": "",
        "rooms": "",
        "website": "https://www.residencedoral.it/"
      },
      "geometry": {
        "type": "Point",
        "coordinates": [
          12.5395721,
          44.0870613
        ]
      }
    },
    {
      "type": "Feature",
      "properties": {
        "id": 2718100358,
        "tipo": "hotel",
        "name": "Savina",
        "stars": "",
        "rooms": "",
        "website": ""
      },
      "geometry": {
        "type": "Point",
        "coordinates": [
          12.592945,
          44.051866
        ]
      }
    },
    {
      "type": "Feature",
      "properties": {
        "id": 2718100914,
        "tipo": "hotel",
        "name": "Abc",
        "stars": "",
        "rooms": "",
        "website": ""
      },
      "geometry": {
        "type": "Point",
        "coordinates": [
          12.6115891,
          44.0382301
        ]
      }
    },
    {
      "type": "Feature",
      "properties": {
        "id": 2718101039,
        "tipo": "hotel",
        "name": "Abamar",
        "stars": "",
        "rooms": "",
        "website": ""
      },
      "geometry": {
        "type": "Point",
        "coordinates": [
          12.5875558,
          44.0594041
        ]
      }
    },
    {
      "type": "Feature",
      "properties": {
        "id": 2718101149,
        "tipo": "hotel",
        "name": "Mini Hotel",
        "stars": "",
        "rooms": "",
        "website": "https://www.minihotelrimini.it/"
      },
      "geometry": {
        "type": "Point",
        "coordinates": [
          12.6215593,
          44.0298366
        ]
      }
    },
    {
      "type": "Feature",
      "properties": {
        "id": 2718101226,
        "tipo": "hotel",
        "name": "Feeling Hotel",
        "stars": "",
        "rooms": "",
        "website": ""
      },
      "geometry": {
        "type": "Point",
        "coordinates": [
          12.6023269,
          44.0457549
        ]
      }
    },
    {
      "type": "Feature",
      "properties": {
        "id": 2718101290,
        "tipo": "hotel",
        "name": "Alfieri",
        "stars": "",
        "rooms": "",
        "website": "https://www.hotelalfieririmini.com/"
      },
      "geometry": {
        "type": "Point",
        "coordinates": [
          12.587715,
          44.0607812
        ]
      }
    },
    {
      "type": "Feature",
      "properties": {
        "id": 2718103915,
        "tipo": "hotel",
        "name": "Crown",
        "stars": "",
        "rooms": "",
        "website": "https://www.hotelcrown.it/"
      },
      "geometry": {
        "type": "Point",
        "coordinates": [
          12.5494735,
          44.080513
        ]
      }
    },
    {
      "type": "Feature",
      "properties": {
        "id": 2718108858,
        "tipo": "hotel",
        "name": "Apogeo",
        "stars": "",
        "rooms": "",
        "website": "https://www.hotelapogeo.com/"
      },
      "geometry": {
        "type": "Point",
        "coordinates": [
          12.5920694,
          44.0557042
        ]
      }
    },
    {
      "type": "Feature",
      "properties": {
        "id": 2718108899,
        "tipo": "hotel",
        "name": "Austria",
        "stars": "",
        "rooms": "",
        "website": "https://www.hotel-austria-rimini.com/"
      },
      "geometry": {
        "type": "Point",
        "coordinates": [
          12.6116211,
          44.038463
        ]
      }
    },
    {
      "type": "Feature",
      "properties": {
        "id": 2718108935,
        "tipo": "bed_and_breakfast",
        "name": "Residence Delfina",
        "stars": "",
        "rooms": "",
        "website": "https://www.residencedelfina.it/"
      },
      "geometry": {
        "type": "Point",
        "coordinates": [
          12.5804611,
          44.0648251
        ]
      }
    },
    {
      "type": "Feature",
      "properties": {
        "id": 2718108946,
        "tipo": "hotel",
        "name": "Erika",
        "stars": "",
        "rooms": "",
        "website": ""
      },
      "geometry": {
        "type": "Point",
        "coordinates": [
          12.5876606,
          44.0595143
        ]
      }
    },
    {
      "type": "Feature",
      "properties": {
        "id": 2718109030,
        "tipo": "hotel",
        "name": "Vienna Ostenda",
        "stars": "",
        "rooms": "",
        "website": ""
      },
      "geometry": {
        "type": "Point",
        "coordinates": [
          12.5866242,
          44.0623595
        ]
      }
    },
    {
      "type": "Feature",
      "properties": {
        "id": 2718109073,
        "tipo": "hotel",
        "name": "Delizia",
        "stars": "",
        "rooms": "",
        "website": ""
      },
      "geometry": {
        "type": "Point",
        "coordinates": [
          12.5815522,
          44.0628035
        ]
      }
    },
    {
      "type": "Feature",
      "properties": {
        "id": 2718109118,
        "tipo": "hotel",
        "name": "Tritone",
        "stars": "",
        "rooms": "",
        "website": "https://hoteltritonerimini.it/"
      },
      "geometry": {
        "type": "Point",
        "coordinates": [
          12.549178,
          44.080686
        ]
      }
    },
    {
      "type": "Feature",
      "properties": {
        "id": 2718111609,
        "tipo": "bed_and_breakfast",
        "name": "La Bici Verde",
        "stars": "",
        "rooms": "",
        "website": "https://www.labiciverde.it/"
      },
      "geometry": {
        "type": "Point",
        "coordinates": [
          12.4481357,
          44.0177181
        ]
      }
    },
    {
      "type": "Feature",
      "properties": {
        "id": 2718113297,
        "tipo": "hotel",
        "name": "Valparaiso",
        "stars": "",
        "rooms": "",
        "website": "https://www.hotelvalparaiso.it/"
      },
      "geometry": {
        "type": "Point",
        "coordinates": [
          12.6114283,
          44.0381056
        ]
      }
    },
    {
      "type": "Feature",
      "properties": {
        "id": 2718113335,
        "tipo": "hotel",
        "name": "L'Hotel & One",
        "stars": "",
        "rooms": "",
        "website": "https://www.lhotelrimini.it/en/"
      },
      "geometry": {
        "type": "Point",
        "coordinates": [
          12.5985746,
          44.0497086
        ]
      }
    },
    {
      "type": "Feature",
      "properties": {
        "id": 2718113454,
        "tipo": "hotel",
        "name": "New Primula",
        "stars": "",
        "rooms": "",
        "website": "https://www.hotelnewprimula.it/"
      },
      "geometry": {
        "type": "Point",
        "coordinates": [
          12.5796763,
          44.0661186
        ]
      }
    },
    {
      "type": "Feature",
      "properties": {
        "id": 2718113465,
        "tipo": "hotel",
        "name": "Donau",
        "stars": "",
        "rooms": "",
        "website": "https://www.hotelsandiamo.com/hotel-donau/"
      },
      "geometry": {
        "type": "Point",
        "coordinates": [
          12.5875915,
          44.0607105
        ]
      }
    },
    {
      "type": "Feature",
      "properties": {
        "id": 2718113602,
        "tipo": "hotel",
        "name": "Hotel Bonaria",
        "stars": "",
        "rooms": "",
        "website": ""
      },
      "geometry": {
        "type": "Point",
        "coordinates": [
          12.5239659,
          44.0980231
        ]
      }
    },
    {
      "type": "Feature",
      "properties": {
        "id": 2718113896,
        "tipo": "hotel",
        "name": "Villa Elisa",
        "stars": "",
        "rooms": "",
        "website": ""
      },
      "geometry": {
        "type": "Point",
        "coordinates": [
          12.5895324,
          44.0585819
        ]
      }
    },
    {
      "type": "Feature",
      "properties": {
        "id": 2718115507,
        "tipo": "hotel",
        "name": "Senyor",
        "stars": "",
        "rooms": "",
        "website": "https://riminihotelsenyor.it/"
      },
      "geometry": {
        "type": "Point",
        "coordinates": [
          12.6100632,
          44.0397813
        ]
      }
    },
    {
      "type": "Feature",
      "properties": {
        "id": 2718115595,
        "tipo": "hotel",
        "name": "Fra i Pini",
        "stars": "",
        "rooms": "",
        "website": "https://www.hotelfraipini.it/"
      },
      "geometry": {
        "type": "Point",
        "coordinates": [
          12.5301962,
          44.0917039
        ]
      }
    },
    {
      "type": "Feature",
      "properties": {
        "id": 2718116004,
        "tipo": "hotel",
        "name": "Cristallo",
        "stars": "",
        "rooms": "",
        "website": "https://www.hotelcristallorimini.com/"
      },
      "geometry": {
        "type": "Point",
        "coordinates": [
          12.5947433,
          44.0544823
        ]
      }
    },
    {
      "type": "Feature",
      "properties": {
        "id": 2718117717,
        "tipo": "hotel",
        "name": "Brennero",
        "stars": "",
        "rooms": "",
        "website": "https://www.hotelsandiamo.com/hotel-brennero/"
      },
      "geometry": {
        "type": "Point",
        "coordinates": [
          12.5984244,
          44.0495331
        ]
      }
    },
    {
      "type": "Feature",
      "properties": {
        "id": 2718117769,
        "tipo": "hotel",
        "name": "Sovrana",
        "stars": "",
        "rooms": "",
        "website": "https://www.sovranahotel.it/"
      },
      "geometry": {
        "type": "Point",
        "coordinates": [
          12.5830503,
          44.0643469
        ]
      }
    },
    {
      "type": "Feature",
      "properties": {
        "id": 2718117833,
        "tipo": "hotel",
        "name": "Blue Sky",
        "stars": "",
        "rooms": "",
        "website": "https://www.blueskyrimini.it/"
      },
      "geometry": {
        "type": "Point",
        "coordinates": [
          12.61333,
          44.0349456
        ]
      }
    },
    {
      "type": "Feature",
      "properties": {
        "id": 2718117838,
        "tipo": "hotel",
        "name": "Silvana",
        "stars": "",
        "rooms": "",
        "website": "https://hotelsilvanabeach.it/"
      },
      "geometry": {
        "type": "Point",
        "coordinates": [
          12.5875543,
          44.0605157
        ]
      }
    },
    {
      "type": "Feature",
      "properties": {
        "id": 2718117839,
        "tipo": "hotel",
        "name": "Parioli",
        "stars": "",
        "rooms": "",
        "website": "https://www.hotelpariolirimini.it/"
      },
      "geometry": {
        "type": "Point",
        "coordinates": [
          12.5777139,
          44.0679329
        ]
      }
    },
    {
      "type": "Feature",
      "properties": {
        "id": 2718117949,
        "tipo": "hotel",
        "name": "Hotel Sacramora",
        "stars": "",
        "rooms": "",
        "website": "http://hotelsacramora.it"
      },
      "geometry": {
        "type": "Point",
        "coordinates": [
          12.5465041,
          44.0824991
        ]
      }
    },
    {
      "type": "Feature",
      "properties": {
        "id": 2718117981,
        "tipo": "hotel",
        "name": "Lime Hotel",
        "stars": "",
        "rooms": "",
        "website": "https://www.limehotel.it/"
      },
      "geometry": {
        "type": "Point",
        "coordinates": [
          12.5954466,
          44.0537093
        ]
      }
    },
    {
      "type": "Feature",
      "properties": {
        "id": 2718117991,
        "tipo": "hotel",
        "name": "Genty",
        "stars": "",
        "rooms": "",
        "website": ""
      },
      "geometry": {
        "type": "Point",
        "coordinates": [
          12.595684,
          44.0535096
        ]
      }
    },
    {
      "type": "Feature",
      "properties": {
        "id": 2718118060,
        "tipo": "hotel",
        "name": "Admiral Art",
        "stars": "",
        "rooms": "",
        "website": "https://www.admiralarthotel.com/"
      },
      "geometry": {
        "type": "Point",
        "coordinates": [
          12.5899177,
          44.0588232
        ]
      }
    },
    {
      "type": "Feature",
      "properties": {
        "id": 2718118873,
        "tipo": "bed_and_breakfast",
        "name": "The 6 Apartments",
        "stars": "",
        "rooms": "",
        "website": ""
      },
      "geometry": {
        "type": "Point",
        "coordinates": [
          12.5694515,
          44.0606774
        ]
      }
    },
    {
      "type": "Feature",
      "properties": {
        "id": 2718120407,
        "tipo": "bed_and_breakfast",
        "name": "Appartamento Alessia Rimini",
        "stars": "",
        "rooms": "",
        "website": ""
      },
      "geometry": {
        "type": "Point",
        "coordinates": [
          12.5092728,
          44.1076434
        ]
      }
    },
    {
      "type": "Feature",
      "properties": {
        "id": 2718120420,
        "tipo": "hotel",
        "name": "Palma",
        "stars": "",
        "rooms": "",
        "website": "https://www.hotelpalmarimini.it/"
      },
      "geometry": {
        "type": "Point",
        "coordinates": [
          12.6114636,
          44.0383538
        ]
      }
    },
    {
      "type": "Feature",
      "properties": {
        "id": 2718120869,
        "tipo": "hotel",
        "name": "Hotel Baden Baden",
        "stars": "",
        "rooms": "",
        "website": "https://www.badenbadenhotel.it/"
      },
      "geometry": {
        "type": "Point",
        "coordinates": [
          12.6134804,
          44.0352186
        ]
      }
    },
    {
      "type": "Feature",
      "properties": {
        "id": 2718121134,
        "tipo": "hotel",
        "name": "Gaby",
        "stars": "",
        "rooms": "",
        "website": "https://www.hotelgaby.com/"
      },
      "geometry": {
        "type": "Point",
        "coordinates": [
          12.6135978,
          44.0377715
        ]
      }
    },
    {
      "type": "Feature",
      "properties": {
        "id": 2718121863,
        "tipo": "hotel",
        "name": "Hotel Costazzurra",
        "stars": "",
        "rooms": "",
        "website": ""
      },
      "geometry": {
        "type": "Point",
        "coordinates": [
          12.5448257,
          44.0835392
        ]
      }
    },
    {
      "type": "Feature",
      "properties": {
        "id": 2718121957,
        "tipo": "hotel",
        "name": "Hotel Ariminum",
        "stars": "4",
        "rooms": "",
        "website": ""
      },
      "geometry": {
        "type": "Point",
        "coordinates": [
          12.5964061,
          44.0527783
        ]
      }
    },
    {
      "type": "Feature",
      "properties": {
        "id": 2718125892,
        "tipo": "hotel",
        "name": "Bing",
        "stars": "",
        "rooms": "",
        "website": "https://www.hotelbing.it/"
      },
      "geometry": {
        "type": "Point",
        "coordinates": [
          12.6218765,
          44.0287787
        ]
      }
    },
    {
      "type": "Feature",
      "properties": {
        "id": 2718126001,
        "tipo": "hotel",
        "name": "",
        "stars": "",
        "rooms": "",
        "website": "https://hotelstaccolirimini.it/"
      },
      "geometry": {
        "type": "Point",
        "coordinates": [
          12.5986529,
          44.049314
        ]
      }
    },
    {
      "type": "Feature",
      "properties": {
        "id": 2718126096,
        "tipo": "hotel",
        "name": "Eva",
        "stars": "",
        "rooms": "",
        "website": "https://www.albergoeva.it/"
      },
      "geometry": {
        "type": "Point",
        "coordinates": [
          12.6114699,
          44.0369837
        ]
      }
    },
    {
      "type": "Feature",
      "properties": {
        "id": 2718126218,
        "tipo": "hotel",
        "name": "Hotel Ischia",
        "stars": "",
        "rooms": "",
        "website": "https://www.hotelischiarimini.it/"
      },
      "geometry": {
        "type": "Point",
        "coordinates": [
          12.6058657,
          44.0432436
        ]
      }
    },
    {
      "type": "Feature",
      "properties": {
        "id": 2718126485,
        "tipo": "hotel",
        "name": "Club Meeting Hotel",
        "stars": "",
        "rooms": "",
        "website": "https://www.clubmeetinghotel.it/"
      },
      "geometry": {
        "type": "Point",
        "coordinates": [
          12.5966323,
          44.0525542
        ]
      }
    },
    {
      "type": "Feature",
      "properties": {
        "id": 2718126802,
        "tipo": "hotel",
        "name": "Lily",
        "stars": "",
        "rooms": "",
        "website": "https://www.hotellilyrimini.it/"
      },
      "geometry": {
        "type": "Point",
        "coordinates": [
          12.5972862,
          44.0519936
        ]
      }
    },
    {
      "type": "Feature",
      "properties": {
        "id": 2718126805,
        "tipo": "hotel",
        "name": "Butterfly",
        "stars": "",
        "rooms": "",
        "website": "https://www.hotelbutterfly.it/"
      },
      "geometry": {
        "type": "Point",
        "coordinates": [
          12.6166375,
          44.0352592
        ]
      }
    },
    {
      "type": "Feature",
      "properties": {
        "id": 2718128963,
        "tipo": "hotel",
        "name": "Abay",
        "stars": "",
        "rooms": "",
        "website": "https://www.hotelabayrimini.it/"
      },
      "geometry": {
        "type": "Point",
        "coordinates": [
          12.6018456,
          44.0461383
        ]
      }
    },
    {
      "type": "Feature",
      "properties": {
        "id": 2718129010,
        "tipo": "hotel",
        "name": "Hotel Tiziana",
        "stars": "",
        "rooms": "",
        "website": ""
      },
      "geometry": {
        "type": "Point",
        "coordinates": [
          12.616694,
          44.0334369
        ]
      }
    },
    {
      "type": "Feature",
      "properties": {
        "id": 2718129135,
        "tipo": "hotel",
        "name": "Albachiara",
        "stars": "",
        "rooms": "",
        "website": "https://www.albachiararimini.it/"
      },
      "geometry": {
        "type": "Point",
        "coordinates": [
          12.6033449,
          44.0440166
        ]
      }
    },
    {
      "type": "Feature",
      "properties": {
        "id": 2718129184,
        "tipo": "hotel",
        "name": "Hotel Heaven",
        "stars": "",
        "rooms": "",
        "website": "https://www.hotelheaven.it/"
      },
      "geometry": {
        "type": "Point",
        "coordinates": [
          12.517654,
          44.1028944
        ]
      }
    },
    {
      "type": "Feature",
      "properties": {
        "id": 2718129341,
        "tipo": "hotel",
        "name": "Virginia Pet Hotel",
        "stars": "",
        "rooms": "",
        "website": "https://www.hotelvirginia.it/"
      },
      "geometry": {
        "type": "Point",
        "coordinates": [
          12.5977301,
          44.0515272
        ]
      }
    },
    {
      "type": "Feature",
      "properties": {
        "id": 2718129627,
        "tipo": "hotel",
        "name": "Residence Rimini Bay",
        "stars": "",
        "rooms": "",
        "website": "https://riminibayresidence.com/"
      },
      "geometry": {
        "type": "Point",
        "coordinates": [
          12.5881369,
          44.0586379
        ]
      }
    },
    {
      "type": "Feature",
      "properties": {
        "id": 2718131474,
        "tipo": "bed_and_breakfast",
        "name": "Residence Fortuna",
        "stars": "",
        "rooms": "",
        "website": "https://www.residencerimini.net/"
      },
      "geometry": {
        "type": "Point",
        "coordinates": [
          12.589503,
          44.0574018
        ]
      }
    },
    {
      "type": "Feature",
      "properties": {
        "id": 2718131485,
        "tipo": "hotel",
        "name": "",
        "stars": "",
        "rooms": "",
        "website": ""
      },
      "geometry": {
        "type": "Point",
        "coordinates": [
          12.6216393,
          44.0286369
        ]
      }
    },
    {
      "type": "Feature",
      "properties": {
        "id": 2718131492,
        "tipo": "hotel",
        "name": "Marilonda",
        "stars": "",
        "rooms": "",
        "website": ""
      },
      "geometry": {
        "type": "Point",
        "coordinates": [
          12.611276,
          44.0382317
        ]
      }
    },
    {
      "type": "Feature",
      "properties": {
        "id": 2718131537,
        "tipo": "hotel",
        "name": "Villa Madana",
        "stars": "",
        "rooms": "",
        "website": "https://promozioni.hotelvillamadana.it/(12690)index"
      },
      "geometry": {
        "type": "Point",
        "coordinates": [
          12.6093833,
          44.0386434
        ]
      }
    },
    {
      "type": "Feature",
      "properties": {
        "id": 2718131541,
        "tipo": "bed_and_breakfast",
        "name": "Residence Art",
        "stars": "",
        "rooms": "",
        "website": "https://www.residenceart.it/"
      },
      "geometry": {
        "type": "Point",
        "coordinates": [
          12.5875006,
          44.0583939
        ]
      }
    },
    {
      "type": "Feature",
      "properties": {
        "id": 2718131578,
        "tipo": "hotel",
        "name": "Villa Rocchi",
        "stars": "",
        "rooms": "",
        "website": "https://www.hotelvillarocchi.it/"
      },
      "geometry": {
        "type": "Point",
        "coordinates": [
          12.5454365,
          44.0811881
        ]
      }
    },
    {
      "type": "Feature",
      "properties": {
        "id": 2718136182,
        "tipo": "hotel",
        "name": "Liana",
        "stars": "",
        "rooms": "",
        "website": ""
      },
      "geometry": {
        "type": "Point",
        "coordinates": [
          12.593125,
          44.0532404
        ]
      }
    },
    {
      "type": "Feature",
      "properties": {
        "id": 2718136657,
        "tipo": "hotel",
        "name": "Jammin' Rimini Backpackers Hotel",
        "stars": "",
        "rooms": "",
        "website": "https://www.hosteljammin.com/"
      },
      "geometry": {
        "type": "Point",
        "coordinates": [
          12.5824812,
          44.0657108
        ]
      }
    },
    {
      "type": "Feature",
      "properties": {
        "id": 2718136740,
        "tipo": "hotel",
        "name": "Fantasy",
        "stars": "",
        "rooms": "",
        "website": "https://www.hotelfantasyrimini.it/"
      },
      "geometry": {
        "type": "Point",
        "coordinates": [
          12.5915196,
          44.0574412
        ]
      }
    },
    {
      "type": "Feature",
      "properties": {
        "id": 2718136760,
        "tipo": "hotel",
        "name": "Hotel 2000",
        "stars": "",
        "rooms": "",
        "website": "https://www.h2000.it/it/index.php"
      },
      "geometry": {
        "type": "Point",
        "coordinates": [
          12.6113206,
          44.039551
        ]
      }
    },
    {
      "type": "Feature",
      "properties": {
        "id": 2718136837,
        "tipo": "hotel",
        "name": "Sole Mio",
        "stars": "",
        "rooms": "",
        "website": "https://www.hotelsolemio.com/it/"
      },
      "geometry": {
        "type": "Point",
        "coordinates": [
          12.606686,
          44.0435551
        ]
      }
    },
    {
      "type": "Feature",
      "properties": {
        "id": 2718137803,
        "tipo": "hotel",
        "name": "Nettunia",
        "stars": "",
        "rooms": "",
        "website": "https://www.hotelnettunia.it/"
      },
      "geometry": {
        "type": "Point",
        "coordinates": [
          12.6189367,
          44.0333285
        ]
      }
    },
    {
      "type": "Feature",
      "properties": {
        "id": 2718137901,
        "tipo": "hotel",
        "name": "One Design Hotel",
        "stars": "",
        "rooms": "",
        "website": "https://www.lhotelrimini.it/en/"
      },
      "geometry": {
        "type": "Point",
        "coordinates": [
          12.5994389,
          44.0499204
        ]
      }
    },
    {
      "type": "Feature",
      "properties": {
        "id": 2718138793,
        "tipo": "hotel",
        "name": "Hotel Villa Caterina",
        "stars": "3",
        "rooms": "",
        "website": ""
      },
      "geometry": {
        "type": "Point",
        "coordinates": [
          12.5825668,
          44.0645791
        ]
      }
    },
    {
      "type": "Feature",
      "properties": {
        "id": 2718138845,
        "tipo": "hotel",
        "name": "Stresa",
        "stars": "",
        "rooms": "",
        "website": "https://www.hotelstresa.com/"
      },
      "geometry": {
        "type": "Point",
        "coordinates": [
          12.6148813,
          44.0342645
        ]
      }
    },
    {
      "type": "Feature",
      "properties": {
        "id": 2718139840,
        "tipo": "hotel",
        "name": "Napoleon Hotel",
        "stars": "",
        "rooms": "",
        "website": ""
      },
      "geometry": {
        "type": "Point",
        "coordinates": [
          12.5716562,
          44.0643863
        ]
      }
    },
    {
      "type": "Feature",
      "properties": {
        "id": 2718140988,
        "tipo": "ostello",
        "name": "Jammin' Rimini Party Hostel",
        "stars": "",
        "rooms": "",
        "website": "https://www.hosteljammin.com/"
      },
      "geometry": {
        "type": "Point",
        "coordinates": [
          12.5814233,
          44.064229
        ]
      }
    },
    {
      "type": "Feature",
      "properties": {
        "id": 2718141290,
        "tipo": "hotel",
        "name": "Royal Plaza",
        "stars": "",
        "rooms": "",
        "website": "https://www.royalplaza.it/"
      },
      "geometry": {
        "type": "Point",
        "coordinates": [
          12.5791782,
          44.0674578
        ]
      }
    },
    {
      "type": "Feature",
      "properties": {
        "id": 2718141739,
        "tipo": "hotel",
        "name": "Costa D’Oro",
        "stars": "",
        "rooms": "",
        "website": ""
      },
      "geometry": {
        "type": "Point",
        "coordinates": [
          12.6007671,
          44.0487739
        ]
      }
    },
    {
      "type": "Feature",
      "properties": {
        "id": 2718144723,
        "tipo": "hotel",
        "name": "",
        "stars": "",
        "rooms": "",
        "website": ""
      },
      "geometry": {
        "type": "Point",
        "coordinates": [
          12.6214904,
          44.0285275
        ]
      }
    },
    {
      "type": "Feature",
      "properties": {
        "id": 2718144766,
        "tipo": "hotel",
        "name": "Susy",
        "stars": "",
        "rooms": "",
        "website": "https://www.hotelsusy.it/"
      },
      "geometry": {
        "type": "Point",
        "coordinates": [
          12.6087197,
          44.0389426
        ]
      }
    },
    {
      "type": "Feature",
      "properties": {
        "id": 2718145768,
        "tipo": "museo",
        "name": "aRimini Caput Viarum",
        "stars": "",
        "rooms": "",
        "website": ""
      },
      "geometry": {
        "type": "Point",
        "coordinates": [
          12.5649995,
          44.0625729
        ]
      }
    },
    {
      "type": "Feature",
      "properties": {
        "id": 2718145812,
        "tipo": "hotel",
        "name": "Verudella",
        "stars": "",
        "rooms": "",
        "website": "https://www.hotelverudella.it/"
      },
      "geometry": {
        "type": "Point",
        "coordinates": [
          12.5832567,
          44.0621031
        ]
      }
    },
    {
      "type": "Feature",
      "properties": {
        "id": 2718147030,
        "tipo": "hotel",
        "name": "Colibrì",
        "stars": "",
        "rooms": "",
        "website": "https://www.colibririmini.com/"
      },
      "geometry": {
        "type": "Point",
        "coordinates": [
          12.6089573,
          44.0388866
        ]
      }
    },
    {
      "type": "Feature",
      "properties": {
        "id": 2718147177,
        "tipo": "hotel",
        "name": "Santanna",
        "stars": "",
        "rooms": "",
        "website": "https://www.roccovacanzehotelrimini.it/index.php"
      },
      "geometry": {
        "type": "Point",
        "coordinates": [
          12.6011859,
          44.048339
        ]
      }
    },
    {
      "type": "Feature",
      "properties": {
        "id": 2718147936,
        "tipo": "hotel",
        "name": "Urania",
        "stars": "3",
        "rooms": "",
        "website": ""
      },
      "geometry": {
        "type": "Point",
        "coordinates": [
          12.5528122,
          44.0764566
        ]
      }
    },
    {
      "type": "Feature",
      "properties": {
        "id": 2718147939,
        "tipo": "hotel",
        "name": "La Bella Vita",
        "stars": "",
        "rooms": "",
        "website": ""
      },
      "geometry": {
        "type": "Point",
        "coordinates": [
          12.6213226,
          44.0284367
        ]
      }
    },
    {
      "type": "Feature",
      "properties": {
        "id": 2718148243,
        "tipo": "hotel",
        "name": "Villa Luigia",
        "stars": "",
        "rooms": "",
        "website": "https://www.hotelvillaluigia.com/"
      },
      "geometry": {
        "type": "Point",
        "coordinates": [
          12.584176,
          44.0627763
        ]
      }
    },
    {
      "type": "Feature",
      "properties": {
        "id": 2718149592,
        "tipo": "hotel",
        "name": "Be Hotel",
        "stars": "",
        "rooms": "",
        "website": ""
      },
      "geometry": {
        "type": "Point",
        "coordinates": [
          12.6211908,
          44.0283112
        ]
      }
    },
    {
      "type": "Feature",
      "properties": {
        "id": 2718149600,
        "tipo": "hotel",
        "name": "Hotel Apis",
        "stars": "",
        "rooms": "",
        "website": "https://www.hotelapis.it/"
      },
      "geometry": {
        "type": "Point",
        "coordinates": [
          12.5533192,
          44.0761916
        ]
      }
    },
    {
      "type": "Feature",
      "properties": {
        "id": 2718149648,
        "tipo": "hotel",
        "name": "Atlantic",
        "stars": "",
        "rooms": "",
        "website": "https://hotelatlanticrimini.it/"
      },
      "geometry": {
        "type": "Point",
        "coordinates": [
          12.5306094,
          44.0934375
        ]
      }
    },
    {
      "type": "Feature",
      "properties": {
        "id": 2718149650,
        "tipo": "hotel",
        "name": "Principe di Piemonte",
        "stars": "",
        "rooms": "",
        "website": ""
      },
      "geometry": {
        "type": "Point",
        "coordinates": [
          12.6221088,
          44.0307951
        ]
      }
    },
    {
      "type": "Feature",
      "properties": {
        "id": 2718150229,
        "tipo": "hotel",
        "name": "Hotel Duomo",
        "stars": "",
        "rooms": "",
        "website": "https://www.duomohotel.com/"
      },
      "geometry": {
        "type": "Point",
        "coordinates": [
          12.5680003,
          44.0609029
        ]
      }
    },
    {
      "type": "Feature",
      "properties": {
        "id": 2718152209,
        "tipo": "hotel",
        "name": "Buena Vista",
        "stars": "",
        "rooms": "",
        "website": "https://www.residencebuenavista.it/"
      },
      "geometry": {
        "type": "Point",
        "coordinates": [
          12.5401684,
          44.0869491
        ]
      }
    },
    {
      "type": "Feature",
      "properties": {
        "id": 2718152290,
        "tipo": "hotel",
        "name": "Hotel Brown",
        "stars": "",
        "rooms": "",
        "website": ""
      },
      "geometry": {
        "type": "Point",
        "coordinates": [
          12.5791629,
          44.0653731
        ]
      }
    },
    {
      "type": "Feature",
      "properties": {
        "id": 2718152333,
        "tipo": "hotel",
        "name": "Pacific",
        "stars": "",
        "rooms": "",
        "website": "https://www.hotelpacific.net/"
      },
      "geometry": {
        "type": "Point",
        "coordinates": [
          12.6142126,
          44.0344366
        ]
      }
    },
    {
      "type": "Feature",
      "properties": {
        "id": 2718153879,
        "tipo": "hotel",
        "name": "Ariosto",
        "stars": "",
        "rooms": "",
        "website": ""
      },
      "geometry": {
        "type": "Point",
        "coordinates": [
          12.589373,
          44.0594649
        ]
      }
    },
    {
      "type": "Feature",
      "properties": {
        "id": 2718154972,
        "tipo": "hotel",
        "name": "Lotus",
        "stars": "",
        "rooms": "",
        "website": "https://www.lotushotel.it/"
      },
      "geometry": {
        "type": "Point",
        "coordinates": [
          12.5891877,
          44.0580017
        ]
      }
    },
    {
      "type": "Feature",
      "properties": {
        "id": 2718155669,
        "tipo": "hotel",
        "name": "Bio Boutique Hotel Xù",
        "stars": "",
        "rooms": "",
        "website": "https://www.bioboutiquehotelxu.it/"
      },
      "geometry": {
        "type": "Point",
        "coordinates": [
          12.5888237,
          44.0586581
        ]
      }
    },
    {
      "type": "Feature",
      "properties": {
        "id": 2718155677,
        "tipo": "hotel",
        "name": "Residence Terminus",
        "stars": "4",
        "rooms": "",
        "website": "https://www.riminiresidence.com/1201/residence-terminus"
      },
      "geometry": {
        "type": "Point",
        "coordinates": [
          12.5333298,
          44.0915921
        ]
      }
    },
    {
      "type": "Feature",
      "properties": {
        "id": 2718155680,
        "tipo": "hotel",
        "name": "Hotel Villa Camay",
        "stars": "",
        "rooms": "",
        "website": ""
      },
      "geometry": {
        "type": "Point",
        "coordinates": [
          12.5209084,
          44.0999488
        ]
      }
    },
    {
      "type": "Feature",
      "properties": {
        "id": 2718155706,
        "tipo": "hotel",
        "name": "Hotel Gabriella",
        "stars": "",
        "rooms": "",
        "website": "https://www.hotelgabriella.net/"
      },
      "geometry": {
        "type": "Point",
        "coordinates": [
          12.5096336,
          44.1088341
        ]
      }
    },
    {
      "type": "Feature",
      "properties": {
        "id": 2718155734,
        "tipo": "hotel",
        "name": "Mon Pays",
        "stars": "",
        "rooms": "",
        "website": "https://www.hotelmonpaysrimini.it/"
      },
      "geometry": {
        "type": "Point",
        "coordinates": [
          12.5873098,
          44.0606921
        ]
      }
    },
    {
      "type": "Feature",
      "properties": {
        "id": 2718163291,
        "tipo": "hotel",
        "name": "Rainbow",
        "stars": "",
        "rooms": "",
        "website": "https://www.hotelrainbowrimini.it/"
      },
      "geometry": {
        "type": "Point",
        "coordinates": [
          12.6224923,
          44.0304606
        ]
      }
    },
    {
      "type": "Feature",
      "properties": {
        "id": 2718163514,
        "tipo": "hotel",
        "name": "Quo Vadis",
        "stars": "",
        "rooms": "",
        "website": "https://www.albergoristorantequovadis.it/"
      },
      "geometry": {
        "type": "Point",
        "coordinates": [
          12.6008333,
          44.0343179
        ]
      }
    },
    {
      "type": "Feature",
      "properties": {
        "id": 2718174928,
        "tipo": "bed_and_breakfast",
        "name": "Residence 1 Uno",
        "stars": "",
        "rooms": "",
        "website": ""
      },
      "geometry": {
        "type": "Point",
        "coordinates": [
          12.5521424,
          44.0780407
        ]
      }
    },
    {
      "type": "Feature",
      "properties": {
        "id": 2718179200,
        "tipo": "hotel",
        "name": "Hotel Mizar",
        "stars": "",
        "rooms": "",
        "website": "https://www.hotelmizar.it/"
      },
      "geometry": {
        "type": "Point",
        "coordinates": [
          12.6145647,
          44.0365398
        ]
      }
    },
    {
      "type": "Feature",
      "properties": {
        "id": 2718179212,
        "tipo": "hotel",
        "name": "Katina",
        "stars": "",
        "rooms": "",
        "website": "https://www.hotelkatina.it/"
      },
      "geometry": {
        "type": "Point",
        "coordinates": [
          12.615706,
          44.0357526
        ]
      }
    },
    {
      "type": "Feature",
      "properties": {
        "id": 2718179254,
        "tipo": "hotel",
        "name": "Romina",
        "stars": "",
        "rooms": "",
        "website": ""
      },
      "geometry": {
        "type": "Point",
        "coordinates": [
          12.6121589,
          44.0385404
        ]
      }
    },
    {
      "type": "Feature",
      "properties": {
        "id": 2718179319,
        "tipo": "hotel",
        "name": "Hotel Tiffany",
        "stars": "",
        "rooms": "",
        "website": "https://www.tiffanyhotel.it/"
      },
      "geometry": {
        "type": "Point",
        "coordinates": [
          12.5870821,
          44.0567423
        ]
      }
    },
    {
      "type": "Feature",
      "properties": {
        "id": 2718179322,
        "tipo": "hotel",
        "name": "Alberta",
        "stars": "",
        "rooms": "",
        "website": ""
      },
      "geometry": {
        "type": "Point",
        "coordinates": [
          12.6066926,
          44.042937
        ]
      }
    },
    {
      "type": "Feature",
      "properties": {
        "id": 2718179458,
        "tipo": "hotel",
        "name": "Radar",
        "stars": "",
        "rooms": "",
        "website": ""
      },
      "geometry": {
        "type": "Point",
        "coordinates": [
          12.5873783,
          44.061152
        ]
      }
    },
    {
      "type": "Feature",
      "properties": {
        "id": 2718179683,
        "tipo": "hotel",
        "name": "Eriale",
        "stars": "2",
        "rooms": "",
        "website": "https://www.hoteleriale.com/"
      },
      "geometry": {
        "type": "Point",
        "coordinates": [
          12.5887709,
          44.0585532
        ]
      }
    },
    {
      "type": "Feature",
      "properties": {
        "id": 2718179764,
        "tipo": "hotel",
        "name": "Adria Mare",
        "stars": "",
        "rooms": "",
        "website": "https://hoteladriamare.it/"
      },
      "geometry": {
        "type": "Point",
        "coordinates": [
          12.6158359,
          44.0353289
        ]
      }
    },
    {
      "type": "Feature",
      "properties": {
        "id": 2718180113,
        "tipo": "attrazione",
        "name": "House of Shells",
        "stars": "",
        "rooms": "",
        "website": ""
      },
      "geometry": {
        "type": "Point",
        "coordinates": [
          12.5654657,
          44.0717571
        ]
      }
    },
    {
      "type": "Feature",
      "properties": {
        "id": 2718180557,
        "tipo": "hotel",
        "name": "Benvenuti",
        "stars": "",
        "rooms": "",
        "website": ""
      },
      "geometry": {
        "type": "Point",
        "coordinates": [
          12.5893759,
          44.0542467
        ]
      }
    },
    {
      "type": "Feature",
      "properties": {
        "id": 2718181042,
        "tipo": "attrazione",
        "name": "Gloria Al Caduti Per La Liberta",
        "stars": "",
        "rooms": "",
        "website": ""
      },
      "geometry": {
        "type": "Point",
        "coordinates": [
          12.5684891,
          44.0596297
        ]
      }
    },
    {
      "type": "Feature",
      "properties": {
        "id": 2718181583,
        "tipo": "hotel",
        "name": "Madalù",
        "stars": "",
        "rooms": "",
        "website": "https://www.madalu-rimini.com/"
      },
      "geometry": {
        "type": "Point",
        "coordinates": [
          12.5393601,
          44.0875093
        ]
      }
    },
    {
      "type": "Feature",
      "properties": {
        "id": 2718181629,
        "tipo": "hotel",
        "name": "Quisisana",
        "stars": "",
        "rooms": "",
        "website": "https://www.quisisanahotel.it/"
      },
      "geometry": {
        "type": "Point",
        "coordinates": [
          12.5884341,
          44.0606197
        ]
      }
    },
    {
      "type": "Feature",
      "properties": {
        "id": 2718186094,
        "tipo": "hotel",
        "name": "Princier",
        "stars": "",
        "rooms": "",
        "website": "https://www.princierhotel.it/"
      },
      "geometry": {
        "type": "Point",
        "coordinates": [
          12.5409842,
          44.0861822
        ]
      }
    },
    {
      "type": "Feature",
      "properties": {
        "id": 2718187928,
        "tipo": "hotel",
        "name": "Hotel de France",
        "stars": "",
        "rooms": "",
        "website": "https://hoteldefrance.it/"
      },
      "geometry": {
        "type": "Point",
        "coordinates": [
          12.6141611,
          44.0377333
        ]
      }
    },
    {
      "type": "Feature",
      "properties": {
        "id": 2718189006,
        "tipo": "hotel",
        "name": "Salsedine",
        "stars": "",
        "rooms": "",
        "website": "https://www.hotelsalsedine.it/"
      },
      "geometry": {
        "type": "Point",
        "coordinates": [
          12.5437338,
          44.0842674
        ]
      }
    },
    {
      "type": "Feature",
      "properties": {
        "id": 2718191155,
        "tipo": "hotel",
        "name": "Baby",
        "stars": "",
        "rooms": "",
        "website": "https://hotelbabyrimini.com/"
      },
      "geometry": {
        "type": "Point",
        "coordinates": [
          12.5513954,
          44.07904
        ]
      }
    },
    {
      "type": "Feature",
      "properties": {
        "id": 2718191186,
        "tipo": "hotel",
        "name": "Residence Aida",
        "stars": "",
        "rooms": "",
        "website": "https://www.residenceaida.it/it"
      },
      "geometry": {
        "type": "Point",
        "coordinates": [
          12.602536,
          44.046778
        ]
      }
    },
    {
      "type": "Feature",
      "properties": {
        "id": 2718191188,
        "tipo": "hotel",
        "name": "Lexington",
        "stars": "",
        "rooms": "",
        "website": "https://hotellexingtonrimini.it/"
      },
      "geometry": {
        "type": "Point",
        "coordinates": [
          12.615477,
          44.0357966
        ]
      }
    },
    {
      "type": "Feature",
      "properties": {
        "id": 2718191192,
        "tipo": "hotel",
        "name": "Hotel Eliseo",
        "stars": "",
        "rooms": "",
        "website": "https://www.hoteleliseorimini.it"
      },
      "geometry": {
        "type": "Point",
        "coordinates": [
          12.6232892,
          44.0290234
        ]
      }
    },
    {
      "type": "Feature",
      "properties": {
        "id": 2718191217,
        "tipo": "hotel",
        "name": "Elisir",
        "stars": "",
        "rooms": "",
        "website": ""
      },
      "geometry": {
        "type": "Point",
        "coordinates": [
          12.5527355,
          44.0773694
        ]
      }
    },
    {
      "type": "Feature",
      "properties": {
        "id": 2718191237,
        "tipo": "hotel",
        "name": "EurHotel",
        "stars": "",
        "rooms": "",
        "website": "https://eur-hotel.com/"
      },
      "geometry": {
        "type": "Point",
        "coordinates": [
          12.6169152,
          44.0346597
        ]
      }
    },
    {
      "type": "Feature",
      "properties": {
        "id": 2718191251,
        "tipo": "hotel",
        "name": "Arabesco",
        "stars": "3",
        "rooms": "",
        "website": ""
      },
      "geometry": {
        "type": "Point",
        "coordinates": [
          12.5155912,
          44.1033402
        ]
      }
    },
    {
      "type": "Feature",
      "properties": {
        "id": 2718191358,
        "tipo": "hotel",
        "name": "Hotel Vienna",
        "stars": "3",
        "rooms": "",
        "website": ""
      },
      "geometry": {
        "type": "Point",
        "coordinates": [
          12.6158743,
          44.0355498
        ]
      }
    },
    {
      "type": "Feature",
      "properties": {
        "id": 2718191562,
        "tipo": "hotel",
        "name": "Belvedere",
        "stars": "",
        "rooms": "",
        "website": "https://www.hotelbelvedererimini.com/"
      },
      "geometry": {
        "type": "Point",
        "coordinates": [
          12.5916469,
          44.0578697
        ]
      }
    },
    {
      "type": "Feature",
      "properties": {
        "id": 2718191563,
        "tipo": "hotel",
        "name": "Nord Est",
        "stars": "",
        "rooms": "",
        "website": "https://www.hotelnordest.it/"
      },
      "geometry": {
        "type": "Point",
        "coordinates": [
          12.6144132,
          44.0374323
        ]
      }
    },
    {
      "type": "Feature",
      "properties": {
        "id": 2718191812,
        "tipo": "hotel",
        "name": "Ausonia",
        "stars": "",
        "rooms": "",
        "website": ""
      },
      "geometry": {
        "type": "Point",
        "coordinates": [
          12.5812779,
          44.0631081
        ]
      }
    },
    {
      "type": "Feature",
      "properties": {
        "id": 2718195179,
        "tipo": "hotel",
        "name": "Marina Beach Suite Hotel",
        "stars": "3",
        "rooms": "",
        "website": "https://www.marinabeachsuitehotel.com/"
      },
      "geometry": {
        "type": "Point",
        "coordinates": [
          12.5381212,
          44.088334
        ]
      }
    },
    {
      "type": "Feature",
      "properties": {
        "id": 2718197046,
        "tipo": "bed_and_breakfast",
        "name": "B&B A Casa da Noi",
        "stars": "",
        "rooms": "",
        "website": ""
      },
      "geometry": {
        "type": "Point",
        "coordinates": [
          12.5628673,
          44.065653
        ]
      }
    },
    {
      "type": "Feature",
      "properties": {
        "id": 2718197122,
        "tipo": "bed_and_breakfast",
        "name": "Hotel Ardea",
        "stars": "",
        "rooms": "",
        "website": "https://www.hotelardearimini.it/"
      },
      "geometry": {
        "type": "Point",
        "coordinates": [
          12.6234112,
          44.0288751
        ]
      }
    },
    {
      "type": "Feature",
      "properties": {
        "id": 2718197130,
        "tipo": "hotel",
        "name": "Venere",
        "stars": "",
        "rooms": "",
        "website": "https://www.hotelvenererimini.it/"
      },
      "geometry": {
        "type": "Point",
        "coordinates": [
          12.612008,
          44.03844
        ]
      }
    },
    {
      "type": "Feature",
      "properties": {
        "id": 2718197144,
        "tipo": "hotel",
        "name": "Tiberius",
        "stars": "",
        "rooms": "",
        "website": "https://www.hoteltiberius.it/"
      },
      "geometry": {
        "type": "Point",
        "coordinates": [
          12.5802289,
          44.0670891
        ]
      }
    },
    {
      "type": "Feature",
      "properties": {
        "id": 2718197160,
        "tipo": "hotel",
        "name": "Arcangelo",
        "stars": "",
        "rooms": "",
        "website": "https://arcangelo.com/home"
      },
      "geometry": {
        "type": "Point",
        "coordinates": [
          12.587278,
          44.0565448
        ]
      }
    },
    {
      "type": "Feature",
      "properties": {
        "id": 2718197241,
        "tipo": "hotel",
        "name": "Residence Rimini Relax",
        "stars": "",
        "rooms": "",
        "website": "https://www.residenceriminirelax.it/"
      },
      "geometry": {
        "type": "Point",
        "coordinates": [
          12.5341678,
          44.08947
        ]
      }
    },
    {
      "type": "Feature",
      "properties": {
        "id": 2718197292,
        "tipo": "hotel",
        "name": "Albergo Tre Grazie",
        "stars": "3",
        "rooms": "",
        "website": "http://www.hotelboschetti.it"
      },
      "geometry": {
        "type": "Point",
        "coordinates": [
          12.615721,
          44.0352521
        ]
      }
    },
    {
      "type": "Feature",
      "properties": {
        "id": 2718198078,
        "tipo": "hotel",
        "name": "Amicizia",
        "stars": "",
        "rooms": "",
        "website": "https://www.hotelriminiamicizia.com/"
      },
      "geometry": {
        "type": "Point",
        "coordinates": [
          12.5896932,
          44.0592929
        ]
      }
    },
    {
      "type": "Feature",
      "properties": {
        "id": 2718198539,
        "tipo": "hotel",
        "name": "You & Me",
        "stars": "",
        "rooms": "",
        "website": "https://youandmehotel.it/"
      },
      "geometry": {
        "type": "Point",
        "coordinates": [
          12.5250893,
          44.0975493
        ]
      }
    },
    {
      "type": "Feature",
      "properties": {
        "id": 2718198542,
        "tipo": "hotel",
        "name": "Fedora",
        "stars": "",
        "rooms": "",
        "website": "https://www.fedorarimini.com/w"
      },
      "geometry": {
        "type": "Point",
        "coordinates": [
          12.5898393,
          44.0592084
        ]
      }
    },
    {
      "type": "Feature",
      "properties": {
        "id": 2718201417,
        "tipo": "hotel",
        "name": "La Plage",
        "stars": "",
        "rooms": "",
        "website": "https://www.delaplagehotel.it/"
      },
      "geometry": {
        "type": "Point",
        "coordinates": [
          12.5539632,
          44.0773047
        ]
      }
    },
    {
      "type": "Feature",
      "properties": {
        "id": 2718201435,
        "tipo": "hotel",
        "name": "Silver Hotel",
        "stars": "",
        "rooms": "",
        "website": "https://www.silverhotelrimini.com/"
      },
      "geometry": {
        "type": "Point",
        "coordinates": [
          12.6231806,
          44.0289085
        ]
      }
    },
    {
      "type": "Feature",
      "properties": {
        "id": 2718201463,
        "tipo": "hotel",
        "name": "Graziella Mare",
        "stars": "",
        "rooms": "",
        "website": "https://www.familyspinelli.it/"
      },
      "geometry": {
        "type": "Point",
        "coordinates": [
          12.6119928,
          44.0386631
        ]
      }
    },
    {
      "type": "Feature",
      "properties": {
        "id": 2718201651,
        "tipo": "hotel",
        "name": "Haarlem",
        "stars": "",
        "rooms": "",
        "website": "https://www.hotelhaarlem.it/"
      },
      "geometry": {
        "type": "Point",
        "coordinates": [
          12.6156706,
          44.0353714
        ]
      }
    },
    {
      "type": "Feature",
      "properties": {
        "id": 2718201680,
        "tipo": "hotel",
        "name": "Memory",
        "stars": "",
        "rooms": "",
        "website": "https://www.hotelmemory.it/it/"
      },
      "geometry": {
        "type": "Point",
        "coordinates": [
          12.5817294,
          44.0626318
        ]
      }
    },
    {
      "type": "Feature",
      "properties": {
        "id": 2718202212,
        "tipo": "hotel",
        "name": "Constellation",
        "stars": "",
        "rooms": "",
        "website": "https://www.hotelconstellation.it/"
      },
      "geometry": {
        "type": "Point",
        "coordinates": [
          12.5908355,
          44.0582527
        ]
      }
    },
    {
      "type": "Feature",
      "properties": {
        "id": 2718204218,
        "tipo": "hotel",
        "name": "Mamy",
        "stars": "",
        "rooms": "",
        "website": "https://hotelmamy.it/"
      },
      "geometry": {
        "type": "Point",
        "coordinates": [
          12.5990903,
          44.0464069
        ]
      }
    },
    {
      "type": "Feature",
      "properties": {
        "id": 2718207651,
        "tipo": "hotel",
        "name": "Hotel Liverpool",
        "stars": "",
        "rooms": "",
        "website": "https://hotel-liverpool.com/"
      },
      "geometry": {
        "type": "Point",
        "coordinates": [
          12.6141603,
          44.0362858
        ]
      }
    },
    {
      "type": "Feature",
      "properties": {
        "id": 2718207664,
        "tipo": "hotel",
        "name": "Sissi",
        "stars": "",
        "rooms": "",
        "website": "https://www.hotelsissi.it/"
      },
      "geometry": {
        "type": "Point",
        "coordinates": [
          12.6118317,
          44.0383238
        ]
      }
    },
    {
      "type": "Feature",
      "properties": {
        "id": 2718207716,
        "tipo": "hotel",
        "name": "Hotel Vannucci",
        "stars": "",
        "rooms": "",
        "website": ""
      },
      "geometry": {
        "type": "Point",
        "coordinates": [
          12.5952449,
          44.053399
        ]
      }
    },
    {
      "type": "Feature",
      "properties": {
        "id": 2718207839,
        "tipo": "hotel",
        "name": "Villa Merope",
        "stars": "",
        "rooms": "",
        "website": ""
      },
      "geometry": {
        "type": "Point",
        "coordinates": [
          12.5802313,
          44.066441
        ]
      }
    },
    {
      "type": "Feature",
      "properties": {
        "id": 2718208201,
        "tipo": "hotel",
        "name": "Hotel Touring",
        "stars": "",
        "rooms": "",
        "website": "https://www.touringhotelrimini.com/"
      },
      "geometry": {
        "type": "Point",
        "coordinates": [
          12.6188669,
          44.0337585
        ]
      }
    },
    {
      "type": "Feature",
      "properties": {
        "id": 2718208455,
        "tipo": "hotel",
        "name": "Hotel Garnì Solemare",
        "stars": "",
        "rooms": "",
        "website": ""
      },
      "geometry": {
        "type": "Point",
        "coordinates": [
          12.6201684,
          44.0317816
        ]
      }
    },
    {
      "type": "Feature",
      "properties": {
        "id": 2718208796,
        "tipo": "hotel",
        "name": "Gabbiano",
        "stars": "",
        "rooms": "",
        "website": "https://www.hotelgabbianorimini.com/"
      },
      "geometry": {
        "type": "Point",
        "coordinates": [
          12.5513119,
          44.0792917
        ]
      }
    },
    {
      "type": "Feature",
      "properties": {
        "id": 2718212684,
        "tipo": "hotel",
        "name": "Brotas",
        "stars": "",
        "rooms": "",
        "website": ""
      },
      "geometry": {
        "type": "Point",
        "coordinates": [
          12.6117918,
          44.038539
        ]
      }
    },
    {
      "type": "Feature",
      "properties": {
        "id": 2718212699,
        "tipo": "hotel",
        "name": "Aldebaran",
        "stars": "",
        "rooms": "",
        "website": "https://www.hotelaldebaran.it/"
      },
      "geometry": {
        "type": "Point",
        "coordinates": [
          12.5798194,
          44.066984
        ]
      }
    },
    {
      "type": "Feature",
      "properties": {
        "id": 2718212896,
        "tipo": "hotel",
        "name": "Cordial",
        "stars": "",
        "rooms": "",
        "website": ""
      },
      "geometry": {
        "type": "Point",
        "coordinates": [
          12.6154298,
          44.0352282
        ]
      }
    },
    {
      "type": "Feature",
      "properties": {
        "id": 2718213053,
        "tipo": "hotel",
        "name": "Hotel Nautic",
        "stars": "",
        "rooms": "",
        "website": ""
      },
      "geometry": {
        "type": "Point",
        "coordinates": [
          12.536892,
          44.0891476
        ]
      }
    },
    {
      "type": "Feature",
      "properties": {
        "id": 2718213059,
        "tipo": "hotel",
        "name": "Residence Mimosa",
        "stars": "",
        "rooms": "",
        "website": "https://www.mimosa.rimini.it/it/index.php"
      },
      "geometry": {
        "type": "Point",
        "coordinates": [
          12.6006695,
          44.0471921
        ]
      }
    },
    {
      "type": "Feature",
      "properties": {
        "id": 2718213316,
        "tipo": "hotel",
        "name": "Residence La Villetta",
        "stars": "",
        "rooms": "",
        "website": "https://www.residencelavilletta.com/residence/index.html"
      },
      "geometry": {
        "type": "Point",
        "coordinates": [
          12.5616946,
          44.0723275
        ]
      }
    },
    {
      "type": "Feature",
      "properties": {
        "id": 2718213664,
        "tipo": "bed_and_breakfast",
        "name": "Residence Angeli",
        "stars": "",
        "rooms": "",
        "website": ""
      },
      "geometry": {
        "type": "Point",
        "coordinates": [
          12.5918729,
          44.0572038
        ]
      }
    },
    {
      "type": "Feature",
      "properties": {
        "id": 2718213847,
        "tipo": "hotel",
        "name": "Amsterdam Suite Hotel & SPA",
        "stars": "",
        "rooms": "",
        "website": "https://amsterdam.ciminohotels.it/"
      },
      "geometry": {
        "type": "Point",
        "coordinates": [
          12.5864527,
          44.0625379
        ]
      }
    },
    {
      "type": "Feature",
      "properties": {
        "id": 2933630601,
        "tipo": "hotel",
        "name": "Erbavoglio",
        "stars": "",
        "rooms": "",
        "website": ""
      },
      "geometry": {
        "type": "Point",
        "coordinates": [
          12.5843505,
          44.0620935
        ]
      }
    },
    {
      "type": "Feature",
      "properties": {
        "id": 2937744049,
        "tipo": "hotel",
        "name": "Card International Hotel",
        "stars": "",
        "rooms": "",
        "website": ""
      },
      "geometry": {
        "type": "Point",
        "coordinates": [
          12.572201,
          44.0620286
        ]
      }
    },
    {
      "type": "Feature",
      "properties": {
        "id": 4162218033,
        "tipo": "hotel",
        "name": "Gimmi Hotel",
        "stars": "3",
        "rooms": "",
        "website": "https://www.gimmihotel.com/"
      },
      "geometry": {
        "type": "Point",
        "coordinates": [
          12.5091563,
          44.1097181
        ]
      }
    },
    {
      "type": "Feature",
      "properties": {
        "id": 4200158089,
        "tipo": "hotel",
        "name": "Hotel Venus",
        "stars": "3",
        "rooms": "",
        "website": "https://www.hotelvenusrimini.com/"
      },
      "geometry": {
        "type": "Point",
        "coordinates": [
          12.6174849,
          44.0343227
        ]
      }
    },
    {
      "type": "Feature",
      "properties": {
        "id": 4230164500,
        "tipo": "hotel",
        "name": "Hotel Oxford",
        "stars": "3",
        "rooms": "",
        "website": ""
      },
      "geometry": {
        "type": "Point",
        "coordinates": [
          12.596103,
          44.0530294
        ]
      }
    },
    {
      "type": "Feature",
      "properties": {
        "id": 4247070689,
        "tipo": "hotel",
        "name": "Hotel Golden",
        "stars": "3",
        "rooms": "",
        "website": "https://www.hotelgoldenrimini.com/"
      },
      "geometry": {
        "type": "Point",
        "coordinates": [
          12.6214027,
          44.0320107
        ]
      }
    },
    {
      "type": "Feature",
      "properties": {
        "id": 4257821410,
        "tipo": "hotel",
        "name": "Montmatre",
        "stars": "3",
        "rooms": "",
        "website": ""
      },
      "geometry": {
        "type": "Point",
        "coordinates": [
          12.5161883,
          44.1040493
        ]
      }
    },
    {
      "type": "Feature",
      "properties": {
        "id": 4259929389,
        "tipo": "hotel",
        "name": "hotel lady",
        "stars": "",
        "rooms": "",
        "website": ""
      },
      "geometry": {
        "type": "Point",
        "coordinates": [
          12.6073721,
          44.0429658
        ]
      }
    },
    {
      "type": "Feature",
      "properties": {
        "id": 4311684550,
        "tipo": "hotel",
        "name": "Mirador",
        "stars": "",
        "rooms": "",
        "website": ""
      },
      "geometry": {
        "type": "Point",
        "coordinates": [
          12.6130654,
          44.0376769
        ]
      }
    },
    {
      "type": "Feature",
      "properties": {
        "id": 4314228900,
        "tipo": "hotel",
        "name": "Villa Rosa Riviera",
        "stars": "",
        "rooms": "",
        "website": ""
      },
      "geometry": {
        "type": "Point",
        "coordinates": [
          12.5810524,
          44.06727
        ]
      }
    },
    {
      "type": "Feature",
      "properties": {
        "id": 4349308692,
        "tipo": "hotel",
        "name": "Hotel Rubens",
        "stars": "3",
        "rooms": "",
        "website": "https://www.hotelrubensrimini.com/"
      },
      "geometry": {
        "type": "Point",
        "coordinates": [
          12.6146921,
          44.033861
        ]
      }
    },
    {
      "type": "Feature",
      "properties": {
        "id": 4362952307,
        "tipo": "hotel",
        "name": "Windsor",
        "stars": "",
        "rooms": "",
        "website": ""
      },
      "geometry": {
        "type": "Point",
        "coordinates": [
          12.6213082,
          44.0288541
        ]
      }
    },
    {
      "type": "Feature",
      "properties": {
        "id": 4407349571,
        "tipo": "hotel",
        "name": "Hotel Marittima",
        "stars": "",
        "rooms": "",
        "website": ""
      },
      "geometry": {
        "type": "Point",
        "coordinates": [
          12.5855972,
          44.0621859
        ]
      }
    },
    {
      "type": "Feature",
      "properties": {
        "id": 4485847352,
        "tipo": "hotel",
        "name": "Hotel Casablanca",
        "stars": "",
        "rooms": "",
        "website": ""
      },
      "geometry": {
        "type": "Point",
        "coordinates": [
          12.615021,
          44.0355665
        ]
      }
    },
    {
      "type": "Feature",
      "properties": {
        "id": 4674668489,
        "tipo": "hotel",
        "name": "Hotel Ariane",
        "stars": "3",
        "rooms": "",
        "website": ""
      },
      "geometry": {
        "type": "Point",
        "coordinates": [
          12.611291,
          44.0401981
        ]
      }
    },
    {
      "type": "Feature",
      "properties": {
        "id": 4825529131,
        "tipo": "hotel",
        "name": "Hotel Lagomaggio",
        "stars": "",
        "rooms": "",
        "website": "https://www.hotellagomaggio.it/"
      },
      "geometry": {
        "type": "Point",
        "coordinates": [
          12.5921734,
          44.0524311
        ]
      }
    },
    {
      "type": "Feature",
      "properties": {
        "id": 4891377825,
        "tipo": "hotel",
        "name": "Soma",
        "stars": "",
        "rooms": "",
        "website": ""
      },
      "geometry": {
        "type": "Point",
        "coordinates": [
          12.5831176,
          44.0638707
        ]
      }
    },
    {
      "type": "Feature",
      "properties": {
        "id": 4907479722,
        "tipo": "hotel",
        "name": "Hotel Brooklyn",
        "stars": "",
        "rooms": "",
        "website": ""
      },
      "geometry": {
        "type": "Point",
        "coordinates": [
          12.6105534,
          44.0401636
        ]
      }
    },
    {
      "type": "Feature",
      "properties": {
        "id": 4907479723,
        "tipo": "hotel",
        "name": "Viva Beach Hotel",
        "stars": "",
        "rooms": "",
        "website": "https://www.hotelvivabeach.it/"
      },
      "geometry": {
        "type": "Point",
        "coordinates": [
          12.6108183,
          44.0399249
        ]
      }
    },
    {
      "type": "Feature",
      "properties": {
        "id": 4928147944,
        "tipo": "museo",
        "name": "Museo Nazionale del Motociclo",
        "stars": "",
        "rooms": "",
        "website": "https://www.museomotociclo.it/"
      },
      "geometry": {
        "type": "Point",
        "coordinates": [
          12.6120472,
          43.9986032
        ]
      }
    },
    {
      "type": "Feature",
      "properties": {
        "id": 4980808354,
        "tipo": "hotel",
        "name": "",
        "stars": "",
        "rooms": "",
        "website": ""
      },
      "geometry": {
        "type": "Point",
        "coordinates": [
          12.610449,
          44.0397107
        ]
      }
    },
    {
      "type": "Feature",
      "properties": {
        "id": 5002240321,
        "tipo": "hotel",
        "name": "Hotel Riviera",
        "stars": "",
        "rooms": "",
        "website": ""
      },
      "geometry": {
        "type": "Point",
        "coordinates": [
          12.5848631,
          44.0623053
        ]
      }
    },
    {
      "type": "Feature",
      "properties": {
        "id": 5065016329,
        "tipo": "hotel",
        "name": "Residence Nautic",
        "stars": "",
        "rooms": "",
        "website": "http://www.residencenautic.com/"
      },
      "geometry": {
        "type": "Point",
        "coordinates": [
          12.5659774,
          44.0737368
        ]
      }
    },
    {
      "type": "Feature",
      "properties": {
        "id": 5084131522,
        "tipo": "hotel",
        "name": "Hotel Manola",
        "stars": "3",
        "rooms": "",
        "website": ""
      },
      "geometry": {
        "type": "Point",
        "coordinates": [
          12.6095972,
          44.0402243
        ]
      }
    },
    {
      "type": "Feature",
      "properties": {
        "id": 5117336670,
        "tipo": "hotel",
        "name": "Hotel Stockholm",
        "stars": "",
        "rooms": "",
        "website": ""
      },
      "geometry": {
        "type": "Point",
        "coordinates": [
          12.6172237,
          44.0333887
        ]
      }
    },
    {
      "type": "Feature",
      "properties": {
        "id": 5403250521,
        "tipo": "hotel",
        "name": "Hotel Giamaica",
        "stars": "",
        "rooms": "",
        "website": "https://www.hotelgiamaica.com/"
      },
      "geometry": {
        "type": "Point",
        "coordinates": [
          12.538671,
          44.0860083
        ]
      }
    },
    {
      "type": "Feature",
      "properties": {
        "id": 5493421231,
        "tipo": "ostello",
        "name": "Casa per ferie Don Bosco",
        "stars": "",
        "rooms": "",
        "website": ""
      },
      "geometry": {
        "type": "Point",
        "coordinates": [
          12.5859273,
          44.0628952
        ]
      }
    },
    {
      "type": "Feature",
      "properties": {
        "id": 5569041621,
        "tipo": "hotel",
        "name": "Hotel Michelangelo",
        "stars": "3",
        "rooms": "",
        "website": "https://www.hotelmichelangelo.rn.it/"
      },
      "geometry": {
        "type": "Point",
        "coordinates": [
          12.6177484,
          44.0342114
        ]
      }
    },
    {
      "type": "Feature",
      "properties": {
        "id": 5635298908,
        "tipo": "punto_panoramico",
        "name": "",
        "stars": "",
        "rooms": "",
        "website": ""
      },
      "geometry": {
        "type": "Point",
        "coordinates": [
          12.548911,
          44.0399109
        ]
      }
    },
    {
      "type": "Feature",
      "properties": {
        "id": 5635298987,
        "tipo": "punto_panoramico",
        "name": "",
        "stars": "",
        "rooms": "",
        "website": ""
      },
      "geometry": {
        "type": "Point",
        "coordinates": [
          12.4726126,
          44.0506779
        ]
      }
    },
    {
      "type": "Feature",
      "properties": {
        "id": 5635300421,
        "tipo": "museo",
        "name": "Degli Sguardi",
        "stars": "",
        "rooms": "",
        "website": ""
      },
      "geometry": {
        "type": "Point",
        "coordinates": [
          12.5482621,
          44.0403362
        ]
      }
    },
    {
      "type": "Feature",
      "properties": {
        "id": 5642859121,
        "tipo": "hotel",
        "name": "Hotel President",
        "stars": "",
        "rooms": "",
        "website": ""
      },
      "geometry": {
        "type": "Point",
        "coordinates": [
          12.5847232,
          44.0632017
        ]
      }
    },
    {
      "type": "Feature",
      "properties": {
        "id": 5650441623,
        "tipo": "hotel",
        "name": "Tamanco",
        "stars": "",
        "rooms": "",
        "website": ""
      },
      "geometry": {
        "type": "Point",
        "coordinates": [
          12.6144667,
          44.0349752
        ]
      }
    },
    {
      "type": "Feature",
      "properties": {
        "id": 5819923859,
        "tipo": "hotel",
        "name": "BEL MARE 3",
        "stars": "",
        "rooms": "",
        "website": ""
      },
      "geometry": {
        "type": "Point",
        "coordinates": [
          12.5945558,
          44.0534095
        ]
      }
    },
    {
      "type": "Feature",
      "properties": {
        "id": 5859219185,
        "tipo": "hotel",
        "name": "Hotel Cuba",
        "stars": "",
        "rooms": "",
        "website": ""
      },
      "geometry": {
        "type": "Point",
        "coordinates": [
          12.6114726,
          44.0391012
        ]
      }
    },
    {
      "type": "Feature",
      "properties": {
        "id": 6307550786,
        "tipo": "hotel",
        "name": "Hotel Aron",
        "stars": "3",
        "rooms": "",
        "website": "https://www.hotelaron.it/it/index/"
      },
      "geometry": {
        "type": "Point",
        "coordinates": [
          12.529394,
          44.0928018
        ]
      }
    },
    {
      "type": "Feature",
      "properties": {
        "id": 6312286486,
        "tipo": "motel",
        "name": "Villa Dina",
        "stars": "",
        "rooms": "",
        "website": ""
      },
      "geometry": {
        "type": "Point",
        "coordinates": [
          12.5655925,
          44.0720511
        ]
      }
    },
    {
      "type": "Feature",
      "properties": {
        "id": 6413714762,
        "tipo": "hotel",
        "name": "Hotel Playa",
        "stars": "",
        "rooms": "",
        "website": ""
      },
      "geometry": {
        "type": "Point",
        "coordinates": [
          12.5267275,
          44.095755
        ]
      }
    },
    {
      "type": "Feature",
      "properties": {
        "id": 6475040386,
        "tipo": "attrazione",
        "name": "Fellinia",
        "stars": "",
        "rooms": "",
        "website": ""
      },
      "geometry": {
        "type": "Point",
        "coordinates": [
          12.5780194,
          44.0721357
        ]
      }
    },
    {
      "type": "Feature",
      "properties": {
        "id": 6566601685,
        "tipo": "attrazione",
        "name": "Porta Montanara",
        "stars": "",
        "rooms": "",
        "website": ""
      },
      "geometry": {
        "type": "Point",
        "coordinates": [
          12.5651809,
          44.0573285
        ]
      }
    },
    {
      "type": "Feature",
      "properties": {
        "id": 6625187280,
        "tipo": "hotel",
        "name": "Residence Lugano",
        "stars": "",
        "rooms": "",
        "website": ""
      },
      "geometry": {
        "type": "Point",
        "coordinates": [
          12.5817297,
          44.0649549
        ]
      }
    },
    {
      "type": "Feature",
      "properties": {
        "id": 7255762563,
        "tipo": "hotel",
        "name": "Carnaby",
        "stars": "",
        "rooms": "",
        "website": "http://www.hotelcarnabyrimini.it/"
      },
      "geometry": {
        "type": "Point",
        "coordinates": [
          12.5438534,
          44.0841624
        ]
      }
    },
    {
      "type": "Feature",
      "properties": {
        "id": 7255762564,
        "tipo": "hotel",
        "name": "Blumen",
        "stars": "",
        "rooms": "",
        "website": "https://www.blumenhotel.com/it/"
      },
      "geometry": {
        "type": "Point",
        "coordinates": [
          12.5424787,
          44.085487
        ]
      }
    },
    {
      "type": "Feature",
      "properties": {
        "id": 7306032570,
        "tipo": "hotel",
        "name": "Blue moon",
        "stars": "",
        "rooms": "",
        "website": ""
      },
      "geometry": {
        "type": "Point",
        "coordinates": [
          12.6070006,
          44.043292
        ]
      }
    },
    {
      "type": "Feature",
      "properties": {
        "id": 7731352486,
        "tipo": "hotel",
        "name": "Hotel Saint Louis Rimini",
        "stars": "3",
        "rooms": "",
        "website": ""
      },
      "geometry": {
        "type": "Point",
        "coordinates": [
          12.6218338,
          44.030908
        ]
      }
    },
    {
      "type": "Feature",
      "properties": {
        "id": 7916066300,
        "tipo": "hotel",
        "name": "Residence Cima",
        "stars": "",
        "rooms": "",
        "website": "https://www.residencecimarimini.it/"
      },
      "geometry": {
        "type": "Point",
        "coordinates": [
          12.5217858,
          44.0980538
        ]
      }
    },
    {
      "type": "Feature",
      "properties": {
        "id": 8790357566,
        "tipo": "bed_and_breakfast",
        "name": "Agriturismo Case Mori",
        "stars": "",
        "rooms": "4",
        "website": "https://www.casemori.it/"
      },
      "geometry": {
        "type": "Point",
        "coordinates": [
          12.5787425,
          44.0246848
        ]
      }
    },
    {
      "type": "Feature",
      "properties": {
        "id": 8993655584,
        "tipo": "museo",
        "name": "Fellini Museum Rimini - Fulgor",
        "stars": "",
        "rooms": "",
        "website": "https://www.fellinimuseum.it/"
      },
      "geometry": {
        "type": "Point",
        "coordinates": [
          12.565504,
          44.0613242
        ]
      }
    },
    {
      "type": "Feature",
      "properties": {
        "id": 8993669544,
        "tipo": "museo",
        "name": "Fellini Museum Rimini - Castel Sismondo",
        "stars": "",
        "rooms": "",
        "website": "https://www.fellinimuseum.it/"
      },
      "geometry": {
        "type": "Point",
        "coordinates": [
          12.5635113,
          44.0597114
        ]
      }
    },
    {
      "type": "Feature",
      "properties": {
        "id": 9001423322,
        "tipo": "hotel",
        "name": "Hotel Aurora",
        "stars": "",
        "rooms": "",
        "website": ""
      },
      "geometry": {
        "type": "Point",
        "coordinates": [
          12.5343185,
          44.0906206
        ]
      }
    },
    {
      "type": "Feature",
      "properties": {
        "id": 9732839833,
        "tipo": "hotel",
        "name": "Hotel Bella Romagna",
        "stars": "",
        "rooms": "",
        "website": "https://hotelbellaromagna.it/"
      },
      "geometry": {
        "type": "Point",
        "coordinates": [
          12.6235878,
          44.0292351
        ]
      }
    },
    {
      "type": "Feature",
      "properties": {
        "id": 9989103417,
        "tipo": "hotel",
        "name": "Hotel Stella d'Italia",
        "stars": "3",
        "rooms": "",
        "website": ""
      },
      "geometry": {
        "type": "Point",
        "coordinates": [
          12.5369455,
          44.0887223
        ]
      }
    },
    {
      "type": "Feature",
      "properties": {
        "id": 10007108190,
        "tipo": "hotel",
        "name": "Albergo Roma Spiaggia",
        "stars": "2",
        "rooms": "25",
        "website": "https://www.romaspiaggia.it/"
      },
      "geometry": {
        "type": "Point",
        "coordinates": [
          12.5360369,
          44.0897688
        ]
      }
    },
    {
      "type": "Feature",
      "properties": {
        "id": 10356249911,
        "tipo": "attrazione",
        "name": "Piazza Sull'acqua",
        "stars": "",
        "rooms": "",
        "website": ""
      },
      "geometry": {
        "type": "Point",
        "coordinates": [
          12.5622723,
          44.0632623
        ]
      }
    },
    {
      "type": "Feature",
      "properties": {
        "id": 10886617443,
        "tipo": "hotel",
        "name": "Hotel Santiago",
        "stars": "",
        "rooms": "",
        "website": ""
      },
      "geometry": {
        "type": "Point",
        "coordinates": [
          12.6103634,
          44.0404252
        ]
      }
    },
    {
      "type": "Feature",
      "properties": {
        "id": 11028358294,
        "tipo": "hotel",
        "name": "Zeus",
        "stars": "3",
        "rooms": "",
        "website": ""
      },
      "geometry": {
        "type": "Point",
        "coordinates": [
          12.5336182,
          44.0914205
        ]
      }
    },
    {
      "type": "Feature",
      "properties": {
        "id": 11028358295,
        "tipo": "hotel",
        "name": "Mirabel",
        "stars": "3",
        "rooms": "",
        "website": ""
      },
      "geometry": {
        "type": "Point",
        "coordinates": [
          12.5341171,
          44.090755
        ]
      }
    },
    {
      "type": "Feature",
      "properties": {
        "id": 11097836003,
        "tipo": "hotel",
        "name": "Hotel Colonna",
        "stars": "",
        "rooms": "",
        "website": ""
      },
      "geometry": {
        "type": "Point",
        "coordinates": [
          12.5355898,
          44.0896915
        ]
      }
    },
    {
      "type": "Feature",
      "properties": {
        "id": 11174726695,
        "tipo": "hotel",
        "name": "Hotel Villa Lalla",
        "stars": "",
        "rooms": "",
        "website": "https://www.villalalla.com/"
      },
      "geometry": {
        "type": "Point",
        "coordinates": [
          12.5768866,
          44.0674115
        ]
      }
    },
    {
      "type": "Feature",
      "properties": {
        "id": 11250434037,
        "tipo": "attrazione",
        "name": "",
        "stars": "",
        "rooms": "",
        "website": ""
      },
      "geometry": {
        "type": "Point",
        "coordinates": [
          12.5648316,
          44.0645932
        ]
      }
    },
    {
      "type": "Feature",
      "properties": {
        "id": 11656297095,
        "tipo": "hotel",
        "name": "Hotel Zurigo",
        "stars": "",
        "rooms": "",
        "website": ""
      },
      "geometry": {
        "type": "Point",
        "coordinates": [
          12.6138856,
          44.0364779
        ]
      }
    },
    {
      "type": "Feature",
      "properties": {
        "id": 11687311700,
        "tipo": "hotel",
        "name": "Bianca Vela",
        "stars": "",
        "rooms": "",
        "website": "https://www.hotelbiancavela.com/"
      },
      "geometry": {
        "type": "Point",
        "coordinates": [
          12.6221135,
          44.0297766
        ]
      }
    },
    {
      "type": "Feature",
      "properties": {
        "id": 11909131469,
        "tipo": "hotel",
        "name": "Hotel Baltic",
        "stars": "",
        "rooms": "",
        "website": ""
      },
      "geometry": {
        "type": "Point",
        "coordinates": [
          12.5890506,
          44.058277
        ]
      }
    },
    {
      "type": "Feature",
      "properties": {
        "id": 12108585228,
        "tipo": "hotel",
        "name": "Piccoli Alberghi di Qualità",
        "stars": "",
        "rooms": "",
        "website": ""
      },
      "geometry": {
        "type": "Point",
        "coordinates": [
          12.5634152,
          44.074752
        ]
      }
    },
    {
      "type": "Feature",
      "properties": {
        "id": 12108655216,
        "tipo": "hotel",
        "name": "Britta",
        "stars": "3",
        "rooms": "",
        "website": ""
      },
      "geometry": {
        "type": "Point",
        "coordinates": [
          12.5529743,
          44.0762683
        ]
      }
    },
    {
      "type": "Feature",
      "properties": {
        "id": 12108655218,
        "tipo": "hotel",
        "name": "Emma",
        "stars": "3",
        "rooms": "",
        "website": ""
      },
      "geometry": {
        "type": "Point",
        "coordinates": [
          12.5523174,
          44.0770274
        ]
      }
    },
    {
      "type": "Feature",
      "properties": {
        "id": 12108655219,
        "tipo": "hotel",
        "name": "Doriana",
        "stars": "3",
        "rooms": "",
        "website": ""
      },
      "geometry": {
        "type": "Point",
        "coordinates": [
          12.5521322,
          44.0771316
        ]
      }
    },
    {
      "type": "Feature",
      "properties": {
        "id": 12108655221,
        "tipo": "hotel",
        "name": "Sabbia D'Oro",
        "stars": "2",
        "rooms": "",
        "website": ""
      },
      "geometry": {
        "type": "Point",
        "coordinates": [
          12.5511888,
          44.0779231
        ]
      }
    },
    {
      "type": "Feature",
      "properties": {
        "id": 12108655222,
        "tipo": "hotel",
        "name": "Rimini Suite Hotel",
        "stars": "4",
        "rooms": "",
        "website": ""
      },
      "geometry": {
        "type": "Point",
        "coordinates": [
          12.5504301,
          44.0782654
        ]
      }
    },
    {
      "type": "Feature",
      "properties": {
        "id": 12108655223,
        "tipo": "hotel",
        "name": "Beppe",
        "stars": "3",
        "rooms": "",
        "website": ""
      },
      "geometry": {
        "type": "Point",
        "coordinates": [
          12.5508604,
          44.0780851
        ]
      }
    },
    {
      "type": "Feature",
      "properties": {
        "id": 12108655224,
        "tipo": "hotel",
        "name": "Criss",
        "stars": "3",
        "rooms": "",
        "website": ""
      },
      "geometry": {
        "type": "Point",
        "coordinates": [
          12.5508777,
          44.0785606
        ]
      }
    },
    {
      "type": "Feature",
      "properties": {
        "id": 12108655225,
        "tipo": "hotel",
        "name": "Houston",
        "stars": "3",
        "rooms": "",
        "website": ""
      },
      "geometry": {
        "type": "Point",
        "coordinates": [
          12.5512899,
          44.0784633
        ]
      }
    },
    {
      "type": "Feature",
      "properties": {
        "id": 12140746684,
        "tipo": "hotel",
        "name": "Residence Le viole",
        "stars": "",
        "rooms": "",
        "website": ""
      },
      "geometry": {
        "type": "Point",
        "coordinates": [
          12.5272583,
          44.0954821
        ]
      }
    },
    {
      "type": "Feature",
      "properties": {
        "id": 12158365247,
        "tipo": "hotel",
        "name": "Hotel Litz",
        "stars": "3",
        "rooms": "",
        "website": "https://hotellitz.it"
      },
      "geometry": {
        "type": "Point",
        "coordinates": [
          12.523098,
          44.0975965
        ]
      }
    },
    {
      "type": "Feature",
      "properties": {
        "id": 12158365249,
        "tipo": "hotel",
        "name": "Albergo Lucy",
        "stars": "",
        "rooms": "",
        "website": "http://www.albergolucy.it/"
      },
      "geometry": {
        "type": "Point",
        "coordinates": [
          12.5235415,
          44.0982866
        ]
      }
    },
    {
      "type": "Feature",
      "properties": {
        "id": 12158365250,
        "tipo": "hotel",
        "name": "Hotel Ridens",
        "stars": "",
        "rooms": "",
        "website": "http://www.hotelridens.it/"
      },
      "geometry": {
        "type": "Point",
        "coordinates": [
          12.5204808,
          44.1005978
        ]
      }
    },
    {
      "type": "Feature",
      "properties": {
        "id": 12169807574,
        "tipo": "hotel",
        "name": "Residence Belvedere Vista",
        "stars": "",
        "rooms": "",
        "website": "https://www.residencebelvedererimini.it/"
      },
      "geometry": {
        "type": "Point",
        "coordinates": [
          12.5272634,
          44.0959191
        ]
      }
    },
    {
      "type": "Feature",
      "properties": {
        "id": 12169908463,
        "tipo": "hotel",
        "name": "Gardenia",
        "stars": "3",
        "rooms": "",
        "website": ""
      },
      "geometry": {
        "type": "Point",
        "coordinates": [
          12.5093612,
          44.1094464
        ]
      }
    },
    {
      "type": "Feature",
      "properties": {
        "id": 12169908464,
        "tipo": "hotel",
        "name": "Ida",
        "stars": "3",
        "rooms": "",
        "website": ""
      },
      "geometry": {
        "type": "Point",
        "coordinates": [
          12.5096465,
          44.109226
        ]
      }
    },
    {
      "type": "Feature",
      "properties": {
        "id": 12169908465,
        "tipo": "hotel",
        "name": "Platinum",
        "stars": "3",
        "rooms": "",
        "website": ""
      },
      "geometry": {
        "type": "Point",
        "coordinates": [
          12.5101748,
          44.108837
        ]
      }
    },
    {
      "type": "Feature",
      "properties": {
        "id": 12169908466,
        "tipo": "hotel",
        "name": "Numi",
        "stars": "",
        "rooms": "",
        "website": ""
      },
      "geometry": {
        "type": "Point",
        "coordinates": [
          12.5097924,
          44.1086371
        ]
      }
    },
    {
      "type": "Feature",
      "properties": {
        "id": 12169908467,
        "tipo": "hotel",
        "name": "Sonne",
        "stars": "",
        "rooms": "",
        "website": ""
      },
      "geometry": {
        "type": "Point",
        "coordinates": [
          12.5088997,
          44.1084679
        ]
      }
    },
    {
      "type": "Feature",
      "properties": {
        "id": 12169908468,
        "tipo": "hotel",
        "name": "What Else",
        "stars": "",
        "rooms": "",
        "website": ""
      },
      "geometry": {
        "type": "Point",
        "coordinates": [
          12.5106807,
          44.1083873
        ]
      }
    },
    {
      "type": "Feature",
      "properties": {
        "id": 12169908469,
        "tipo": "hotel",
        "name": "Baldinini",
        "stars": "",
        "rooms": "",
        "website": ""
      },
      "geometry": {
        "type": "Point",
        "coordinates": [
          12.5123457,
          44.1076546
        ]
      }
    },
    {
      "type": "Feature",
      "properties": {
        "id": 12169908472,
        "tipo": "hotel",
        "name": "Villa Mauri",
        "stars": "2",
        "rooms": "",
        "website": ""
      },
      "geometry": {
        "type": "Point",
        "coordinates": [
          12.5071604,
          44.1114345
        ]
      }
    },
    {
      "type": "Feature",
      "properties": {
        "id": 12512835970,
        "tipo": "hotel",
        "name": "Hotel Susanna",
        "stars": "",
        "rooms": "",
        "website": "https://www.hotelsusanna.com/"
      },
      "geometry": {
        "type": "Point",
        "coordinates": [
          12.5330797,
          44.0898966
        ]
      }
    },
    {
      "type": "Feature",
      "properties": {
        "id": 12820837724,
        "tipo": "hotel",
        "name": "Americana Beach House",
        "stars": "",
        "rooms": "",
        "website": ""
      },
      "geometry": {
        "type": "Point",
        "coordinates": [
          12.5413305,
          44.0857584
        ]
      }
    },
    {
      "type": "Feature",
      "properties": {
        "id": 12890423101,
        "tipo": "hotel",
        "name": "Luxor",
        "stars": "",
        "rooms": "",
        "website": ""
      },
      "geometry": {
        "type": "Point",
        "coordinates": [
          12.583804,
          44.0620149
        ]
      }
    },
    {
      "type": "Feature",
      "properties": {
        "id": 12969286601,
        "tipo": "hotel",
        "name": "Le Spiagge",
        "stars": "",
        "rooms": "",
        "website": ""
      },
      "geometry": {
        "type": "Point",
        "coordinates": [
          12.5820332,
          44.0657216
        ]
      }
    },
    {
      "type": "Feature",
      "properties": {
        "id": 12988429226,
        "tipo": "hotel",
        "name": "Conti",
        "stars": "",
        "rooms": "",
        "website": ""
      },
      "geometry": {
        "type": "Point",
        "coordinates": [
          12.5081692,
          44.1083735
        ]
      }
    },
    {
      "type": "Feature",
      "properties": {
        "id": 13057446795,
        "tipo": "hotel",
        "name": "Panama Majestic",
        "stars": "",
        "rooms": "",
        "website": "https://www.hotelpanamamajestic.it/"
      },
      "geometry": {
        "type": "Point",
        "coordinates": [
          12.5944595,
          44.0547236
        ]
      }
    },
    {
      "type": "Feature",
      "properties": {
        "id": 13089103701,
        "tipo": "hotel",
        "name": "Renzo",
        "stars": "",
        "rooms": "",
        "website": ""
      },
      "geometry": {
        "type": "Point",
        "coordinates": [
          12.5410237,
          44.0860566
        ]
      }
    },
    {
      "type": "Feature",
      "properties": {
        "id": 13089430479,
        "tipo": "museo",
        "name": "Museo della città di Rimini Luigi Tonini",
        "stars": "",
        "rooms": "",
        "website": "https://museicomunalirimini.it/"
      },
      "geometry": {
        "type": "Point",
        "coordinates": [
          12.5670344,
          44.0624889
        ]
      }
    },
    {
      "type": "Feature",
      "properties": {
        "id": 13358795073,
        "tipo": "hotel",
        "name": "Picador",
        "stars": "",
        "rooms": "",
        "website": "https://www.hotelpicador.com/"
      },
      "geometry": {
        "type": "Point",
        "coordinates": [
          12.5858707,
          44.0565261
        ]
      }
    },
    {
      "type": "Feature",
      "properties": {
        "id": 13383528163,
        "tipo": "ostello",
        "name": "Monastero Natività di Maria",
        "stars": "",
        "rooms": "",
        "website": ""
      },
      "geometry": {
        "type": "Point",
        "coordinates": [
          12.5681821,
          44.0583712
        ]
      }
    },
    {
      "type": "Feature",
      "properties": {
        "id": 13432008542,
        "tipo": "hotel",
        "name": "Aria",
        "stars": "",
        "rooms": "",
        "website": "https://www.ariahotel.it/"
      },
      "geometry": {
        "type": "Point",
        "coordinates": [
          12.5763657,
          44.0692304
        ]
      }
    },
    {
      "type": "Feature",
      "properties": {
        "id": 183082652,
        "tipo": "hotel",
        "name": "Grand Hotel di Rimini",
        "stars": ""
      },
      "geometry": {
        "type": "Polygon",
        "coordinates": [
          [
            [
              12.5770495,
              44.0731496
            ],
            [
              12.5773982,
              44.072795
            ],
            [
              12.5773949,
              44.0725802
            ],
            [
              12.5775358,
              44.072362
            ],
            [
              12.5773495,
              44.0721846
            ],
            [
              12.5770769,
              44.0719143
            ],
            [
              12.5767912,
              44.0720648
            ],
            [
              12.5765524,
              44.0722018
            ],
            [
              12.5764614,
              44.0722541
            ],
            [
              12.5757499,
              44.0726625
            ],
            [
              12.5760797,
              44.0729769
            ],
            [
              12.5766015,
              44.0734743
            ],
            [
              12.5770495,
              44.0731496
            ]
          ]
        ]
      }
    },
    {
      "type": "Feature",
      "properties": {
        "id": 183132577,
        "tipo": "hotel",
        "name": "Hotel Junior",
        "stars": ""
      },
      "geometry": {
        "type": "Polygon",
        "coordinates": [
          [
            [
              12.5849277,
              44.0617765
            ],
            [
              12.5851786,
              44.0615119
            ],
            [
              12.5850239,
              44.0614395
            ],
            [
              12.5849848,
              44.0614769
            ],
            [
              12.5848105,
              44.0613909
            ],
            [
              12.5846896,
              44.0615094
            ],
            [
              12.5846522,
              44.0614903
            ],
            [
              12.5845528,
              44.0615907
            ],
            [
              12.5849277,
              44.0617765
            ]
          ]
        ]
      }
    },
    {
      "type": "Feature",
      "properties": {
        "id": 223787531,
        "tipo": "hotel",
        "name": "Hotel Prestige",
        "stars": ""
      },
      "geometry": {
        "type": "Polygon",
        "coordinates": [
          [
            [
              12.5676474,
              44.073229
            ],
            [
              12.5677232,
              44.0733475
            ],
            [
              12.5677912,
              44.0733213
            ],
            [
              12.5677961,
              44.073329
            ],
            [
              12.5678549,
              44.0733094
            ],
            [
              12.5678359,
              44.0732797
            ],
            [
              12.5678645,
              44.0732702
            ],
            [
              12.5677865,
              44.0731482
            ],
            [
              12.5677536,
              44.0731592
            ],
            [
              12.5677679,
              44.0731816
            ],
            [
              12.5677023,
              44.0732034
            ],
            [
              12.5677062,
              44.0732094
            ],
            [
              12.5676474,
              44.073229
            ]
          ]
        ]
      }
    },
    {
      "type": "Feature",
      "properties": {
        "id": 223787673,
        "tipo": "hotel",
        "name": "Club Hotel St. Gregory Park",
        "stars": ""
      },
      "geometry": {
        "type": "Polygon",
        "coordinates": [
          [
            [
              12.5693432,
              44.0737889
            ],
            [
              12.5693737,
              44.0738354
            ],
            [
              12.5693511,
              44.073843
            ],
            [
              12.5693609,
              44.073858
            ],
            [
              12.5693745,
              44.0738533
            ],
            [
              12.5693907,
              44.073878
            ],
            [
              12.5693781,
              44.0738823
            ],
            [
              12.569399,
              44.0739141
            ],
            [
              12.5694128,
              44.0739093
            ],
            [
              12.5694276,
              44.0739319
            ],
            [
              12.5694127,
              44.073937
            ],
            [
              12.569432,
              44.0739666
            ],
            [
              12.5694448,
              44.0739622
            ],
            [
              12.5694692,
              44.0739994
            ],
            [
              12.5694868,
              44.0739933
            ],
            [
              12.5694949,
              44.0740058
            ],
            [
              12.5695252,
              44.0739953
            ],
            [
              12.56952,
              44.0739875
            ],
            [
              12.5696333,
              44.0739487
            ],
            [
              12.5695997,
              44.0738976
            ],
            [
              12.5697817,
              44.0738353
            ],
            [
              12.5697884,
              44.0738455
            ],
            [
              12.569822,
              44.073834
            ],
            [
              12.5697732,
              44.0737599
            ],
            [
              12.5698169,
              44.0737449
            ],
            [
              12.5697587,
              44.0736488
            ],
            [
              12.5695548,
              44.0737185
            ],
            [
              12.5695592,
              44.0737252
            ],
            [
              12.5693951,
              44.0737811
            ],
            [
              12.5693898,
              44.0737731
            ],
            [
              12.5693432,
              44.0737889
            ]
          ]
        ]
      }
    },
    {
      "type": "Feature",
      "properties": {
        "id": 223787742,
        "tipo": "hotel",
        "name": "Hotel Smarty - Mondo REC",
        "stars": ""
      },
      "geometry": {
        "type": "Polygon",
        "coordinates": [
          [
            [
              12.5681168,
              44.0735718
            ],
            [
              12.5682435,
              44.0737713
            ],
            [
              12.5683931,
              44.0737221
            ],
            [
              12.5682671,
              44.0735236
            ],
            [
              12.5681168,
              44.0735718
            ]
          ]
        ]
      }
    },
    {
      "type": "Feature",
      "properties": {
        "id": 223787957,
        "tipo": "hotel",
        "name": "Demo Hotel Design Emotion",
        "stars": ""
      },
      "geometry": {
        "type": "Polygon",
        "coordinates": [
          [
            [
              12.5675194,
              44.073005
            ],
            [
              12.5676045,
              44.0731378
            ],
            [
              12.5677342,
              44.0730974
            ],
            [
              12.5676477,
              44.0729623
            ],
            [
              12.5675194,
              44.073005
            ]
          ]
        ]
      }
    },
    {
      "type": "Feature",
      "properties": {
        "id": 223788004,
        "tipo": "hotel",
        "name": "Hotel Spring",
        "stars": ""
      },
      "geometry": {
        "type": "Polygon",
        "coordinates": [
          [
            [
              12.5680738,
              44.0738931
            ],
            [
              12.5681639,
              44.074035
            ],
            [
              12.5682876,
              44.0739923
            ],
            [
              12.5681986,
              44.0738519
            ],
            [
              12.5680738,
              44.0738931
            ]
          ]
        ]
      }
    },
    {
      "type": "Feature",
      "properties": {
        "id": 223788488,
        "tipo": "hotel",
        "name": "Hotel Betty",
        "stars": ""
      },
      "geometry": {
        "type": "Polygon",
        "coordinates": [
          [
            [
              12.5677812,
              44.0734183
            ],
            [
              12.567885,
              44.0735818
            ],
            [
              12.56799,
              44.0735462
            ],
            [
              12.5679552,
              44.0734915
            ],
            [
              12.5679851,
              44.0734817
            ],
            [
              12.5679588,
              44.0734402
            ],
            [
              12.567952,
              44.0734425
            ],
            [
              12.5679098,
              44.0733758
            ],
            [
              12.5677812,
              44.0734183
            ]
          ]
        ]
      }
    },
    {
      "type": "Feature",
      "properties": {
        "id": 223791878,
        "tipo": "hotel",
        "name": "Hotel Accademia",
        "stars": ""
      },
      "geometry": {
        "type": "Polygon",
        "coordinates": [
          [
            [
              12.5603527,
              44.0748439
            ],
            [
              12.5604971,
              44.0750369
            ],
            [
              12.5606217,
              44.0749884
            ],
            [
              12.5605541,
              44.0748982
            ],
            [
              12.5605951,
              44.0748821
            ],
            [
              12.5606782,
              44.0749926
            ],
            [
              12.56074,
              44.0749684
            ],
            [
              12.5605958,
              44.0747773
            ],
            [
              12.5604445,
              44.0748367
            ],
            [
              12.5604274,
              44.0748141
            ],
            [
              12.5603527,
              44.0748439
            ]
          ]
        ]
      }
    },
    {
      "type": "Feature",
      "properties": {
        "id": 223792012,
        "tipo": "hotel",
        "name": "Albergo Aquila",
        "stars": ""
      },
      "geometry": {
        "type": "Polygon",
        "coordinates": [
          [
            [
              12.5321469,
              44.0923619
            ],
            [
              12.5322812,
              44.0924596
            ],
            [
              12.5323272,
              44.0924268
            ],
            [
              12.5324297,
              44.0923537
            ],
            [
              12.5324443,
              44.0923433
            ],
            [
              12.5323203,
              44.092253
            ],
            [
              12.5323048,
              44.092264
            ],
            [
              12.5322867,
              44.0922507
            ],
            [
              12.532155,
              44.0923442
            ],
            [
              12.5321633,
              44.0923502
            ],
            [
              12.5321469,
              44.0923619
            ]
          ]
        ]
      }
    },
    {
      "type": "Feature",
      "properties": {
        "id": 223792041,
        "tipo": "hotel",
        "name": "Mexico",
        "stars": "3"
      },
      "geometry": {
        "type": "Polygon",
        "coordinates": [
          [
            [
              12.5052305,
              44.1126562
            ],
            [
              12.5052402,
              44.1127009
            ],
            [
              12.5054158,
              44.1128129
            ],
            [
              12.505434,
              44.1128101
            ],
            [
              12.505466,
              44.1128316
            ],
            [
              12.5055639,
              44.1127547
            ],
            [
              12.5055233,
              44.1127278
            ],
            [
              12.5055247,
              44.1127148
            ],
            [
              12.5053553,
              44.1126086
            ],
            [
              12.5053017,
              44.1126069
            ],
            [
              12.5052305,
              44.1126562
            ]
          ]
        ]
      }
    },
    {
      "type": "Feature",
      "properties": {
        "id": 223792068,
        "tipo": "hotel",
        "name": "Hotel Marylise",
        "stars": ""
      },
      "geometry": {
        "type": "Polygon",
        "coordinates": [
          [
            [
              12.5609392,
              44.0750225
            ],
            [
              12.5609685,
              44.0750837
            ],
            [
              12.5610024,
              44.0750751
            ],
            [
              12.5610799,
              44.0752345
            ],
            [
              12.5611552,
              44.0752155
            ],
            [
              12.5612247,
              44.0751979
            ],
            [
              12.5611815,
              44.0751091
            ],
            [
              12.5611375,
              44.0751201
            ],
            [
              12.5611083,
              44.0750596
            ],
            [
              12.5611425,
              44.075051
            ],
            [
              12.5611068,
              44.0749807
            ],
            [
              12.5609392,
              44.0750225
            ]
          ]
        ]
      }
    },
    {
      "type": "Feature",
      "properties": {
        "id": 223792207,
        "tipo": "hotel",
        "name": "Hotel Lido",
        "stars": ""
      },
      "geometry": {
        "type": "Polygon",
        "coordinates": [
          [
            [
              12.536302,
              44.0895119
            ],
            [
              12.5364325,
              44.0896099
            ],
            [
              12.5364494,
              44.0895982
            ],
            [
              12.5365001,
              44.0896361
            ],
            [
              12.5366868,
              44.0895064
            ],
            [
              12.5366364,
              44.0894687
            ],
            [
              12.5366593,
              44.0894528
            ],
            [
              12.5365552,
              44.0893749
            ],
            [
              12.5364702,
              44.0894338
            ],
            [
              12.5364138,
              44.0893915
            ],
            [
              12.5362911,
              44.0894788
            ],
            [
              12.5363193,
              44.0894999
            ],
            [
              12.536302,
              44.0895119
            ]
          ]
        ]
      }
    },
    {
      "type": "Feature",
      "properties": {
        "id": 223792289,
        "tipo": "hotel",
        "name": "Tyc",
        "stars": "3"
      },
      "geometry": {
        "type": "Polygon",
        "coordinates": [
          [
            [
              12.5079936,
              44.1103534
            ],
            [
              12.5081467,
              44.1104221
            ],
            [
              12.508235,
              44.1105048
            ],
            [
              12.5083067,
              44.1104929
            ],
            [
              12.5083368,
              44.1104681
            ],
            [
              12.5083562,
              44.1104042
            ],
            [
              12.5082423,
              44.1103605
            ],
            [
              12.5081961,
              44.1103326
            ],
            [
              12.5081224,
              44.110263
            ],
            [
              12.5080473,
              44.1102797
            ],
            [
              12.5080183,
              44.1103032
            ],
            [
              12.5079936,
              44.1103534
            ]
          ]
        ]
      }
    },
    {
      "type": "Feature",
      "properties": {
        "id": 223792545,
        "tipo": "hotel",
        "name": "Color Punta Nord Family Village",
        "stars": ""
      },
      "geometry": {
        "type": "Polygon",
        "coordinates": [
          [
            [
              12.5037262,
              44.1123762
            ],
            [
              12.5039322,
              44.1125423
            ],
            [
              12.503888,
              44.1125707
            ],
            [
              12.5039673,
              44.1126346
            ],
            [
              12.5040153,
              44.1126037
            ],
            [
              12.5042779,
              44.1128155
            ],
            [
              12.5044165,
              44.1127263
            ],
            [
              12.5043704,
              44.1126891
            ],
            [
              12.5044365,
              44.1126466
            ],
            [
              12.5044532,
              44.1126602
            ],
            [
              12.5044774,
              44.1126446
            ],
            [
              12.5044678,
              44.1126369
            ],
            [
              12.5046673,
              44.1125085
            ],
            [
              12.5044755,
              44.1123538
            ],
            [
              12.5042668,
              44.1124882
            ],
            [
              12.5039496,
              44.1122324
            ],
            [
              12.5037262,
              44.1123762
            ]
          ]
        ]
      }
    },
    {
      "type": "Feature",
      "properties": {
        "id": 223792709,
        "tipo": "bed_and_breakfast",
        "name": "",
        "stars": ""
      },
      "geometry": {
        "type": "Polygon",
        "coordinates": [
          [
            [
              12.5596499,
              44.0754555
            ],
            [
              12.5597056,
              44.0754694
            ],
            [
              12.5597,
              44.075497
            ],
            [
              12.5597586,
              44.0755099
            ],
            [
              12.5597496,
              44.0755382
            ],
            [
              12.559819,
              44.075551
            ],
            [
              12.5599984,
              44.0754774
            ],
            [
              12.5600174,
              44.0754283
            ],
            [
              12.5599886,
              44.0754205
            ],
            [
              12.5600053,
              44.0753771
            ],
            [
              12.559971,
              44.075367
            ],
            [
              12.5599776,
              44.075322
            ],
            [
              12.5598919,
              44.0753094
            ],
            [
              12.5598428,
              44.0753889
            ],
            [
              12.5598845,
              44.0754089
            ],
            [
              12.5598753,
              44.0754203
            ],
            [
              12.5598102,
              44.075442
            ],
            [
              12.5597915,
              44.0754345
            ],
            [
              12.5597972,
              44.0754152
            ],
            [
              12.5596759,
              44.0753949
            ],
            [
              12.5596499,
              44.0754555
            ]
          ]
        ]
      }
    },
    {
      "type": "Feature",
      "properties": {
        "id": 223792716,
        "tipo": "hotel",
        "name": "Hotel Diana",
        "stars": ""
      },
      "geometry": {
        "type": "Polygon",
        "coordinates": [
          [
            [
              12.5316224,
              44.0926459
            ],
            [
              12.5316809,
              44.0926907
            ],
            [
              12.5316641,
              44.092702
            ],
            [
              12.5318039,
              44.0928091
            ],
            [
              12.5318911,
              44.0927505
            ],
            [
              12.5319106,
              44.0927655
            ],
            [
              12.5320326,
              44.0926834
            ],
            [
              12.5320065,
              44.0926634
            ],
            [
              12.5321601,
              44.09256
            ],
            [
              12.5321843,
              44.0925786
            ],
            [
              12.5322463,
              44.0925369
            ],
            [
              12.5321048,
              44.0924285
            ],
            [
              12.5319244,
              44.09255
            ],
            [
              12.5318997,
              44.0925311
            ],
            [
              12.5317733,
              44.0926162
            ],
            [
              12.5317234,
              44.0925779
            ],
            [
              12.5316224,
              44.0926459
            ]
          ]
        ]
      }
    },
    {
      "type": "Feature",
      "properties": {
        "id": 223792778,
        "tipo": "hotel",
        "name": "Hotel Fiera",
        "stars": ""
      },
      "geometry": {
        "type": "Polygon",
        "coordinates": [
          [
            [
              12.5271872,
              44.0694229
            ],
            [
              12.5271923,
              44.0694653
            ],
            [
              12.5272145,
              44.0694942
            ],
            [
              12.5272489,
              44.0695116
            ],
            [
              12.5272979,
              44.0695156
            ],
            [
              12.5273411,
              44.0695087
            ],
            [
              12.5273808,
              44.0694853
            ],
            [
              12.5274883,
              44.0693082
            ],
            [
              12.5275245,
              44.0693126
            ],
            [
              12.5275447,
              44.0693064
            ],
            [
              12.5275565,
              44.0692894
            ],
            [
              12.5276965,
              44.0693128
            ],
            [
              12.5277475,
              44.0693076
            ],
            [
              12.5277824,
              44.0692898
            ],
            [
              12.5278088,
              44.0692594
            ],
            [
              12.5278084,
              44.0692095
            ],
            [
              12.5277809,
              44.0691789
            ],
            [
              12.5277336,
              44.0691601
            ],
            [
              12.5276874,
              44.0691597
            ],
            [
              12.5274964,
              44.069184
            ],
            [
              12.527379,
              44.0689806
            ],
            [
              12.5273444,
              44.0689595
            ],
            [
              12.5273157,
              44.0689511
            ],
            [
              12.5272823,
              44.0689503
            ],
            [
              12.5272417,
              44.0689589
            ],
            [
              12.5272047,
              44.0689841
            ],
            [
              12.5271885,
              44.0690142
            ],
            [
              12.5271986,
              44.0690546
            ],
            [
              12.5273809,
              44.0692283
            ],
            [
              12.5271872,
              44.0694229
            ]
          ]
        ]
      }
    },
    {
      "type": "Feature",
      "properties": {
        "id": 223792892,
        "tipo": "bed_and_breakfast",
        "name": "Casa Anna",
        "stars": ""
      },
      "geometry": {
        "type": "Polygon",
        "coordinates": [
          [
            [
              12.5601072,
              44.0741254
            ],
            [
              12.5602358,
              44.0742917
            ],
            [
              12.5603478,
              44.0742467
            ],
            [
              12.5602192,
              44.0740805
            ],
            [
              12.5601072,
              44.0741254
            ]
          ]
        ]
      }
    },
    {
      "type": "Feature",
      "properties": {
        "id": 223793066,
        "tipo": "hotel",
        "name": "Hotel Seven",
        "stars": ""
      },
      "geometry": {
        "type": "Polygon",
        "coordinates": [
          [
            [
              12.5131495,
              44.1040826
            ],
            [
              12.5132694,
              44.104156
            ],
            [
              12.5134605,
              44.1039942
            ],
            [
              12.5133405,
              44.1039207
            ],
            [
              12.5131495,
              44.1040826
            ]
          ]
        ]
      }
    },
    {
      "type": "Feature",
      "properties": {
        "id": 223793324,
        "tipo": "hotel",
        "name": "Imperial Beach",
        "stars": ""
      },
      "geometry": {
        "type": "Polygon",
        "coordinates": [
          [
            [
              12.5587305,
              44.0762234
            ],
            [
              12.5588547,
              44.0763863
            ],
            [
              12.559107,
              44.0762863
            ],
            [
              12.5589828,
              44.0761234
            ],
            [
              12.5587305,
              44.0762234
            ]
          ]
        ]
      }
    },
    {
      "type": "Feature",
      "properties": {
        "id": 223793668,
        "tipo": "hotel",
        "name": "B&B Villa Lauda",
        "stars": ""
      },
      "geometry": {
        "type": "Polygon",
        "coordinates": [
          [
            [
              12.5607836,
              44.0748983
            ],
            [
              12.5608616,
              44.0749883
            ],
            [
              12.5610393,
              44.0749081
            ],
            [
              12.5609614,
              44.0748182
            ],
            [
              12.5607836,
              44.0748983
            ]
          ]
        ]
      }
    },
    {
      "type": "Feature",
      "properties": {
        "id": 223793752,
        "tipo": "hotel",
        "name": "Hotel Carol",
        "stars": "3"
      },
      "geometry": {
        "type": "Polygon",
        "coordinates": [
          [
            [
              12.5600725,
              44.074413
            ],
            [
              12.5601683,
              44.0745444
            ],
            [
              12.5604777,
              44.0744272
            ],
            [
              12.5603819,
              44.0742958
            ],
            [
              12.5600725,
              44.074413
            ]
          ]
        ]
      }
    },
    {
      "type": "Feature",
      "properties": {
        "id": 223793938,
        "tipo": "hotel",
        "name": "Avila",
        "stars": "3"
      },
      "geometry": {
        "type": "Polygon",
        "coordinates": [
          [
            [
              12.5055083,
              44.1124362
            ],
            [
              12.5057865,
              44.1126103
            ],
            [
              12.5059096,
              44.1125082
            ],
            [
              12.5056285,
              44.1123322
            ],
            [
              12.5055083,
              44.1124362
            ]
          ]
        ]
      }
    },
    {
      "type": "Feature",
      "properties": {
        "id": 223794325,
        "tipo": "hotel",
        "name": "Villa Grazia",
        "stars": ""
      },
      "geometry": {
        "type": "Polygon",
        "coordinates": [
          [
            [
              12.5606254,
              44.0745646
            ],
            [
              12.5606737,
              44.0746468
            ],
            [
              12.560817,
              44.0746029
            ],
            [
              12.5607688,
              44.0745208
            ],
            [
              12.5606254,
              44.0745646
            ]
          ]
        ]
      }
    },
    {
      "type": "Feature",
      "properties": {
        "id": 223794713,
        "tipo": "hotel",
        "name": "Albergo Rosa",
        "stars": ""
      },
      "geometry": {
        "type": "Polygon",
        "coordinates": [
          [
            [
              12.5606387,
              44.0751936
            ],
            [
              12.5607111,
              44.0753337
            ],
            [
              12.5608302,
              44.0753016
            ],
            [
              12.5607578,
              44.0751615
            ],
            [
              12.5606387,
              44.0751936
            ]
          ]
        ]
      }
    },
    {
      "type": "Feature",
      "properties": {
        "id": 223795416,
        "tipo": "hotel",
        "name": "Doge",
        "stars": "3"
      },
      "geometry": {
        "type": "Polygon",
        "coordinates": [
          [
            [
              12.508507,
              44.1099825
            ],
            [
              12.5087377,
              44.1101215
            ],
            [
              12.5088306,
              44.1100414
            ],
            [
              12.5086009,
              44.1099017
            ],
            [
              12.508507,
              44.1099825
            ]
          ]
        ]
      }
    },
    {
      "type": "Feature",
      "properties": {
        "id": 223795549,
        "tipo": "hotel",
        "name": "Palazzo Caveja",
        "stars": "3"
      },
      "geometry": {
        "type": "Polygon",
        "coordinates": [
          [
            [
              12.5045776,
              44.1132442
            ],
            [
              12.5048472,
              44.1134091
            ],
            [
              12.5049877,
              44.1132906
            ],
            [
              12.5047182,
              44.1131258
            ],
            [
              12.5045776,
              44.1132442
            ]
          ]
        ]
      }
    },
    {
      "type": "Feature",
      "properties": {
        "id": 223795730,
        "tipo": "hotel",
        "name": "Albergo Buda",
        "stars": ""
      },
      "geometry": {
        "type": "Polygon",
        "coordinates": [
          [
            [
              12.5606537,
              44.0747721
            ],
            [
              12.5607354,
              44.0748771
            ],
            [
              12.5609285,
              44.0747876
            ],
            [
              12.5608718,
              44.074715
            ],
            [
              12.5607466,
              44.0747657
            ],
            [
              12.5607281,
              44.074742
            ],
            [
              12.5606537,
              44.0747721
            ]
          ]
        ]
      }
    },
    {
      "type": "Feature",
      "properties": {
        "id": 223796017,
        "tipo": "hotel",
        "name": "Hotel Laika",
        "stars": ""
      },
      "geometry": {
        "type": "Polygon",
        "coordinates": [
          [
            [
              12.5611331,
              44.0754277
            ],
            [
              12.5611968,
              44.0755424
            ],
            [
              12.5614371,
              44.0754758
            ],
            [
              12.561395,
              44.075397
            ],
            [
              12.5612774,
              44.0754296
            ],
            [
              12.561258,
              44.0753933
            ],
            [
              12.5611331,
              44.0754277
            ]
          ]
        ]
      }
    },
    {
      "type": "Feature",
      "properties": {
        "id": 223796044,
        "tipo": "hotel",
        "name": "Piper",
        "stars": ""
      },
      "geometry": {
        "type": "Polygon",
        "coordinates": [
          [
            [
              12.5049881,
              44.1128747
            ],
            [
              12.5052722,
              44.1130563
            ],
            [
              12.5053878,
              44.1129618
            ],
            [
              12.5052097,
              44.1128486
            ],
            [
              12.5052227,
              44.112838
            ],
            [
              12.5051166,
              44.1127702
            ],
            [
              12.5049881,
              44.1128747
            ]
          ]
        ]
      }
    },
    {
      "type": "Feature",
      "properties": {
        "id": 223796086,
        "tipo": "hotel",
        "name": "Hotel Anversa",
        "stars": ""
      },
      "geometry": {
        "type": "Polygon",
        "coordinates": [
          [
            [
              12.5590795,
              44.0742914
            ],
            [
              12.559285,
              44.0745482
            ],
            [
              12.559393,
              44.0745053
            ],
            [
              12.5593504,
              44.0744465
            ],
            [
              12.5593934,
              44.0744259
            ],
            [
              12.5592131,
              44.0742014
            ],
            [
              12.5590795,
              44.0742914
            ]
          ]
        ]
      }
    },
    {
      "type": "Feature",
      "properties": {
        "id": 223796591,
        "tipo": "hotel",
        "name": "Estate",
        "stars": ""
      },
      "geometry": {
        "type": "Polygon",
        "coordinates": [
          [
            [
              12.5110675,
              44.1084645
            ],
            [
              12.5112085,
              44.108553
            ],
            [
              12.5113105,
              44.1084686
            ],
            [
              12.5114008,
              44.1085252
            ],
            [
              12.5114707,
              44.1084674
            ],
            [
              12.5112393,
              44.1083222
            ],
            [
              12.5110675,
              44.1084645
            ]
          ]
        ]
      }
    },
    {
      "type": "Feature",
      "properties": {
        "id": 223796992,
        "tipo": "bed_and_breakfast",
        "name": "",
        "stars": ""
      },
      "geometry": {
        "type": "Polygon",
        "coordinates": [
          [
            [
              12.5602609,
              44.0740231
            ],
            [
              12.5604509,
              44.0742398
            ],
            [
              12.560577,
              44.0741823
            ],
            [
              12.5605262,
              44.0741244
            ],
            [
              12.560563,
              44.0741075
            ],
            [
              12.5604864,
              44.0740208
            ],
            [
              12.5604416,
              44.0740412
            ],
            [
              12.5603817,
              44.0739732
            ],
            [
              12.5602609,
              44.0740231
            ]
          ]
        ]
      }
    },
    {
      "type": "Feature",
      "properties": {
        "id": 223797488,
        "tipo": "hotel",
        "name": "Rosati",
        "stars": "3"
      },
      "geometry": {
        "type": "Polygon",
        "coordinates": [
          [
            [
              12.5057615,
              44.1122704
            ],
            [
              12.5059245,
              44.1123726
            ],
            [
              12.5059112,
              44.1123836
            ],
            [
              12.5060057,
              44.112443
            ],
            [
              12.5061504,
              44.1123232
            ],
            [
              12.5060556,
              44.1122639
            ],
            [
              12.5060072,
              44.112304
            ],
            [
              12.5058441,
              44.112202
            ],
            [
              12.5057615,
              44.1122704
            ]
          ]
        ]
      }
    },
    {
      "type": "Feature",
      "properties": {
        "id": 223797628,
        "tipo": "bed_and_breakfast",
        "name": "Residence Frontemare",
        "stars": ""
      },
      "geometry": {
        "type": "Polygon",
        "coordinates": [
          [
            [
              12.5060689,
              44.1120747
            ],
            [
              12.5061592,
              44.1121312
            ],
            [
              12.5061294,
              44.112156
            ],
            [
              12.5062481,
              44.1122302
            ],
            [
              12.5063599,
              44.1121374
            ],
            [
              12.5061509,
              44.1120066
            ],
            [
              12.5060689,
              44.1120747
            ]
          ]
        ]
      }
    },
    {
      "type": "Feature",
      "properties": {
        "id": 223797654,
        "tipo": "hotel",
        "name": "Hotel Del Vecchio",
        "stars": ""
      },
      "geometry": {
        "type": "Polygon",
        "coordinates": [
          [
            [
              12.5605216,
              44.0750634
            ],
            [
              12.5605886,
              44.0751533
            ],
            [
              12.5607432,
              44.0750978
            ],
            [
              12.560732,
              44.075076
            ],
            [
              12.5607605,
              44.0750675
            ],
            [
              12.5607862,
              44.075099
            ],
            [
              12.5608605,
              44.0750727
            ],
            [
              12.5608054,
              44.0749939
            ],
            [
              12.5605216,
              44.0750634
            ]
          ]
        ]
      }
    },
    {
      "type": "Feature",
      "properties": {
        "id": 223797913,
        "tipo": "hotel",
        "name": "Vannini",
        "stars": "3"
      },
      "geometry": {
        "type": "Polygon",
        "coordinates": [
          [
            [
              12.5080711,
              44.1087484
            ],
            [
              12.5081104,
              44.1087731
            ],
            [
              12.5081292,
              44.1087684
            ],
            [
              12.5084338,
              44.1089565
            ],
            [
              12.5085303,
              44.1088763
            ],
            [
              12.508172,
              44.108652
            ],
            [
              12.5080734,
              44.1087339
            ],
            [
              12.508082,
              44.1087393
            ],
            [
              12.5080711,
              44.1087484
            ]
          ]
        ]
      }
    },
    {
      "type": "Feature",
      "properties": {
        "id": 223807242,
        "tipo": "hotel",
        "name": "Armstrong",
        "stars": ""
      },
      "geometry": {
        "type": "Polygon",
        "coordinates": [
          [
            [
              12.6096497,
              44.0406237
            ],
            [
              12.6099133,
              44.0407814
            ],
            [
              12.6098959,
              44.0407965
            ],
            [
              12.6100052,
              44.0408619
            ],
            [
              12.6100421,
              44.0408298
            ],
            [
              12.6100722,
              44.0408036
            ],
            [
              12.6101905,
              44.0406982
            ],
            [
              12.6100826,
              44.0406352
            ],
            [
              12.6100187,
              44.0406906
            ],
            [
              12.6097546,
              44.0405325
            ],
            [
              12.6096497,
              44.0406237
            ]
          ]
        ]
      }
    },
    {
      "type": "Feature",
      "properties": {
        "id": 223807314,
        "tipo": "hotel",
        "name": "Hotel Marebello",
        "stars": ""
      },
      "geometry": {
        "type": "Polygon",
        "coordinates": [
          [
            [
              12.6073997,
              44.0423719
            ],
            [
              12.6075672,
              44.0424685
            ],
            [
              12.6077091,
              44.0423404
            ],
            [
              12.6075643,
              44.0422569
            ],
            [
              12.6075487,
              44.042271
            ],
            [
              12.6075321,
              44.0422614
            ],
            [
              12.6074977,
              44.0422922
            ],
            [
              12.6075357,
              44.0423143
            ],
            [
              12.6075035,
              44.0423431
            ],
            [
              12.6074602,
              44.0423178
            ],
            [
              12.6073997,
              44.0423719
            ]
          ]
        ]
      }
    },
    {
      "type": "Feature",
      "properties": {
        "id": 223807367,
        "tipo": "hotel",
        "name": "Hotel Villa Lieta",
        "stars": ""
      },
      "geometry": {
        "type": "Polygon",
        "coordinates": [
          [
            [
              12.6055057,
              44.0426133
            ],
            [
              12.6055334,
              44.0426293
            ],
            [
              12.6056707,
              44.0427088
            ],
            [
              12.605807,
              44.0425861
            ],
            [
              12.6058013,
              44.0425828
            ],
            [
              12.6057586,
              44.0425581
            ],
            [
              12.6057704,
              44.0425474
            ],
            [
              12.6056627,
              44.0424872
            ],
            [
              12.6056524,
              44.0424814
            ],
            [
              12.6055926,
              44.0425352
            ],
            [
              12.6055057,
              44.0426133
            ]
          ]
        ]
      }
    },
    {
      "type": "Feature",
      "properties": {
        "id": 223807453,
        "tipo": "hotel",
        "name": "Albergo Reno",
        "stars": ""
      },
      "geometry": {
        "type": "Polygon",
        "coordinates": [
          [
            [
              12.6083359,
              44.0395842
            ],
            [
              12.6084361,
              44.0396466
            ],
            [
              12.6084484,
              44.0396362
            ],
            [
              12.6084651,
              44.0396463
            ],
            [
              12.6086026,
              44.0395318
            ],
            [
              12.6085866,
              44.0395218
            ],
            [
              12.6085983,
              44.0395121
            ],
            [
              12.6084821,
              44.03944
            ],
            [
              12.6084454,
              44.0394708
            ],
            [
              12.6084605,
              44.0394802
            ],
            [
              12.6083359,
              44.0395842
            ]
          ]
        ]
      }
    },
    {
      "type": "Feature",
      "properties": {
        "id": 223807540,
        "tipo": "hotel",
        "name": "Hotel Executive La Fiorita",
        "stars": "4"
      },
      "geometry": {
        "type": "Polygon",
        "coordinates": [
          [
            [
              12.6216999,
              44.0315249
            ],
            [
              12.6219095,
              44.0316601
            ],
            [
              12.6219755,
              44.0316075
            ],
            [
              12.6218822,
              44.0315465
            ],
            [
              12.6220026,
              44.0314506
            ],
            [
              12.6220933,
              44.0315099
            ],
            [
              12.6221792,
              44.0314413
            ],
            [
              12.6221195,
              44.0314025
            ],
            [
              12.6221351,
              44.0313898
            ],
            [
              12.6219856,
              44.0312937
            ],
            [
              12.6216999,
              44.0315249
            ]
          ]
        ]
      }
    },
    {
      "type": "Feature",
      "properties": {
        "id": 223807576,
        "tipo": "hotel",
        "name": "Hotel Romantica Rimini",
        "stars": ""
      },
      "geometry": {
        "type": "Polygon",
        "coordinates": [
          [
            [
              12.6082754,
              44.0398248
            ],
            [
              12.6083835,
              44.0398899
            ],
            [
              12.6084229,
              44.0398557
            ],
            [
              12.6085024,
              44.0399034
            ],
            [
              12.6086137,
              44.0398043
            ],
            [
              12.608439,
              44.0396997
            ],
            [
              12.6083448,
              44.0397814
            ],
            [
              12.6083335,
              44.0397746
            ],
            [
              12.6082754,
              44.0398248
            ]
          ]
        ]
      }
    },
    {
      "type": "Feature",
      "properties": {
        "id": 223807596,
        "tipo": "hotel",
        "name": "Londra",
        "stars": "2"
      },
      "geometry": {
        "type": "Polygon",
        "coordinates": [
          [
            [
              12.6211367,
              44.0292514
            ],
            [
              12.6211792,
              44.0292798
            ],
            [
              12.6211628,
              44.0292923
            ],
            [
              12.6212033,
              44.0293195
            ],
            [
              12.6212964,
              44.0292472
            ],
            [
              12.6214452,
              44.0293472
            ],
            [
              12.621546,
              44.0292712
            ],
            [
              12.621359,
              44.0291456
            ],
            [
              12.6212507,
              44.0292295
            ],
            [
              12.6212047,
              44.0291987
            ],
            [
              12.6211367,
              44.0292514
            ]
          ]
        ]
      }
    },
    {
      "type": "Feature",
      "properties": {
        "id": 223807712,
        "tipo": "hotel",
        "name": "Ascot",
        "stars": ""
      },
      "geometry": {
        "type": "Polygon",
        "coordinates": [
          [
            [
              12.6252942,
              44.0286562
            ],
            [
              12.6253262,
              44.0286774
            ],
            [
              12.6253048,
              44.028694
            ],
            [
              12.6254749,
              44.0288031
            ],
            [
              12.6256835,
              44.028639
            ],
            [
              12.6257,
              44.0286499
            ],
            [
              12.62589,
              44.0285004
            ],
            [
              12.6257774,
              44.0284259
            ],
            [
              12.6255887,
              44.0285742
            ],
            [
              12.6255366,
              44.0285398
            ],
            [
              12.6254161,
              44.0286344
            ],
            [
              12.625365,
              44.0286006
            ],
            [
              12.6252942,
              44.0286562
            ]
          ]
        ]
      }
    },
    {
      "type": "Feature",
      "properties": {
        "id": 223807713,
        "tipo": "hotel",
        "name": "Hotel Jumbo",
        "stars": ""
      },
      "geometry": {
        "type": "Polygon",
        "coordinates": [
          [
            [
              12.6084095,
              44.0413737
            ],
            [
              12.6084224,
              44.0414024
            ],
            [
              12.6088955,
              44.0416918
            ],
            [
              12.6089185,
              44.0416868
            ],
            [
              12.6089163,
              44.0416725
            ],
            [
              12.6089427,
              44.0416524
            ],
            [
              12.608963,
              44.0416546
            ],
            [
              12.6089647,
              44.0416333
            ],
            [
              12.6085164,
              44.0413224
            ],
            [
              12.6084824,
              44.0413193
            ],
            [
              12.6084819,
              44.0413306
            ],
            [
              12.6084275,
              44.0413727
            ],
            [
              12.6084095,
              44.0413737
            ]
          ]
        ]
      }
    },
    {
      "type": "Feature",
      "properties": {
        "id": 223807744,
        "tipo": "hotel",
        "name": "Hotel Morfeo",
        "stars": ""
      },
      "geometry": {
        "type": "Polygon",
        "coordinates": [
          [
            [
              12.6050895,
              44.0420205
            ],
            [
              12.6051123,
              44.0420337
            ],
            [
              12.6051038,
              44.0420412
            ],
            [
              12.6051337,
              44.042059
            ],
            [
              12.6051425,
              44.0420511
            ],
            [
              12.6051751,
              44.0420702
            ],
            [
              12.605166,
              44.0420782
            ],
            [
              12.6051931,
              44.0420943
            ],
            [
              12.6052031,
              44.0420854
            ],
            [
              12.6052258,
              44.0420986
            ],
            [
              12.6053119,
              44.0420214
            ],
            [
              12.6053297,
              44.0420316
            ],
            [
              12.6053798,
              44.041987
            ],
            [
              12.6052259,
              44.0418979
            ],
            [
              12.6050895,
              44.0420205
            ]
          ]
        ]
      }
    },
    {
      "type": "Feature",
      "properties": {
        "id": 223808045,
        "tipo": "hotel",
        "name": "Hotel La Fenice",
        "stars": ""
      },
      "geometry": {
        "type": "Polygon",
        "coordinates": [
          [
            [
              12.6070173,
              44.0412128
            ],
            [
              12.6071931,
              44.0413197
            ],
            [
              12.6073296,
              44.0412027
            ],
            [
              12.6071538,
              44.0410959
            ],
            [
              12.6070173,
              44.0412128
            ]
          ]
        ]
      }
    },
    {
      "type": "Feature",
      "properties": {
        "id": 223808165,
        "tipo": "hotel",
        "name": "Hotel Vernel",
        "stars": ""
      },
      "geometry": {
        "type": "Polygon",
        "coordinates": [
          [
            [
              12.6070856,
              44.041966
            ],
            [
              12.6072246,
              44.042044
            ],
            [
              12.6073821,
              44.0418979
            ],
            [
              12.6072432,
              44.0418199
            ],
            [
              12.6070856,
              44.041966
            ]
          ]
        ]
      }
    },
    {
      "type": "Feature",
      "properties": {
        "id": 223808300,
        "tipo": "hotel",
        "name": "Hotel Sans souci",
        "stars": ""
      },
      "geometry": {
        "type": "Polygon",
        "coordinates": [
          [
            [
              12.606973,
              44.0421393
            ],
            [
              12.6071543,
              44.0422431
            ],
            [
              12.6072818,
              44.0421274
            ],
            [
              12.6071005,
              44.0420236
            ],
            [
              12.606973,
              44.0421393
            ]
          ]
        ]
      }
    },
    {
      "type": "Feature",
      "properties": {
        "id": 223808448,
        "tipo": "hotel",
        "name": "Albergo Blanes hotel",
        "stars": ""
      },
      "geometry": {
        "type": "Polygon",
        "coordinates": [
          [
            [
              12.6081042,
              44.0397179
            ],
            [
              12.6082379,
              44.0398013
            ],
            [
              12.6083893,
              44.0396749
            ],
            [
              12.6082557,
              44.0395915
            ],
            [
              12.6081042,
              44.0397179
            ]
          ]
        ]
      }
    },
    {
      "type": "Feature",
      "properties": {
        "id": 223808614,
        "tipo": "hotel",
        "name": "Hotel John",
        "stars": ""
      },
      "geometry": {
        "type": "Polygon",
        "coordinates": [
          [
            [
              12.6083151,
              44.0401746
            ],
            [
              12.6084374,
              44.0402523
            ],
            [
              12.6085532,
              44.0401574
            ],
            [
              12.6084309,
              44.0400797
            ],
            [
              12.6083151,
              44.0401746
            ]
          ]
        ]
      }
    },
    {
      "type": "Feature",
      "properties": {
        "id": 223808621,
        "tipo": "hotel",
        "name": "Sunflower beach backpacker",
        "stars": ""
      },
      "geometry": {
        "type": "Polygon",
        "coordinates": [
          [
            [
              12.6047922,
              44.042873
            ],
            [
              12.6049152,
              44.0429401
            ],
            [
              12.6050722,
              44.0427901
            ],
            [
              12.6049491,
              44.0427231
            ],
            [
              12.6047922,
              44.042873
            ]
          ]
        ]
      }
    },
    {
      "type": "Feature",
      "properties": {
        "id": 223808653,
        "tipo": "hotel",
        "name": "Hotel Nanni",
        "stars": ""
      },
      "geometry": {
        "type": "Polygon",
        "coordinates": [
          [
            [
              12.6079282,
              44.0396059
            ],
            [
              12.6080509,
              44.0396792
            ],
            [
              12.6081957,
              44.039553
            ],
            [
              12.6080731,
              44.0394796
            ],
            [
              12.6079282,
              44.0396059
            ]
          ]
        ]
      }
    },
    {
      "type": "Feature",
      "properties": {
        "id": 223808674,
        "tipo": "hotel",
        "name": "Hotel Ravello",
        "stars": ""
      },
      "geometry": {
        "type": "Polygon",
        "coordinates": [
          [
            [
              12.6076565,
              44.0422779
            ],
            [
              12.6078365,
              44.0423851
            ],
            [
              12.6079936,
              44.0422481
            ],
            [
              12.6078135,
              44.0421409
            ],
            [
              12.6076565,
              44.0422779
            ]
          ]
        ]
      }
    },
    {
      "type": "Feature",
      "properties": {
        "id": 223808751,
        "tipo": "hotel",
        "name": "Condor",
        "stars": "3"
      },
      "geometry": {
        "type": "Polygon",
        "coordinates": [
          [
            [
              12.6213639,
              44.0289604
            ],
            [
              12.6214693,
              44.0290284
            ],
            [
              12.6216295,
              44.0288994
            ],
            [
              12.6215242,
              44.0288313
            ],
            [
              12.6213639,
              44.0289604
            ]
          ]
        ]
      }
    },
    {
      "type": "Feature",
      "properties": {
        "id": 223808777,
        "tipo": "hotel",
        "name": "Hotel Ervill",
        "stars": ""
      },
      "geometry": {
        "type": "Polygon",
        "coordinates": [
          [
            [
              12.6052461,
              44.0433163
            ],
            [
              12.6053835,
              44.0433959
            ],
            [
              12.6055923,
              44.0432084
            ],
            [
              12.6054549,
              44.0431288
            ],
            [
              12.6052461,
              44.0433163
            ]
          ]
        ]
      }
    },
    {
      "type": "Feature",
      "properties": {
        "id": 223808797,
        "tipo": "hotel",
        "name": "Hotel Colon",
        "stars": ""
      },
      "geometry": {
        "type": "Polygon",
        "coordinates": [
          [
            [
              12.6047985,
              44.0431529
            ],
            [
              12.6049513,
              44.0432372
            ],
            [
              12.6052995,
              44.0429089
            ],
            [
              12.6051466,
              44.0428246
            ],
            [
              12.6047985,
              44.0431529
            ]
          ]
        ]
      }
    },
    {
      "type": "Feature",
      "properties": {
        "id": 223808918,
        "tipo": "hotel",
        "name": "Hotel Plaza",
        "stars": ""
      },
      "geometry": {
        "type": "Polygon",
        "coordinates": [
          [
            [
              12.61509,
              44.0353667
            ],
            [
              12.6152735,
              44.0354824
            ],
            [
              12.6153754,
              44.0353981
            ],
            [
              12.615192,
              44.0352824
            ],
            [
              12.61509,
              44.0353667
            ]
          ]
        ]
      }
    },
    {
      "type": "Feature",
      "properties": {
        "id": 223808960,
        "tipo": "hotel",
        "name": "Hotel Nanni Garnì",
        "stars": ""
      },
      "geometry": {
        "type": "Polygon",
        "coordinates": [
          [
            [
              12.608161,
              44.0394695
            ],
            [
              12.6082683,
              44.0395338
            ],
            [
              12.608409,
              44.0394117
            ],
            [
              12.6083019,
              44.0393474
            ],
            [
              12.608161,
              44.0394695
            ]
          ]
        ]
      }
    },
    {
      "type": "Feature",
      "properties": {
        "id": 223809535,
        "tipo": "hotel",
        "name": "Hotel Naica",
        "stars": ""
      },
      "geometry": {
        "type": "Polygon",
        "coordinates": [
          [
            [
              12.6045679,
              44.0430805
            ],
            [
              12.604683,
              44.0431453
            ],
            [
              12.6048432,
              44.042997
            ],
            [
              12.604728,
              44.0429323
            ],
            [
              12.6045679,
              44.0430805
            ]
          ]
        ]
      }
    },
    {
      "type": "Feature",
      "properties": {
        "id": 223809861,
        "tipo": "hotel",
        "name": "Hotel Clan",
        "stars": "2"
      },
      "geometry": {
        "type": "Polygon",
        "coordinates": [
          [
            [
              12.6079229,
              44.0400343
            ],
            [
              12.6080444,
              44.040112
            ],
            [
              12.6082166,
              44.0399719
            ],
            [
              12.6080952,
              44.0398941
            ],
            [
              12.6079229,
              44.0400343
            ]
          ]
        ]
      }
    },
    {
      "type": "Feature",
      "properties": {
        "id": 223810004,
        "tipo": "hotel",
        "name": "Hotel Centrale Miramare",
        "stars": "3"
      },
      "geometry": {
        "type": "Polygon",
        "coordinates": [
          [
            [
              12.6223595,
              44.0309932
            ],
            [
              12.6224922,
              44.0310831
            ],
            [
              12.622646,
              44.0309657
            ],
            [
              12.6227098,
              44.0310089
            ],
            [
              12.6228608,
              44.0308937
            ],
            [
              12.6226643,
              44.0307606
            ],
            [
              12.6223595,
              44.0309932
            ]
          ]
        ]
      }
    },
    {
      "type": "Feature",
      "properties": {
        "id": 223810007,
        "tipo": "hotel",
        "name": "Hotel Giannini",
        "stars": "3"
      },
      "geometry": {
        "type": "Polygon",
        "coordinates": [
          [
            [
              12.6221801,
              44.0311607
            ],
            [
              12.6223764,
              44.0312873
            ],
            [
              12.6225091,
              44.03118
            ],
            [
              12.6223128,
              44.0310535
            ],
            [
              12.6221801,
              44.0311607
            ]
          ]
        ]
      }
    },
    {
      "type": "Feature",
      "properties": {
        "id": 223810185,
        "tipo": "hotel",
        "name": "Hotel Oletta",
        "stars": ""
      },
      "geometry": {
        "type": "Polygon",
        "coordinates": [
          [
            [
              12.5977773,
              44.0486242
            ],
            [
              12.5979379,
              44.0487012
            ],
            [
              12.5980478,
              44.048582
            ],
            [
              12.5978873,
              44.048505
            ],
            [
              12.5978778,
              44.0485153
            ],
            [
              12.5977883,
              44.0486123
            ],
            [
              12.5977773,
              44.0486242
            ]
          ]
        ]
      }
    },
    {
      "type": "Feature",
      "properties": {
        "id": 223810221,
        "tipo": "hotel",
        "name": "Hotel Kelly",
        "stars": ""
      },
      "geometry": {
        "type": "Polygon",
        "coordinates": [
          [
            [
              12.6062831,
              44.0427009
            ],
            [
              12.6063893,
              44.0427633
            ],
            [
              12.6065388,
              44.0426325
            ],
            [
              12.6064803,
              44.0425977
            ],
            [
              12.6064645,
              44.0426114
            ],
            [
              12.6064188,
              44.0425838
            ],
            [
              12.6062831,
              44.0427009
            ]
          ]
        ]
      }
    },
    {
      "type": "Feature",
      "properties": {
        "id": 223810370,
        "tipo": "hotel",
        "name": "Hotel Madison",
        "stars": ""
      },
      "geometry": {
        "type": "Polygon",
        "coordinates": [
          [
            [
              12.6085101,
              44.0399734
            ],
            [
              12.6086511,
              44.0400595
            ],
            [
              12.6088278,
              44.0399087
            ],
            [
              12.6086867,
              44.0398227
            ],
            [
              12.6085101,
              44.0399734
            ]
          ]
        ]
      }
    },
    {
      "type": "Feature",
      "properties": {
        "id": 223810447,
        "tipo": "hotel",
        "name": "Hotel Bacco",
        "stars": ""
      },
      "geometry": {
        "type": "Polygon",
        "coordinates": [
          [
            [
              12.6076618,
              44.0393932
            ],
            [
              12.607738,
              44.0394311
            ],
            [
              12.6078756,
              44.0392869
            ],
            [
              12.6079173,
              44.0393076
            ],
            [
              12.6080315,
              44.0392118
            ],
            [
              12.6079057,
              44.0391382
            ],
            [
              12.6076618,
              44.0393932
            ]
          ]
        ]
      }
    },
    {
      "type": "Feature",
      "properties": {
        "id": 223810487,
        "tipo": "hotel",
        "name": "Hotel Mia",
        "stars": "3"
      },
      "geometry": {
        "type": "Polygon",
        "coordinates": [
          [
            [
              12.6212243,
              44.0312147
            ],
            [
              12.621443,
              44.0313554
            ],
            [
              12.621563,
              44.0312583
            ],
            [
              12.621485,
              44.0312081
            ],
            [
              12.6214754,
              44.0312157
            ],
            [
              12.6213341,
              44.0311248
            ],
            [
              12.6212243,
              44.0312147
            ]
          ]
        ]
      }
    },
    {
      "type": "Feature",
      "properties": {
        "id": 223810663,
        "tipo": "hotel",
        "name": "Hotel Ombretta mare",
        "stars": ""
      },
      "geometry": {
        "type": "Polygon",
        "coordinates": [
          [
            [
              12.6069376,
              44.0418613
            ],
            [
              12.6070632,
              44.0419358
            ],
            [
              12.6072172,
              44.0417972
            ],
            [
              12.6070586,
              44.0417035
            ],
            [
              12.6069675,
              44.0417837
            ],
            [
              12.6070025,
              44.0418044
            ],
            [
              12.6069376,
              44.0418613
            ]
          ]
        ]
      }
    },
    {
      "type": "Feature",
      "properties": {
        "id": 223810688,
        "tipo": "hotel",
        "name": "Carlton Beach",
        "stars": "3"
      },
      "geometry": {
        "type": "Polygon",
        "coordinates": [
          [
            [
              12.6070258,
              44.0437466
            ],
            [
              12.6073203,
              44.0439235
            ],
            [
              12.6074275,
              44.0438306
            ],
            [
              12.6071331,
              44.0436537
            ],
            [
              12.6071267,
              44.0436566
            ],
            [
              12.6070258,
              44.0437466
            ]
          ]
        ]
      }
    },
    {
      "type": "Feature",
      "properties": {
        "id": 223810704,
        "tipo": "hotel",
        "name": "Hotel Gioiella",
        "stars": ""
      },
      "geometry": {
        "type": "Polygon",
        "coordinates": [
          [
            [
              12.6165395,
              44.0335632
            ],
            [
              12.6166001,
              44.0336012
            ],
            [
              12.6165677,
              44.0336254
            ],
            [
              12.6166561,
              44.0336818
            ],
            [
              12.6167912,
              44.0335715
            ],
            [
              12.6166437,
              44.0334775
            ],
            [
              12.6165395,
              44.0335632
            ]
          ]
        ]
      }
    },
    {
      "type": "Feature",
      "properties": {
        "id": 223810755,
        "tipo": "hotel",
        "name": "Bergamo",
        "stars": "3"
      },
      "geometry": {
        "type": "Polygon",
        "coordinates": [
          [
            [
              12.6215136,
              44.0290648
            ],
            [
              12.621668,
              44.029168
            ],
            [
              12.6218343,
              44.0290383
            ],
            [
              12.6217238,
              44.0289644
            ],
            [
              12.6216509,
              44.0290212
            ],
            [
              12.6216068,
              44.0289917
            ],
            [
              12.6215136,
              44.0290648
            ]
          ]
        ]
      }
    },
    {
      "type": "Feature",
      "properties": {
        "id": 223810794,
        "tipo": "hotel",
        "name": "Hotel Liù",
        "stars": ""
      },
      "geometry": {
        "type": "Polygon",
        "coordinates": [
          [
            [
              12.6077473,
              44.0399474
            ],
            [
              12.607782,
              44.039968
            ],
            [
              12.6077674,
              44.0399807
            ],
            [
              12.6078424,
              44.0400254
            ],
            [
              12.6080435,
              44.0398498
            ],
            [
              12.6079325,
              44.0397841
            ],
            [
              12.6077473,
              44.0399474
            ]
          ]
        ]
      }
    },
    {
      "type": "Feature",
      "properties": {
        "id": 223810923,
        "tipo": "hotel",
        "name": "Hotel Villa Cecchini",
        "stars": ""
      },
      "geometry": {
        "type": "Polygon",
        "coordinates": [
          [
            [
              12.6084331,
              44.0405251
            ],
            [
              12.608492,
              44.0405598
            ],
            [
              12.6084835,
              44.0405671
            ],
            [
              12.6085313,
              44.0405932
            ],
            [
              12.6086658,
              44.0404744
            ],
            [
              12.6085608,
              44.0404125
            ],
            [
              12.6084331,
              44.0405251
            ]
          ]
        ]
      }
    },
    {
      "type": "Feature",
      "properties": {
        "id": 223811026,
        "tipo": "hotel",
        "name": "Hotel Terminal Palace & Spa",
        "stars": "4"
      },
      "geometry": {
        "type": "Polygon",
        "coordinates": [
          [
            [
              12.6206484,
              44.0323266
            ],
            [
              12.620813,
              44.0324343
            ],
            [
              12.6208838,
              44.0323779
            ],
            [
              12.6209528,
              44.032423
            ],
            [
              12.6211282,
              44.0322833
            ],
            [
              12.6211102,
              44.0322715
            ],
            [
              12.6211479,
              44.0322416
            ],
            [
              12.6209376,
              44.0320968
            ],
            [
              12.6206484,
              44.0323266
            ]
          ]
        ]
      }
    },
    {
      "type": "Feature",
      "properties": {
        "id": 223811030,
        "tipo": "hotel",
        "name": "Hotel The Sea",
        "stars": ""
      },
      "geometry": {
        "type": "Polygon",
        "coordinates": [
          [
            [
              12.6077662,
              44.0395161
            ],
            [
              12.6078224,
              44.0395491
            ],
            [
              12.6078292,
              44.039543
            ],
            [
              12.6078846,
              44.0395751
            ],
            [
              12.6079704,
              44.039498
            ],
            [
              12.6079824,
              44.0395049
            ],
            [
              12.6080421,
              44.0394511
            ],
            [
              12.6079186,
              44.0393813
            ],
            [
              12.6077662,
              44.0395161
            ]
          ]
        ]
      }
    },
    {
      "type": "Feature",
      "properties": {
        "id": 223811477,
        "tipo": "hotel",
        "name": "",
        "stars": ""
      },
      "geometry": {
        "type": "Polygon",
        "coordinates": [
          [
            [
              12.6075153,
              44.0421244
            ],
            [
              12.607575,
              44.0421592
            ],
            [
              12.6075638,
              44.0421691
            ],
            [
              12.6076569,
              44.042224
            ],
            [
              12.6077537,
              44.0421384
            ],
            [
              12.6076691,
              44.0420886
            ],
            [
              12.607681,
              44.042078
            ],
            [
              12.60761,
              44.0420395
            ],
            [
              12.6075153,
              44.0421244
            ]
          ]
        ]
      }
    },
    {
      "type": "Feature",
      "properties": {
        "id": 223826359,
        "tipo": "hotel",
        "name": "Aqua",
        "stars": "4"
      },
      "geometry": {
        "type": "Polygon",
        "coordinates": [
          [
            [
              12.5770883,
              44.0691914
            ],
            [
              12.5774215,
              44.0695058
            ],
            [
              12.5774607,
              44.0694939
            ],
            [
              12.5775061,
              44.069474
            ],
            [
              12.5775462,
              44.069449
            ],
            [
              12.5775801,
              44.0694195
            ],
            [
              12.5772454,
              44.0691077
            ],
            [
              12.5771978,
              44.0691256
            ],
            [
              12.5771535,
              44.0691473
            ],
            [
              12.577113,
              44.0691727
            ],
            [
              12.5770883,
              44.0691914
            ]
          ]
        ]
      }
    },
    {
      "type": "Feature",
      "properties": {
        "id": 223826425,
        "tipo": "hotel",
        "name": "Ferretti Beach Hotel",
        "stars": ""
      },
      "geometry": {
        "type": "Polygon",
        "coordinates": [
          [
            [
              12.5896746,
              44.0598233
            ],
            [
              12.5897992,
              44.0598895
            ],
            [
              12.5899831,
              44.0597094
            ],
            [
              12.589898,
              44.0596649
            ],
            [
              12.5899136,
              44.0596469
            ],
            [
              12.5898116,
              44.0595932
            ],
            [
              12.5897566,
              44.0596475
            ],
            [
              12.5898045,
              44.0596728
            ],
            [
              12.5896884,
              44.0597872
            ],
            [
              12.5897033,
              44.0597951
            ],
            [
              12.5896746,
              44.0598233
            ]
          ]
        ]
      }
    },
    {
      "type": "Feature",
      "properties": {
        "id": 223826428,
        "tipo": "hotel",
        "name": "La Gradisca",
        "stars": ""
      },
      "geometry": {
        "type": "Polygon",
        "coordinates": [
          [
            [
              12.5805607,
              44.0666747
            ],
            [
              12.5807101,
              44.0667704
            ],
            [
              12.5808493,
              44.0666574
            ],
            [
              12.5808827,
              44.0666787
            ],
            [
              12.581007,
              44.0665779
            ],
            [
              12.5808054,
              44.0664488
            ],
            [
              12.5806785,
              44.066556
            ],
            [
              12.5806943,
              44.0665662
            ],
            [
              12.5805607,
              44.0666747
            ]
          ]
        ]
      }
    },
    {
      "type": "Feature",
      "properties": {
        "id": 223826550,
        "tipo": "hotel",
        "name": "Residenza Parco Fellini",
        "stars": ""
      },
      "geometry": {
        "type": "Polygon",
        "coordinates": [
          [
            [
              12.5760651,
              44.0717386
            ],
            [
              12.5761699,
              44.0718367
            ],
            [
              12.5762285,
              44.0718044
            ],
            [
              12.5763356,
              44.0719046
            ],
            [
              12.5762776,
              44.0719367
            ],
            [
              12.5763836,
              44.0720359
            ],
            [
              12.5765902,
              44.0719219
            ],
            [
              12.5762723,
              44.0716244
            ],
            [
              12.5760651,
              44.0717386
            ]
          ]
        ]
      }
    },
    {
      "type": "Feature",
      "properties": {
        "id": 223826598,
        "tipo": "hotel",
        "name": "Hotel Liliana",
        "stars": ""
      },
      "geometry": {
        "type": "Polygon",
        "coordinates": [
          [
            [
              12.5873044,
              44.0571631
            ],
            [
              12.5874788,
              44.0572687
            ],
            [
              12.5876301,
              44.057139
            ],
            [
              12.5877505,
              44.0572123
            ],
            [
              12.5878497,
              44.0571276
            ],
            [
              12.5876577,
              44.0570108
            ],
            [
              12.5874947,
              44.0571501
            ],
            [
              12.5874602,
              44.0571292
            ],
            [
              12.5874866,
              44.0571066
            ],
            [
              12.5874184,
              44.0570652
            ],
            [
              12.5873044,
              44.0571631
            ]
          ]
        ]
      }
    },
    {
      "type": "Feature",
      "properties": {
        "id": 223826603,
        "tipo": "hotel",
        "name": "Astoria Suite Hotel",
        "stars": ""
      },
      "geometry": {
        "type": "Polygon",
        "coordinates": [
          [
            [
              12.5782793,
              44.0692552
            ],
            [
              12.5783253,
              44.0692734
            ],
            [
              12.5782847,
              44.069322
            ],
            [
              12.5784528,
              44.0694164
            ],
            [
              12.5785195,
              44.0693428
            ],
            [
              12.5784614,
              44.0693155
            ],
            [
              12.5785445,
              44.0692235
            ],
            [
              12.5785085,
              44.0692067
            ],
            [
              12.5786134,
              44.0690901
            ],
            [
              12.578484,
              44.0690265
            ],
            [
              12.5782793,
              44.0692552
            ]
          ]
        ]
      }
    },
    {
      "type": "Feature",
      "properties": {
        "id": 223826847,
        "tipo": "hotel",
        "name": "Remin Plaza hotel",
        "stars": ""
      },
      "geometry": {
        "type": "Polygon",
        "coordinates": [
          [
            [
              12.596234,
              44.0539639
            ],
            [
              12.5963243,
              44.0538709
            ],
            [
              12.5959674,
              44.0536883
            ],
            [
              12.5958729,
              44.0537809
            ],
            [
              12.596234,
              44.0539639
            ]
          ]
        ]
      }
    },
    {
      "type": "Feature",
      "properties": {
        "id": 223826938,
        "tipo": "hotel",
        "name": "Hotel Continental e Dei Congressi",
        "stars": ""
      },
      "geometry": {
        "type": "Polygon",
        "coordinates": [
          [
            [
              12.5830385,
              44.0660555
            ],
            [
              12.5833642,
              44.0662517
            ],
            [
              12.5834352,
              44.0661881
            ],
            [
              12.5834485,
              44.0661974
            ],
            [
              12.5835271,
              44.0661297
            ],
            [
              12.5833091,
              44.0659983
            ],
            [
              12.5833875,
              44.0659307
            ],
            [
              12.5832671,
              44.0658582
            ],
            [
              12.5830385,
              44.0660555
            ]
          ]
        ]
      }
    },
    {
      "type": "Feature",
      "properties": {
        "id": 223827242,
        "tipo": "hotel",
        "name": "Hotel Sporting",
        "stars": ""
      },
      "geometry": {
        "type": "Polygon",
        "coordinates": [
          [
            [
              12.5797099,
              44.0693393
            ],
            [
              12.5797877,
              44.0693719
            ],
            [
              12.5797819,
              44.0693791
            ],
            [
              12.5798747,
              44.0694185
            ],
            [
              12.5801143,
              44.0691251
            ],
            [
              12.5799366,
              44.0690468
            ],
            [
              12.5798711,
              44.0691281
            ],
            [
              12.5799226,
              44.0691498
            ],
            [
              12.5798591,
              44.0692287
            ],
            [
              12.5798141,
              44.0692099
            ],
            [
              12.5797099,
              44.0693393
            ]
          ]
        ]
      }
    },
    {
      "type": "Feature",
      "properties": {
        "id": 223827318,
        "tipo": "hotel",
        "name": "Hotel Stella Polare",
        "stars": ""
      },
      "geometry": {
        "type": "Polygon",
        "coordinates": [
          [
            [
              12.5955541,
              44.0543156
            ],
            [
              12.5956216,
              44.0543514
            ],
            [
              12.5956273,
              44.0543458
            ],
            [
              12.5956495,
              44.0543239
            ],
            [
              12.5957294,
              44.0543662
            ],
            [
              12.5959473,
              44.0541522
            ],
            [
              12.5957993,
              44.0540747
            ],
            [
              12.5957209,
              44.0541519
            ],
            [
              12.5958012,
              44.0541943
            ],
            [
              12.5957367,
              44.0542578
            ],
            [
              12.5956563,
              44.0542152
            ],
            [
              12.5955609,
              44.0543088
            ],
            [
              12.5955541,
              44.0543156
            ]
          ]
        ]
      }
    },
    {
      "type": "Feature",
      "properties": {
        "id": 223827455,
        "tipo": "hotel",
        "name": "Hotel Caesar",
        "stars": "3"
      },
      "geometry": {
        "type": "Polygon",
        "coordinates": [
          [
            [
              12.5894161,
              44.0600341
            ],
            [
              12.5896114,
              44.0601425
            ],
            [
              12.5896279,
              44.0601266
            ],
            [
              12.5896827,
              44.0601562
            ],
            [
              12.5897642,
              44.0600798
            ],
            [
              12.5897096,
              44.0600495
            ],
            [
              12.5897233,
              44.0600359
            ],
            [
              12.5895305,
              44.05993
            ],
            [
              12.5894911,
              44.0599625
            ],
            [
              12.5894743,
              44.0599532
            ],
            [
              12.5894381,
              44.0599855
            ],
            [
              12.5894551,
              44.0599954
            ],
            [
              12.5894161,
              44.0600341
            ]
          ]
        ]
      }
    },
    {
      "type": "Feature",
      "properties": {
        "id": 223827520,
        "tipo": "hotel",
        "name": "Hotel Esedra",
        "stars": ""
      },
      "geometry": {
        "type": "Polygon",
        "coordinates": [
          [
            [
              12.5747758,
              44.073642
            ],
            [
              12.5748831,
              44.0737453
            ],
            [
              12.5750307,
              44.0736655
            ],
            [
              12.5750132,
              44.0736487
            ],
            [
              12.5750424,
              44.0736328
            ],
            [
              12.5750762,
              44.0736651
            ],
            [
              12.5752127,
              44.0735907
            ],
            [
              12.5751445,
              44.0735256
            ],
            [
              12.5751568,
              44.0735189
            ],
            [
              12.5751113,
              44.0734759
            ],
            [
              12.5749789,
              44.0735491
            ],
            [
              12.5749663,
              44.0735372
            ],
            [
              12.5747758,
              44.073642
            ]
          ]
        ]
      }
    },
    {
      "type": "Feature",
      "properties": {
        "id": 223827531,
        "tipo": "hotel",
        "name": "Aquila Azzurra",
        "stars": "3"
      },
      "geometry": {
        "type": "Polygon",
        "coordinates": [
          [
            [
              12.586997,
              44.0603704
            ],
            [
              12.5871458,
              44.0604502
            ],
            [
              12.5871987,
              44.060399
            ],
            [
              12.5873593,
              44.060485
            ],
            [
              12.5875473,
              44.0603023
            ],
            [
              12.5874864,
              44.060269
            ],
            [
              12.587519,
              44.0602374
            ],
            [
              12.5874344,
              44.0601921
            ],
            [
              12.587298,
              44.0603246
            ],
            [
              12.5871345,
              44.060237
            ],
            [
              12.5870953,
              44.060275
            ],
            [
              12.5870498,
              44.0603191
            ],
            [
              12.586997,
              44.0603704
            ]
          ]
        ]
      }
    },
    {
      "type": "Feature",
      "properties": {
        "id": 223827548,
        "tipo": "hotel",
        "name": "Golden Tulip Hotel Waldorf",
        "stars": ""
      },
      "geometry": {
        "type": "Polygon",
        "coordinates": [
          [
            [
              12.5807572,
              44.0680294
            ],
            [
              12.5808032,
              44.0680599
            ],
            [
              12.5808531,
              44.0680869
            ],
            [
              12.5809068,
              44.0681098
            ],
            [
              12.5809634,
              44.0681286
            ],
            [
              12.5810529,
              44.0681486
            ],
            [
              12.581203,
              44.067964
            ],
            [
              12.5811292,
              44.0679241
            ],
            [
              12.5809955,
              44.0678697
            ],
            [
              12.5809099,
              44.0678448
            ],
            [
              12.5807572,
              44.0680294
            ]
          ]
        ]
      }
    },
    {
      "type": "Feature",
      "properties": {
        "id": 223827651,
        "tipo": "hotel",
        "name": "Hotel Parigi",
        "stars": ""
      },
      "geometry": {
        "type": "Polygon",
        "coordinates": [
          [
            [
              12.5809968,
              44.0641825
            ],
            [
              12.5810769,
              44.0642365
            ],
            [
              12.5810634,
              44.0642487
            ],
            [
              12.5810798,
              44.0642584
            ],
            [
              12.5810458,
              44.06429
            ],
            [
              12.5810621,
              44.0643855
            ],
            [
              12.5810922,
              44.0644047
            ],
            [
              12.5812047,
              44.0643134
            ],
            [
              12.5811988,
              44.0643096
            ],
            [
              12.5812677,
              44.064254
            ],
            [
              12.5810679,
              44.0641255
            ],
            [
              12.5809968,
              44.0641825
            ]
          ]
        ]
      }
    },
    {
      "type": "Feature",
      "properties": {
        "id": 223827652,
        "tipo": "hotel",
        "name": "i-Suite Hotel",
        "stars": "5"
      },
      "geometry": {
        "type": "Polygon",
        "coordinates": [
          [
            [
              12.5890955,
              44.0603186
            ],
            [
              12.58935,
              44.0604533
            ],
            [
              12.5895725,
              44.0602347
            ],
            [
              12.5894493,
              44.0601695
            ],
            [
              12.5894175,
              44.0602008
            ],
            [
              12.5894508,
              44.0602184
            ],
            [
              12.5893528,
              44.0602696
            ],
            [
              12.5893442,
              44.0603238
            ],
            [
              12.5892989,
              44.0603259
            ],
            [
              12.5892872,
              44.0602854
            ],
            [
              12.5892384,
              44.0602595
            ],
            [
              12.589223,
              44.0602746
            ],
            [
              12.5891692,
              44.0602461
            ],
            [
              12.5890955,
              44.0603186
            ]
          ]
        ]
      }
    },
    {
      "type": "Feature",
      "properties": {
        "id": 223827723,
        "tipo": "hotel",
        "name": "Holiday Inn Rimini",
        "stars": ""
      },
      "geometry": {
        "type": "Polygon",
        "coordinates": [
          [
            [
              12.5792426,
              44.0699264
            ],
            [
              12.5795194,
              44.0699792
            ],
            [
              12.5795507,
              44.0700087
            ],
            [
              12.5796388,
              44.0699446
            ],
            [
              12.5796734,
              44.0698677
            ],
            [
              12.5796131,
              44.0698579
            ],
            [
              12.5794273,
              44.0697058
            ],
            [
              12.5793431,
              44.0697647
            ],
            [
              12.5792947,
              44.0697303
            ],
            [
              12.5792688,
              44.0697667
            ],
            [
              12.5792423,
              44.0697817
            ],
            [
              12.5792356,
              44.0698073
            ],
            [
              12.5792066,
              44.069839
            ],
            [
              12.579274,
              44.0698514
            ],
            [
              12.5792426,
              44.0699264
            ]
          ]
        ]
      }
    },
    {
      "type": "Feature",
      "properties": {
        "id": 223827730,
        "tipo": "hotel",
        "name": "Hotel Ambasciatori",
        "stars": ""
      },
      "geometry": {
        "type": "Polygon",
        "coordinates": [
          [
            [
              12.5800936,
              44.0688165
            ],
            [
              12.5801173,
              44.0688267
            ],
            [
              12.5800575,
              44.068896
            ],
            [
              12.5801585,
              44.0689401
            ],
            [
              12.5802177,
              44.06887
            ],
            [
              12.5802885,
              44.0689024
            ],
            [
              12.5801842,
              44.0690209
            ],
            [
              12.580339,
              44.0690913
            ],
            [
              12.5804434,
              44.0689728
            ],
            [
              12.5804018,
              44.0689539
            ],
            [
              12.5804313,
              44.0689446
            ],
            [
              12.5804528,
              44.0689209
            ],
            [
              12.5804337,
              44.0689105
            ],
            [
              12.5804685,
              44.0688714
            ],
            [
              12.5804906,
              44.0688819
            ],
            [
              12.5805066,
              44.0688609
            ],
            [
              12.5805113,
              44.0688588
            ],
            [
              12.5805093,
              44.0688328
            ],
            [
              12.5801923,
              44.0686926
            ],
            [
              12.5800936,
              44.0688165
            ]
          ]
        ]
      }
    },
    {
      "type": "Feature",
      "properties": {
        "id": 223827758,
        "tipo": "hotel",
        "name": "Hotel Bellevue",
        "stars": ""
      },
      "geometry": {
        "type": "Polygon",
        "coordinates": [
          [
            [
              12.5821718,
              44.0667693
            ],
            [
              12.5822275,
              44.066805
            ],
            [
              12.5822367,
              44.0667975
            ],
            [
              12.5825055,
              44.066969
            ],
            [
              12.582562,
              44.0669231
            ],
            [
              12.5825685,
              44.0669273
            ],
            [
              12.5826146,
              44.06689
            ],
            [
              12.5823953,
              44.0667492
            ],
            [
              12.5824081,
              44.0667389
            ],
            [
              12.5823594,
              44.0667081
            ],
            [
              12.58233,
              44.0667324
            ],
            [
              12.58225,
              44.0666818
            ],
            [
              12.5821911,
              44.0667232
            ],
            [
              12.5822121,
              44.0667365
            ],
            [
              12.5821718,
              44.0667693
            ]
          ]
        ]
      }
    },
    {
      "type": "Feature",
      "properties": {
        "id": 223827808,
        "tipo": "hotel",
        "name": "Hotel Corallo",
        "stars": ""
      },
      "geometry": {
        "type": "Polygon",
        "coordinates": [
          [
            [
              12.584118,
              44.0649674
            ],
            [
              12.5841459,
              44.0649825
            ],
            [
              12.5841907,
              44.0650308
            ],
            [
              12.5842175,
              44.0650177
            ],
            [
              12.5842703,
              44.0650575
            ],
            [
              12.5842621,
              44.0650998
            ],
            [
              12.584428,
              44.0651874
            ],
            [
              12.5845237,
              44.0651045
            ],
            [
              12.5845072,
              44.0650945
            ],
            [
              12.5847175,
              44.0649087
            ],
            [
              12.5846951,
              44.0648955
            ],
            [
              12.5844056,
              44.0647247
            ],
            [
              12.584118,
              44.0649674
            ]
          ]
        ]
      }
    },
    {
      "type": "Feature",
      "properties": {
        "id": 223827868,
        "tipo": "hotel",
        "name": "Hotel Milton",
        "stars": ""
      },
      "geometry": {
        "type": "Polygon",
        "coordinates": [
          [
            [
              12.5758208,
              44.073265
            ],
            [
              12.5759403,
              44.0733364
            ],
            [
              12.5758956,
              44.0733826
            ],
            [
              12.5759849,
              44.0734738
            ],
            [
              12.5760517,
              44.0735073
            ],
            [
              12.5760943,
              44.0735134
            ],
            [
              12.5761074,
              44.0735024
            ],
            [
              12.5761569,
              44.0734609
            ],
            [
              12.5762461,
              44.0733917
            ],
            [
              12.5762631,
              44.0733765
            ],
            [
              12.5762546,
              44.0733324
            ],
            [
              12.5761421,
              44.0732538
            ],
            [
              12.5760675,
              44.073157
            ],
            [
              12.5759225,
              44.0732395
            ],
            [
              12.5758795,
              44.0732139
            ],
            [
              12.5758208,
              44.073265
            ]
          ]
        ]
      }
    },
    {
      "type": "Feature",
      "properties": {
        "id": 223827885,
        "tipo": "hotel",
        "name": "Hotel Pigalle",
        "stars": ""
      },
      "geometry": {
        "type": "Polygon",
        "coordinates": [
          [
            [
              12.5853231,
              44.0617447
            ],
            [
              12.5854624,
              44.0618215
            ],
            [
              12.5855713,
              44.0617101
            ],
            [
              12.5854734,
              44.0616557
            ],
            [
              12.5855012,
              44.0616297
            ],
            [
              12.5855981,
              44.0616834
            ],
            [
              12.5856316,
              44.061652
            ],
            [
              12.5856111,
              44.0616407
            ],
            [
              12.5856455,
              44.0616084
            ],
            [
              12.5856255,
              44.0615973
            ],
            [
              12.5856336,
              44.0615896
            ],
            [
              12.585523,
              44.0615295
            ],
            [
              12.5853885,
              44.0616581
            ],
            [
              12.5854479,
              44.0616904
            ],
            [
              12.5854249,
              44.0617124
            ],
            [
              12.585382,
              44.0616889
            ],
            [
              12.5853231,
              44.0617447
            ]
          ]
        ]
      }
    },
    {
      "type": "Feature",
      "properties": {
        "id": 223827903,
        "tipo": "hotel",
        "name": "Hotel du Soleil",
        "stars": "4"
      },
      "geometry": {
        "type": "Polygon",
        "coordinates": [
          [
            [
              12.5960801,
              44.0535335
            ],
            [
              12.5961576,
              44.0535808
            ],
            [
              12.5962368,
              44.0535756
            ],
            [
              12.5963185,
              44.0536179
            ],
            [
              12.5963055,
              44.0536309
            ],
            [
              12.5963847,
              44.0536726
            ],
            [
              12.5964998,
              44.0535587
            ],
            [
              12.5964205,
              44.0535131
            ],
            [
              12.5963681,
              44.0535201
            ],
            [
              12.5962924,
              44.0534796
            ],
            [
              12.5962952,
              44.0534621
            ],
            [
              12.5962684,
              44.0534444
            ],
            [
              12.5962473,
              44.0534452
            ],
            [
              12.5962283,
              44.0534339
            ],
            [
              12.5961962,
              44.0534147
            ],
            [
              12.5961485,
              44.0534635
            ],
            [
              12.5960801,
              44.0535335
            ]
          ]
        ]
      }
    },
    {
      "type": "Feature",
      "properties": {
        "id": 223827952,
        "tipo": "hotel",
        "name": "Park hotel Rimini",
        "stars": ""
      },
      "geometry": {
        "type": "Polygon",
        "coordinates": [
          [
            [
              12.5866207,
              44.0627459
            ],
            [
              12.5866828,
              44.0627785
            ],
            [
              12.5866946,
              44.0627671
            ],
            [
              12.5868141,
              44.0628315
            ],
            [
              12.5869546,
              44.0626959
            ],
            [
              12.5869267,
              44.0626809
            ],
            [
              12.5871961,
              44.062411
            ],
            [
              12.5870331,
              44.062324
            ],
            [
              12.5869047,
              44.0624492
            ],
            [
              12.5869187,
              44.0624567
            ],
            [
              12.5866207,
              44.0627459
            ]
          ]
        ]
      }
    },
    {
      "type": "Feature",
      "properties": {
        "id": 223827962,
        "tipo": "hotel",
        "name": "Residence Piccadilly",
        "stars": ""
      },
      "geometry": {
        "type": "Polygon",
        "coordinates": [
          [
            [
              12.5850958,
              44.0641365
            ],
            [
              12.5852969,
              44.0642483
            ],
            [
              12.5853377,
              44.0642102
            ],
            [
              12.5853483,
              44.0642161
            ],
            [
              12.5853773,
              44.064189
            ],
            [
              12.585393,
              44.0641977
            ],
            [
              12.5854175,
              44.0641747
            ],
            [
              12.5854351,
              44.0641843
            ],
            [
              12.5854647,
              44.0641561
            ],
            [
              12.5854483,
              44.0641471
            ],
            [
              12.5854785,
              44.0641183
            ],
            [
              12.5854568,
              44.0641065
            ],
            [
              12.5854799,
              44.0640844
            ],
            [
              12.5854674,
              44.0640777
            ],
            [
              12.5855004,
              44.0640461
            ],
            [
              12.5853015,
              44.0639386
            ],
            [
              12.5850958,
              44.0641365
            ]
          ]
        ]
      }
    },
    {
      "type": "Feature",
      "properties": {
        "id": 223828043,
        "tipo": "hotel",
        "name": "Hotel Fabrizio",
        "stars": ""
      },
      "geometry": {
        "type": "Polygon",
        "coordinates": [
          [
            [
              12.5881127,
              44.0546523
            ],
            [
              12.5882297,
              44.0547332
            ],
            [
              12.5882138,
              44.0547455
            ],
            [
              12.5882495,
              44.0547695
            ],
            [
              12.5882867,
              44.0547945
            ],
            [
              12.5883704,
              44.0547298
            ],
            [
              12.5883345,
              44.0547058
            ],
            [
              12.5883535,
              44.0546911
            ],
            [
              12.5883333,
              44.0546776
            ],
            [
              12.5883601,
              44.0546568
            ],
            [
              12.5883078,
              44.0546219
            ],
            [
              12.5883492,
              44.0545897
            ],
            [
              12.5883881,
              44.0546155
            ],
            [
              12.588377,
              44.0546242
            ],
            [
              12.5884268,
              44.0546576
            ],
            [
              12.5885306,
              44.0545769
            ],
            [
              12.5884013,
              44.0544905
            ],
            [
              12.5883423,
              44.0545364
            ],
            [
              12.5882991,
              44.0545075
            ],
            [
              12.5881127,
              44.0546523
            ]
          ]
        ]
      }
    },
    {
      "type": "Feature",
      "properties": {
        "id": 223828327,
        "tipo": "hotel",
        "name": "Regina Elena 57",
        "stars": ""
      },
      "geometry": {
        "type": "Polygon",
        "coordinates": [
          [
            [
              12.5885215,
              44.0595523
            ],
            [
              12.5885798,
              44.059584
            ],
            [
              12.5886112,
              44.059554
            ],
            [
              12.5886694,
              44.0595855
            ],
            [
              12.5886871,
              44.0595684
            ],
            [
              12.5887332,
              44.0595931
            ],
            [
              12.5886779,
              44.0596467
            ],
            [
              12.5887778,
              44.0597005
            ],
            [
              12.5888133,
              44.0596662
            ],
            [
              12.589064,
              44.0598006
            ],
            [
              12.589159,
              44.0597126
            ],
            [
              12.5891774,
              44.0597225
            ],
            [
              12.5892837,
              44.0596211
            ],
            [
              12.5892934,
              44.059612
            ],
            [
              12.5891294,
              44.0595242
            ],
            [
              12.5890802,
              44.0594979
            ],
            [
              12.5890195,
              44.0595568
            ],
            [
              12.589142,
              44.0596226
            ],
            [
              12.5891044,
              44.059659
            ],
            [
              12.5889552,
              44.0595786
            ],
            [
              12.5889414,
              44.0595919
            ],
            [
              12.5889028,
              44.0595711
            ],
            [
              12.589,
              44.0594776
            ],
            [
              12.5889553,
              44.0594535
            ],
            [
              12.5889106,
              44.0594294
            ],
            [
              12.5888274,
              44.0595095
            ],
            [
              12.5887455,
              44.0594652
            ],
            [
              12.5887124,
              44.059497
            ],
            [
              12.5886276,
              44.0594509
            ],
            [
              12.5885215,
              44.0595523
            ]
          ]
        ]
      }
    },
    {
      "type": "Feature",
      "properties": {
        "id": 223828341,
        "tipo": "hotel",
        "name": "Villa Adriatica Ambienthotels",
        "stars": ""
      },
      "geometry": {
        "type": "Polygon",
        "coordinates": [
          [
            [
              12.5771907,
              44.0702569
            ],
            [
              12.5772744,
              44.070334
            ],
            [
              12.5772295,
              44.0703592
            ],
            [
              12.577372,
              44.0704904
            ],
            [
              12.5774894,
              44.0704246
            ],
            [
              12.5775244,
              44.0704568
            ],
            [
              12.5775781,
              44.0704267
            ],
            [
              12.5775606,
              44.0704106
            ],
            [
              12.5775981,
              44.0703896
            ],
            [
              12.5776634,
              44.070353
            ],
            [
              12.5777014,
              44.070388
            ],
            [
              12.5777525,
              44.0703593
            ],
            [
              12.5777124,
              44.0703223
            ],
            [
              12.5777652,
              44.0702927
            ],
            [
              12.5776773,
              44.0702118
            ],
            [
              12.5776177,
              44.0702452
            ],
            [
              12.5775357,
              44.0701696
            ],
            [
              12.5773597,
              44.0702683
            ],
            [
              12.5772881,
              44.0702024
            ],
            [
              12.5771907,
              44.0702569
            ]
          ]
        ]
      }
    },
    {
      "type": "Feature",
      "properties": {
        "id": 223828657,
        "tipo": "bed_and_breakfast",
        "name": "Villa La Bigiola",
        "stars": ""
      },
      "geometry": {
        "type": "Polygon",
        "coordinates": [
          [
            [
              12.5296996,
              44.0248823
            ],
            [
              12.5298137,
              44.0249203
            ],
            [
              12.529873,
              44.0248278
            ],
            [
              12.5297589,
              44.0247897
            ],
            [
              12.5296996,
              44.0248823
            ]
          ]
        ]
      }
    },
    {
      "type": "Feature",
      "properties": {
        "id": 223828775,
        "tipo": "hotel",
        "name": "Parco dei Principi boutique hotel",
        "stars": "4"
      },
      "geometry": {
        "type": "Polygon",
        "coordinates": [
          [
            [
              12.5980178,
              44.0517233
            ],
            [
              12.5983038,
              44.0518825
            ],
            [
              12.5984227,
              44.0517713
            ],
            [
              12.5981366,
              44.0516121
            ],
            [
              12.5980178,
              44.0517233
            ]
          ]
        ]
      }
    },
    {
      "type": "Feature",
      "properties": {
        "id": 223829111,
        "tipo": "hotel",
        "name": "Hotel Aragosta",
        "stars": ""
      },
      "geometry": {
        "type": "Polygon",
        "coordinates": [
          [
            [
              12.589961,
              44.0594935
            ],
            [
              12.5902538,
              44.0596529
            ],
            [
              12.5903626,
              44.0595453
            ],
            [
              12.590072,
              44.0593873
            ],
            [
              12.589961,
              44.0594935
            ]
          ]
        ]
      }
    },
    {
      "type": "Feature",
      "properties": {
        "id": 223829316,
        "tipo": "hotel",
        "name": "Hotel Aristeo",
        "stars": "3"
      },
      "geometry": {
        "type": "Polygon",
        "coordinates": [
          [
            [
              12.5986724,
              44.0510356
            ],
            [
              12.598888,
              44.051155
            ],
            [
              12.5989504,
              44.0510964
            ],
            [
              12.5987348,
              44.050977
            ],
            [
              12.5986724,
              44.0510356
            ]
          ]
        ]
      }
    },
    {
      "type": "Feature",
      "properties": {
        "id": 223829416,
        "tipo": "ostello",
        "name": "Sunflower CITY backpacker",
        "stars": ""
      },
      "geometry": {
        "type": "Polygon",
        "coordinates": [
          [
            [
              12.5731686,
              44.0694979
            ],
            [
              12.5732429,
              44.0695648
            ],
            [
              12.5734262,
              44.0694665
            ],
            [
              12.5733553,
              44.0693977
            ],
            [
              12.5731686,
              44.0694979
            ]
          ]
        ]
      }
    },
    {
      "type": "Feature",
      "properties": {
        "id": 223829519,
        "tipo": "hotel",
        "name": "Alisei Palace Hotel",
        "stars": ""
      },
      "geometry": {
        "type": "Polygon",
        "coordinates": [
          [
            [
              12.5918434,
              44.0576521
            ],
            [
              12.592112,
              44.0578029
            ],
            [
              12.5922274,
              44.0576961
            ],
            [
              12.5919589,
              44.0575453
            ],
            [
              12.5918434,
              44.0576521
            ]
          ]
        ]
      }
    },
    {
      "type": "Feature",
      "properties": {
        "id": 223829543,
        "tipo": "hotel",
        "name": "Residence Fellini",
        "stars": ""
      },
      "geometry": {
        "type": "Polygon",
        "coordinates": [
          [
            [
              12.5828473,
              44.063464
            ],
            [
              12.5829818,
              44.0635439
            ],
            [
              12.5830586,
              44.0634767
            ],
            [
              12.5829241,
              44.0633967
            ],
            [
              12.5828473,
              44.063464
            ]
          ]
        ]
      }
    },
    {
      "type": "Feature",
      "properties": {
        "id": 223829635,
        "tipo": "hotel",
        "name": "Hotel Bamby",
        "stars": ""
      },
      "geometry": {
        "type": "Polygon",
        "coordinates": [
          [
            [
              12.5769735,
              44.0675055
            ],
            [
              12.5771583,
              44.0676065
            ],
            [
              12.5772795,
              44.0674912
            ],
            [
              12.5770948,
              44.0673903
            ],
            [
              12.5769735,
              44.0675055
            ]
          ]
        ]
      }
    },
    {
      "type": "Feature",
      "properties": {
        "id": 223829922,
        "tipo": "hotel",
        "name": "Niagara",
        "stars": ""
      },
      "geometry": {
        "type": "Polygon",
        "coordinates": [
          [
            [
              12.5810151,
              44.0628491
            ],
            [
              12.5811167,
              44.0629153
            ],
            [
              12.5812766,
              44.0627876
            ],
            [
              12.5811751,
              44.0627214
            ],
            [
              12.5810151,
              44.0628491
            ]
          ]
        ]
      }
    },
    {
      "type": "Feature",
      "properties": {
        "id": 223830139,
        "tipo": "hotel",
        "name": "Hotel Lem",
        "stars": ""
      },
      "geometry": {
        "type": "Polygon",
        "coordinates": [
          [
            [
              12.5923737,
              44.0554667
            ],
            [
              12.592563,
              44.0555858
            ],
            [
              12.5927038,
              44.0554694
            ],
            [
              12.5925146,
              44.0553503
            ],
            [
              12.5923737,
              44.0554667
            ]
          ]
        ]
      }
    },
    {
      "type": "Feature",
      "properties": {
        "id": 223830203,
        "tipo": "hotel",
        "name": "Hotel Monti",
        "stars": ""
      },
      "geometry": {
        "type": "Polygon",
        "coordinates": [
          [
            [
              12.5815451,
              44.0661192
            ],
            [
              12.5816537,
              44.0661845
            ],
            [
              12.5819007,
              44.065971
            ],
            [
              12.581792,
              44.0659057
            ],
            [
              12.5815451,
              44.0661192
            ]
          ]
        ]
      }
    },
    {
      "type": "Feature",
      "properties": {
        "id": 223830249,
        "tipo": "hotel",
        "name": "Martina's hotel",
        "stars": ""
      },
      "geometry": {
        "type": "Polygon",
        "coordinates": [
          [
            [
              12.5871155,
              44.057051
            ],
            [
              12.5872715,
              44.0571457
            ],
            [
              12.5873765,
              44.0570556
            ],
            [
              12.5872204,
              44.056961
            ],
            [
              12.5871155,
              44.057051
            ]
          ]
        ]
      }
    },
    {
      "type": "Feature",
      "properties": {
        "id": 223830314,
        "tipo": "hotel",
        "name": "Hotel Alabama",
        "stars": "3"
      },
      "geometry": {
        "type": "Polygon",
        "coordinates": [
          [
            [
              12.5858524,
              44.061573
            ],
            [
              12.5860182,
              44.061657
            ],
            [
              12.5860955,
              44.0615776
            ],
            [
              12.5859297,
              44.0614936
            ],
            [
              12.5858524,
              44.061573
            ]
          ]
        ]
      }
    },
    {
      "type": "Feature",
      "properties": {
        "id": 223830594,
        "tipo": "hotel",
        "name": "Hotel Bikini",
        "stars": ""
      },
      "geometry": {
        "type": "Polygon",
        "coordinates": [
          [
            [
              12.575657,
              44.073527
            ],
            [
              12.5758302,
              44.0737148
            ],
            [
              12.5759866,
              44.0736398
            ],
            [
              12.5758134,
              44.073452
            ],
            [
              12.575657,
              44.073527
            ]
          ]
        ]
      }
    },
    {
      "type": "Feature",
      "properties": {
        "id": 223830776,
        "tipo": "hotel",
        "name": "Hotel Liston",
        "stars": "3"
      },
      "geometry": {
        "type": "Polygon",
        "coordinates": [
          [
            [
              12.587192,
              44.0610107
            ],
            [
              12.5872882,
              44.0610665
            ],
            [
              12.5874434,
              44.0609276
            ],
            [
              12.5873473,
              44.0608718
            ],
            [
              12.587192,
              44.0610107
            ]
          ]
        ]
      }
    },
    {
      "type": "Feature",
      "properties": {
        "id": 223831667,
        "tipo": "hotel",
        "name": "Hotel Spiaggia Marconi",
        "stars": "4"
      },
      "geometry": {
        "type": "Polygon",
        "coordinates": [
          [
            [
              12.598163,
              44.0515582
            ],
            [
              12.5984844,
              44.0517294
            ],
            [
              12.5985771,
              44.0516388
            ],
            [
              12.5982557,
              44.0514676
            ],
            [
              12.598163,
              44.0515582
            ]
          ]
        ]
      }
    },
    {
      "type": "Feature",
      "properties": {
        "id": 223831833,
        "tipo": "hotel",
        "name": "Hotel Kursaal Rimini",
        "stars": ""
      },
      "geometry": {
        "type": "Polygon",
        "coordinates": [
          [
            [
              12.5959674,
              44.0536883
            ],
            [
              12.5963243,
              44.0538709
            ],
            [
              12.596417,
              44.0537773
            ],
            [
              12.5960601,
              44.0535947
            ],
            [
              12.5959674,
              44.0536883
            ]
          ]
        ]
      }
    },
    {
      "type": "Feature",
      "properties": {
        "id": 223831931,
        "tipo": "bed_and_breakfast",
        "name": "Residence del Sole",
        "stars": ""
      },
      "geometry": {
        "type": "Polygon",
        "coordinates": [
          [
            [
              12.5853919,
              44.0613713
            ],
            [
              12.5855024,
              44.0614268
            ],
            [
              12.5856141,
              44.0613114
            ],
            [
              12.5855038,
              44.0612559
            ],
            [
              12.5853919,
              44.0613713
            ]
          ]
        ]
      }
    },
    {
      "type": "Feature",
      "properties": {
        "id": 223832179,
        "tipo": "hotel",
        "name": "Hotel Bridge",
        "stars": ""
      },
      "geometry": {
        "type": "Polygon",
        "coordinates": [
          [
            [
              12.5930794,
              44.0557664
            ],
            [
              12.5932615,
              44.0558689
            ],
            [
              12.5933451,
              44.0557917
            ],
            [
              12.593163,
              44.0556892
            ],
            [
              12.5930794,
              44.0557664
            ]
          ]
        ]
      }
    },
    {
      "type": "Feature",
      "properties": {
        "id": 223832204,
        "tipo": "hotel",
        "name": "Hotel Diplomat Palace",
        "stars": "4"
      },
      "geometry": {
        "type": "Polygon",
        "coordinates": [
          [
            [
              12.5944003,
              44.0551866
            ],
            [
              12.5945749,
              44.0552813
            ],
            [
              12.5947106,
              44.0553549
            ],
            [
              12.5947921,
              44.0552767
            ],
            [
              12.5944819,
              44.0551084
            ],
            [
              12.5944003,
              44.0551866
            ]
          ]
        ]
      }
    },
    {
      "type": "Feature",
      "properties": {
        "id": 223832269,
        "tipo": "hotel",
        "name": "Savoia Hotel Rimini",
        "stars": ""
      },
      "geometry": {
        "type": "Polygon",
        "coordinates": [
          [
            [
              12.5835857,
              44.0654959
            ],
            [
              12.583992,
              44.0657392
            ],
            [
              12.584091,
              44.0656532
            ],
            [
              12.5841328,
              44.0656783
            ],
            [
              12.5844658,
              44.0653886
            ],
            [
              12.5844152,
              44.0653588
            ],
            [
              12.5844793,
              44.0653035
            ],
            [
              12.5843441,
              44.06522
            ],
            [
              12.5843018,
              44.065143
            ],
            [
              12.5841289,
              44.0650256
            ],
            [
              12.5840897,
              44.0650547
            ],
            [
              12.5840641,
              44.0650689
            ],
            [
              12.5840328,
              44.0650769
            ],
            [
              12.584009,
              44.0650802
            ],
            [
              12.5839714,
              44.0650904
            ],
            [
              12.5839506,
              44.0650992
            ],
            [
              12.5838688,
              44.0651689
            ],
            [
              12.5838478,
              44.0651974
            ],
            [
              12.5838436,
              44.0652111
            ],
            [
              12.5838438,
              44.0652251
            ],
            [
              12.5838483,
              44.0652387
            ],
            [
              12.5838567,
              44.0652513
            ],
            [
              12.5838792,
              44.0652694
            ],
            [
              12.5838349,
              44.0653088
            ],
            [
              12.5838246,
              44.065304
            ],
            [
              12.5838022,
              44.0652974
            ],
            [
              12.5837781,
              44.065295
            ],
            [
              12.583754,
              44.0652969
            ],
            [
              12.5837313,
              44.0653031
            ],
            [
              12.5837114,
              44.0653132
            ],
            [
              12.5836101,
              44.0654003
            ],
            [
              12.5835997,
              44.0654135
            ],
            [
              12.5835933,
              44.065428
            ],
            [
              12.5835918,
              44.0654354
            ],
            [
              12.5835918,
              44.0654507
            ],
            [
              12.5835961,
              44.0654655
            ],
            [
              12.5836045,
              44.0654795
            ],
            [
              12.5835857,
              44.0654959
            ]
          ]
        ]
      }
    },
    {
      "type": "Feature",
      "properties": {
        "id": 223832707,
        "tipo": "hotel",
        "name": "Hotel Rex",
        "stars": ""
      },
      "geometry": {
        "type": "Polygon",
        "coordinates": [
          [
            [
              12.593482,
              44.0554205
            ],
            [
              12.5936689,
              44.055516
            ],
            [
              12.5938081,
              44.0553753
            ],
            [
              12.5936212,
              44.0552798
            ],
            [
              12.593482,
              44.0554205
            ]
          ]
        ]
      }
    },
    {
      "type": "Feature",
      "properties": {
        "id": 223833170,
        "tipo": "hotel",
        "name": "Hotel Columbia frontemare",
        "stars": ""
      },
      "geometry": {
        "type": "Polygon",
        "coordinates": [
          [
            [
              12.5862473,
              44.0631483
            ],
            [
              12.586486,
              44.0632726
            ],
            [
              12.586576,
              44.0631833
            ],
            [
              12.5865356,
              44.0631623
            ],
            [
              12.5866402,
              44.0630586
            ],
            [
              12.5864874,
              44.062979
            ],
            [
              12.5863844,
              44.0630811
            ],
            [
              12.586339,
              44.0630574
            ],
            [
              12.5862473,
              44.0631483
            ]
          ]
        ]
      }
    },
    {
      "type": "Feature",
      "properties": {
        "id": 223833484,
        "tipo": "hotel",
        "name": "Mercure Rimini Artis",
        "stars": ""
      },
      "geometry": {
        "type": "Polygon",
        "coordinates": [
          [
            [
              12.5826706,
              44.0662816
            ],
            [
              12.5830226,
              44.0664889
            ],
            [
              12.5831628,
              44.066362
            ],
            [
              12.5829023,
              44.0662126
            ],
            [
              12.5829224,
              44.0661943
            ],
            [
              12.582827,
              44.0661397
            ],
            [
              12.5826706,
              44.0662816
            ]
          ]
        ]
      }
    },
    {
      "type": "Feature",
      "properties": {
        "id": 223833788,
        "tipo": "hotel",
        "name": "Hotel Villa Argia",
        "stars": ""
      },
      "geometry": {
        "type": "Polygon",
        "coordinates": [
          [
            [
              12.5793718,
              44.0670073
            ],
            [
              12.5794821,
              44.0670824
            ],
            [
              12.5797231,
              44.0668986
            ],
            [
              12.5796128,
              44.0668234
            ],
            [
              12.5793718,
              44.0670073
            ]
          ]
        ]
      }
    },
    {
      "type": "Feature",
      "properties": {
        "id": 223833804,
        "tipo": "hotel",
        "name": "Hotel Ambra",
        "stars": ""
      },
      "geometry": {
        "type": "Polygon",
        "coordinates": [
          [
            [
              12.5945193,
              44.0550111
            ],
            [
              12.594614,
              44.0550617
            ],
            [
              12.5946264,
              44.0550496
            ],
            [
              12.5948985,
              44.0551935
            ],
            [
              12.5950081,
              44.0550858
            ],
            [
              12.5946414,
              44.054892
            ],
            [
              12.5945193,
              44.0550111
            ]
          ]
        ]
      }
    },
    {
      "type": "Feature",
      "properties": {
        "id": 223834068,
        "tipo": "hotel",
        "name": "Hotel Originale",
        "stars": "3"
      },
      "geometry": {
        "type": "Polygon",
        "coordinates": [
          [
            [
              12.5855768,
              44.0614989
            ],
            [
              12.5856912,
              44.0615599
            ],
            [
              12.5858195,
              44.061435
            ],
            [
              12.5857051,
              44.0613739
            ],
            [
              12.5856896,
              44.061389
            ],
            [
              12.5856156,
              44.0614611
            ],
            [
              12.5855768,
              44.0614989
            ]
          ]
        ]
      }
    },
    {
      "type": "Feature",
      "properties": {
        "id": 223834170,
        "tipo": "hotel",
        "name": "Hotel Medusa",
        "stars": ""
      },
      "geometry": {
        "type": "Polygon",
        "coordinates": [
          [
            [
              12.5813364,
              44.0657397
            ],
            [
              12.5813797,
              44.0658458
            ],
            [
              12.5814308,
              44.0658804
            ],
            [
              12.5816106,
              44.0657225
            ],
            [
              12.5814589,
              44.0656311
            ],
            [
              12.5813364,
              44.0657397
            ]
          ]
        ]
      }
    },
    {
      "type": "Feature",
      "properties": {
        "id": 223834189,
        "tipo": "hotel",
        "name": "Hotel Audi",
        "stars": ""
      },
      "geometry": {
        "type": "Polygon",
        "coordinates": [
          [
            [
              12.5927139,
              44.0568514
            ],
            [
              12.5929893,
              44.057006
            ],
            [
              12.5930626,
              44.0569632
            ],
            [
              12.5930983,
              44.0569033
            ],
            [
              12.5928302,
              44.0567461
            ],
            [
              12.5927519,
              44.0567905
            ],
            [
              12.5927139,
              44.0568514
            ]
          ]
        ]
      }
    },
    {
      "type": "Feature",
      "properties": {
        "id": 223834271,
        "tipo": "hotel",
        "name": "Hotel Angelus",
        "stars": ""
      },
      "geometry": {
        "type": "Polygon",
        "coordinates": [
          [
            [
              12.5859202,
              44.0618234
            ],
            [
              12.5861048,
              44.0619182
            ],
            [
              12.5862742,
              44.0617561
            ],
            [
              12.5860703,
              44.0616569
            ],
            [
              12.5859711,
              44.0617534
            ],
            [
              12.5859838,
              44.0617601
            ],
            [
              12.5859202,
              44.0618234
            ]
          ]
        ]
      }
    },
    {
      "type": "Feature",
      "properties": {
        "id": 223834438,
        "tipo": "hotel",
        "name": "Hotel Ada",
        "stars": ""
      },
      "geometry": {
        "type": "Polygon",
        "coordinates": [
          [
            [
              12.586362,
              44.0619549
            ],
            [
              12.5864584,
              44.0620083
            ],
            [
              12.5864676,
              44.0620134
            ],
            [
              12.5864962,
              44.0619865
            ],
            [
              12.5866245,
              44.0618661
            ],
            [
              12.5865187,
              44.0618076
            ],
            [
              12.586362,
              44.0619549
            ]
          ]
        ]
      }
    },
    {
      "type": "Feature",
      "properties": {
        "id": 223834933,
        "tipo": "hotel",
        "name": "Hotel Biancamano",
        "stars": ""
      },
      "geometry": {
        "type": "Polygon",
        "coordinates": [
          [
            [
              12.5755172,
              44.0729101
            ],
            [
              12.5756212,
              44.073016
            ],
            [
              12.5755931,
              44.0730302
            ],
            [
              12.5757069,
              44.0731461
            ],
            [
              12.5758619,
              44.0730676
            ],
            [
              12.5756441,
              44.0728458
            ],
            [
              12.5755172,
              44.0729101
            ]
          ]
        ]
      }
    },
    {
      "type": "Feature",
      "properties": {
        "id": 223834942,
        "tipo": "hotel",
        "name": "Hotel Metropole",
        "stars": ""
      },
      "geometry": {
        "type": "Polygon",
        "coordinates": [
          [
            [
              12.5936848,
              44.0558688
            ],
            [
              12.5937692,
              44.0559175
            ],
            [
              12.5937872,
              44.0559013
            ],
            [
              12.5940286,
              44.0560398
            ],
            [
              12.5941335,
              44.0559447
            ],
            [
              12.5938106,
              44.0557595
            ],
            [
              12.5936984,
              44.0558569
            ],
            [
              12.5936848,
              44.0558688
            ]
          ]
        ]
      }
    },
    {
      "type": "Feature",
      "properties": {
        "id": 223834990,
        "tipo": "hotel",
        "name": "Club House Hotel",
        "stars": ""
      },
      "geometry": {
        "type": "Polygon",
        "coordinates": [
          [
            [
              12.5847999,
              44.0644722
            ],
            [
              12.5850592,
              44.0646209
            ],
            [
              12.5851876,
              44.0645045
            ],
            [
              12.5851786,
              44.0644491
            ],
            [
              12.5851996,
              44.0644306
            ],
            [
              12.5849829,
              44.0643063
            ],
            [
              12.5847999,
              44.0644722
            ]
          ]
        ]
      }
    },
    {
      "type": "Feature",
      "properties": {
        "id": 223835014,
        "tipo": "hotel",
        "name": "Hotel Augustea",
        "stars": ""
      },
      "geometry": {
        "type": "Polygon",
        "coordinates": [
          [
            [
              12.592411,
              44.057124
            ],
            [
              12.5925821,
              44.0572206
            ],
            [
              12.5925935,
              44.0572099
            ],
            [
              12.5927376,
              44.0570758
            ],
            [
              12.5927145,
              44.0570633
            ],
            [
              12.5928242,
              44.0569582
            ],
            [
              12.5926708,
              44.0568749
            ],
            [
              12.592411,
              44.057124
            ]
          ]
        ]
      }
    },
    {
      "type": "Feature",
      "properties": {
        "id": 223835222,
        "tipo": "hotel",
        "name": "Capri",
        "stars": "2"
      },
      "geometry": {
        "type": "Polygon",
        "coordinates": [
          [
            [
              12.5765023,
              44.0698478
            ],
            [
              12.5765852,
              44.0699272
            ],
            [
              12.5766508,
              44.0698915
            ],
            [
              12.5766576,
              44.069896
            ],
            [
              12.5768203,
              44.0698067
            ],
            [
              12.5767636,
              44.0697529
            ],
            [
              12.5767379,
              44.0697669
            ],
            [
              12.5767066,
              44.0697369
            ],
            [
              12.5765023,
              44.0698478
            ]
          ]
        ]
      }
    },
    {
      "type": "Feature",
      "properties": {
        "id": 223835558,
        "tipo": "hotel",
        "name": "Hotel Atlas",
        "stars": ""
      },
      "geometry": {
        "type": "Polygon",
        "coordinates": [
          [
            [
              12.5948102,
              44.0548211
            ],
            [
              12.5950415,
              44.0549411
            ],
            [
              12.5950469,
              44.0549357
            ],
            [
              12.5952503,
              44.0547331
            ],
            [
              12.5952414,
              44.0547284
            ],
            [
              12.5950182,
              44.0546126
            ],
            [
              12.5949348,
              44.0546957
            ],
            [
              12.5949632,
              44.0547104
            ],
            [
              12.5949138,
              44.0547595
            ],
            [
              12.5948863,
              44.0547453
            ],
            [
              12.5948102,
              44.0548211
            ]
          ]
        ]
      }
    },
    {
      "type": "Feature",
      "properties": {
        "id": 223835674,
        "tipo": "hotel",
        "name": "Hotel Cobalto",
        "stars": "3"
      },
      "geometry": {
        "type": "Polygon",
        "coordinates": [
          [
            [
              12.5978497,
              44.0518642
            ],
            [
              12.5981546,
              44.0520241
            ],
            [
              12.5982597,
              44.0519241
            ],
            [
              12.5981414,
              44.0518622
            ],
            [
              12.5981236,
              44.0518799
            ],
            [
              12.5980129,
              44.0518219
            ],
            [
              12.5980265,
              44.0518085
            ],
            [
              12.5979475,
              44.0517671
            ],
            [
              12.5978497,
              44.0518642
            ]
          ]
        ]
      }
    },
    {
      "type": "Feature",
      "properties": {
        "id": 223835968,
        "tipo": "hotel",
        "name": "National Hotel",
        "stars": ""
      },
      "geometry": {
        "type": "Polygon",
        "coordinates": [
          [
            [
              12.5833161,
              44.0657461
            ],
            [
              12.5834732,
              44.0658482
            ],
            [
              12.5835121,
              44.0658172
            ],
            [
              12.5836792,
              44.0659256
            ],
            [
              12.58381,
              44.0658208
            ],
            [
              12.5836333,
              44.0657063
            ],
            [
              12.5836714,
              44.0656789
            ],
            [
              12.5835215,
              44.0655816
            ],
            [
              12.5833161,
              44.0657461
            ]
          ]
        ]
      }
    },
    {
      "type": "Feature",
      "properties": {
        "id": 223836008,
        "tipo": "hotel",
        "name": "Hotel Tilmar",
        "stars": "3"
      },
      "geometry": {
        "type": "Polygon",
        "coordinates": [
          [
            [
              12.5983753,
              44.0512674
            ],
            [
              12.5984693,
              44.0513272
            ],
            [
              12.5984851,
              44.0513142
            ],
            [
              12.5986046,
              44.051389
            ],
            [
              12.5986384,
              44.051361
            ],
            [
              12.5986535,
              44.0513704
            ],
            [
              12.5986963,
              44.0513347
            ],
            [
              12.5984645,
              44.0511903
            ],
            [
              12.5983753,
              44.0512674
            ]
          ]
        ]
      }
    },
    {
      "type": "Feature",
      "properties": {
        "id": 223836040,
        "tipo": "hotel",
        "name": "Homie hotel",
        "stars": ""
      },
      "geometry": {
        "type": "Polygon",
        "coordinates": [
          [
            [
              12.5814137,
              44.0659684
            ],
            [
              12.5814699,
              44.0660034
            ],
            [
              12.5814338,
              44.0660336
            ],
            [
              12.5815101,
              44.0660812
            ],
            [
              12.5817571,
              44.0658756
            ],
            [
              12.5816377,
              44.0658025
            ],
            [
              12.58153,
              44.0658943
            ],
            [
              12.5815142,
              44.0658844
            ],
            [
              12.5814137,
              44.0659684
            ]
          ]
        ]
      }
    },
    {
      "type": "Feature",
      "properties": {
        "id": 223836098,
        "tipo": "hotel",
        "name": "Le Rose Suite Hotel",
        "stars": ""
      },
      "geometry": {
        "type": "Polygon",
        "coordinates": [
          [
            [
              12.5911659,
              44.05833
            ],
            [
              12.5914159,
              44.0584726
            ],
            [
              12.5915361,
              44.0583633
            ],
            [
              12.5914317,
              44.0583015
            ],
            [
              12.5914007,
              44.0583297
            ],
            [
              12.5913531,
              44.0583025
            ],
            [
              12.5913763,
              44.0582814
            ],
            [
              12.5912795,
              44.0582263
            ],
            [
              12.5911659,
              44.05833
            ]
          ]
        ]
      }
    },
    {
      "type": "Feature",
      "properties": {
        "id": 223836133,
        "tipo": "hotel",
        "name": "Hotel Sunset",
        "stars": ""
      },
      "geometry": {
        "type": "Polygon",
        "coordinates": [
          [
            [
              12.5967822,
              44.0520975
            ],
            [
              12.5969613,
              44.0521945
            ],
            [
              12.5971123,
              44.0520495
            ],
            [
              12.5969195,
              44.0519445
            ],
            [
              12.5968699,
              44.0519934
            ],
            [
              12.5969408,
              44.0520317
            ],
            [
              12.5969086,
              44.0520627
            ],
            [
              12.5968509,
              44.0520315
            ],
            [
              12.5967822,
              44.0520975
            ]
          ]
        ]
      }
    },
    {
      "type": "Feature",
      "properties": {
        "id": 223836189,
        "tipo": "hotel",
        "name": "Residence Hotel Ofelia",
        "stars": ""
      },
      "geometry": {
        "type": "Polygon",
        "coordinates": [
          [
            [
              12.5851531,
              44.0619234
            ],
            [
              12.5852903,
              44.0619972
            ],
            [
              12.5853286,
              44.0619615
            ],
            [
              12.5853116,
              44.0619521
            ],
            [
              12.5854061,
              44.0618635
            ],
            [
              12.5853652,
              44.0618408
            ],
            [
              12.5853747,
              44.0618319
            ],
            [
              12.5852951,
              44.0617884
            ],
            [
              12.5851531,
              44.0619234
            ]
          ]
        ]
      }
    },
    {
      "type": "Feature",
      "properties": {
        "id": 223836668,
        "tipo": "hotel",
        "name": "Hotel De Londres",
        "stars": ""
      },
      "geometry": {
        "type": "Polygon",
        "coordinates": [
          [
            [
              12.5802315,
              44.0686209
            ],
            [
              12.580545,
              44.0687594
            ],
            [
              12.580595,
              44.0687004
            ],
            [
              12.5804856,
              44.0686497
            ],
            [
              12.5806008,
              44.0685131
            ],
            [
              12.5804323,
              44.0684393
            ],
            [
              12.5803002,
              44.068596
            ],
            [
              12.5802655,
              44.0685808
            ],
            [
              12.5802315,
              44.0686209
            ]
          ]
        ]
      }
    },
    {
      "type": "Feature",
      "properties": {
        "id": 223836896,
        "tipo": "hotel",
        "name": "Mercure Rimini Lungomare",
        "stars": ""
      },
      "geometry": {
        "type": "Polygon",
        "coordinates": [
          [
            [
              12.5794684,
              44.0696109
            ],
            [
              12.5795175,
              44.069633
            ],
            [
              12.5795522,
              44.0695932
            ],
            [
              12.5797721,
              44.0696922
            ],
            [
              12.5797418,
              44.0697269
            ],
            [
              12.5797894,
              44.0697484
            ],
            [
              12.5799347,
              44.0695818
            ],
            [
              12.5796181,
              44.0694392
            ],
            [
              12.5795443,
              44.0695053
            ],
            [
              12.5794684,
              44.0696109
            ]
          ]
        ]
      }
    },
    {
      "type": "Feature",
      "properties": {
        "id": 777509100,
        "tipo": "hotel",
        "name": "",
        "stars": ""
      },
      "geometry": {
        "type": "Polygon",
        "coordinates": [
          [
            [
              12.533908,
              44.0898321
            ],
            [
              12.5338467,
              44.0898699
            ],
            [
              12.5338098,
              44.0898453
            ],
            [
              12.533722,
              44.0899017
            ],
            [
              12.5337555,
              44.0899258
            ],
            [
              12.5337421,
              44.0899364
            ],
            [
              12.5338514,
              44.0900264
            ],
            [
              12.5339788,
              44.0899441
            ],
            [
              12.5339976,
              44.0899619
            ],
            [
              12.5340083,
              44.0899566
            ],
            [
              12.5340539,
              44.0899999
            ],
            [
              12.5340886,
              44.089982
            ],
            [
              12.5340189,
              44.0899244
            ],
            [
              12.533908,
              44.0898321
            ]
          ]
        ]
      }
    },
    {
      "type": "Feature",
      "properties": {
        "id": 1222734030,
        "tipo": "hotel",
        "name": "Ideal",
        "stars": "3"
      },
      "geometry": {
        "type": "Polygon",
        "coordinates": [
          [
            [
              12.5084547,
              44.1101672
            ],
            [
              12.5083777,
              44.1102163
            ],
            [
              12.508324,
              44.1102616
            ],
            [
              12.5084566,
              44.110343
            ],
            [
              12.5086079,
              44.1102151
            ],
            [
              12.5085224,
              44.1101626
            ],
            [
              12.5084908,
              44.1101893
            ],
            [
              12.5084547,
              44.1101672
            ]
          ]
        ]
      }
    },
    {
      "type": "Feature",
      "properties": {
        "id": 1279396010,
        "tipo": "hotel",
        "name": "Hotel Bahama",
        "stars": ""
      },
      "geometry": {
        "type": "Polygon",
        "coordinates": [
          [
            [
              12.5673006,
              44.0735584
            ],
            [
              12.56726,
              44.0734956
            ],
            [
              12.5673922,
              44.0734512
            ],
            [
              12.5672698,
              44.0732615
            ],
            [
              12.5673905,
              44.0732209
            ],
            [
              12.5675535,
              44.0734734
            ],
            [
              12.5673006,
              44.0735584
            ]
          ]
        ]
      }
    },
    {
      "type": "Feature",
      "properties": {
        "id": 1344801425,
        "tipo": "hotel",
        "name": "El Cid Campeador",
        "stars": "3"
      },
      "geometry": {
        "type": "Polygon",
        "coordinates": [
          [
            [
              12.5078041,
              44.1110196
            ],
            [
              12.5071397,
              44.1105949
            ],
            [
              12.5075702,
              44.1102467
            ],
            [
              12.5078525,
              44.1104206
            ],
            [
              12.5076642,
              44.1105916
            ],
            [
              12.5080399,
              44.1108246
            ],
            [
              12.5078041,
              44.1110196
            ]
          ]
        ]
      }
    },
    {
      "type": "Feature",
      "properties": {
        "id": 1450209449,
        "tipo": "hotel",
        "name": "Hotel Iones",
        "stars": ""
      },
      "geometry": {
        "type": "Polygon",
        "coordinates": [
          [
            [
              12.5605823,
              44.0757847
            ],
            [
              12.560719,
              44.0757408
            ],
            [
              12.5606024,
              44.0755533
            ],
            [
              12.5603414,
              44.0756371
            ],
            [
              12.560402,
              44.0757344
            ],
            [
              12.5604264,
              44.0757266
            ],
            [
              12.5604825,
              44.0758167
            ],
            [
              12.5605823,
              44.0757847
            ]
          ]
        ]
      }
    },
    {
      "type": "Feature",
      "properties": {
        "id": 1453321631,
        "tipo": "hotel",
        "name": "Litoraneo suite hotel",
        "stars": "4"
      },
      "geometry": {
        "type": "Polygon",
        "coordinates": [
          [
            [
              12.5885692,
              44.0608825
            ],
            [
              12.5885155,
              44.0609339
            ],
            [
              12.5883464,
              44.0610966
            ],
            [
              12.5884593,
              44.061158
            ],
            [
              12.5884484,
              44.0611684
            ],
            [
              12.5885485,
              44.0612228
            ],
            [
              12.5886091,
              44.0611651
            ],
            [
              12.5885272,
              44.0611207
            ],
            [
              12.5885926,
              44.0610585
            ],
            [
              12.5886769,
              44.0611042
            ],
            [
              12.5887429,
              44.0610415
            ],
            [
              12.5886433,
              44.0609875
            ],
            [
              12.5886867,
              44.0609461
            ],
            [
              12.5888106,
              44.0610126
            ],
            [
              12.5889975,
              44.0608358
            ],
            [
              12.5887557,
              44.0607038
            ],
            [
              12.5885692,
              44.0608825
            ]
          ]
        ]
      }
    }
  ]
}