{
  "type": "FeatureCollection",
  "features": [
    {
      "type": "Feature",
      "properties": {
        "id": 690456250,
        "tipo": "negozio_chemist",
        "name": "Parafarmacia",
        "phone": "",
        "website": "",
        "opening_hours": ""
      },
      "geometry": {
        "type": "Point",
        "coordinates": [
          12.578756,
          44.0703017
        ]
      }
    },
    {
      "type": "Feature",
      "properties": {
        "id": 734958452,
        "tipo": "negozio_supermarket",
        "name": "Coop",
        "phone": "",
        "website": "",
        "opening_hours": ""
      },
      "geometry": {
        "type": "Point",
        "coordinates": [
          12.5498865,
          44.0571288
        ]
      }
    },
    {
      "type": "Feature",
      "properties": {
        "id": 968078958,
        "tipo": "negozio_supermarket",
        "name": "PENNY",
        "phone": "",
        "website": "",
        "opening_hours": ""
      },
      "geometry": {
        "type": "Point",
        "coordinates": [
          12.5426553,
          44.0593438
        ]
      }
    },
    {
      "type": "Feature",
      "properties": {
        "id": 1040096727,
        "tipo": "negozio_doityourself",
        "name": "OBI",
        "phone": "",
        "website": "https://www.obi-italia.it/",
        "opening_hours": "Mo-Sa 08:00-20:00; Su 08:30-20:00"
      },
      "geometry": {
        "type": "Point",
        "coordinates": [
          12.542654,
          44.0593814
        ]
      }
    },
    {
      "type": "Feature",
      "properties": {
        "id": 1188833219,
        "tipo": "negozio_supermarket",
        "name": "Conad City",
        "phone": "",
        "website": "",
        "opening_hours": ""
      },
      "geometry": {
        "type": "Point",
        "coordinates": [
          12.5903181,
          44.0477518
        ]
      }
    },
    {
      "type": "Feature",
      "properties": {
        "id": 1598846168,
        "tipo": "negozio_greengrocer",
        "name": "Fruit&Co Di Gagliardi Antonio",
        "phone": "",
        "website": "",
        "opening_hours": ""
      },
      "geometry": {
        "type": "Point",
        "coordinates": [
          12.5646038,
          44.0456559
        ]
      }
    },
    {
      "type": "Feature",
      "properties": {
        "id": 1600341520,
        "tipo": "negozio_supermarket",
        "name": "Conad",
        "phone": "",
        "website": "",
        "opening_hours": ""
      },
      "geometry": {
        "type": "Point",
        "coordinates": [
          12.5641874,
          44.0459697
        ]
      }
    },
    {
      "type": "Feature",
      "properties": {
        "id": 1951525722,
        "tipo": "negozio_supermarket",
        "name": "Conad",
        "phone": "",
        "website": "",
        "opening_hours": ""
      },
      "geometry": {
        "type": "Point",
        "coordinates": [
          12.5753133,
          44.0371667
        ]
      }
    },
    {
      "type": "Feature",
      "properties": {
        "id": 1964759704,
        "tipo": "negozio_bicycle",
        "name": "Teknobike2",
        "phone": "",
        "website": "www.teknobikestore.com",
        "opening_hours": ""
      },
      "geometry": {
        "type": "Point",
        "coordinates": [
          12.5888867,
          44.0427761
        ]
      }
    },
    {
      "type": "Feature",
      "properties": {
        "id": 2430612312,
        "tipo": "negozio_supermarket",
        "name": "MD",
        "phone": "",
        "website": "",
        "opening_hours": ""
      },
      "geometry": {
        "type": "Point",
        "coordinates": [
          12.5738513,
          44.0424886
        ]
      }
    },
    {
      "type": "Feature",
      "properties": {
        "id": 2501859414,
        "tipo": "negozio_supermarket",
        "name": "Ipercoop",
        "phone": "",
        "website": "",
        "opening_hours": ""
      },
      "geometry": {
        "type": "Point",
        "coordinates": [
          12.5294262,
          44.0675203
        ]
      }
    },
    {
      "type": "Feature",
      "properties": {
        "id": 2505230771,
        "tipo": "negozio_supermarket",
        "name": "Coop",
        "phone": "",
        "website": "",
        "opening_hours": ""
      },
      "geometry": {
        "type": "Point",
        "coordinates": [
          12.5494663,
          44.0682583
        ]
      }
    },
    {
      "type": "Feature",
      "properties": {
        "id": 2718096112,
        "tipo": "ufficio_it",
        "name": "HI-Net srl",
        "phone": "+39 0541 478040",
        "website": "https://www.hi-net.it/",
        "opening_hours": ""
      },
      "geometry": {
        "type": "Point",
        "coordinates": [
          12.5755757,
          44.0442055
        ]
      }
    },
    {
      "type": "Feature",
      "properties": {
        "id": 2718096316,
        "tipo": "negozio_books",
        "name": "Libreria del professionista",
        "phone": "",
        "website": "",
        "opening_hours": ""
      },
      "geometry": {
        "type": "Point",
        "coordinates": [
          12.571003,
          44.0616701
        ]
      }
    },
    {
      "type": "Feature",
      "properties": {
        "id": 2718097326,
        "tipo": "negozio_pastry",
        "name": "Meraki",
        "phone": "+39 351 447 0951",
        "website": "https://www.merakipasticceria.com/",
        "opening_hours": ""
      },
      "geometry": {
        "type": "Point",
        "coordinates": [
          12.5623953,
          44.055177
        ]
      }
    },
    {
      "type": "Feature",
      "properties": {
        "id": 2718097715,
        "tipo": "negozio_deli",
        "name": "Tavolain",
        "phone": "",
        "website": "",
        "opening_hours": ""
      },
      "geometry": {
        "type": "Point",
        "coordinates": [
          12.5836493,
          44.0474275
        ]
      }
    },
    {
      "type": "Feature",
      "properties": {
        "id": 2718097915,
        "tipo": "negozio_yes",
        "name": "Tıno",
        "phone": "",
        "website": "",
        "opening_hours": ""
      },
      "geometry": {
        "type": "Point",
        "coordinates": [
          12.5707495,
          44.0606775
        ]
      }
    },
    {
      "type": "Feature",
      "properties": {
        "id": 2718098226,
        "tipo": "negozio_optician",
        "name": "Centro Ottico Riminese",
        "phone": "",
        "website": "",
        "opening_hours": "Mo-Sa 09:00-12:30,15:30-19:45"
      },
      "geometry": {
        "type": "Point",
        "coordinates": [
          12.5696239,
          44.0600798
        ]
      }
    },
    {
      "type": "Feature",
      "properties": {
        "id": 2718099195,
        "tipo": "negozio_clothes",
        "name": "Jeon Louis David",
        "phone": "",
        "website": "",
        "opening_hours": ""
      },
      "geometry": {
        "type": "Point",
        "coordinates": [
          12.5689169,
          44.0595588
        ]
      }
    },
    {
      "type": "Feature",
      "properties": {
        "id": 2718099352,
        "tipo": "negozio_beauty",
        "name": "FNail Studio",
        "phone": "",
        "website": "",
        "opening_hours": ""
      },
      "geometry": {
        "type": "Point",
        "coordinates": [
          12.5695669,
          44.0580148
        ]
      }
    },
    {
      "type": "Feature",
      "properties": {
        "id": 2718100996,
        "tipo": "negozio_deli",
        "name": "Macelleria Maria",
        "phone": "",
        "website": "",
        "opening_hours": ""
      },
      "geometry": {
        "type": "Point",
        "coordinates": [
          12.5360326,
          44.0879718
        ]
      }
    },
    {
      "type": "Feature",
      "properties": {
        "id": 2718101194,
        "tipo": "negozio_bicycle",
        "name": "Bicicletteria",
        "phone": "+39 389 141 0562",
        "website": "",
        "opening_hours": ""
      },
      "geometry": {
        "type": "Point",
        "coordinates": [
          12.5711959,
          44.0663995
        ]
      }
    },
    {
      "type": "Feature",
      "properties": {
        "id": 2718101322,
        "tipo": "artigianato_yes",
        "name": "Imago",
        "phone": "+39 0541 38 4859",
        "website": "https://imagosrl.eu/",
        "opening_hours": ""
      },
      "geometry": {
        "type": "Point",
        "coordinates": [
          12.5686034,
          44.0582018
        ]
      }
    },
    {
      "type": "Feature",
      "properties": {
        "id": 2718101517,
        "tipo": "negozio_convenience",
        "name": "Raj Minimarket",
        "phone": "",
        "website": "",
        "opening_hours": ""
      },
      "geometry": {
        "type": "Point",
        "coordinates": [
          12.5836175,
          44.0650767
        ]
      }
    },
    {
      "type": "Feature",
      "properties": {
        "id": 2718102063,
        "tipo": "negozio_pet",
        "name": "Robinson pet shop",
        "phone": "",
        "website": "",
        "opening_hours": ""
      },
      "geometry": {
        "type": "Point",
        "coordinates": [
          12.5616577,
          44.0457735
        ]
      }
    },
    {
      "type": "Feature",
      "properties": {
        "id": 2718102123,
        "tipo": "negozio_perfumery",
        "name": "Equivalenza",
        "phone": "",
        "website": "",
        "opening_hours": ""
      },
      "geometry": {
        "type": "Point",
        "coordinates": [
          12.566179,
          44.0579676
        ]
      }
    },
    {
      "type": "Feature",
      "properties": {
        "id": 2718102252,
        "tipo": "negozio_tobacco",
        "name": "",
        "phone": "",
        "website": "",
        "opening_hours": ""
      },
      "geometry": {
        "type": "Point",
        "coordinates": [
          12.5836312,
          44.0650092
        ]
      }
    },
    {
      "type": "Feature",
      "properties": {
        "id": 2718102313,
        "tipo": "negozio_tobacco",
        "name": "",
        "phone": "",
        "website": "",
        "opening_hours": ""
      },
      "geometry": {
        "type": "Point",
        "coordinates": [
          12.5921705,
          44.0569536
        ]
      }
    },
    {
      "type": "Feature",
      "properties": {
        "id": 2718102405,
        "tipo": "negozio_convenience",
        "name": "",
        "phone": "",
        "website": "",
        "opening_hours": ""
      },
      "geometry": {
        "type": "Point",
        "coordinates": [
          12.5922322,
          44.056894
        ]
      }
    },
    {
      "type": "Feature",
      "properties": {
        "id": 2718102429,
        "tipo": "negozio_clothes",
        "name": "Tezenis",
        "phone": "",
        "website": "",
        "opening_hours": ""
      },
      "geometry": {
        "type": "Point",
        "coordinates": [
          12.5674571,
          44.060094
        ]
      }
    },
    {
      "type": "Feature",
      "properties": {
        "id": 2718102464,
        "tipo": "negozio_tobacco",
        "name": "Tabaccheria",
        "phone": "",
        "website": "",
        "opening_hours": ""
      },
      "geometry": {
        "type": "Point",
        "coordinates": [
          12.5660995,
          44.0578306
        ]
      }
    },
    {
      "type": "Feature",
      "properties": {
        "id": 2718102799,
        "tipo": "negozio_clothes",
        "name": "Casade",
        "phone": "",
        "website": "",
        "opening_hours": ""
      },
      "geometry": {
        "type": "Point",
        "coordinates": [
          12.5677817,
          44.0600116
        ]
      }
    },
    {
      "type": "Feature",
      "properties": {
        "id": 2718102951,
        "tipo": "negozio_photo",
        "name": "Foto Amadeo",
        "phone": "",
        "website": "",
        "opening_hours": ""
      },
      "geometry": {
        "type": "Point",
        "coordinates": [
          12.5661394,
          44.0579443
        ]
      }
    },
    {
      "type": "Feature",
      "properties": {
        "id": 2718103045,
        "tipo": "negozio_newsagent",
        "name": "Seren",
        "phone": "",
        "website": "",
        "opening_hours": ""
      },
      "geometry": {
        "type": "Point",
        "coordinates": [
          12.5923876,
          44.0567165
        ]
      }
    },
    {
      "type": "Feature",
      "properties": {
        "id": 2718103188,
        "tipo": "negozio_supermarket",
        "name": "",
        "phone": "",
        "website": "",
        "opening_hours": "Mo-Su 10:00-22:00"
      },
      "geometry": {
        "type": "Point",
        "coordinates": [
          12.5925278,
          44.0565851
        ]
      }
    },
    {
      "type": "Feature",
      "properties": {
        "id": 2718103194,
        "tipo": "negozio_clothes",
        "name": "Intimissimi",
        "phone": "",
        "website": "",
        "opening_hours": ""
      },
      "geometry": {
        "type": "Point",
        "coordinates": [
          12.5674018,
          44.060176
        ]
      }
    },
    {
      "type": "Feature",
      "properties": {
        "id": 2718103220,
        "tipo": "negozio_herbalist",
        "name": "Erboristeria Stagnozzi",
        "phone": "+39 0541 780473",
        "website": "https://erboristeria.cloud/",
        "opening_hours": "Mo-Sa 08:30-13:00,15:30-19:30"
      },
      "geometry": {
        "type": "Point",
        "coordinates": [
          12.562656,
          44.0604079
        ]
      }
    },
    {
      "type": "Feature",
      "properties": {
        "id": 2718103390,
        "tipo": "negozio_clothes",
        "name": "Since 1886",
        "phone": "+390541783603",
        "website": "https://www.ginevraunderwear.it",
        "opening_hours": ""
      },
      "geometry": {
        "type": "Point",
        "coordinates": [
          12.5677448,
          44.0600462
        ]
      }
    },
    {
      "type": "Feature",
      "properties": {
        "id": 2718104235,
        "tipo": "negozio_gift",
        "name": "Enny Monaco",
        "phone": "",
        "website": "",
        "opening_hours": ""
      },
      "geometry": {
        "type": "Point",
        "coordinates": [
          12.5660662,
          44.0579022
        ]
      }
    },
    {
      "type": "Feature",
      "properties": {
        "id": 2718104590,
        "tipo": "negozio_shoes",
        "name": "Magiò Calzature",
        "phone": "",
        "website": "",
        "opening_hours": ""
      },
      "geometry": {
        "type": "Point",
        "coordinates": [
          12.6092229,
          44.041538
        ]
      }
    },
    {
      "type": "Feature",
      "properties": {
        "id": 2718105598,
        "tipo": "negozio_beauty",
        "name": "Lash Room",
        "phone": "",
        "website": "",
        "opening_hours": ""
      },
      "geometry": {
        "type": "Point",
        "coordinates": [
          12.6194726,
          44.0282112
        ]
      }
    },
    {
      "type": "Feature",
      "properties": {
        "id": 2718106093,
        "tipo": "ufficio_insurance",
        "name": "Allianz",
        "phone": "",
        "website": "",
        "opening_hours": ""
      },
      "geometry": {
        "type": "Point",
        "coordinates": [
          12.5715876,
          44.0561426
        ]
      }
    },
    {
      "type": "Feature",
      "properties": {
        "id": 2718106418,
        "tipo": "negozio_video_games",
        "name": "Alcatraz",
        "phone": "",
        "website": "",
        "opening_hours": ""
      },
      "geometry": {
        "type": "Point",
        "coordinates": [
          12.5693851,
          44.058028
        ]
      }
    },
    {
      "type": "Feature",
      "properties": {
        "id": 2718106644,
        "tipo": "ufficio_government",
        "name": "Associazone Nazionale Mutilati ed Invalidi di Guerra",
        "phone": "",
        "website": "",
        "opening_hours": ""
      },
      "geometry": {
        "type": "Point",
        "coordinates": [
          12.5715947,
          44.0601796
        ]
      }
    },
    {
      "type": "Feature",
      "properties": {
        "id": 2718108987,
        "tipo": "negozio_funeral_directors",
        "name": "Onoranze funebri Cappelli",
        "phone": "+39 0541 383185",
        "website": "https://www.onoranzefunebricappelli.it/",
        "opening_hours": ""
      },
      "geometry": {
        "type": "Point",
        "coordinates": [
          12.5905783,
          44.0434653
        ]
      }
    },
    {
      "type": "Feature",
      "properties": {
        "id": 2718109117,
        "tipo": "negozio_clothes",
        "name": "Posei",
        "phone": "",
        "website": "",
        "opening_hours": ""
      },
      "geometry": {
        "type": "Point",
        "coordinates": [
          12.5376686,
          44.0884089
        ]
      }
    },
    {
      "type": "Feature",
      "properties": {
        "id": 2718109258,
        "tipo": "negozio_hardware",
        "name": "Ferramenta da Marco",
        "phone": "",
        "website": "",
        "opening_hours": ""
      },
      "geometry": {
        "type": "Point",
        "coordinates": [
          12.5803725,
          44.0531103
        ]
      }
    },
    {
      "type": "Feature",
      "properties": {
        "id": 2718109259,
        "tipo": "negozio_tattoo",
        "name": "Tattoo Le Sirene",
        "phone": "",
        "website": "",
        "opening_hours": ""
      },
      "geometry": {
        "type": "Point",
        "coordinates": [
          12.5376043,
          44.0884469
        ]
      }
    },
    {
      "type": "Feature",
      "properties": {
        "id": 2718109266,
        "tipo": "negozio_hairdresser",
        "name": "Roberto Hairdresser",
        "phone": "",
        "website": "",
        "opening_hours": ""
      },
      "geometry": {
        "type": "Point",
        "coordinates": [
          12.5658301,
          44.0576293
        ]
      }
    },
    {
      "type": "Feature",
      "properties": {
        "id": 2718109295,
        "tipo": "negozio_supermarket",
        "name": "Econatura",
        "phone": "",
        "website": "",
        "opening_hours": "Mo-Sa 09:30-12:30, 16:00-19:30"
      },
      "geometry": {
        "type": "Point",
        "coordinates": [
          12.5659778,
          44.0578508
        ]
      }
    },
    {
      "type": "Feature",
      "properties": {
        "id": 2718109438,
        "tipo": "negozio_pastry",
        "name": "Pasticceria Smeraldo",
        "phone": "+39 0541 388001",
        "website": "",
        "opening_hours": ""
      },
      "geometry": {
        "type": "Point",
        "coordinates": [
          12.5804579,
          44.0531546
        ]
      }
    },
    {
      "type": "Feature",
      "properties": {
        "id": 2718109523,
        "tipo": "artigianato_glaziery",
        "name": "Vetreria Bellariva",
        "phone": "+39 0541 380430",
        "website": "https://www.vetreriabellariva.com/",
        "opening_hours": "Mo-Fr 08:30-12:30,14:30-19:00"
      },
      "geometry": {
        "type": "Point",
        "coordinates": [
          12.5929816,
          44.0459883
        ]
      }
    },
    {
      "type": "Feature",
      "properties": {
        "id": 2718110106,
        "tipo": "negozio_bakery",
        "name": "Panificio Grazi",
        "phone": "+39  0541 780118",
        "website": "",
        "opening_hours": ""
      },
      "geometry": {
        "type": "Point",
        "coordinates": [
          12.5625947,
          44.0608134
        ]
      }
    },
    {
      "type": "Feature",
      "properties": {
        "id": 2718110261,
        "tipo": "negozio_jewelry",
        "name": "Panigalli",
        "phone": "",
        "website": "",
        "opening_hours": ""
      },
      "geometry": {
        "type": "Point",
        "coordinates": [
          12.5756995,
          44.056257
        ]
      }
    },
    {
      "type": "Feature",
      "properties": {
        "id": 2718110405,
        "tipo": "negozio_tyres",
        "name": "Pneus",
        "phone": "+39 0541 74 2336",
        "website": "https://www.pneusrimini.com/",
        "opening_hours": ""
      },
      "geometry": {
        "type": "Point",
        "coordinates": [
          12.5483199,
          44.0698456
        ]
      }
    },
    {
      "type": "Feature",
      "properties": {
        "id": 2718110409,
        "tipo": "negozio_clothes",
        "name": "Positano",
        "phone": "",
        "website": "",
        "opening_hours": ""
      },
      "geometry": {
        "type": "Point",
        "coordinates": [
          12.5840173,
          44.0646946
        ]
      }
    },
    {
      "type": "Feature",
      "properties": {
        "id": 2718110449,
        "tipo": "negozio_convenience",
        "name": "Carrefour Express",
        "phone": "",
        "website": "",
        "opening_hours": "Mo-Sa 07:30-19:30; Su 08:00-12:30"
      },
      "geometry": {
        "type": "Point",
        "coordinates": [
          12.5561445,
          44.0494795
        ]
      }
    },
    {
      "type": "Feature",
      "properties": {
        "id": 2718110502,
        "tipo": "negozio_bakery",
        "name": "Cupioli",
        "phone": "",
        "website": "https://www.panificiocupioliroberto.it/",
        "opening_hours": "Mo-Sa 07:00-13:00,16:30-19:00; Tu 07:00-13:00"
      },
      "geometry": {
        "type": "Point",
        "coordinates": [
          12.5591047,
          44.0517891
        ]
      }
    },
    {
      "type": "Feature",
      "properties": {
        "id": 2718110593,
        "tipo": "negozio_kiosk",
        "name": "Il Baracchino",
        "phone": "",
        "website": "",
        "opening_hours": ""
      },
      "geometry": {
        "type": "Point",
        "coordinates": [
          12.5117471,
          44.1076997
        ]
      }
    },
    {
      "type": "Feature",
      "properties": {
        "id": 2718110784,
        "tipo": "negozio_bakery",
        "name": "Forno dell'Angolo",
        "phone": "+39 0541 38 8384",
        "website": "",
        "opening_hours": ""
      },
      "geometry": {
        "type": "Point",
        "coordinates": [
          12.5658652,
          44.0577809
        ]
      }
    },
    {
      "type": "Feature",
      "properties": {
        "id": 2718111098,
        "tipo": "negozio_clothes",
        "name": "Matrgerrito",
        "phone": "",
        "website": "",
        "opening_hours": ""
      },
      "geometry": {
        "type": "Point",
        "coordinates": [
          12.5716667,
          44.0590671
        ]
      }
    },
    {
      "type": "Feature",
      "properties": {
        "id": 2718111366,
        "tipo": "negozio_hairdresser",
        "name": "Antonio Cochise",
        "phone": "",
        "website": "",
        "opening_hours": "Mo 15:00-19:30; Tu-Sa 09:30-12:30,15:30-19:30"
      },
      "geometry": {
        "type": "Point",
        "coordinates": [
          12.5872266,
          44.0612184
        ]
      }
    },
    {
      "type": "Feature",
      "properties": {
        "id": 2718111470,
        "tipo": "negozio_clothes",
        "name": "Sorbino",
        "phone": "+390541387938",
        "website": "",
        "opening_hours": ""
      },
      "geometry": {
        "type": "Point",
        "coordinates": [
          12.5689598,
          44.0595865
        ]
      }
    },
    {
      "type": "Feature",
      "properties": {
        "id": 2718111503,
        "tipo": "negozio_department_store",
        "name": "Coin",
        "phone": "",
        "website": "",
        "opening_hours": ""
      },
      "geometry": {
        "type": "Point",
        "coordinates": [
          12.569732,
          44.0583236
        ]
      }
    },
    {
      "type": "Feature",
      "properties": {
        "id": 2718113470,
        "tipo": "negozio_books",
        "name": "",
        "phone": "",
        "website": "",
        "opening_hours": ""
      },
      "geometry": {
        "type": "Point",
        "coordinates": [
          12.5700095,
          44.0588257
        ]
      }
    },
    {
      "type": "Feature",
      "properties": {
        "id": 2718113484,
        "tipo": "ufficio_estate_agent",
        "name": "Generazione Casa",
        "phone": "",
        "website": "",
        "opening_hours": ""
      },
      "geometry": {
        "type": "Point",
        "coordinates": [
          12.5655501,
          44.0574725
        ]
      }
    },
    {
      "type": "Feature",
      "properties": {
        "id": 2718113535,
        "tipo": "negozio_clothes",
        "name": "Barbato",
        "phone": "",
        "website": "",
        "opening_hours": ""
      },
      "geometry": {
        "type": "Point",
        "coordinates": [
          12.5657172,
          44.0577152
        ]
      }
    },
    {
      "type": "Feature",
      "properties": {
        "id": 2718113546,
        "tipo": "negozio_chemist",
        "name": "dm",
        "phone": "",
        "website": "https://www.dm-drogeriemarkt.it",
        "opening_hours": ""
      },
      "geometry": {
        "type": "Point",
        "coordinates": [
          12.5841401,
          44.0645974
        ]
      }
    },
    {
      "type": "Feature",
      "properties": {
        "id": 2718113600,
        "tipo": "negozio_herbalist",
        "name": "Vis Herbae",
        "phone": "+39 0541 738480",
        "website": "",
        "opening_hours": ""
      },
      "geometry": {
        "type": "Point",
        "coordinates": [
          12.5372845,
          44.0886708
        ]
      }
    },
    {
      "type": "Feature",
      "properties": {
        "id": 2718113823,
        "tipo": "ufficio_financial_advisor",
        "name": "Family Office",
        "phone": "+39 328 119 3691",
        "website": "https://www.familyofficeitalia.it/",
        "opening_hours": ""
      },
      "geometry": {
        "type": "Point",
        "coordinates": [
          12.5595688,
          44.0565931
        ]
      }
    },
    {
      "type": "Feature",
      "properties": {
        "id": 2718113847,
        "tipo": "negozio_vacant",
        "name": "",
        "phone": "",
        "website": "",
        "opening_hours": ""
      },
      "geometry": {
        "type": "Point",
        "coordinates": [
          12.5372211,
          44.0886998
        ]
      }
    },
    {
      "type": "Feature",
      "properties": {
        "id": 2718113866,
        "tipo": "negozio_greengrocer",
        "name": "Pink Lady",
        "phone": "+390541772428",
        "website": "",
        "opening_hours": ""
      },
      "geometry": {
        "type": "Point",
        "coordinates": [
          12.5585269,
          44.0512681
        ]
      }
    },
    {
      "type": "Feature",
      "properties": {
        "id": 2718113869,
        "tipo": "negozio_butcher",
        "name": "Macelleria Guidi & Casali",
        "phone": "+39 0541 770248",
        "website": "",
        "opening_hours": ""
      },
      "geometry": {
        "type": "Point",
        "coordinates": [
          12.5584706,
          44.0512243
        ]
      }
    },
    {
      "type": "Feature",
      "properties": {
        "id": 2718113932,
        "tipo": "negozio_tobacco",
        "name": "Lotto Tobacco Shop",
        "phone": "",
        "website": "",
        "opening_hours": ""
      },
      "geometry": {
        "type": "Point",
        "coordinates": [
          12.5670225,
          44.0605384
        ]
      }
    },
    {
      "type": "Feature",
      "properties": {
        "id": 2718113982,
        "tipo": "negozio_hairdresser_supply",
        "name": "Tutto per Capelli",
        "phone": "+39 328 059 4291",
        "website": "https://www.tuttoxcapelli.it/",
        "opening_hours": ""
      },
      "geometry": {
        "type": "Point",
        "coordinates": [
          12.587092,
          44.0440035
        ]
      }
    },
    {
      "type": "Feature",
      "properties": {
        "id": 2718114065,
        "tipo": "negozio_tattoo",
        "name": "Ink On Show",
        "phone": "+39 333 2862901",
        "website": "https://www.inkonshow.it/",
        "opening_hours": ""
      },
      "geometry": {
        "type": "Point",
        "coordinates": [
          12.5472591,
          44.0820133
        ]
      }
    },
    {
      "type": "Feature",
      "properties": {
        "id": 2718114109,
        "tipo": "negozio_shoes",
        "name": "Capolinea",
        "phone": "",
        "website": "",
        "opening_hours": ""
      },
      "geometry": {
        "type": "Point",
        "coordinates": [
          12.5655383,
          44.0576073
        ]
      }
    },
    {
      "type": "Feature",
      "properties": {
        "id": 2718114654,
        "tipo": "negozio_stationery",
        "name": "Copisteria Marizia",
        "phone": "",
        "website": "",
        "opening_hours": ""
      },
      "geometry": {
        "type": "Point",
        "coordinates": [
          12.5716186,
          44.0601568
        ]
      }
    },
    {
      "type": "Feature",
      "properties": {
        "id": 2718115713,
        "tipo": "negozio_wholesale",
        "name": "METRO",
        "phone": "+390541203411",
        "website": "",
        "opening_hours": ""
      },
      "geometry": {
        "type": "Point",
        "coordinates": [
          12.4714064,
          44.0795739
        ]
      }
    },
    {
      "type": "Feature",
      "properties": {
        "id": 2718116090,
        "tipo": "negozio_games",
        "name": "Orion",
        "phone": "+39 0541 39 3122",
        "website": "",
        "opening_hours": ""
      },
      "geometry": {
        "type": "Point",
        "coordinates": [
          12.5886041,
          44.0433885
        ]
      }
    },
    {
      "type": "Feature",
      "properties": {
        "id": 2718116185,
        "tipo": "negozio_bicycle",
        "name": "Dafne Fixed",
        "phone": "+39 0541 31 6922",
        "website": "https://www.dafnefixed.com/",
        "opening_hours": ""
      },
      "geometry": {
        "type": "Point",
        "coordinates": [
          12.5653449,
          44.0575043
        ]
      }
    },
    {
      "type": "Feature",
      "properties": {
        "id": 2718116224,
        "tipo": "negozio_hardware",
        "name": "Ferramenta CITA",
        "phone": "+39 0541 782272",
        "website": "",
        "opening_hours": ""
      },
      "geometry": {
        "type": "Point",
        "coordinates": [
          12.5636423,
          44.0627211
        ]
      }
    },
    {
      "type": "Feature",
      "properties": {
        "id": 2718116412,
        "tipo": "negozio_convenience",
        "name": "Pan Biscotto",
        "phone": "",
        "website": "",
        "opening_hours": "Tu-Fr 07:45-13:00, 16:00-19:00; Sa 07:45-13:00, 16:15-19:00"
      },
      "geometry": {
        "type": "Point",
        "coordinates": [
          12.5716841,
          44.060102
        ]
      }
    },
    {
      "type": "Feature",
      "properties": {
        "id": 2718116609,
        "tipo": "ufficio_diplomatic",
        "name": "Consolato di San Marino",
        "phone": "",
        "website": "",
        "opening_hours": ""
      },
      "geometry": {
        "type": "Point",
        "coordinates": [
          12.57023,
          44.0576074
        ]
      }
    },
    {
      "type": "Feature",
      "properties": {
        "id": 2718116802,
        "tipo": "artigianato_electronics_repair",
        "name": "Maresi ricambi elettrodomestici",
        "phone": "+39 0541 775306",
        "website": "https://www.ricambi-elettrodomestici-rimini.it/",
        "opening_hours": ""
      },
      "geometry": {
        "type": "Point",
        "coordinates": [
          12.5444378,
          44.055157
        ]
      }
    },
    {
      "type": "Feature",
      "properties": {
        "id": 2718116822,
        "tipo": "negozio_travel_agency",
        "name": "Mister One",
        "phone": "",
        "website": "",
        "opening_hours": ""
      },
      "geometry": {
        "type": "Point",
        "coordinates": [
          12.5694806,
          44.0579679
        ]
      }
    },
    {
      "type": "Feature",
      "properties": {
        "id": 2718117317,
        "tipo": "ufficio_lawyer",
        "name": "Studio legale Pasquarella",
        "phone": "",
        "website": "",
        "opening_hours": ""
      },
      "geometry": {
        "type": "Point",
        "coordinates": [
          12.5703827,
          44.0626501
        ]
      }
    },
    {
      "type": "Feature",
      "properties": {
        "id": 2718117919,
        "tipo": "negozio_houseware",
        "name": "Punto casa",
        "phone": "",
        "website": "",
        "opening_hours": ""
      },
      "geometry": {
        "type": "Point",
        "coordinates": [
          12.5445918,
          44.0565553
        ]
      }
    },
    {
      "type": "Feature",
      "properties": {
        "id": 2718118012,
        "tipo": "negozio_toys",
        "name": "Mastro Geppetto",
        "phone": "+390541777557",
        "website": "https://mastrogeppettogiocattoli.it/",
        "opening_hours": ""
      },
      "geometry": {
        "type": "Point",
        "coordinates": [
          12.5443057,
          44.0565535
        ]
      }
    },
    {
      "type": "Feature",
      "properties": {
        "id": 2718118055,
        "tipo": "negozio_newsagent",
        "name": "Nonsologiornali",
        "phone": "",
        "website": "https://www.facebook.com/edicolaRivazzurra",
        "opening_hours": ""
      },
      "geometry": {
        "type": "Point",
        "coordinates": [
          12.6048624,
          44.0370485
        ]
      }
    },
    {
      "type": "Feature",
      "properties": {
        "id": 2718118134,
        "tipo": "negozio_tobacco",
        "name": "Jolly",
        "phone": "+39 0541 38 5754",
        "website": "",
        "opening_hours": "Mo-Sa 08:00-12:45,14:30-19:30"
      },
      "geometry": {
        "type": "Point",
        "coordinates": [
          12.5900223,
          44.05888
        ]
      }
    },
    {
      "type": "Feature",
      "properties": {
        "id": 2718118143,
        "tipo": "negozio_clothes",
        "name": "Street Style",
        "phone": "+39 349 880 9970",
        "website": "https://street-style-rimini.com/",
        "opening_hours": "Mo 09:30-19:30; Tu-Sa 10:00-19:30"
      },
      "geometry": {
        "type": "Point",
        "coordinates": [
          12.6131992,
          44.0381075
        ]
      }
    },
    {
      "type": "Feature",
      "properties": {
        "id": 2718118169,
        "tipo": "negozio_clothes",
        "name": "Le spose di Giulia",
        "phone": "",
        "website": "",
        "opening_hours": ""
      },
      "geometry": {
        "type": "Point",
        "coordinates": [
          12.5441314,
          44.056556
        ]
      }
    },
    {
      "type": "Feature",
      "properties": {
        "id": 2718119175,
        "tipo": "negozio_tattoo",
        "name": "Golden Age",
        "phone": "",
        "website": "",
        "opening_hours": ""
      },
      "geometry": {
        "type": "Point",
        "coordinates": [
          12.5693249,
          44.0580014
        ]
      }
    },
    {
      "type": "Feature",
      "properties": {
        "id": 2718119263,
        "tipo": "negozio_electronics",
        "name": "Trony",
        "phone": "+390541771605",
        "website": "https://www.trony.it/online/store/TRO044_A",
        "opening_hours": ""
      },
      "geometry": {
        "type": "Point",
        "coordinates": [
          12.5666881,
          44.0395994
        ]
      }
    },
    {
      "type": "Feature",
      "properties": {
        "id": 2718119595,
        "tipo": "negozio_furniture",
        "name": "Fiilipucci Arredamenti",
        "phone": "",
        "website": "",
        "opening_hours": ""
      },
      "geometry": {
        "type": "Point",
        "coordinates": [
          12.5711588,
          44.0578517
        ]
      }
    },
    {
      "type": "Feature",
      "properties": {
        "id": 2718119645,
        "tipo": "negozio_gift",
        "name": "Merceria",
        "phone": "",
        "website": "",
        "opening_hours": ""
      },
      "geometry": {
        "type": "Point",
        "coordinates": [
          12.5717732,
          44.059142
        ]
      }
    },
    {
      "type": "Feature",
      "properties": {
        "id": 2718120917,
        "tipo": "ufficio_government",
        "name": "Anagrafe - Delegazione Centro Storico",
        "phone": "",
        "website": "https://archivio.comune.rimini.it/comune-e-citta/comune/ufficio-relazioni-con-il-pubblico/guida-ai-servizi/delegazioni-anagrafiche",
        "opening_hours": ""
      },
      "geometry": {
        "type": "Point",
        "coordinates": [
          12.5661609,
          44.0613382
        ]
      }
    },
    {
      "type": "Feature",
      "properties": {
        "id": 2718120988,
        "tipo": "negozio_hairdresser",
        "name": "Gio B",
        "phone": "",
        "website": "",
        "opening_hours": ""
      },
      "geometry": {
        "type": "Point",
        "coordinates": [
          12.5569498,
          44.0498524
        ]
      }
    },
    {
      "type": "Feature",
      "properties": {
        "id": 2718122116,
        "tipo": "negozio_wine",
        "name": "Amatori Maurizio",
        "phone": "+390541791132",
        "website": "",
        "opening_hours": ""
      },
      "geometry": {
        "type": "Point",
        "coordinates": [
          12.5437797,
          44.0567757
        ]
      }
    },
    {
      "type": "Feature",
      "properties": {
        "id": 2718123232,
        "tipo": "ufficio_yes",
        "name": "Associazione Donne Operate Carcinoma Mammario",
        "phone": "",
        "website": "",
        "opening_hours": ""
      },
      "geometry": {
        "type": "Point",
        "coordinates": [
          12.5717423,
          44.0563314
        ]
      }
    },
    {
      "type": "Feature",
      "properties": {
        "id": 2718123370,
        "tipo": "negozio_hairdresser",
        "name": "Hair Studio",
        "phone": "",
        "website": "",
        "opening_hours": ""
      },
      "geometry": {
        "type": "Point",
        "coordinates": [
          12.5714568,
          44.0610195
        ]
      }
    },
    {
      "type": "Feature",
      "properties": {
        "id": 2718123585,
        "tipo": "negozio_motorcycle",
        "name": "Argilli Moto",
        "phone": "+390541783752",
        "website": "https://dealer.moto.it/argilligiovanni",
        "opening_hours": ""
      },
      "geometry": {
        "type": "Point",
        "coordinates": [
          12.5618991,
          44.0556554
        ]
      }
    },
    {
      "type": "Feature",
      "properties": {
        "id": 2718123723,
        "tipo": "negozio_shoes",
        "name": "Nero Giardini Shoe Shop",
        "phone": "",
        "website": "",
        "opening_hours": ""
      },
      "geometry": {
        "type": "Point",
        "coordinates": [
          12.5680351,
          44.0589056
        ]
      }
    },
    {
      "type": "Feature",
      "properties": {
        "id": 2718124059,
        "tipo": "negozio_hardware",
        "name": "Elettromeccanica Giovagnoli",
        "phone": "+39 0541 392993",
        "website": "",
        "opening_hours": "Mo-Sa 08:30-12:30,15:30-19:00"
      },
      "geometry": {
        "type": "Point",
        "coordinates": [
          12.5946986,
          44.0460206
        ]
      }
    },
    {
      "type": "Feature",
      "properties": {
        "id": 2718124561,
        "tipo": "ufficio_estate_agent",
        "name": "",
        "phone": "+39 347 836 1335",
        "website": "https://www.artediabitare.it/web/default.asp?language=ita",
        "opening_hours": ""
      },
      "geometry": {
        "type": "Point",
        "coordinates": [
          12.5430292,
          44.0568679
        ]
      }
    },
    {
      "type": "Feature",
      "properties": {
        "id": 2718124578,
        "tipo": "negozio_wine",
        "name": "Benvenuti Al Sud",
        "phone": "",
        "website": "",
        "opening_hours": ""
      },
      "geometry": {
        "type": "Point",
        "coordinates": [
          12.5788133,
          44.0585018
        ]
      }
    },
    {
      "type": "Feature",
      "properties": {
        "id": 2718124795,
        "tipo": "negozio_houseware",
        "name": "Di tutto da tutti",
        "phone": "",
        "website": "",
        "opening_hours": ""
      },
      "geometry": {
        "type": "Point",
        "coordinates": [
          12.5860547,
          44.0624318
        ]
      }
    },
    {
      "type": "Feature",
      "properties": {
        "id": 2718124858,
        "tipo": "negozio_shoes",
        "name": "Calzature Sandra",
        "phone": "+39 0541 08 50 26",
        "website": "",
        "opening_hours": "Mo-Su 08:30-12:45, 15:00-22:30"
      },
      "geometry": {
        "type": "Point",
        "coordinates": [
          12.610868,
          44.0377465
        ]
      }
    },
    {
      "type": "Feature",
      "properties": {
        "id": 2718124864,
        "tipo": "negozio_hairdresser",
        "name": "Hair Fashion",
        "phone": "+39 335 707 3770",
        "website": "",
        "opening_hours": ""
      },
      "geometry": {
        "type": "Point",
        "coordinates": [
          12.5859641,
          44.0623845
        ]
      }
    },
    {
      "type": "Feature",
      "properties": {
        "id": 2718124870,
        "tipo": "negozio_laundry",
        "name": "Tripoli",
        "phone": "+39 388 388 4944",
        "website": "",
        "opening_hours": ""
      },
      "geometry": {
        "type": "Point",
        "coordinates": [
          12.5859248,
          44.062367
        ]
      }
    },
    {
      "type": "Feature",
      "properties": {
        "id": 2718124940,
        "tipo": "negozio_clothes",
        "name": "Di Metiu",
        "phone": "",
        "website": "",
        "opening_hours": ""
      },
      "geometry": {
        "type": "Point",
        "coordinates": [
          12.5700943,
          44.0586039
        ]
      }
    },
    {
      "type": "Feature",
      "properties": {
        "id": 2718125269,
        "tipo": "negozio_newsagent",
        "name": "",
        "phone": "",
        "website": "",
        "opening_hours": ""
      },
      "geometry": {
        "type": "Point",
        "coordinates": [
          12.5672839,
          44.0691284
        ]
      }
    },
    {
      "type": "Feature",
      "properties": {
        "id": 2718125399,
        "tipo": "negozio_butcher",
        "name": "Saporito",
        "phone": "",
        "website": "",
        "opening_hours": ""
      },
      "geometry": {
        "type": "Point",
        "coordinates": [
          12.5718105,
          44.0591634
        ]
      }
    },
    {
      "type": "Feature",
      "properties": {
        "id": 2718126184,
        "tipo": "negozio_clothes",
        "name": "Milano Moda",
        "phone": "",
        "website": "",
        "opening_hours": ""
      },
      "geometry": {
        "type": "Point",
        "coordinates": [
          12.5867366,
          44.0622562
        ]
      }
    },
    {
      "type": "Feature",
      "properties": {
        "id": 2718126608,
        "tipo": "negozio_massage",
        "name": "Centro Massaggi Orientale Ebay",
        "phone": "+393476831546",
        "website": "",
        "opening_hours": ""
      },
      "geometry": {
        "type": "Point",
        "coordinates": [
          12.5785833,
          44.0587497
        ]
      }
    },
    {
      "type": "Feature",
      "properties": {
        "id": 2718126754,
        "tipo": "negozio_hairdresser",
        "name": "Il Bello delle Donne e Lui",
        "phone": "+39 338 90 93 548",
        "website": "https://www.saloneilbellodelledonne.com/",
        "opening_hours": ""
      },
      "geometry": {
        "type": "Point",
        "coordinates": [
          12.5787201,
          44.0588089
        ]
      }
    },
    {
      "type": "Feature",
      "properties": {
        "id": 2718126817,
        "tipo": "negozio_variety_store",
        "name": "",
        "phone": "",
        "website": "",
        "opening_hours": ""
      },
      "geometry": {
        "type": "Point",
        "coordinates": [
          12.5972454,
          44.0520329
        ]
      }
    },
    {
      "type": "Feature",
      "properties": {
        "id": 2718126920,
        "tipo": "negozio_laundry",
        "name": "Viale Tripoli",
        "phone": "",
        "website": "",
        "opening_hours": ""
      },
      "geometry": {
        "type": "Point",
        "coordinates": [
          12.5787974,
          44.0588672
        ]
      }
    },
    {
      "type": "Feature",
      "properties": {
        "id": 2718127037,
        "tipo": "negozio_supermarket",
        "name": "Conad City",
        "phone": "",
        "website": "",
        "opening_hours": "Mo-Sa 07:30-20:00; Su 09:00-13:00"
      },
      "geometry": {
        "type": "Point",
        "coordinates": [
          12.5789667,
          44.0589542
        ]
      }
    },
    {
      "type": "Feature",
      "properties": {
        "id": 2718127076,
        "tipo": "negozio_bicycle",
        "name": "L'Officina del Ciclo",
        "phone": "+39 0541 771795",
        "website": "",
        "opening_hours": ""
      },
      "geometry": {
        "type": "Point",
        "coordinates": [
          12.5543139,
          44.0477696
        ]
      }
    },
    {
      "type": "Feature",
      "properties": {
        "id": 2718127856,
        "tipo": "negozio_clothes",
        "name": "Dixie",
        "phone": "+39 0541 081638",
        "website": "",
        "opening_hours": "Mo-Sa 09:30-19:30"
      },
      "geometry": {
        "type": "Point",
        "coordinates": [
          12.568087,
          44.0593902
        ]
      }
    },
    {
      "type": "Feature",
      "properties": {
        "id": 2718128985,
        "tipo": "negozio_butcher",
        "name": "Macelleria Gastronomia da Marco",
        "phone": "",
        "website": "",
        "opening_hours": ""
      },
      "geometry": {
        "type": "Point",
        "coordinates": [
          12.5358884,
          44.0878643
        ]
      }
    },
    {
      "type": "Feature",
      "properties": {
        "id": 2718129240,
        "tipo": "negozio_laundry",
        "name": "Carla",
        "phone": "",
        "website": "",
        "opening_hours": ""
      },
      "geometry": {
        "type": "Point",
        "coordinates": [
          12.5791143,
          44.0591213
        ]
      }
    },
    {
      "type": "Feature",
      "properties": {
        "id": 2718129242,
        "tipo": "negozio_hairdresser",
        "name": "Venere",
        "phone": "+39 320 083 3045",
        "website": "",
        "opening_hours": ""
      },
      "geometry": {
        "type": "Point",
        "coordinates": [
          12.579138,
          44.0591405
        ]
      }
    },
    {
      "type": "Feature",
      "properties": {
        "id": 2718129245,
        "tipo": "artigianato_window_construction",
        "name": "Nuovinfissi",
        "phone": "+39 0541 53 978",
        "website": "https://www.nuovinfissi.it/",
        "opening_hours": ""
      },
      "geometry": {
        "type": "Point",
        "coordinates": [
          12.5792331,
          44.0592028
        ]
      }
    },
    {
      "type": "Feature",
      "properties": {
        "id": 2718129283,
        "tipo": "negozio_tobacco",
        "name": "Montanari",
        "phone": "+39 328 9192994",
        "website": "",
        "opening_hours": "Mo-Sa 07:30-13:00,15:00-20:00"
      },
      "geometry": {
        "type": "Point",
        "coordinates": [
          12.5862305,
          44.0567671
        ]
      }
    },
    {
      "type": "Feature",
      "properties": {
        "id": 2718129331,
        "tipo": "negozio_hairdresser",
        "name": "Maria Pia",
        "phone": "+39 329 073 8504",
        "website": "",
        "opening_hours": ""
      },
      "geometry": {
        "type": "Point",
        "coordinates": [
          12.58654,
          44.0569067
        ]
      }
    },
    {
      "type": "Feature",
      "properties": {
        "id": 2718129366,
        "tipo": "negozio_tattoo",
        "name": "Freaky Horror Tattoo Shop",
        "phone": "+39 0541 44 83 36",
        "website": "https://freakyhorrortattooshop.it/",
        "opening_hours": "Mo-Sa 11:00-19:00"
      },
      "geometry": {
        "type": "Point",
        "coordinates": [
          12.5867017,
          44.0570294
        ]
      }
    },
    {
      "type": "Feature",
      "properties": {
        "id": 2718130118,
        "tipo": "negozio_bakery",
        "name": "Panificio dell'Arco",
        "phone": "",
        "website": "",
        "opening_hours": ""
      },
      "geometry": {
        "type": "Point",
        "coordinates": [
          12.5704251,
          44.0577365
        ]
      }
    },
    {
      "type": "Feature",
      "properties": {
        "id": 2718131021,
        "tipo": "negozio_appliance",
        "name": "C.A.T.",
        "phone": "+39 0541 386 599",
        "website": "https://www.catpirozzi.it/",
        "opening_hours": "Mo-Fr 08:30-12:30,15:00-18:30"
      },
      "geometry": {
        "type": "Point",
        "coordinates": [
          12.5955255,
          44.048494
        ]
      }
    },
    {
      "type": "Feature",
      "properties": {
        "id": 2718131139,
        "tipo": "negozio_gift",
        "name": "Taddei",
        "phone": "",
        "website": "",
        "opening_hours": ""
      },
      "geometry": {
        "type": "Point",
        "coordinates": [
          12.5718624,
          44.0591915
        ]
      }
    },
    {
      "type": "Feature",
      "properties": {
        "id": 2718131277,
        "tipo": "negozio_yes",
        "name": "La Petite Boutique",
        "phone": "",
        "website": "",
        "opening_hours": ""
      },
      "geometry": {
        "type": "Point",
        "coordinates": [
          12.5632241,
          44.0650023
        ]
      }
    },
    {
      "type": "Feature",
      "properties": {
        "id": 2718131462,
        "tipo": "negozio_pastry",
        "name": "Pasticceria Soriani",
        "phone": "+39 0541 384160",
        "website": "",
        "opening_hours": ""
      },
      "geometry": {
        "type": "Point",
        "coordinates": [
          12.5826989,
          44.0478804
        ]
      }
    },
    {
      "type": "Feature",
      "properties": {
        "id": 2718131650,
        "tipo": "negozio_florist",
        "name": "I Girasoli",
        "phone": "",
        "website": "",
        "opening_hours": ""
      },
      "geometry": {
        "type": "Point",
        "coordinates": [
          12.6177916,
          44.034283
        ]
      }
    },
    {
      "type": "Feature",
      "properties": {
        "id": 2718131890,
        "tipo": "ufficio_government",
        "name": "Provinca di Rimini",
        "phone": "",
        "website": "",
        "opening_hours": ""
      },
      "geometry": {
        "type": "Point",
        "coordinates": [
          12.5651402,
          44.0624008
        ]
      }
    },
    {
      "type": "Feature",
      "properties": {
        "id": 2718131943,
        "tipo": "negozio_greengrocer",
        "name": "Fruit & Co",
        "phone": "",
        "website": "",
        "opening_hours": ""
      },
      "geometry": {
        "type": "Point",
        "coordinates": [
          12.5392135,
          44.0565404
        ]
      }
    },
    {
      "type": "Feature",
      "properties": {
        "id": 2718132304,
        "tipo": "negozio_florist",
        "name": "La bottega del vivaio",
        "phone": "+39 0541 38 8474",
        "website": "http://www.cooperativapuntoverde.it/",
        "opening_hours": "Mo 07:30-12:30; Tu-Sa 07:30-12:30,15:00-18:00; "
      },
      "geometry": {
        "type": "Point",
        "coordinates": [
          12.5877298,
          44.0576656
        ]
      }
    },
    {
      "type": "Feature",
      "properties": {
        "id": 2718134342,
        "tipo": "negozio_tobacco",
        "name": "Castellani Andrea",
        "phone": "",
        "website": "",
        "opening_hours": ""
      },
      "geometry": {
        "type": "Point",
        "coordinates": [
          12.5590356,
          44.0522347
        ]
      }
    },
    {
      "type": "Feature",
      "properties": {
        "id": 2718135053,
        "tipo": "negozio_greengrocer",
        "name": "Punto Frutta",
        "phone": "",
        "website": "",
        "opening_hours": ""
      },
      "geometry": {
        "type": "Point",
        "coordinates": [
          12.5894551,
          44.0509203
        ]
      }
    },
    {
      "type": "Feature",
      "properties": {
        "id": 2718135590,
        "tipo": "ufficio_government",
        "name": "Anagrafe - Delegazione Villaggio Primo Maggio",
        "phone": "",
        "website": "https://archivio.comune.rimini.it/comune-e-citta/comune/ufficio-relazioni-con-il-pubblico/guida-ai-servizi/delegazioni-anagrafiche",
        "opening_hours": ""
      },
      "geometry": {
        "type": "Point",
        "coordinates": [
          12.5751153,
          44.0372067
        ]
      }
    },
    {
      "type": "Feature",
      "properties": {
        "id": 2718135625,
        "tipo": "ufficio_government",
        "name": "Anagrafe - Delegazione di Miramare",
        "phone": "",
        "website": "",
        "opening_hours": ""
      },
      "geometry": {
        "type": "Point",
        "coordinates": [
          12.6178667,
          44.0310872
        ]
      }
    },
    {
      "type": "Feature",
      "properties": {
        "id": 2718135627,
        "tipo": "negozio_estate_agent",
        "name": "Immobilare",
        "phone": "",
        "website": "",
        "opening_hours": ""
      },
      "geometry": {
        "type": "Point",
        "coordinates": [
          12.5649488,
          44.0571378
        ]
      }
    },
    {
      "type": "Feature",
      "properties": {
        "id": 2718135872,
        "tipo": "negozio_hearing_aids",
        "name": "Voce chiara",
        "phone": "",
        "website": "",
        "opening_hours": ""
      },
      "geometry": {
        "type": "Point",
        "coordinates": [
          12.5724495,
          44.0596154
        ]
      }
    },
    {
      "type": "Feature",
      "properties": {
        "id": 2718136321,
        "tipo": "negozio_nutrition_supplements",
        "name": "Serena",
        "phone": "",
        "website": "",
        "opening_hours": ""
      },
      "geometry": {
        "type": "Point",
        "coordinates": [
          12.5713571,
          44.0590322
        ]
      }
    },
    {
      "type": "Feature",
      "properties": {
        "id": 2718136484,
        "tipo": "ufficio_association",
        "name": "Patronato Acli",
        "phone": "",
        "website": "",
        "opening_hours": ""
      },
      "geometry": {
        "type": "Point",
        "coordinates": [
          12.5650641,
          44.0575412
        ]
      }
    },
    {
      "type": "Feature",
      "properties": {
        "id": 2718136526,
        "tipo": "negozio_garden_centre",
        "name": "Vivai Fabbri",
        "phone": "+390541727868",
        "website": "https://www.vivaifabbri.it/",
        "opening_hours": ""
      },
      "geometry": {
        "type": "Point",
        "coordinates": [
          12.492645,
          44.0432523
        ]
      }
    },
    {
      "type": "Feature",
      "properties": {
        "id": 2718136819,
        "tipo": "negozio_tobacco",
        "name": "",
        "phone": "+39 0541 393862",
        "website": "",
        "opening_hours": "Oct-May Tu-Fr 08:00-12:45,16:00-19:45; Oct-May We 08:00-12:45; Oct-May Sa 08:30-12:45,16:00-19:45; Oct-May Su 09:00-12:45,16:00-19:45; Jun-Sep Mo-Sa 08:15-00:00; Jun-Sep Su 08:15-24:00"
      },
      "geometry": {
        "type": "Point",
        "coordinates": [
          12.5863671,
          44.0626121
        ]
      }
    },
    {
      "type": "Feature",
      "properties": {
        "id": 2718136871,
        "tipo": "negozio_estate_agent",
        "name": "Aganzia Immobiliare Porta Montanara",
        "phone": "",
        "website": "http://immobiliareportamontanara.it/",
        "opening_hours": ""
      },
      "geometry": {
        "type": "Point",
        "coordinates": [
          12.5653852,
          44.0572948
        ]
      }
    },
    {
      "type": "Feature",
      "properties": {
        "id": 2718136921,
        "tipo": "ufficio_lawyer",
        "name": "Avocato oficci",
        "phone": "",
        "website": "",
        "opening_hours": ""
      },
      "geometry": {
        "type": "Point",
        "coordinates": [
          12.5701688,
          44.0589349
        ]
      }
    },
    {
      "type": "Feature",
      "properties": {
        "id": 2718136968,
        "tipo": "negozio_clothes",
        "name": "Nuvolari",
        "phone": "+39 05411491632",
        "website": "",
        "opening_hours": ""
      },
      "geometry": {
        "type": "Point",
        "coordinates": [
          12.5874819,
          44.039718
        ]
      }
    },
    {
      "type": "Feature",
      "properties": {
        "id": 2718137856,
        "tipo": "negozio_vacant",
        "name": "",
        "phone": "",
        "website": "",
        "opening_hours": ""
      },
      "geometry": {
        "type": "Point",
        "coordinates": [
          12.5885079,
          44.0581083
        ]
      }
    },
    {
      "type": "Feature",
      "properties": {
        "id": 2718137933,
        "tipo": "negozio_pet",
        "name": "Agricasa",
        "phone": "+390541778260",
        "website": "",
        "opening_hours": ""
      },
      "geometry": {
        "type": "Point",
        "coordinates": [
          12.5377879,
          44.0565756
        ]
      }
    },
    {
      "type": "Feature",
      "properties": {
        "id": 2718137947,
        "tipo": "negozio_bicycle",
        "name": "New Bike Rimini",
        "phone": "",
        "website": "",
        "opening_hours": ""
      },
      "geometry": {
        "type": "Point",
        "coordinates": [
          12.5804054,
          44.0600439
        ]
      }
    },
    {
      "type": "Feature",
      "properties": {
        "id": 2718138139,
        "tipo": "negozio_hairdresser",
        "name": "Daiana",
        "phone": "+39 0541 30 97 51",
        "website": "",
        "opening_hours": ""
      },
      "geometry": {
        "type": "Point",
        "coordinates": [
          12.5887673,
          44.0583137
        ]
      }
    },
    {
      "type": "Feature",
      "properties": {
        "id": 2718138166,
        "tipo": "negozio_clothes",
        "name": "Outlet",
        "phone": "",
        "website": "",
        "opening_hours": ""
      },
      "geometry": {
        "type": "Point",
        "coordinates": [
          12.5701889,
          44.0589758
        ]
      }
    },
    {
      "type": "Feature",
      "properties": {
        "id": 2718138279,
        "tipo": "negozio_yes",
        "name": "Adriano",
        "phone": "",
        "website": "",
        "opening_hours": ""
      },
      "geometry": {
        "type": "Point",
        "coordinates": [
          12.5702032,
          44.0590076
        ]
      }
    },
    {
      "type": "Feature",
      "properties": {
        "id": 2718138369,
        "tipo": "negozio_optician",
        "name": "SassOttica",
        "phone": "+39 0541 51116",
        "website": "",
        "opening_hours": ""
      },
      "geometry": {
        "type": "Point",
        "coordinates": [
          12.5680325,
          44.0616738
        ]
      }
    },
    {
      "type": "Feature",
      "properties": {
        "id": 2718138396,
        "tipo": "negozio_variety_store",
        "name": "Ottimo Market",
        "phone": "+39 328 281 8888",
        "website": "",
        "opening_hours": ""
      },
      "geometry": {
        "type": "Point",
        "coordinates": [
          12.570157,
          44.0586919
        ]
      }
    },
    {
      "type": "Feature",
      "properties": {
        "id": 2718138673,
        "tipo": "negozio_florist",
        "name": "Il Fioraio",
        "phone": "+393516667840",
        "website": "",
        "opening_hours": "Mo-Sa 08:00-20:00; Su 08:00-13:00"
      },
      "geometry": {
        "type": "Point",
        "coordinates": [
          12.6056276,
          44.0349372
        ]
      }
    },
    {
      "type": "Feature",
      "properties": {
        "id": 2718138760,
        "tipo": "negozio_pastry",
        "name": "Farina Rimini",
        "phone": "+39 0541 389138",
        "website": "",
        "opening_hours": ""
      },
      "geometry": {
        "type": "Point",
        "coordinates": [
          12.5828365,
          44.0479697
        ]
      }
    },
    {
      "type": "Feature",
      "properties": {
        "id": 2718138765,
        "tipo": "negozio_florist",
        "name": "Il Fioraio",
        "phone": "+390541411760",
        "website": "https://ilfioraio.ecwid.com/",
        "opening_hours": ""
      },
      "geometry": {
        "type": "Point",
        "coordinates": [
          12.5583644,
          44.0669654
        ]
      }
    },
    {
      "type": "Feature",
      "properties": {
        "id": 2718138981,
        "tipo": "negozio_vacant",
        "name": "",
        "phone": "",
        "website": "",
        "opening_hours": ""
      },
      "geometry": {
        "type": "Point",
        "coordinates": [
          12.5890653,
          44.0585252
        ]
      }
    },
    {
      "type": "Feature",
      "properties": {
        "id": 2718138991,
        "tipo": "negozio_beauty",
        "name": "Angelo Spa",
        "phone": "",
        "website": "",
        "opening_hours": ""
      },
      "geometry": {
        "type": "Point",
        "coordinates": [
          12.5656836,
          44.0619049
        ]
      }
    },
    {
      "type": "Feature",
      "properties": {
        "id": 2718139327,
        "tipo": "negozio_hairdresser",
        "name": "Silvia",
        "phone": "+39 328 927 2888",
        "website": "",
        "opening_hours": ""
      },
      "geometry": {
        "type": "Point",
        "coordinates": [
          12.5893579,
          44.0586555
        ]
      }
    },
    {
      "type": "Feature",
      "properties": {
        "id": 2718139336,
        "tipo": "negozio_convenience",
        "name": "",
        "phone": "",
        "website": "",
        "opening_hours": "08:00-24:00"
      },
      "geometry": {
        "type": "Point",
        "coordinates": [
          12.5894172,
          44.0586835
        ]
      }
    },
    {
      "type": "Feature",
      "properties": {
        "id": 2718139345,
        "tipo": "negozio_vacant",
        "name": "",
        "phone": "",
        "website": "",
        "opening_hours": ""
      },
      "geometry": {
        "type": "Point",
        "coordinates": [
          12.5894708,
          44.0587199
        ]
      }
    },
    {
      "type": "Feature",
      "properties": {
        "id": 2718139349,
        "tipo": "negozio_hairdresser",
        "name": "Hair's Center",
        "phone": "+39 0541 391954",
        "website": "",
        "opening_hours": ""
      },
      "geometry": {
        "type": "Point",
        "coordinates": [
          12.5823343,
          44.0614866
        ]
      }
    },
    {
      "type": "Feature",
      "properties": {
        "id": 2718139705,
        "tipo": "negozio_clothes",
        "name": "Hermosa",
        "phone": "",
        "website": "",
        "opening_hours": ""
      },
      "geometry": {
        "type": "Point",
        "coordinates": [
          12.5870468,
          44.061921
        ]
      }
    },
    {
      "type": "Feature",
      "properties": {
        "id": 2718139860,
        "tipo": "negozio_clothes",
        "name": "Se dodu",
        "phone": "",
        "website": "",
        "opening_hours": ""
      },
      "geometry": {
        "type": "Point",
        "coordinates": [
          12.570232,
          44.0590668
        ]
      }
    },
    {
      "type": "Feature",
      "properties": {
        "id": 2718139924,
        "tipo": "negozio_clothes",
        "name": "Madolavoro",
        "phone": "",
        "website": "",
        "opening_hours": ""
      },
      "geometry": {
        "type": "Point",
        "coordinates": [
          12.571587,
          44.0603484
        ]
      }
    },
    {
      "type": "Feature",
      "properties": {
        "id": 2718140664,
        "tipo": "negozio_agrarian",
        "name": "Tutto per l'agricoltura",
        "phone": "",
        "website": "https://www.tuttoperlagricoltura.it/",
        "opening_hours": ""
      },
      "geometry": {
        "type": "Point",
        "coordinates": [
          12.5874232,
          43.9907682
        ]
      }
    },
    {
      "type": "Feature",
      "properties": {
        "id": 2718141356,
        "tipo": "negozio_pet",
        "name": "Aquarama",
        "phone": "",
        "website": "",
        "opening_hours": ""
      },
      "geometry": {
        "type": "Point",
        "coordinates": [
          12.5824863,
          44.0615872
        ]
      }
    },
    {
      "type": "Feature",
      "properties": {
        "id": 2718141536,
        "tipo": "negozio_pet",
        "name": "Arcaplanet",
        "phone": "+39 0541 14 14313",
        "website": "",
        "opening_hours": "Mo-Sa 09:00-20:00; We 09:00-18:00; Th off; Su 09:30-13:00,15:00-19:30"
      },
      "geometry": {
        "type": "Point",
        "coordinates": [
          12.601045,
          44.0353989
        ]
      }
    },
    {
      "type": "Feature",
      "properties": {
        "id": 2718141983,
        "tipo": "negozio_hairdresser",
        "name": "Dettagli di stile",
        "phone": "+39 0541 38 8004",
        "website": "",
        "opening_hours": ""
      },
      "geometry": {
        "type": "Point",
        "coordinates": [
          12.5883126,
          44.0554728
        ]
      }
    },
    {
      "type": "Feature",
      "properties": {
        "id": 2718142126,
        "tipo": "negozio_laundry",
        "name": "Maddalena",
        "phone": "",
        "website": "",
        "opening_hours": "Mo-Fr 15:30-19:00"
      },
      "geometry": {
        "type": "Point",
        "coordinates": [
          12.5883422,
          44.0554369
        ]
      }
    },
    {
      "type": "Feature",
      "properties": {
        "id": 2718142592,
        "tipo": "negozio_clothes",
        "name": "Black Swan",
        "phone": "",
        "website": "",
        "opening_hours": ""
      },
      "geometry": {
        "type": "Point",
        "coordinates": [
          12.5716826,
          44.0559901
        ]
      }
    },
    {
      "type": "Feature",
      "properties": {
        "id": 2718142896,
        "tipo": "negozio_clothes",
        "name": "Gijibelle",
        "phone": "",
        "website": "",
        "opening_hours": ""
      },
      "geometry": {
        "type": "Point",
        "coordinates": [
          12.5701772,
          44.0587361
        ]
      }
    },
    {
      "type": "Feature",
      "properties": {
        "id": 2718143060,
        "tipo": "negozio_car_repair",
        "name": "Garage Europa",
        "phone": "+39 0541 38 5055",
        "website": "",
        "opening_hours": ""
      },
      "geometry": {
        "type": "Point",
        "coordinates": [
          12.5714505,
          44.0262175
        ]
      }
    },
    {
      "type": "Feature",
      "properties": {
        "id": 2718143947,
        "tipo": "ufficio_commercial",
        "name": "Volpi Massimo",
        "phone": "+39 0541 55010",
        "website": "",
        "opening_hours": ""
      },
      "geometry": {
        "type": "Point",
        "coordinates": [
          12.561106,
          44.0608777
        ]
      }
    },
    {
      "type": "Feature",
      "properties": {
        "id": 2718144048,
        "tipo": "negozio_chemist",
        "name": "Spendibene",
        "phone": "",
        "website": "",
        "opening_hours": ""
      },
      "geometry": {
        "type": "Point",
        "coordinates": [
          12.5720047,
          44.0576955
        ]
      }
    },
    {
      "type": "Feature",
      "properties": {
        "id": 2718144675,
        "tipo": "negozio_clothes",
        "name": "Anna G.",
        "phone": "",
        "website": "",
        "opening_hours": ""
      },
      "geometry": {
        "type": "Point",
        "coordinates": [
          12.5779943,
          44.0710085
        ]
      }
    },
    {
      "type": "Feature",
      "properties": {
        "id": 2718145573,
        "tipo": "negozio_bakery",
        "name": "L'Angolo Del Pane",
        "phone": "+39054127402",
        "website": "",
        "opening_hours": ""
      },
      "geometry": {
        "type": "Point",
        "coordinates": [
          12.5766185,
          44.067496
        ]
      }
    },
    {
      "type": "Feature",
      "properties": {
        "id": 2718145746,
        "tipo": "negozio_car_parts",
        "name": "Motomix",
        "phone": "+390541386514",
        "website": "https://motomix.com/",
        "opening_hours": "Mo-Fr 08:30-12:30,15:00-19:00; Tu 15:00-19:00; Sa 09:00-12:30,15:00-19:00"
      },
      "geometry": {
        "type": "Point",
        "coordinates": [
          12.5880717,
          44.0429516
        ]
      }
    },
    {
      "type": "Feature",
      "properties": {
        "id": 2718145783,
        "tipo": "negozio_car",
        "name": "Volvo Mothor Rimini",
        "phone": "+390541374250",
        "website": "https://gruppomarcar.it/",
        "opening_hours": "Mo-Sa 09:00-12:30,15:00-19:00"
      },
      "geometry": {
        "type": "Point",
        "coordinates": [
          12.6024216,
          44.0345556
        ]
      }
    },
    {
      "type": "Feature",
      "properties": {
        "id": 2718145788,
        "tipo": "negozio_greengrocer",
        "name": "",
        "phone": "",
        "website": "",
        "opening_hours": ""
      },
      "geometry": {
        "type": "Point",
        "coordinates": [
          12.5832011,
          44.0620627
        ]
      }
    },
    {
      "type": "Feature",
      "properties": {
        "id": 2718145816,
        "tipo": "negozio_supermarket",
        "name": "Tiberio Market",
        "phone": "",
        "website": "",
        "opening_hours": ""
      },
      "geometry": {
        "type": "Point",
        "coordinates": [
          12.5647073,
          44.0627962
        ]
      }
    },
    {
      "type": "Feature",
      "properties": {
        "id": 2718145820,
        "tipo": "negozio_ticket",
        "name": "Italia in Miniatura - Ingresso e Biglietteria",
        "phone": "+39 0541 736736",
        "website": "https://www.italiainminiatura.com/",
        "opening_hours": "Mo-Su 09:30-18:30"
      },
      "geometry": {
        "type": "Point",
        "coordinates": [
          12.5136644,
          44.090259
        ]
      }
    },
    {
      "type": "Feature",
      "properties": {
        "id": 2718146174,
        "tipo": "negozio_hairdresser",
        "name": "Luisa",
        "phone": "",
        "website": "",
        "opening_hours": ""
      },
      "geometry": {
        "type": "Point",
        "coordinates": [
          12.5823379,
          44.0647585
        ]
      }
    },
    {
      "type": "Feature",
      "properties": {
        "id": 2718146175,
        "tipo": "negozio_bakery",
        "name": "Forno Garis",
        "phone": "+39 0541 370 659",
        "website": "",
        "opening_hours": ""
      },
      "geometry": {
        "type": "Point",
        "coordinates": [
          12.6174886,
          44.0284528
        ]
      }
    },
    {
      "type": "Feature",
      "properties": {
        "id": 2718146414,
        "tipo": "negozio_cosmetics",
        "name": "Discount del Parruchiere",
        "phone": "",
        "website": "",
        "opening_hours": ""
      },
      "geometry": {
        "type": "Point",
        "coordinates": [
          12.5716388,
          44.0602969
        ]
      }
    },
    {
      "type": "Feature",
      "properties": {
        "id": 2718146544,
        "tipo": "negozio_hairdresser",
        "name": "Tiziano Ferrante",
        "phone": "+39 392 066 2928",
        "website": "",
        "opening_hours": ""
      },
      "geometry": {
        "type": "Point",
        "coordinates": [
          12.5607116,
          44.0610973
        ]
      }
    },
    {
      "type": "Feature",
      "properties": {
        "id": 2718147131,
        "tipo": "ufficio_it",
        "name": "Novadys ITalia s.r.l.",
        "phone": "",
        "website": "https://www.novadys.it/",
        "opening_hours": ""
      },
      "geometry": {
        "type": "Point",
        "coordinates": [
          12.5379998,
          44.0859355
        ]
      }
    },
    {
      "type": "Feature",
      "properties": {
        "id": 2718147540,
        "tipo": "negozio_perfumery",
        "name": "Arabian 971",
        "phone": "",
        "website": "",
        "opening_hours": ""
      },
      "geometry": {
        "type": "Point",
        "coordinates": [
          12.5703417,
          44.0577577
        ]
      }
    },
    {
      "type": "Feature",
      "properties": {
        "id": 2718147561,
        "tipo": "negozio_clothes",
        "name": "Natura",
        "phone": "",
        "website": "",
        "opening_hours": "Mo-Fr 10:00-19:30; Sa-Su 10:00-20:00"
      },
      "geometry": {
        "type": "Point",
        "coordinates": [
          12.5679617,
          44.0596028
        ]
      }
    },
    {
      "type": "Feature",
      "properties": {
        "id": 2718147563,
        "tipo": "negozio_clothes",
        "name": "Mim",
        "phone": "",
        "website": "",
        "opening_hours": ""
      },
      "geometry": {
        "type": "Point",
        "coordinates": [
          12.5716969,
          44.0559682
        ]
      }
    },
    {
      "type": "Feature",
      "properties": {
        "id": 2718147766,
        "tipo": "ufficio_government",
        "name": "Comune di Rimini - Ufficio Anagrafe",
        "phone": "",
        "website": "https://www.comune.rimini.it/",
        "opening_hours": ""
      },
      "geometry": {
        "type": "Point",
        "coordinates": [
          12.5528009,
          44.0534503
        ]
      }
    },
    {
      "type": "Feature",
      "properties": {
        "id": 2718148043,
        "tipo": "negozio_travel_agency",
        "name": "Viaggi Cabiria",
        "phone": "+390541726038",
        "website": "",
        "opening_hours": ""
      },
      "geometry": {
        "type": "Point",
        "coordinates": [
          12.534273,
          44.0562842
        ]
      }
    },
    {
      "type": "Feature",
      "properties": {
        "id": 2718148258,
        "tipo": "negozio_hairdresser",
        "name": "Cristina e Roberta",
        "phone": "",
        "website": "",
        "opening_hours": ""
      },
      "geometry": {
        "type": "Point",
        "coordinates": [
          12.5615062,
          44.0502175
        ]
      }
    },
    {
      "type": "Feature",
      "properties": {
        "id": 2718148266,
        "tipo": "ufficio_association",
        "name": "Amici del Mare",
        "phone": "+39 0541 787314",
        "website": "https://circoloamicidelmarerimini.it/",
        "opening_hours": ""
      },
      "geometry": {
        "type": "Point",
        "coordinates": [
          12.5705253,
          44.0676123
        ]
      }
    },
    {
      "type": "Feature",
      "properties": {
        "id": 2718148275,
        "tipo": "negozio_travel_agency",
        "name": "Agenzia Viaggi Mela Rossa",
        "phone": "",
        "website": "",
        "opening_hours": ""
      },
      "geometry": {
        "type": "Point",
        "coordinates": [
          12.5706492,
          44.0624972
        ]
      }
    },
    {
      "type": "Feature",
      "properties": {
        "id": 2718148310,
        "tipo": "negozio_hairdresser",
        "name": "Tiziana",
        "phone": "+39 339 74 29 859",
        "website": "",
        "opening_hours": ""
      },
      "geometry": {
        "type": "Point",
        "coordinates": [
          12.5856017,
          44.060279
        ]
      }
    },
    {
      "type": "Feature",
      "properties": {
        "id": 2718148322,
        "tipo": "negozio_tobacco",
        "name": "",
        "phone": "",
        "website": "",
        "opening_hours": ""
      },
      "geometry": {
        "type": "Point",
        "coordinates": [
          12.5615426,
          44.0501927
        ]
      }
    },
    {
      "type": "Feature",
      "properties": {
        "id": 2718148341,
        "tipo": "negozio_vacant",
        "name": "",
        "phone": "",
        "website": "",
        "opening_hours": ""
      },
      "geometry": {
        "type": "Point",
        "coordinates": [
          12.5855579,
          44.0602564
        ]
      }
    },
    {
      "type": "Feature",
      "properties": {
        "id": 2718148357,
        "tipo": "negozio_vacant",
        "name": "",
        "phone": "",
        "website": "",
        "opening_hours": ""
      },
      "geometry": {
        "type": "Point",
        "coordinates": [
          12.5855114,
          44.0602352
        ]
      }
    },
    {
      "type": "Feature",
      "properties": {
        "id": 2718148417,
        "tipo": "negozio_motorcycle_repair",
        "name": "Opificio Moto",
        "phone": "",
        "website": "https://www.opificiomoto.it/",
        "opening_hours": ""
      },
      "geometry": {
        "type": "Point",
        "coordinates": [
          12.5213632,
          44.0556113
        ]
      }
    },
    {
      "type": "Feature",
      "properties": {
        "id": 2718148425,
        "tipo": "ufficio_financial",
        "name": "Studio Commerciale",
        "phone": "",
        "website": "",
        "opening_hours": ""
      },
      "geometry": {
        "type": "Point",
        "coordinates": [
          12.5699935,
          44.0578948
        ]
      }
    },
    {
      "type": "Feature",
      "properties": {
        "id": 2718148531,
        "tipo": "negozio_greengrocer",
        "name": "Frutta Di Felicità",
        "phone": "+393891779227",
        "website": "",
        "opening_hours": ""
      },
      "geometry": {
        "type": "Point",
        "coordinates": [
          12.5702579,
          44.0591213
        ]
      }
    },
    {
      "type": "Feature",
      "properties": {
        "id": 2718148586,
        "tipo": "ufficio_educational_institution",
        "name": "Scoula di Impresa della Conferssercenti",
        "phone": "",
        "website": "",
        "opening_hours": ""
      },
      "geometry": {
        "type": "Point",
        "coordinates": [
          12.573566,
          44.0622262
        ]
      }
    },
    {
      "type": "Feature",
      "properties": {
        "id": 2718148721,
        "tipo": "negozio_sports",
        "name": "New Ski Center di Di Spirito Anna",
        "phone": "+39 338 8979054",
        "website": "",
        "opening_hours": ""
      },
      "geometry": {
        "type": "Point",
        "coordinates": [
          12.5570672,
          44.0567019
        ]
      }
    },
    {
      "type": "Feature",
      "properties": {
        "id": 2718148984,
        "tipo": "negozio_supermarket",
        "name": "Conad City",
        "phone": "+390541727802",
        "website": "",
        "opening_hours": ""
      },
      "geometry": {
        "type": "Point",
        "coordinates": [
          12.5328921,
          44.0561435
        ]
      }
    },
    {
      "type": "Feature",
      "properties": {
        "id": 2718149037,
        "tipo": "negozio_chemist",
        "name": "Acqua & Sapone",
        "phone": "",
        "website": "",
        "opening_hours": ""
      },
      "geometry": {
        "type": "Point",
        "coordinates": [
          12.5845823,
          44.0630718
        ]
      }
    },
    {
      "type": "Feature",
      "properties": {
        "id": 2718149226,
        "tipo": "negozio_houseware",
        "name": "Kasonova",
        "phone": "+39 0541 152 4893",
        "website": "",
        "opening_hours": "Mo-Su 09:30-19:30"
      },
      "geometry": {
        "type": "Point",
        "coordinates": [
          12.5702931,
          44.0577885
        ]
      }
    },
    {
      "type": "Feature",
      "properties": {
        "id": 2718149415,
        "tipo": "artigianato_electronics_repair",
        "name": "Videotecnica",
        "phone": "+39 0541 387 759",
        "website": "",
        "opening_hours": "Mo-Fr 09:00-13:00"
      },
      "geometry": {
        "type": "Point",
        "coordinates": [
          12.5931125,
          44.0472602
        ]
      }
    },
    {
      "type": "Feature",
      "properties": {
        "id": 2718149435,
        "tipo": "negozio_cosmetics",
        "name": "La Saponaria",
        "phone": "+390541920441",
        "website": "https://www.lasaponaria.it/",
        "opening_hours": "Mo-Fr 09:00-13:00, 15:30-19:30; Sa 09:30-13:30, 15:30-19:30"
      },
      "geometry": {
        "type": "Point",
        "coordinates": [
          12.5675699,
          44.058758
        ]
      }
    },
    {
      "type": "Feature",
      "properties": {
        "id": 2718149479,
        "tipo": "negozio_pastry",
        "name": "Cupioli",
        "phone": "",
        "website": "",
        "opening_hours": ""
      },
      "geometry": {
        "type": "Point",
        "coordinates": [
          12.5719446,
          44.0592354
        ]
      }
    },
    {
      "type": "Feature",
      "properties": {
        "id": 2718149728,
        "tipo": "negozio_clothes",
        "name": "Mara",
        "phone": "+390541726124",
        "website": "http://www.mara-abbigliamento.com/",
        "opening_hours": "Mo-Sa 09:00-18:30"
      },
      "geometry": {
        "type": "Point",
        "coordinates": [
          12.5305695,
          44.0563645
        ]
      }
    },
    {
      "type": "Feature",
      "properties": {
        "id": 2718150058,
        "tipo": "negozio_motorcycle",
        "name": "Nivola Style",
        "phone": "+390541791661",
        "website": "https://www.nivolastyle.it/it/",
        "opening_hours": ""
      },
      "geometry": {
        "type": "Point",
        "coordinates": [
          12.5486299,
          44.0482696
        ]
      }
    },
    {
      "type": "Feature",
      "properties": {
        "id": 2718150065,
        "tipo": "negozio_clothes",
        "name": "Persona by Marina Rinaldi",
        "phone": "",
        "website": "",
        "opening_hours": ""
      },
      "geometry": {
        "type": "Point",
        "coordinates": [
          12.5699732,
          44.0579211
        ]
      }
    },
    {
      "type": "Feature",
      "properties": {
        "id": 2718150077,
        "tipo": "negozio_yes",
        "name": "La Casa del Coltello",
        "phone": "",
        "website": "",
        "opening_hours": ""
      },
      "geometry": {
        "type": "Point",
        "coordinates": [
          12.5718497,
          44.0561437
        ]
      }
    },
    {
      "type": "Feature",
      "properties": {
        "id": 2718150095,
        "tipo": "negozio_gift",
        "name": "La carteria del centro",
        "phone": "",
        "website": "",
        "opening_hours": ""
      },
      "geometry": {
        "type": "Point",
        "coordinates": [
          12.5702564,
          44.0592091
        ]
      }
    },
    {
      "type": "Feature",
      "properties": {
        "id": 2718150117,
        "tipo": "negozio_vacant",
        "name": "",
        "phone": "",
        "website": "",
        "opening_hours": ""
      },
      "geometry": {
        "type": "Point",
        "coordinates": [
          12.5691616,
          44.0578475
        ]
      }
    },
    {
      "type": "Feature",
      "properties": {
        "id": 2718150241,
        "tipo": "negozio_baby_goods",
        "name": "Primigi store",
        "phone": "+39 0541 391340",
        "website": "",
        "opening_hours": "Mo-Sa 09:30-19:30"
      },
      "geometry": {
        "type": "Point",
        "coordinates": [
          12.567743,
          44.0587733
        ]
      }
    },
    {
      "type": "Feature",
      "properties": {
        "id": 2718150316,
        "tipo": "negozio_furniture",
        "name": "Mondo Convenienza",
        "phone": "",
        "website": "https://www.mondoconv.it/",
        "opening_hours": ""
      },
      "geometry": {
        "type": "Point",
        "coordinates": [
          12.5654896,
          44.0420988
        ]
      }
    },
    {
      "type": "Feature",
      "properties": {
        "id": 2718150402,
        "tipo": "negozio_convenience",
        "name": "Sapori Rustici",
        "phone": "",
        "website": "",
        "opening_hours": ""
      },
      "geometry": {
        "type": "Point",
        "coordinates": [
          12.6179916,
          44.0284711
        ]
      }
    },
    {
      "type": "Feature",
      "properties": {
        "id": 2718150406,
        "tipo": "negozio_laundry",
        "name": "Pangea",
        "phone": "",
        "website": "",
        "opening_hours": "06:00-23:00"
      },
      "geometry": {
        "type": "Point",
        "coordinates": [
          12.5357055,
          44.0877397
        ]
      }
    },
    {
      "type": "Feature",
      "properties": {
        "id": 2718150624,
        "tipo": "negozio_trade",
        "name": "Prefabbricati Morri",
        "phone": "+390541727883",
        "website": "",
        "opening_hours": ""
      },
      "geometry": {
        "type": "Point",
        "coordinates": [
          12.5263134,
          44.0564166
        ]
      }
    },
    {
      "type": "Feature",
      "properties": {
        "id": 2718151031,
        "tipo": "negozio_tobacco",
        "name": "Tabaccheria dell'Arco",
        "phone": "",
        "website": "",
        "opening_hours": ""
      },
      "geometry": {
        "type": "Point",
        "coordinates": [
          12.5702351,
          44.0578443
        ]
      }
    },
    {
      "type": "Feature",
      "properties": {
        "id": 2718151575,
        "tipo": "negozio_bakery",
        "name": "Il Forno",
        "phone": "+390541380078",
        "website": "",
        "opening_hours": ""
      },
      "geometry": {
        "type": "Point",
        "coordinates": [
          12.5857138,
          44.050581
        ]
      }
    },
    {
      "type": "Feature",
      "properties": {
        "id": 2718151725,
        "tipo": "negozio_carpet",
        "name": "Bijar",
        "phone": "",
        "website": "",
        "opening_hours": ""
      },
      "geometry": {
        "type": "Point",
        "coordinates": [
          12.5714286,
          44.0580059
        ]
      }
    },
    {
      "type": "Feature",
      "properties": {
        "id": 2718152420,
        "tipo": "negozio_car_repair",
        "name": "T&L",
        "phone": "+390541780893",
        "website": "",
        "opening_hours": ""
      },
      "geometry": {
        "type": "Point",
        "coordinates": [
          12.5233973,
          44.0551324
        ]
      }
    },
    {
      "type": "Feature",
      "properties": {
        "id": 2718152442,
        "tipo": "negozio_agrarian",
        "name": "Pro Garden",
        "phone": "+393486112934",
        "website": "http://www.progardenrimini.com/",
        "opening_hours": ""
      },
      "geometry": {
        "type": "Point",
        "coordinates": [
          12.5227063,
          44.0549273
        ]
      }
    },
    {
      "type": "Feature",
      "properties": {
        "id": 2718152445,
        "tipo": "negozio_second_hand",
        "name": "Rigiro",
        "phone": "+393407498948",
        "website": "",
        "opening_hours": ""
      },
      "geometry": {
        "type": "Point",
        "coordinates": [
          12.5221079,
          44.0547507
        ]
      }
    },
    {
      "type": "Feature",
      "properties": {
        "id": 2718153343,
        "tipo": "negozio_vacant",
        "name": "",
        "phone": "",
        "website": "",
        "opening_hours": ""
      },
      "geometry": {
        "type": "Point",
        "coordinates": [
          12.5707216,
          44.0615279
        ]
      }
    },
    {
      "type": "Feature",
      "properties": {
        "id": 2718153473,
        "tipo": "negozio_second_hand",
        "name": "Pagnoc",
        "phone": "+390541381484",
        "website": "https://www.mercatinodapagnoc.com/",
        "opening_hours": ""
      },
      "geometry": {
        "type": "Point",
        "coordinates": [
          12.5767883,
          44.0496692
        ]
      }
    },
    {
      "type": "Feature",
      "properties": {
        "id": 2718153490,
        "tipo": "negozio_hairdresser",
        "name": "Lauro",
        "phone": "",
        "website": "",
        "opening_hours": ""
      },
      "geometry": {
        "type": "Point",
        "coordinates": [
          12.5568844,
          44.0570745
        ]
      }
    },
    {
      "type": "Feature",
      "properties": {
        "id": 2718153746,
        "tipo": "negozio_supermarket",
        "name": "Zhong Nan Hai",
        "phone": "",
        "website": "",
        "opening_hours": ""
      },
      "geometry": {
        "type": "Point",
        "coordinates": [
          12.5725555,
          44.0616003
        ]
      }
    },
    {
      "type": "Feature",
      "properties": {
        "id": 2718153826,
        "tipo": "negozio_beauty",
        "name": "Alma Beauty Centro Estetico",
        "phone": "+39 0541 79 09 86",
        "website": "https://almabeautyrimini.it/",
        "opening_hours": ""
      },
      "geometry": {
        "type": "Point",
        "coordinates": [
          12.5568685,
          44.0571184
        ]
      }
    },
    {
      "type": "Feature",
      "properties": {
        "id": 2718153909,
        "tipo": "negozio_bicycle",
        "name": "Manolo Cargo Bike",
        "phone": "+390541781675",
        "website": "https://www.manolocargobike.com/",
        "opening_hours": "Mo-Fr 09:45-12:45, 16:00-20:30"
      },
      "geometry": {
        "type": "Point",
        "coordinates": [
          12.5767847,
          44.049605
        ]
      }
    },
    {
      "type": "Feature",
      "properties": {
        "id": 2718154048,
        "tipo": "negozio_tattoo",
        "name": "Riva Ink",
        "phone": "+39 331 768 4435",
        "website": "https://rivainktattooshop.com/",
        "opening_hours": ""
      },
      "geometry": {
        "type": "Point",
        "coordinates": [
          12.586887,
          44.0618399
        ]
      }
    },
    {
      "type": "Feature",
      "properties": {
        "id": 2718154178,
        "tipo": "negozio_vacant",
        "name": "",
        "phone": "",
        "website": "",
        "opening_hours": ""
      },
      "geometry": {
        "type": "Point",
        "coordinates": [
          12.6183897,
          44.0308761
        ]
      }
    },
    {
      "type": "Feature",
      "properties": {
        "id": 2718154316,
        "tipo": "negozio_pastry",
        "name": "Alisé Pâtisserie",
        "phone": "",
        "website": "",
        "opening_hours": ""
      },
      "geometry": {
        "type": "Point",
        "coordinates": [
          12.5708611,
          44.0573082
        ]
      }
    },
    {
      "type": "Feature",
      "properties": {
        "id": 2718154355,
        "tipo": "ufficio_lawyer",
        "name": "Studio legale avv. Gavelli",
        "phone": "",
        "website": "",
        "opening_hours": ""
      },
      "geometry": {
        "type": "Point",
        "coordinates": [
          12.5710942,
          44.0621011
        ]
      }
    },
    {
      "type": "Feature",
      "properties": {
        "id": 2718154573,
        "tipo": "negozio_beverages",
        "name": "Carattoni",
        "phone": "",
        "website": "",
        "opening_hours": ""
      },
      "geometry": {
        "type": "Point",
        "coordinates": [
          12.5700405,
          44.0573808
        ]
      }
    },
    {
      "type": "Feature",
      "properties": {
        "id": 2718155459,
        "tipo": "negozio_supermarket",
        "name": "Conad City San Vito",
        "phone": "054120623538",
        "website": "https://www.conad.it/ricerca-negozi/conad-city-via-pareto-vilfredo-3-47922-rimini--001540",
        "opening_hours": "Mo-Sa 06:30-13:00, 16:30-19:00"
      },
      "geometry": {
        "type": "Point",
        "coordinates": [
          12.4584061,
          44.085204
        ]
      }
    },
    {
      "type": "Feature",
      "properties": {
        "id": 2718155768,
        "tipo": "negozio_hairdresser",
        "name": "Divina",
        "phone": "",
        "website": "",
        "opening_hours": ""
      },
      "geometry": {
        "type": "Point",
        "coordinates": [
          12.5715786,
          44.0581951
        ]
      }
    },
    {
      "type": "Feature",
      "properties": {
        "id": 2718155834,
        "tipo": "negozio_copyshop",
        "name": "Cartoleria Copisteria",
        "phone": "",
        "website": "",
        "opening_hours": ""
      },
      "geometry": {
        "type": "Point",
        "coordinates": [
          12.5718743,
          44.0614965
        ]
      }
    },
    {
      "type": "Feature",
      "properties": {
        "id": 2718155905,
        "tipo": "negozio_car_repair",
        "name": "Klod23",
        "phone": "+39 0541 393724",
        "website": "https://www.klod23.it/",
        "opening_hours": ""
      },
      "geometry": {
        "type": "Point",
        "coordinates": [
          12.5701268,
          44.0239386
        ]
      }
    },
    {
      "type": "Feature",
      "properties": {
        "id": 2718156132,
        "tipo": "negozio_motorcycle_parts",
        "name": "Wheel Up",
        "phone": "+3905411831142",
        "website": "https://www.wheelup.it/",
        "opening_hours": ""
      },
      "geometry": {
        "type": "Point",
        "coordinates": [
          12.6123256,
          44.0283415
        ]
      }
    },
    {
      "type": "Feature",
      "properties": {
        "id": 2718156195,
        "tipo": "negozio_tobacco",
        "name": "Bar Cecchini",
        "phone": "",
        "website": "",
        "opening_hours": ""
      },
      "geometry": {
        "type": "Point",
        "coordinates": [
          12.5175388,
          44.0533564
        ]
      }
    },
    {
      "type": "Feature",
      "properties": {
        "id": 2718156200,
        "tipo": "ufficio_yes",
        "name": "Casa comunale",
        "phone": "",
        "website": "",
        "opening_hours": ""
      },
      "geometry": {
        "type": "Point",
        "coordinates": [
          12.5660143,
          44.0614445
        ]
      }
    },
    {
      "type": "Feature",
      "properties": {
        "id": 2718156368,
        "tipo": "negozio_carpet",
        "name": "Bijar",
        "phone": "",
        "website": "",
        "opening_hours": ""
      },
      "geometry": {
        "type": "Point",
        "coordinates": [
          12.5715276,
          44.0581445
        ]
      }
    },
    {
      "type": "Feature",
      "properties": {
        "id": 2718156558,
        "tipo": "ufficio_yes",
        "name": "Ufficio Relazioni con il Pubblico",
        "phone": "",
        "website": "",
        "opening_hours": ""
      },
      "geometry": {
        "type": "Point",
        "coordinates": [
          12.5663193,
          44.0611201
        ]
      }
    },
    {
      "type": "Feature",
      "properties": {
        "id": 2718156577,
        "tipo": "negozio_convenience",
        "name": "AltroMercato Bottega",
        "phone": "+39 0541 29 162",
        "website": "http://www.pachamama-rimini.org/",
        "opening_hours": "Mo 09:00-12:30,16:00-19:00; Tu-Sa 09:00-12:30,16:00-19:30"
      },
      "geometry": {
        "type": "Point",
        "coordinates": [
          12.5696444,
          44.0597585
        ]
      }
    },
    {
      "type": "Feature",
      "properties": {
        "id": 2718156638,
        "tipo": "negozio_stationery",
        "name": "Cartoleria",
        "phone": "",
        "website": "",
        "opening_hours": ""
      },
      "geometry": {
        "type": "Point",
        "coordinates": [
          12.5703553,
          44.0590624
        ]
      }
    },
    {
      "type": "Feature",
      "properties": {
        "id": 2718156795,
        "tipo": "negozio_tobacco",
        "name": "Tabaccı",
        "phone": "",
        "website": "",
        "opening_hours": ""
      },
      "geometry": {
        "type": "Point",
        "coordinates": [
          12.5723417,
          44.0594538
        ]
      }
    },
    {
      "type": "Feature",
      "properties": {
        "id": 2718156822,
        "tipo": "negozio_motorcycle",
        "name": "Ruggeri Triumph",
        "phone": "+390541771600",
        "website": "https://ruggeri.net/",
        "opening_hours": ""
      },
      "geometry": {
        "type": "Point",
        "coordinates": [
          12.550109,
          44.0475742
        ]
      }
    },
    {
      "type": "Feature",
      "properties": {
        "id": 2718156995,
        "tipo": "negozio_bicycle",
        "name": "Urban Lab",
        "phone": "+39 0541 15 75896",
        "website": "https://www.urbanlabrimini.it/",
        "opening_hours": ""
      },
      "geometry": {
        "type": "Point",
        "coordinates": [
          12.5650477,
          44.0583785
        ]
      }
    },
    {
      "type": "Feature",
      "properties": {
        "id": 2718157174,
        "tipo": "ufficio_yes",
        "name": "Eng. Giovanni bugli",
        "phone": "",
        "website": "",
        "opening_hours": ""
      },
      "geometry": {
        "type": "Point",
        "coordinates": [
          12.5723946,
          44.057952
        ]
      }
    },
    {
      "type": "Feature",
      "properties": {
        "id": 2718157234,
        "tipo": "negozio_butcher",
        "name": "Luca Carni",
        "phone": "",
        "website": "",
        "opening_hours": ""
      },
      "geometry": {
        "type": "Point",
        "coordinates": [
          12.5720648,
          44.0593042
        ]
      }
    },
    {
      "type": "Feature",
      "properties": {
        "id": 2718158088,
        "tipo": "negozio_pasta",
        "name": "Genuyno",
        "phone": "+390541780808",
        "website": "https://www.genuyno.it/",
        "opening_hours": ""
      },
      "geometry": {
        "type": "Point",
        "coordinates": [
          12.5605248,
          44.0575164
        ]
      }
    },
    {
      "type": "Feature",
      "properties": {
        "id": 2718158478,
        "tipo": "negozio_hardware",
        "name": "Antincendio Marecchiese",
        "phone": "+390541728264",
        "website": "https://www.ferramentamarecchiese.com/",
        "opening_hours": ""
      },
      "geometry": {
        "type": "Point",
        "coordinates": [
          12.52395,
          44.0546255
        ]
      }
    },
    {
      "type": "Feature",
      "properties": {
        "id": 2718158678,
        "tipo": "ufficio_lawyer",
        "name": "Avocato ofici",
        "phone": "",
        "website": "",
        "opening_hours": ""
      },
      "geometry": {
        "type": "Point",
        "coordinates": [
          12.5704873,
          44.0590282
        ]
      }
    },
    {
      "type": "Feature",
      "properties": {
        "id": 2718158692,
        "tipo": "negozio_books",
        "name": "Caimi Store",
        "phone": "",
        "website": "https://www.caimi-libri.com/",
        "opening_hours": ""
      },
      "geometry": {
        "type": "Point",
        "coordinates": [
          12.5659913,
          44.0566087
        ]
      }
    },
    {
      "type": "Feature",
      "properties": {
        "id": 2718159846,
        "tipo": "negozio_car",
        "name": "Ruggeri Kia",
        "phone": "+390541771600",
        "website": "https://ruggeri.net/sedi/rimini-kia/",
        "opening_hours": ""
      },
      "geometry": {
        "type": "Point",
        "coordinates": [
          12.549953,
          44.047868
        ]
      }
    },
    {
      "type": "Feature",
      "properties": {
        "id": 2718159945,
        "tipo": "negozio_pastry",
        "name": "Cake Shop Rinaldini",
        "phone": "",
        "website": "",
        "opening_hours": ""
      },
      "geometry": {
        "type": "Point",
        "coordinates": [
          12.5645534,
          44.0571182
        ]
      }
    },
    {
      "type": "Feature",
      "properties": {
        "id": 2718159980,
        "tipo": "negozio_travel_agency",
        "name": "Magnani",
        "phone": "",
        "website": "",
        "opening_hours": ""
      },
      "geometry": {
        "type": "Point",
        "coordinates": [
          12.5715407,
          44.0582244
        ]
      }
    },
    {
      "type": "Feature",
      "properties": {
        "id": 2718160154,
        "tipo": "negozio_hairdresser",
        "name": "Lisa",
        "phone": "",
        "website": "",
        "opening_hours": ""
      },
      "geometry": {
        "type": "Point",
        "coordinates": [
          12.5717201,
          44.0602161
        ]
      }
    },
    {
      "type": "Feature",
      "properties": {
        "id": 2718161220,
        "tipo": "negozio_pet",
        "name": "Arcaplanet",
        "phone": "+39 0541 14 18 047",
        "website": "",
        "opening_hours": ""
      },
      "geometry": {
        "type": "Point",
        "coordinates": [
          12.5612582,
          44.0576372
        ]
      }
    },
    {
      "type": "Feature",
      "properties": {
        "id": 2718162129,
        "tipo": "negozio_bicycle",
        "name": "Bike Shop Rimini",
        "phone": "+390541718635",
        "website": "https://www.bikeshoprimini.com/",
        "opening_hours": "Mo-Sa 08:30-12:30,15:30-19:30; Su off"
      },
      "geometry": {
        "type": "Point",
        "coordinates": [
          12.5642609,
          44.0588614
        ]
      }
    },
    {
      "type": "Feature",
      "properties": {
        "id": 2718162177,
        "tipo": "negozio_shoes",
        "name": "Sanitaria",
        "phone": "",
        "website": "",
        "opening_hours": ""
      },
      "geometry": {
        "type": "Point",
        "coordinates": [
          12.5723678,
          44.0594273
        ]
      }
    },
    {
      "type": "Feature",
      "properties": {
        "id": 2718162205,
        "tipo": "ufficio_lawyer",
        "name": "Studio Legal",
        "phone": "",
        "website": "",
        "opening_hours": ""
      },
      "geometry": {
        "type": "Point",
        "coordinates": [
          12.564143,
          44.0579436
        ]
      }
    },
    {
      "type": "Feature",
      "properties": {
        "id": 2718162353,
        "tipo": "negozio_clothes",
        "name": "Yli e Brici",
        "phone": "+39 339 773 1312",
        "website": "https://www.yliebrici.com/",
        "opening_hours": ""
      },
      "geometry": {
        "type": "Point",
        "coordinates": [
          12.5928708,
          44.0471146
        ]
      }
    },
    {
      "type": "Feature",
      "properties": {
        "id": 2718162389,
        "tipo": "negozio_beauty",
        "name": "Maya Club",
        "phone": "+393273372103",
        "website": "",
        "opening_hours": ""
      },
      "geometry": {
        "type": "Point",
        "coordinates": [
          12.5857811,
          44.0505234
        ]
      }
    },
    {
      "type": "Feature",
      "properties": {
        "id": 2718163372,
        "tipo": "negozio_convenience",
        "name": "Minimarket",
        "phone": "",
        "website": "",
        "opening_hours": ""
      },
      "geometry": {
        "type": "Point",
        "coordinates": [
          12.4830015,
          44.0683523
        ]
      }
    },
    {
      "type": "Feature",
      "properties": {
        "id": 2718163607,
        "tipo": "negozio_erotic",
        "name": "Il Vizietto",
        "phone": "+39 06 45595972",
        "website": "https://www.ilviziettosexyshop.it/i-negozi/sexy-shop-rimini/",
        "opening_hours": "24/7"
      },
      "geometry": {
        "type": "Point",
        "coordinates": [
          12.5562497,
          44.0569527
        ]
      }
    },
    {
      "type": "Feature",
      "properties": {
        "id": 2718163774,
        "tipo": "negozio_printer_ink",
        "name": "A tutto colore",
        "phone": "+39 0541 790681",
        "website": "",
        "opening_hours": ""
      },
      "geometry": {
        "type": "Point",
        "coordinates": [
          12.5562118,
          44.0569557
        ]
      }
    },
    {
      "type": "Feature",
      "properties": {
        "id": 2718163848,
        "tipo": "negozio_party",
        "name": "Magie Di Feste",
        "phone": "+39 0541 78 59 61",
        "website": "https://www.magiedifesta.it/",
        "opening_hours": ""
      },
      "geometry": {
        "type": "Point",
        "coordinates": [
          12.5713337,
          44.0546427
        ]
      }
    },
    {
      "type": "Feature",
      "properties": {
        "id": 2718164164,
        "tipo": "negozio_clothes",
        "name": "Raggio di Sole",
        "phone": "",
        "website": "",
        "opening_hours": ""
      },
      "geometry": {
        "type": "Point",
        "coordinates": [
          12.5697808,
          44.0580264
        ]
      }
    },
    {
      "type": "Feature",
      "properties": {
        "id": 2718164292,
        "tipo": "negozio_bicycle",
        "name": "Semprini Bike Store",
        "phone": "+39 0541 78 22 03",
        "website": "https://www.semprinibike.store/",
        "opening_hours": ""
      },
      "geometry": {
        "type": "Point",
        "coordinates": [
          12.5639697,
          44.0562618
        ]
      }
    },
    {
      "type": "Feature",
      "properties": {
        "id": 2718164359,
        "tipo": "artigianato_clockmaker",
        "name": "Mid Time",
        "phone": "",
        "website": "",
        "opening_hours": ""
      },
      "geometry": {
        "type": "Point",
        "coordinates": [
          12.5717491,
          44.060185
        ]
      }
    },
    {
      "type": "Feature",
      "properties": {
        "id": 2718165590,
        "tipo": "negozio_car",
        "name": "Opel Marcar RImini",
        "phone": "+390541374312",
        "website": "https://gruppomarcar.it/",
        "opening_hours": "Mo-Sa 09:00-12:30,15:00-19:00"
      },
      "geometry": {
        "type": "Point",
        "coordinates": [
          12.6015565,
          44.0342718
        ]
      }
    },
    {
      "type": "Feature",
      "properties": {
        "id": 2718166011,
        "tipo": "ufficio_energy_supplier",
        "name": "SGR Luce e Gas",
        "phone": "800 900 147",
        "website": "https://www.sgrlucegas.com/",
        "opening_hours": "Mo-Fr 08:00-15:00"
      },
      "geometry": {
        "type": "Point",
        "coordinates": [
          12.5943978,
          44.0474059
        ]
      }
    },
    {
      "type": "Feature",
      "properties": {
        "id": 2718166155,
        "tipo": "ufficio_energy_supplier",
        "name": "Adrigas",
        "phone": "+39 0541 39 94 11",
        "website": "https://www.adrigas.it/",
        "opening_hours": ""
      },
      "geometry": {
        "type": "Point",
        "coordinates": [
          12.5953485,
          44.0470948
        ]
      }
    },
    {
      "type": "Feature",
      "properties": {
        "id": 2718166853,
        "tipo": "negozio_appliance",
        "name": "Olivieri",
        "phone": "",
        "website": "",
        "opening_hours": "Mo-Sa 08:30-13:00, 15:00-19:30"
      },
      "geometry": {
        "type": "Point",
        "coordinates": [
          12.6068629,
          44.0354219
        ]
      }
    },
    {
      "type": "Feature",
      "properties": {
        "id": 2718167231,
        "tipo": "negozio_motorcycle_repair",
        "name": "Tullio",
        "phone": "+390541782072",
        "website": "",
        "opening_hours": ""
      },
      "geometry": {
        "type": "Point",
        "coordinates": [
          12.5631744,
          44.0568705
        ]
      }
    },
    {
      "type": "Feature",
      "properties": {
        "id": 2718168023,
        "tipo": "negozio_plant_hire",
        "name": "W. ERRE",
        "phone": "",
        "website": "https://wr57.it/",
        "opening_hours": ""
      },
      "geometry": {
        "type": "Point",
        "coordinates": [
          12.5154261,
          44.0522061
        ]
      }
    },
    {
      "type": "Feature",
      "properties": {
        "id": 2718168100,
        "tipo": "negozio_travel_agency",
        "name": "Ariminvm",
        "phone": "",
        "website": "",
        "opening_hours": ""
      },
      "geometry": {
        "type": "Point",
        "coordinates": [
          12.570499,
          44.0601806
        ]
      }
    },
    {
      "type": "Feature",
      "properties": {
        "id": 2718168144,
        "tipo": "negozio_clothes",
        "name": "Articoli Fiorentini",
        "phone": "+39 0541 37 30 02",
        "website": "",
        "opening_hours": "Mo-Sa 08:00-13:00, 15:00-19:30"
      },
      "geometry": {
        "type": "Point",
        "coordinates": [
          12.6069093,
          44.0354471
        ]
      }
    },
    {
      "type": "Feature",
      "properties": {
        "id": 2718168315,
        "tipo": "negozio_funeral_directors",
        "name": "Onoranze Funebri San Gaudenzo",
        "phone": "+39 0541 30 7170",
        "website": "https://www.onoranzefunebrisangaudenzo.it/",
        "opening_hours": "24/7"
      },
      "geometry": {
        "type": "Point",
        "coordinates": [
          12.5828492,
          44.051575
        ]
      }
    },
    {
      "type": "Feature",
      "properties": {
        "id": 2718168544,
        "tipo": "negozio_gift",
        "name": "Gift 42",
        "phone": "",
        "website": "",
        "opening_hours": ""
      },
      "geometry": {
        "type": "Point",
        "coordinates": [
          12.5697227,
          44.0580778
        ]
      }
    },
    {
      "type": "Feature",
      "properties": {
        "id": 2718168547,
        "tipo": "negozio_religion",
        "name": "San Nicolo",
        "phone": "",
        "website": "",
        "opening_hours": ""
      },
      "geometry": {
        "type": "Point",
        "coordinates": [
          12.5680195,
          44.063104
        ]
      }
    },
    {
      "type": "Feature",
      "properties": {
        "id": 2718168574,
        "tipo": "negozio_art",
        "name": "Timbri Italia",
        "phone": "",
        "website": "",
        "opening_hours": ""
      },
      "geometry": {
        "type": "Point",
        "coordinates": [
          12.571918,
          44.0560146
        ]
      }
    },
    {
      "type": "Feature",
      "properties": {
        "id": 2718168583,
        "tipo": "negozio_hairdresser",
        "name": "Toni Santini style",
        "phone": "",
        "website": "",
        "opening_hours": ""
      },
      "geometry": {
        "type": "Point",
        "coordinates": [
          12.5696198,
          44.059918
        ]
      }
    },
    {
      "type": "Feature",
      "properties": {
        "id": 2718168726,
        "tipo": "negozio_laundry",
        "name": "Gİusis Stireria",
        "phone": "",
        "website": "",
        "opening_hours": ""
      },
      "geometry": {
        "type": "Point",
        "coordinates": [
          12.571773,
          44.0601635
        ]
      }
    },
    {
      "type": "Feature",
      "properties": {
        "id": 2718168949,
        "tipo": "negozio_sewing",
        "name": "Bottondoro",
        "phone": "",
        "website": "",
        "opening_hours": ""
      },
      "geometry": {
        "type": "Point",
        "coordinates": [
          12.5682631,
          44.0610443
        ]
      }
    },
    {
      "type": "Feature",
      "properties": {
        "id": 2718169287,
        "tipo": "negozio_convenience",
        "name": "Spar",
        "phone": "",
        "website": "",
        "opening_hours": ""
      },
      "geometry": {
        "type": "Point",
        "coordinates": [
          12.5921555,
          44.0498148
        ]
      }
    },
    {
      "type": "Feature",
      "properties": {
        "id": 2718169539,
        "tipo": "negozio_car_repair",
        "name": "Centro Tuning",
        "phone": "",
        "website": "",
        "opening_hours": ""
      },
      "geometry": {
        "type": "Point",
        "coordinates": [
          12.5152423,
          44.0507228
        ]
      }
    },
    {
      "type": "Feature",
      "properties": {
        "id": 2718169641,
        "tipo": "negozio_clothes",
        "name": "Ruggine",
        "phone": "",
        "website": "",
        "opening_hours": ""
      },
      "geometry": {
        "type": "Point",
        "coordinates": [
          12.5713989,
          44.0583432
        ]
      }
    },
    {
      "type": "Feature",
      "properties": {
        "id": 2718169775,
        "tipo": "negozio_herbalist",
        "name": "L'Albero di Giada",
        "phone": "+39 0541 08 2983",
        "website": "",
        "opening_hours": "Mo-Sa 09:00-13:00,16:30-19:30; Th 09:00-13:00"
      },
      "geometry": {
        "type": "Point",
        "coordinates": [
          12.5890142,
          44.0547539
        ]
      }
    },
    {
      "type": "Feature",
      "properties": {
        "id": 2718169822,
        "tipo": "negozio_variety_store",
        "name": "Tutto a 1 euro",
        "phone": "",
        "website": "",
        "opening_hours": "May-Sep: Mo-Su 09:00-13:00,15:00-23:00"
      },
      "geometry": {
        "type": "Point",
        "coordinates": [
          12.516378,
          44.1039131
        ]
      }
    },
    {
      "type": "Feature",
      "properties": {
        "id": 2718169834,
        "tipo": "negozio_laundry",
        "name": "Delfino",
        "phone": "",
        "website": "",
        "opening_hours": ""
      },
      "geometry": {
        "type": "Point",
        "coordinates": [
          12.5713524,
          44.0583839
        ]
      }
    },
    {
      "type": "Feature",
      "properties": {
        "id": 2718169867,
        "tipo": "negozio_greengrocer",
        "name": "Etna",
        "phone": "",
        "website": "",
        "opening_hours": ""
      },
      "geometry": {
        "type": "Point",
        "coordinates": [
          12.5891054,
          44.0546755
        ]
      }
    },
    {
      "type": "Feature",
      "properties": {
        "id": 2718170047,
        "tipo": "negozio_pet",
        "name": "Il Re Leone",
        "phone": "",
        "website": "",
        "opening_hours": ""
      },
      "geometry": {
        "type": "Point",
        "coordinates": [
          12.5648764,
          44.0572795
        ]
      }
    },
    {
      "type": "Feature",
      "properties": {
        "id": 2718170065,
        "tipo": "negozio_clothes",
        "name": "Le DueCocche",
        "phone": "",
        "website": "",
        "opening_hours": ""
      },
      "geometry": {
        "type": "Point",
        "coordinates": [
          12.5717878,
          44.0558273
        ]
      }
    },
    {
      "type": "Feature",
      "properties": {
        "id": 2718170549,
        "tipo": "ufficio_lawyer",
        "name": "Avvocato Guliana Zangheri",
        "phone": "",
        "website": "",
        "opening_hours": ""
      },
      "geometry": {
        "type": "Point",
        "coordinates": [
          12.5715855,
          44.058103
        ]
      }
    },
    {
      "type": "Feature",
      "properties": {
        "id": 2718170562,
        "tipo": "negozio_clothes",
        "name": "Non Solo Stock",
        "phone": "",
        "website": "",
        "opening_hours": ""
      },
      "geometry": {
        "type": "Point",
        "coordinates": [
          12.5721582,
          44.0593584
        ]
      }
    },
    {
      "type": "Feature",
      "properties": {
        "id": 2718170967,
        "tipo": "negozio_supermarket",
        "name": "Mix Markt",
        "phone": "",
        "website": "https://mixmarkt.it/",
        "opening_hours": "Mo-Su 09:00-20:00"
      },
      "geometry": {
        "type": "Point",
        "coordinates": [
          12.6034305,
          44.0333516
        ]
      }
    },
    {
      "type": "Feature",
      "properties": {
        "id": 2718171159,
        "tipo": "negozio_convenience",
        "name": "",
        "phone": "",
        "website": "",
        "opening_hours": ""
      },
      "geometry": {
        "type": "Point",
        "coordinates": [
          12.5881868,
          44.0608596
        ]
      }
    },
    {
      "type": "Feature",
      "properties": {
        "id": 2718171446,
        "tipo": "negozio_clothes",
        "name": "Rosanna Pellegrini",
        "phone": "",
        "website": "",
        "opening_hours": ""
      },
      "geometry": {
        "type": "Point",
        "coordinates": [
          12.5683819,
          44.0597402
        ]
      }
    },
    {
      "type": "Feature",
      "properties": {
        "id": 2718171465,
        "tipo": "ufficio_yes",
        "name": "LA Bottega del Verroc",
        "phone": "",
        "website": "",
        "opening_hours": ""
      },
      "geometry": {
        "type": "Point",
        "coordinates": [
          12.571295,
          44.0584262
        ]
      }
    },
    {
      "type": "Feature",
      "properties": {
        "id": 2718172272,
        "tipo": "negozio_supermarket",
        "name": "Lidl",
        "phone": "",
        "website": "https://www.lidl.it/",
        "opening_hours": "Mo-Sa 08:00-21:00; Su 08:30-20:30"
      },
      "geometry": {
        "type": "Point",
        "coordinates": [
          12.6050284,
          44.0320005
        ]
      }
    },
    {
      "type": "Feature",
      "properties": {
        "id": 2718172293,
        "tipo": "negozio_clothes",
        "name": "Mattioli Sposi Rimini",
        "phone": "+390541370356",
        "website": "https://www.mattiolisposi.it/",
        "opening_hours": "Mo-Sa 15:30-19:30; Sa 09:30-12:30"
      },
      "geometry": {
        "type": "Point",
        "coordinates": [
          12.6058051,
          44.0318164
        ]
      }
    },
    {
      "type": "Feature",
      "properties": {
        "id": 2718172418,
        "tipo": "negozio_hairdresser",
        "name": "Gino E Paolo",
        "phone": "+39 0541 38 1457",
        "website": "",
        "opening_hours": ""
      },
      "geometry": {
        "type": "Point",
        "coordinates": [
          12.5903386,
          44.0590509
        ]
      }
    },
    {
      "type": "Feature",
      "properties": {
        "id": 2718172499,
        "tipo": "ufficio_company",
        "name": "O.V.I.E.",
        "phone": "+39 0541 392504",
        "website": "https://www.verifica-messa-a-terra.it/",
        "opening_hours": "Mo-Fr 09:00-12:00"
      },
      "geometry": {
        "type": "Point",
        "coordinates": [
          12.5852644,
          44.0420809
        ]
      }
    },
    {
      "type": "Feature",
      "properties": {
        "id": 2718172593,
        "tipo": "ufficio_it",
        "name": "Pensare web s.r.l.",
        "phone": "",
        "website": "",
        "opening_hours": "09:00-13:00,14:00-18:00"
      },
      "geometry": {
        "type": "Point",
        "coordinates": [
          12.5857355,
          44.041798
        ]
      }
    },
    {
      "type": "Feature",
      "properties": {
        "id": 2718173143,
        "tipo": "negozio_antiques",
        "name": "Antichità Bellini",
        "phone": "+39 0541 78 1272",
        "website": "https://www.antichitabellini.it/",
        "opening_hours": ""
      },
      "geometry": {
        "type": "Point",
        "coordinates": [
          12.5736491,
          44.0528959
        ]
      }
    },
    {
      "type": "Feature",
      "properties": {
        "id": 2718173341,
        "tipo": "negozio_florist",
        "name": "unkown",
        "phone": "",
        "website": "",
        "opening_hours": ""
      },
      "geometry": {
        "type": "Point",
        "coordinates": [
          12.5721888,
          44.0593725
        ]
      }
    },
    {
      "type": "Feature",
      "properties": {
        "id": 2718173555,
        "tipo": "ufficio_estate_agent",
        "name": "Vendi casa con me",
        "phone": "",
        "website": "",
        "opening_hours": ""
      },
      "geometry": {
        "type": "Point",
        "coordinates": [
          12.5891075,
          44.0541316
        ]
      }
    },
    {
      "type": "Feature",
      "properties": {
        "id": 2718173712,
        "tipo": "negozio_bookmaker",
        "name": "Intralot",
        "phone": "",
        "website": "",
        "opening_hours": ""
      },
      "geometry": {
        "type": "Point",
        "coordinates": [
          12.6065192,
          44.0312063
        ]
      }
    },
    {
      "type": "Feature",
      "properties": {
        "id": 2718173996,
        "tipo": "negozio_stationery",
        "name": "Centro Blaise Pascal",
        "phone": "",
        "website": "",
        "opening_hours": ""
      },
      "geometry": {
        "type": "Point",
        "coordinates": [
          12.5717492,
          44.0582213
        ]
      }
    },
    {
      "type": "Feature",
      "properties": {
        "id": 2718174052,
        "tipo": "negozio_clothes",
        "name": "Malò",
        "phone": "",
        "website": "",
        "opening_hours": ""
      },
      "geometry": {
        "type": "Point",
        "coordinates": [
          12.5883076,
          44.0607299
        ]
      }
    },
    {
      "type": "Feature",
      "properties": {
        "id": 2718174060,
        "tipo": "negozio_newsagent",
        "name": "Edicola Sant'Agostino",
        "phone": "",
        "website": "",
        "opening_hours": ""
      },
      "geometry": {
        "type": "Point",
        "coordinates": [
          12.5659875,
          44.0596696
        ]
      }
    },
    {
      "type": "Feature",
      "properties": {
        "id": 2718174063,
        "tipo": "negozio_coffee",
        "name": "M'ama Caffè",
        "phone": "+39 320 183 8458",
        "website": "https://www.facebook.com/mamacafferivazzurra/",
        "opening_hours": "Mo-Sa 09:00-12:30,Mo-Sa 16:00-19:30"
      },
      "geometry": {
        "type": "Point",
        "coordinates": [
          12.6073009,
          44.0356991
        ]
      }
    },
    {
      "type": "Feature",
      "properties": {
        "id": 2718174070,
        "tipo": "ufficio_estate_agent",
        "name": "Dm soluzioni",
        "phone": "",
        "website": "https://www.soluzionidm.com/",
        "opening_hours": ""
      },
      "geometry": {
        "type": "Point",
        "coordinates": [
          12.573688,
          44.0528324
        ]
      }
    },
    {
      "type": "Feature",
      "properties": {
        "id": 2718174436,
        "tipo": "artigianato_electronics_repair",
        "name": "Soel Srls",
        "phone": "",
        "website": "",
        "opening_hours": ""
      },
      "geometry": {
        "type": "Point",
        "coordinates": [
          12.5710758,
          44.0621357
        ]
      }
    },
    {
      "type": "Feature",
      "properties": {
        "id": 2718175608,
        "tipo": "negozio_bakery",
        "name": "Balducci",
        "phone": "",
        "website": "",
        "opening_hours": ""
      },
      "geometry": {
        "type": "Point",
        "coordinates": [
          12.5646457,
          44.0456251
        ]
      }
    },
    {
      "type": "Feature",
      "properties": {
        "id": 2718175685,
        "tipo": "negozio_tobacco",
        "name": "La Tabaccheria",
        "phone": "",
        "website": "",
        "opening_hours": ""
      },
      "geometry": {
        "type": "Point",
        "coordinates": [
          12.564818,
          44.0454596
        ]
      }
    },
    {
      "type": "Feature",
      "properties": {
        "id": 2718175701,
        "tipo": "negozio_deli",
        "name": "Sfoglia Matta",
        "phone": "+39 05411441901",
        "website": "https://www.sfogliamatta.it/",
        "opening_hours": ""
      },
      "geometry": {
        "type": "Point",
        "coordinates": [
          12.5649076,
          44.0453993
        ]
      }
    },
    {
      "type": "Feature",
      "properties": {
        "id": 2718175926,
        "tipo": "negozio_clothes",
        "name": "United Colors of Benetton",
        "phone": "",
        "website": "",
        "opening_hours": ""
      },
      "geometry": {
        "type": "Point",
        "coordinates": [
          12.5687323,
          44.0588658
        ]
      }
    },
    {
      "type": "Feature",
      "properties": {
        "id": 2718176000,
        "tipo": "negozio_jewelry",
        "name": "Pandora",
        "phone": "",
        "website": "",
        "opening_hours": ""
      },
      "geometry": {
        "type": "Point",
        "coordinates": [
          12.5687735,
          44.0594662
        ]
      }
    },
    {
      "type": "Feature",
      "properties": {
        "id": 2718176904,
        "tipo": "negozio_deli",
        "name": "Oleificio Pasquinoni",
        "phone": "+39 0541 1799434",
        "website": "",
        "opening_hours": "Mo,We,Th,Fr,Sa 09:30-12:00 16:00-19:00"
      },
      "geometry": {
        "type": "Point",
        "coordinates": [
          12.572469,
          44.0596266
        ]
      }
    },
    {
      "type": "Feature",
      "properties": {
        "id": 2718176939,
        "tipo": "negozio_supermarket",
        "name": "Conad City",
        "phone": "",
        "website": "",
        "opening_hours": ""
      },
      "geometry": {
        "type": "Point",
        "coordinates": [
          12.5618508,
          44.0587918
        ]
      }
    },
    {
      "type": "Feature",
      "properties": {
        "id": 2718177922,
        "tipo": "negozio_deli",
        "name": "Il Piatto è Servito",
        "phone": "",
        "website": "",
        "opening_hours": ""
      },
      "geometry": {
        "type": "Point",
        "coordinates": [
          12.5925391,
          44.0573344
        ]
      }
    },
    {
      "type": "Feature",
      "properties": {
        "id": 2718179720,
        "tipo": "negozio_convenience",
        "name": "",
        "phone": "",
        "website": "",
        "opening_hours": ""
      },
      "geometry": {
        "type": "Point",
        "coordinates": [
          12.586266,
          44.0625472
        ]
      }
    },
    {
      "type": "Feature",
      "properties": {
        "id": 2718179953,
        "tipo": "negozio_wine",
        "name": "Osteria Dei Poeti",
        "phone": "",
        "website": "",
        "opening_hours": ""
      },
      "geometry": {
        "type": "Point",
        "coordinates": [
          12.564727,
          44.0608773
        ]
      }
    },
    {
      "type": "Feature",
      "properties": {
        "id": 2718179956,
        "tipo": "negozio_clothes",
        "name": "IGI & Co",
        "phone": "",
        "website": "",
        "opening_hours": ""
      },
      "geometry": {
        "type": "Point",
        "coordinates": [
          12.5684378,
          44.0596831
        ]
      }
    },
    {
      "type": "Feature",
      "properties": {
        "id": 2718180900,
        "tipo": "negozio_laundry",
        "name": "Lava Facile",
        "phone": "+393887775224",
        "website": "https://www.lavanderielavafacile.it/",
        "opening_hours": ""
      },
      "geometry": {
        "type": "Point",
        "coordinates": [
          12.5943681,
          44.0445789
        ]
      }
    },
    {
      "type": "Feature",
      "properties": {
        "id": 2718180941,
        "tipo": "negozio_hardware",
        "name": "B&B Ferramenta",
        "phone": "+39 0541 380 437",
        "website": "",
        "opening_hours": "Mo-Fr 08:15-12:30, 15:00-19:00; Sa 08:15-12:00"
      },
      "geometry": {
        "type": "Point",
        "coordinates": [
          12.5937228,
          44.0469511
        ]
      }
    },
    {
      "type": "Feature",
      "properties": {
        "id": 2718181145,
        "tipo": "negozio_stationery",
        "name": "Il Triangolo Cartolibreria",
        "phone": "+39 0541 375 274",
        "website": "",
        "opening_hours": "Mo-Sa 08:00-12:45,Mo-Sa 16:00-19:30"
      },
      "geometry": {
        "type": "Point",
        "coordinates": [
          12.6074172,
          44.0357721
        ]
      }
    },
    {
      "type": "Feature",
      "properties": {
        "id": 2718181280,
        "tipo": "negozio_greengrocer",
        "name": "",
        "phone": "",
        "website": "",
        "opening_hours": ""
      },
      "geometry": {
        "type": "Point",
        "coordinates": [
          12.5923418,
          44.0469417
        ]
      }
    },
    {
      "type": "Feature",
      "properties": {
        "id": 2718181305,
        "tipo": "negozio_car_repair",
        "name": "Eurofficina",
        "phone": "+39 0541 383204",
        "website": "",
        "opening_hours": ""
      },
      "geometry": {
        "type": "Point",
        "coordinates": [
          12.5744143,
          44.0501651
        ]
      }
    },
    {
      "type": "Feature",
      "properties": {
        "id": 2718181367,
        "tipo": "negozio_deli",
        "name": "La GastroMia",
        "phone": "",
        "website": "",
        "opening_hours": ""
      },
      "geometry": {
        "type": "Point",
        "coordinates": [
          12.5722238,
          44.0593921
        ]
      }
    },
    {
      "type": "Feature",
      "properties": {
        "id": 2718181905,
        "tipo": "negozio_medical_supply",
        "name": "ALE&GIÒ",
        "phone": "+39 0833 217135",
        "website": "",
        "opening_hours": ""
      },
      "geometry": {
        "type": "Point",
        "coordinates": [
          12.5553964,
          44.0569983
        ]
      }
    },
    {
      "type": "Feature",
      "properties": {
        "id": 2718182056,
        "tipo": "ufficio_government",
        "name": "Palazzo Del Governo",
        "phone": "",
        "website": "",
        "opening_hours": ""
      },
      "geometry": {
        "type": "Point",
        "coordinates": [
          12.569912,
          44.0601024
        ]
      }
    },
    {
      "type": "Feature",
      "properties": {
        "id": 2718183473,
        "tipo": "negozio_clothes",
        "name": "Champion",
        "phone": "",
        "website": "",
        "opening_hours": ""
      },
      "geometry": {
        "type": "Point",
        "coordinates": [
          12.5885764,
          44.0604386
        ]
      }
    },
    {
      "type": "Feature",
      "properties": {
        "id": 2718183545,
        "tipo": "negozio_deli",
        "name": "Pasta Fresca Biancaneve",
        "phone": "+39 0541 373049",
        "website": "https://www.facebook.com/people/Pasta-Fresca-Biancaneve/100054301189377/",
        "opening_hours": "Tu-Sa 08:00-13:00; Su 08:30-12:30"
      },
      "geometry": {
        "type": "Point",
        "coordinates": [
          12.6077062,
          44.035921
        ]
      }
    },
    {
      "type": "Feature",
      "properties": {
        "id": 2718183704,
        "tipo": "negozio_pastry",
        "name": "La Pasticceria & Cremeria",
        "phone": "+39 333 215 9859",
        "website": "",
        "opening_hours": "Mo-Sa 06:30-13:00,Mo-Sa 16:00-19:30"
      },
      "geometry": {
        "type": "Point",
        "coordinates": [
          12.6077784,
          44.0359598
        ]
      }
    },
    {
      "type": "Feature",
      "properties": {
        "id": 2718183749,
        "tipo": "negozio_hairdresser",
        "name": "Donna più Donna",
        "phone": "+39 0541 30 9052",
        "website": "",
        "opening_hours": "Tu 09:00-12:30; We,Fr 09:00-12:00,15:00-19:00; Th 09:00-16:30; Sa 09:00-12:30,15:00-19:00"
      },
      "geometry": {
        "type": "Point",
        "coordinates": [
          12.5886154,
          44.060404
        ]
      }
    },
    {
      "type": "Feature",
      "properties": {
        "id": 2718183772,
        "tipo": "negozio_tobacco",
        "name": "",
        "phone": "",
        "website": "",
        "opening_hours": ""
      },
      "geometry": {
        "type": "Point",
        "coordinates": [
          12.5886492,
          44.0603717
        ]
      }
    },
    {
      "type": "Feature",
      "properties": {
        "id": 2718183810,
        "tipo": "negozio_convenience",
        "name": "Mare Market",
        "phone": "",
        "website": "",
        "opening_hours": ""
      },
      "geometry": {
        "type": "Point",
        "coordinates": [
          12.5887217,
          44.0602936
        ]
      }
    },
    {
      "type": "Feature",
      "properties": {
        "id": 2718183881,
        "tipo": "negozio_laundry",
        "name": "Rainbow",
        "phone": "",
        "website": "",
        "opening_hours": ""
      },
      "geometry": {
        "type": "Point",
        "coordinates": [
          12.5711651,
          44.0585374
        ]
      }
    },
    {
      "type": "Feature",
      "properties": {
        "id": 2718183934,
        "tipo": "negozio_clothes",
        "name": "Sabattini",
        "phone": "",
        "website": "",
        "opening_hours": ""
      },
      "geometry": {
        "type": "Point",
        "coordinates": [
          12.5718665,
          44.0600706
        ]
      }
    },
    {
      "type": "Feature",
      "properties": {
        "id": 2718183952,
        "tipo": "negozio_yes",
        "name": "Halal",
        "phone": "",
        "website": "",
        "opening_hours": ""
      },
      "geometry": {
        "type": "Point",
        "coordinates": [
          12.5681481,
          44.0647428
        ]
      }
    },
    {
      "type": "Feature",
      "properties": {
        "id": 2718184624,
        "tipo": "negozio_hairdresser",
        "name": "Unica Hairstylist",
        "phone": "+39 389 005 5037",
        "website": "",
        "opening_hours": ""
      },
      "geometry": {
        "type": "Point",
        "coordinates": [
          12.6214217,
          44.0266006
        ]
      }
    },
    {
      "type": "Feature",
      "properties": {
        "id": 2718184767,
        "tipo": "negozio_yes",
        "name": "Olio (oil shop)",
        "phone": "",
        "website": "",
        "opening_hours": ""
      },
      "geometry": {
        "type": "Point",
        "coordinates": [
          12.5718613,
          44.0557073
        ]
      }
    },
    {
      "type": "Feature",
      "properties": {
        "id": 2718185020,
        "tipo": "negozio_car",
        "name": "Reggini",
        "phone": "",
        "website": "https://www.reggini.it/",
        "opening_hours": ""
      },
      "geometry": {
        "type": "Point",
        "coordinates": [
          12.5833822,
          44.0409037
        ]
      }
    },
    {
      "type": "Feature",
      "properties": {
        "id": 2718185146,
        "tipo": "negozio_toys",
        "name": "Città del sole",
        "phone": "+3905411836752",
        "website": "https://www.cittadelsole.it/ita/negozio/rimini",
        "opening_hours": ""
      },
      "geometry": {
        "type": "Point",
        "coordinates": [
          12.5682722,
          44.0613478
        ]
      }
    },
    {
      "type": "Feature",
      "properties": {
        "id": 2718186528,
        "tipo": "negozio_laundry",
        "name": "Speed Queen",
        "phone": "",
        "website": "",
        "opening_hours": ""
      },
      "geometry": {
        "type": "Point",
        "coordinates": [
          12.5864702,
          44.0494423
        ]
      }
    },
    {
      "type": "Feature",
      "properties": {
        "id": 2718186799,
        "tipo": "negozio_discount",
        "name": "D Più",
        "phone": "",
        "website": "",
        "opening_hours": ""
      },
      "geometry": {
        "type": "Point",
        "coordinates": [
          12.5711582,
          44.0744262
        ]
      }
    },
    {
      "type": "Feature",
      "properties": {
        "id": 2718186801,
        "tipo": "negozio_car_repair",
        "name": "Officina Succi",
        "phone": "",
        "website": "",
        "opening_hours": ""
      },
      "geometry": {
        "type": "Point",
        "coordinates": [
          12.5402277,
          44.0815174
        ]
      }
    },
    {
      "type": "Feature",
      "properties": {
        "id": 2718186857,
        "tipo": "negozio_trade",
        "name": "GlobalForniture",
        "phone": "+390541727103",
        "website": "http://www.globalforniture.it/",
        "opening_hours": ""
      },
      "geometry": {
        "type": "Point",
        "coordinates": [
          12.496179,
          44.0438244
        ]
      }
    },
    {
      "type": "Feature",
      "properties": {
        "id": 2718187003,
        "tipo": "negozio_travel_agency",
        "name": "A Tutta Randa Viaggi",
        "phone": "+39 0541 1792708",
        "website": "https://www.atuttaranda.it",
        "opening_hours": ""
      },
      "geometry": {
        "type": "Point",
        "coordinates": [
          12.5714628,
          44.0743243
        ]
      }
    },
    {
      "type": "Feature",
      "properties": {
        "id": 2718187069,
        "tipo": "negozio_sports",
        "name": "Techno Sci",
        "phone": "",
        "website": "",
        "opening_hours": ""
      },
      "geometry": {
        "type": "Point",
        "coordinates": [
          12.5720077,
          44.05586
        ]
      }
    },
    {
      "type": "Feature",
      "properties": {
        "id": 2718187253,
        "tipo": "negozio_clothes",
        "name": "L'angolo dei manduchi",
        "phone": "",
        "website": "",
        "opening_hours": ""
      },
      "geometry": {
        "type": "Point",
        "coordinates": [
          12.5719231,
          44.060014
        ]
      }
    },
    {
      "type": "Feature",
      "properties": {
        "id": 2718187907,
        "tipo": "negozio_convenience",
        "name": "",
        "phone": "",
        "website": "",
        "opening_hours": ""
      },
      "geometry": {
        "type": "Point",
        "coordinates": [
          12.565613,
          44.074668
        ]
      }
    },
    {
      "type": "Feature",
      "properties": {
        "id": 2718188276,
        "tipo": "negozio_clothes",
        "name": "Groove",
        "phone": "",
        "website": "",
        "opening_hours": ""
      },
      "geometry": {
        "type": "Point",
        "coordinates": [
          12.5699853,
          44.0580641
        ]
      }
    },
    {
      "type": "Feature",
      "properties": {
        "id": 2718188277,
        "tipo": "negozio_yes",
        "name": "righi",
        "phone": "",
        "website": "",
        "opening_hours": ""
      },
      "geometry": {
        "type": "Point",
        "coordinates": [
          12.5682253,
          44.0631578
        ]
      }
    },
    {
      "type": "Feature",
      "properties": {
        "id": 2718188356,
        "tipo": "negozio_dry_cleaning",
        "name": "Lavanderia Alberla",
        "phone": "",
        "website": "",
        "opening_hours": ""
      },
      "geometry": {
        "type": "Point",
        "coordinates": [
          12.6083868,
          44.036316
        ]
      }
    },
    {
      "type": "Feature",
      "properties": {
        "id": 2718188446,
        "tipo": "negozio_optician",
        "name": "Centro Ottico Megavision",
        "phone": "+390541386940",
        "website": "https://centrootticomegavision.com/",
        "opening_hours": ""
      },
      "geometry": {
        "type": "Point",
        "coordinates": [
          12.582975,
          44.0409093
        ]
      }
    },
    {
      "type": "Feature",
      "properties": {
        "id": 2718188705,
        "tipo": "negozio_butcher",
        "name": "Non solo ciccia",
        "phone": "+39 0541 183 1515",
        "website": "",
        "opening_hours": "Mo-Sa 07:00-13:00,Mo-Sa 16:30-20:00"
      },
      "geometry": {
        "type": "Point",
        "coordinates": [
          12.6084418,
          44.0363442
        ]
      }
    },
    {
      "type": "Feature",
      "properties": {
        "id": 2718188807,
        "tipo": "negozio_hairdresser",
        "name": "Parrucchiere Luca Uomo-Donna",
        "phone": "+39 0541 377176",
        "website": "",
        "opening_hours": "Tu-Fr 08:30-12:00, 15:00-19:30; Sa 08:00-12:30, 14:00-20:00"
      },
      "geometry": {
        "type": "Point",
        "coordinates": [
          12.6106586,
          44.0387292
        ]
      }
    },
    {
      "type": "Feature",
      "properties": {
        "id": 2718188813,
        "tipo": "negozio_supermarket",
        "name": "Conad City",
        "phone": "+39 0543 800111",
        "website": "",
        "opening_hours": "Mo-Sa 07:00-20:00, Su 08:30-13:00"
      },
      "geometry": {
        "type": "Point",
        "coordinates": [
          12.5630128,
          44.0555834
        ]
      }
    },
    {
      "type": "Feature",
      "properties": {
        "id": 2718189086,
        "tipo": "negozio_medical_supply",
        "name": "Ortopedia Rizzoli",
        "phone": "+39 0541 39 1892",
        "website": "https://www.ortopediarizzoli.com/",
        "opening_hours": ""
      },
      "geometry": {
        "type": "Point",
        "coordinates": [
          12.5875314,
          44.0492021
        ]
      }
    },
    {
      "type": "Feature",
      "properties": {
        "id": 2718189581,
        "tipo": "negozio_clothes",
        "name": "Cappelleria Vitali",
        "phone": "",
        "website": "",
        "opening_hours": ""
      },
      "geometry": {
        "type": "Point",
        "coordinates": [
          12.5695544,
          44.058101
        ]
      }
    },
    {
      "type": "Feature",
      "properties": {
        "id": 2718189582,
        "tipo": "negozio_motorcycle",
        "name": "Ticchi Moto",
        "phone": "+390541374302",
        "website": "",
        "opening_hours": ""
      },
      "geometry": {
        "type": "Point",
        "coordinates": [
          12.6079822,
          44.0293215
        ]
      }
    },
    {
      "type": "Feature",
      "properties": {
        "id": 2718190658,
        "tipo": "ufficio_energy_supplier",
        "name": "Spazio Enel",
        "phone": "",
        "website": "",
        "opening_hours": ""
      },
      "geometry": {
        "type": "Point",
        "coordinates": [
          12.5660973,
          44.0523043
        ]
      }
    },
    {
      "type": "Feature",
      "properties": {
        "id": 2718190933,
        "tipo": "negozio_motorcycle",
        "name": "Ugolini",
        "phone": "+390541728285",
        "website": "https://www.ugolinimoto.com/",
        "opening_hours": ""
      },
      "geometry": {
        "type": "Point",
        "coordinates": [
          12.5243562,
          44.0560512
        ]
      }
    },
    {
      "type": "Feature",
      "properties": {
        "id": 2718191263,
        "tipo": "negozio_sewing",
        "name": "",
        "phone": "",
        "website": "",
        "opening_hours": ""
      },
      "geometry": {
        "type": "Point",
        "coordinates": [
          12.5883627,
          44.058372
        ]
      }
    },
    {
      "type": "Feature",
      "properties": {
        "id": 2718191510,
        "tipo": "negozio_hairdresser",
        "name": "Enrica",
        "phone": "",
        "website": "",
        "opening_hours": ""
      },
      "geometry": {
        "type": "Point",
        "coordinates": [
          12.5721223,
          44.0632205
        ]
      }
    },
    {
      "type": "Feature",
      "properties": {
        "id": 2718191540,
        "tipo": "negozio_hairdresser",
        "name": "Hairfusion",
        "phone": "",
        "website": "",
        "opening_hours": ""
      },
      "geometry": {
        "type": "Point",
        "coordinates": [
          12.6160866,
          44.0271211
        ]
      }
    },
    {
      "type": "Feature",
      "properties": {
        "id": 2718191655,
        "tipo": "negozio_books",
        "name": "Libreria dei ragazzi",
        "phone": "",
        "website": "",
        "opening_hours": ""
      },
      "geometry": {
        "type": "Point",
        "coordinates": [
          12.5685374,
          44.0579519
        ]
      }
    },
    {
      "type": "Feature",
      "properties": {
        "id": 2718191713,
        "tipo": "artigianato_window_construction",
        "name": "Internorm Rimini",
        "phone": "+390541818364",
        "website": "https://www.internormrimini.it/",
        "opening_hours": ""
      },
      "geometry": {
        "type": "Point",
        "coordinates": [
          12.5827928,
          44.0409212
        ]
      }
    },
    {
      "type": "Feature",
      "properties": {
        "id": 2718192055,
        "tipo": "negozio_kiosk",
        "name": "A Casa Da Mami",
        "phone": "",
        "website": "",
        "opening_hours": ""
      },
      "geometry": {
        "type": "Point",
        "coordinates": [
          12.5743833,
          44.0618768
        ]
      }
    },
    {
      "type": "Feature",
      "properties": {
        "id": 2718192068,
        "tipo": "negozio_laundry",
        "name": "İl duomo Laboratorıo",
        "phone": "",
        "website": "",
        "opening_hours": ""
      },
      "geometry": {
        "type": "Point",
        "coordinates": [
          12.5710372,
          44.0586427
        ]
      }
    },
    {
      "type": "Feature",
      "properties": {
        "id": 2718192085,
        "tipo": "negozio_deli",
        "name": "Sapori Felici",
        "phone": "",
        "website": "http://macellerieverdesole.it",
        "opening_hours": "Mo-We, Fr-Sa 08:00-13:45, 14:45-19:45; Th 08:00-13:45"
      },
      "geometry": {
        "type": "Point",
        "coordinates": [
          12.5720493,
          44.0598811
        ]
      }
    },
    {
      "type": "Feature",
      "properties": {
        "id": 2718192209,
        "tipo": "artigianato_shoemaker",
        "name": "La Botıca",
        "phone": "",
        "website": "",
        "opening_hours": ""
      },
      "geometry": {
        "type": "Point",
        "coordinates": [
          12.5709906,
          44.0585854
        ]
      }
    },
    {
      "type": "Feature",
      "properties": {
        "id": 2718192288,
        "tipo": "negozio_tobacco",
        "name": "Sali Tabacchi",
        "phone": "",
        "website": "",
        "opening_hours": ""
      },
      "geometry": {
        "type": "Point",
        "coordinates": [
          12.555365,
          44.077329
        ]
      }
    },
    {
      "type": "Feature",
      "properties": {
        "id": 2718192325,
        "tipo": "negozio_hairdresser",
        "name": "Moda & Immagine",
        "phone": "+39 0541 29 405",
        "website": "",
        "opening_hours": ""
      },
      "geometry": {
        "type": "Point",
        "coordinates": [
          12.5600117,
          44.0699201
        ]
      }
    },
    {
      "type": "Feature",
      "properties": {
        "id": 2718192341,
        "tipo": "negozio_hairdresser",
        "name": "Thomas & Salvatore",
        "phone": "+39 351 642 8663",
        "website": "",
        "opening_hours": ""
      },
      "geometry": {
        "type": "Point",
        "coordinates": [
          12.6198675,
          44.0309214
        ]
      }
    },
    {
      "type": "Feature",
      "properties": {
        "id": 2718192379,
        "tipo": "negozio_books",
        "name": "Viale dei Ciliegi 17",
        "phone": "+39 0541 25357",
        "website": "",
        "opening_hours": ""
      },
      "geometry": {
        "type": "Point",
        "coordinates": [
          12.56849,
          44.0579695
        ]
      }
    },
    {
      "type": "Feature",
      "properties": {
        "id": 2718192429,
        "tipo": "negozio_yes",
        "name": "Prezzibassi",
        "phone": "",
        "website": "",
        "opening_hours": ""
      },
      "geometry": {
        "type": "Point",
        "coordinates": [
          12.5729463,
          44.0582794
        ]
      }
    },
    {
      "type": "Feature",
      "properties": {
        "id": 2718192569,
        "tipo": "negozio_optician",
        "name": "Colpo d'occhio",
        "phone": "",
        "website": "",
        "opening_hours": "May-Sep 09:00-12:30,16:30-23:30, Oct-Apr 09:00-12:30,15:30-19:30"
      },
      "geometry": {
        "type": "Point",
        "coordinates": [
          12.5383232,
          44.088206
        ]
      }
    },
    {
      "type": "Feature",
      "properties": {
        "id": 2718192612,
        "tipo": "negozio_gift",
        "name": "Mercatino del Borgo",
        "phone": "",
        "website": "",
        "opening_hours": ""
      },
      "geometry": {
        "type": "Point",
        "coordinates": [
          12.5720492,
          44.0557799
        ]
      }
    },
    {
      "type": "Feature",
      "properties": {
        "id": 2718193408,
        "tipo": "negozio_newsagent",
        "name": "",
        "phone": "",
        "website": "",
        "opening_hours": ""
      },
      "geometry": {
        "type": "Point",
        "coordinates": [
          12.5600249,
          44.0699747
        ]
      }
    },
    {
      "type": "Feature",
      "properties": {
        "id": 2718193582,
        "tipo": "negozio_shoes",
        "name": "Lilly",
        "phone": "",
        "website": "",
        "opening_hours": ""
      },
      "geometry": {
        "type": "Point",
        "coordinates": [
          12.5552099,
          44.0773772
        ]
      }
    },
    {
      "type": "Feature",
      "properties": {
        "id": 2718193710,
        "tipo": "negozio_appliance",
        "name": "Morri Manlio",
        "phone": "+390541750614",
        "website": "",
        "opening_hours": ""
      },
      "geometry": {
        "type": "Point",
        "coordinates": [
          12.4532476,
          44.0203113
        ]
      }
    },
    {
      "type": "Feature",
      "properties": {
        "id": 2718193746,
        "tipo": "negozio_hairdresser",
        "name": "Acconciature Rosy & Silvia",
        "phone": "+390541750476",
        "website": "",
        "opening_hours": ""
      },
      "geometry": {
        "type": "Point",
        "coordinates": [
          12.4528929,
          44.0201656
        ]
      }
    },
    {
      "type": "Feature",
      "properties": {
        "id": 2718194118,
        "tipo": "negozio_bicycle",
        "name": "Bike Tour Rimini",
        "phone": "+39 0541 14 40832",
        "website": "",
        "opening_hours": ""
      },
      "geometry": {
        "type": "Point",
        "coordinates": [
          12.5923102,
          44.0572522
        ]
      }
    },
    {
      "type": "Feature",
      "properties": {
        "id": 2718194365,
        "tipo": "negozio_computer",
        "name": "Pc universe",
        "phone": "",
        "website": "",
        "opening_hours": ""
      },
      "geometry": {
        "type": "Point",
        "coordinates": [
          12.5592654,
          44.0522067
        ]
      }
    },
    {
      "type": "Feature",
      "properties": {
        "id": 2718194687,
        "tipo": "negozio_hardware",
        "name": "Ferramenta Framar",
        "phone": "+39 0541 381396",
        "website": "",
        "opening_hours": "08:00-12:30,15:30-19:30"
      },
      "geometry": {
        "type": "Point",
        "coordinates": [
          12.5902309,
          44.0529539
        ]
      }
    },
    {
      "type": "Feature",
      "properties": {
        "id": 2718194772,
        "tipo": "negozio_household_linen",
        "name": "Niccolai Ricami",
        "phone": "",
        "website": "",
        "opening_hours": ""
      },
      "geometry": {
        "type": "Point",
        "coordinates": [
          12.5891985,
          44.0598559
        ]
      }
    },
    {
      "type": "Feature",
      "properties": {
        "id": 2718194777,
        "tipo": "negozio_clothes",
        "name": "Metamorfosi",
        "phone": "",
        "website": "",
        "opening_hours": ""
      },
      "geometry": {
        "type": "Point",
        "coordinates": [
          12.5892482,
          44.0598064
        ]
      }
    },
    {
      "type": "Feature",
      "properties": {
        "id": 2718194783,
        "tipo": "ufficio_insurance",
        "name": "Unipol Sai",
        "phone": "",
        "website": "",
        "opening_hours": ""
      },
      "geometry": {
        "type": "Point",
        "coordinates": [
          12.5720715,
          44.055744
        ]
      }
    },
    {
      "type": "Feature",
      "properties": {
        "id": 2718194784,
        "tipo": "negozio_shoes",
        "name": "La Ciabetteria",
        "phone": "",
        "website": "",
        "opening_hours": ""
      },
      "geometry": {
        "type": "Point",
        "coordinates": [
          12.570874,
          44.06064
        ]
      }
    },
    {
      "type": "Feature",
      "properties": {
        "id": 2718194809,
        "tipo": "negozio_clothes",
        "name": "Manila",
        "phone": "+39 347 289 9034",
        "website": "https://www.manilawayshop.it/",
        "opening_hours": "Tu-Sa 09:00-13:00; 16:00-19:30"
      },
      "geometry": {
        "type": "Point",
        "coordinates": [
          12.6084317,
          44.0365343
        ]
      }
    },
    {
      "type": "Feature",
      "properties": {
        "id": 2718194934,
        "tipo": "negozio_deli",
        "name": "La Cucina Di Purograno",
        "phone": "+3905411647485",
        "website": "https://www.purogranorimini.it/",
        "opening_hours": "Mo-Su 09:00-20:30"
      },
      "geometry": {
        "type": "Point",
        "coordinates": [
          12.6201754,
          44.0306622
        ]
      }
    },
    {
      "type": "Feature",
      "properties": {
        "id": 2718194957,
        "tipo": "ufficio_association",
        "name": "E Titottc",
        "phone": "",
        "website": "",
        "opening_hours": ""
      },
      "geometry": {
        "type": "Point",
        "coordinates": [
          12.4522853,
          44.0199689
        ]
      }
    },
    {
      "type": "Feature",
      "properties": {
        "id": 2718195214,
        "tipo": "negozio_vacant",
        "name": "",
        "phone": "",
        "website": "",
        "opening_hours": ""
      },
      "geometry": {
        "type": "Point",
        "coordinates": [
          12.4522169,
          44.0194438
        ]
      }
    },
    {
      "type": "Feature",
      "properties": {
        "id": 2718195225,
        "tipo": "negozio_motorcycle",
        "name": "Rimini Moto",
        "phone": "+39 0541 183 1970",
        "website": "",
        "opening_hours": ""
      },
      "geometry": {
        "type": "Point",
        "coordinates": [
          12.5855628,
          44.0501595
        ]
      }
    },
    {
      "type": "Feature",
      "properties": {
        "id": 2718195283,
        "tipo": "negozio_clothes",
        "name": "Alias",
        "phone": "",
        "website": "",
        "opening_hours": ""
      },
      "geometry": {
        "type": "Point",
        "coordinates": [
          12.5709188,
          44.0606659
        ]
      }
    },
    {
      "type": "Feature",
      "properties": {
        "id": 2718195334,
        "tipo": "ufficio_lawyer",
        "name": "Studio Legale Associato",
        "phone": "",
        "website": "",
        "opening_hours": ""
      },
      "geometry": {
        "type": "Point",
        "coordinates": [
          12.5712608,
          44.0588681
        ]
      }
    },
    {
      "type": "Feature",
      "properties": {
        "id": 2718195515,
        "tipo": "negozio_clothes",
        "name": "Sartorıa Del Arte",
        "phone": "",
        "website": "",
        "opening_hours": ""
      },
      "geometry": {
        "type": "Point",
        "coordinates": [
          12.573082,
          44.0583668
        ]
      }
    },
    {
      "type": "Feature",
      "properties": {
        "id": 2718195589,
        "tipo": "negozio_tobacco",
        "name": "",
        "phone": "",
        "website": "",
        "opening_hours": ""
      },
      "geometry": {
        "type": "Point",
        "coordinates": [
          12.5857676,
          44.0500585
        ]
      }
    },
    {
      "type": "Feature",
      "properties": {
        "id": 2718195598,
        "tipo": "negozio_convenience",
        "name": "",
        "phone": "",
        "website": "",
        "opening_hours": ""
      },
      "geometry": {
        "type": "Point",
        "coordinates": [
          12.5895514,
          44.0595267
        ]
      }
    },
    {
      "type": "Feature",
      "properties": {
        "id": 2718195647,
        "tipo": "negozio_hairdresser",
        "name": "Salone Tong",
        "phone": "",
        "website": "",
        "opening_hours": ""
      },
      "geometry": {
        "type": "Point",
        "coordinates": [
          12.5713889,
          44.0603858
        ]
      }
    },
    {
      "type": "Feature",
      "properties": {
        "id": 2718195733,
        "tipo": "negozio_tattoo",
        "name": "Alchemica Tattoo",
        "phone": "",
        "website": "https://www.alchemicatattoo.com/",
        "opening_hours": ""
      },
      "geometry": {
        "type": "Point",
        "coordinates": [
          12.5589244,
          44.0568705
        ]
      }
    },
    {
      "type": "Feature",
      "properties": {
        "id": 2718195853,
        "tipo": "negozio_newsagent",
        "name": "La Prima",
        "phone": "",
        "website": "",
        "opening_hours": ""
      },
      "geometry": {
        "type": "Point",
        "coordinates": [
          12.5588455,
          44.0568628
        ]
      }
    },
    {
      "type": "Feature",
      "properties": {
        "id": 2718196039,
        "tipo": "negozio_mobile_phone",
        "name": "Puntotel",
        "phone": "",
        "website": "https://puntotel.com/",
        "opening_hours": "Mo-Fr 09:00-12:30,15:00-18:30; Sa 09:00-12:30"
      },
      "geometry": {
        "type": "Point",
        "coordinates": [
          12.590595,
          44.0592466
        ]
      }
    },
    {
      "type": "Feature",
      "properties": {
        "id": 2718196060,
        "tipo": "negozio_yes",
        "name": "Cellphone store Kena",
        "phone": "",
        "website": "",
        "opening_hours": ""
      },
      "geometry": {
        "type": "Point",
        "coordinates": [
          12.5688247,
          44.0594992
        ]
      }
    },
    {
      "type": "Feature",
      "properties": {
        "id": 2718196154,
        "tipo": "negozio_clothes",
        "name": "Mondo di Rosy",
        "phone": "",
        "website": "",
        "opening_hours": ""
      },
      "geometry": {
        "type": "Point",
        "coordinates": [
          12.5696695,
          44.0580606
        ]
      }
    },
    {
      "type": "Feature",
      "properties": {
        "id": 2718196208,
        "tipo": "ufficio_employment_agency",
        "name": "",
        "phone": "",
        "website": "",
        "opening_hours": ""
      },
      "geometry": {
        "type": "Point",
        "coordinates": [
          12.5655803,
          44.0623027
        ]
      }
    },
    {
      "type": "Feature",
      "properties": {
        "id": 2718196727,
        "tipo": "negozio_beauty",
        "name": "Mariluis",
        "phone": "+39 389 983 9257",
        "website": "https://mariluisestetica.it/",
        "opening_hours": "Tu-Sa 09:00-12:00,14:00-19:00"
      },
      "geometry": {
        "type": "Point",
        "coordinates": [
          12.5925763,
          44.0573529
        ]
      }
    },
    {
      "type": "Feature",
      "properties": {
        "id": 2718197220,
        "tipo": "negozio_bicycle",
        "name": "Pronto Bici",
        "phone": "+39 328 932 4125",
        "website": "",
        "opening_hours": ""
      },
      "geometry": {
        "type": "Point",
        "coordinates": [
          12.587181,
          44.0493574
        ]
      }
    },
    {
      "type": "Feature",
      "properties": {
        "id": 2718197375,
        "tipo": "negozio_butcher",
        "name": "Macelleria Muccini",
        "phone": "+39 0541 374 448",
        "website": "https://www.facebook.com/macelleriamuccini.it",
        "opening_hours": "Mo-We, Fr, Sa 07:30-13:00, 16:00-19:30; Th 07:30-13:00"
      },
      "geometry": {
        "type": "Point",
        "coordinates": [
          12.6088946,
          44.0367934
        ]
      }
    },
    {
      "type": "Feature",
      "properties": {
        "id": 2718197415,
        "tipo": "negozio_supermarket",
        "name": "Balkan Market",
        "phone": "",
        "website": "",
        "opening_hours": ""
      },
      "geometry": {
        "type": "Point",
        "coordinates": [
          12.5724709,
          44.0630745
        ]
      }
    },
    {
      "type": "Feature",
      "properties": {
        "id": 2718197479,
        "tipo": "negozio_tobacco",
        "name": "",
        "phone": "+39 0541 478 118",
        "website": "",
        "opening_hours": "Mo-Sa 07:30-13:00, 15:00-19:00"
      },
      "geometry": {
        "type": "Point",
        "coordinates": [
          12.6089272,
          44.036813
        ]
      }
    },
    {
      "type": "Feature",
      "properties": {
        "id": 2718197506,
        "tipo": "negozio_hairdresser",
        "name": "Barbara",
        "phone": "+39 0541 73 2303",
        "website": "",
        "opening_hours": ""
      },
      "geometry": {
        "type": "Point",
        "coordinates": [
          12.5399538,
          44.0868792
        ]
      }
    },
    {
      "type": "Feature",
      "properties": {
        "id": 2718197507,
        "tipo": "negozio_laundry",
        "name": "Lavanderia Liliana",
        "phone": "+39  0541 372438",
        "website": "",
        "opening_hours": ""
      },
      "geometry": {
        "type": "Point",
        "coordinates": [
          12.6101366,
          44.0387321
        ]
      }
    },
    {
      "type": "Feature",
      "properties": {
        "id": 2718197532,
        "tipo": "negozio_clothes",
        "name": "Camder",
        "phone": "",
        "website": "",
        "opening_hours": ""
      },
      "geometry": {
        "type": "Point",
        "coordinates": [
          12.571985,
          44.0555074
        ]
      }
    },
    {
      "type": "Feature",
      "properties": {
        "id": 2718197568,
        "tipo": "negozio_bed",
        "name": "Eminflex",
        "phone": "+393441807211",
        "website": "https://www.eminflex.it/",
        "opening_hours": ""
      },
      "geometry": {
        "type": "Point",
        "coordinates": [
          12.5819818,
          44.0409167
        ]
      }
    },
    {
      "type": "Feature",
      "properties": {
        "id": 2718197844,
        "tipo": "negozio_newsagent",
        "name": "",
        "phone": "+39 0541 374147",
        "website": "",
        "opening_hours": ""
      },
      "geometry": {
        "type": "Point",
        "coordinates": [
          12.6089696,
          44.0368343
        ]
      }
    },
    {
      "type": "Feature",
      "properties": {
        "id": 2718197987,
        "tipo": "negozio_yes",
        "name": "Molari Silvio Moto",
        "phone": "",
        "website": "",
        "opening_hours": ""
      },
      "geometry": {
        "type": "Point",
        "coordinates": [
          12.5685844,
          44.063439
        ]
      }
    },
    {
      "type": "Feature",
      "properties": {
        "id": 2718198031,
        "tipo": "negozio_hearing_aids",
        "name": "AudioNova",
        "phone": "+39 0541 25985",
        "website": "https://www.audionovaitalia.it/",
        "opening_hours": ""
      },
      "geometry": {
        "type": "Point",
        "coordinates": [
          12.5731804,
          44.0584177
        ]
      }
    },
    {
      "type": "Feature",
      "properties": {
        "id": 2718198066,
        "tipo": "ufficio_estate_agent",
        "name": "Rete Immobiliare",
        "phone": "",
        "website": "",
        "opening_hours": ""
      },
      "geometry": {
        "type": "Point",
        "coordinates": [
          12.5378805,
          44.088485
        ]
      }
    },
    {
      "type": "Feature",
      "properties": {
        "id": 2718198198,
        "tipo": "negozio_yes",
        "name": "Mercatino di Beneficena",
        "phone": "",
        "website": "",
        "opening_hours": ""
      },
      "geometry": {
        "type": "Point",
        "coordinates": [
          12.5721392,
          44.0556332
        ]
      }
    },
    {
      "type": "Feature",
      "properties": {
        "id": 2718198202,
        "tipo": "negozio_bag",
        "name": "la Cuoieria",
        "phone": "",
        "website": "",
        "opening_hours": ""
      },
      "geometry": {
        "type": "Point",
        "coordinates": [
          12.5710408,
          44.060736
        ]
      }
    },
    {
      "type": "Feature",
      "properties": {
        "id": 2718198280,
        "tipo": "negozio_optician",
        "name": "Ottica Buena Vista",
        "phone": "",
        "website": "",
        "opening_hours": ""
      },
      "geometry": {
        "type": "Point",
        "coordinates": [
          12.5722439,
          44.0596931
        ]
      }
    },
    {
      "type": "Feature",
      "properties": {
        "id": 2718198354,
        "tipo": "negozio_hairdresser",
        "name": "BrividoLei",
        "phone": "+390541388404",
        "website": "",
        "opening_hours": ""
      },
      "geometry": {
        "type": "Point",
        "coordinates": [
          12.5905938,
          44.0528526
        ]
      }
    },
    {
      "type": "Feature",
      "properties": {
        "id": 2718198384,
        "tipo": "negozio_jewelry",
        "name": "Gioielleria Rossetti",
        "phone": "+39 0541 373 166",
        "website": "",
        "opening_hours": "Mo-Sa 09:00-12:45, 15:30-19:30"
      },
      "geometry": {
        "type": "Point",
        "coordinates": [
          12.6090573,
          44.0369023
        ]
      }
    },
    {
      "type": "Feature",
      "properties": {
        "id": 2718198432,
        "tipo": "negozio_convenience",
        "name": "City mini market",
        "phone": "",
        "website": "",
        "opening_hours": ""
      },
      "geometry": {
        "type": "Point",
        "coordinates": [
          12.5686047,
          44.0634657
        ]
      }
    },
    {
      "type": "Feature",
      "properties": {
        "id": 2718198567,
        "tipo": "negozio_vacant",
        "name": "",
        "phone": "",
        "website": "",
        "opening_hours": ""
      },
      "geometry": {
        "type": "Point",
        "coordinates": [
          12.589957,
          44.0590912
        ]
      }
    },
    {
      "type": "Feature",
      "properties": {
        "id": 2718198586,
        "tipo": "negozio_hairdresser",
        "name": "Pro Generation",
        "phone": "+39 329 181 8821",
        "website": "",
        "opening_hours": "Tu-Th 10:30-20:00; Fr 09:00-20:00; Sa 08:20-17:00"
      },
      "geometry": {
        "type": "Point",
        "coordinates": [
          12.5840718,
          44.0551671
        ]
      }
    },
    {
      "type": "Feature",
      "properties": {
        "id": 2718198592,
        "tipo": "negozio_bicycle",
        "name": "Martini Cicli",
        "phone": "",
        "website": "",
        "opening_hours": ""
      },
      "geometry": {
        "type": "Point",
        "coordinates": [
          12.572163,
          44.0555933
        ]
      }
    },
    {
      "type": "Feature",
      "properties": {
        "id": 2718198626,
        "tipo": "negozio_motorcycle",
        "name": "Garage 66",
        "phone": "+39 0541 149 8385",
        "website": "",
        "opening_hours": ""
      },
      "geometry": {
        "type": "Point",
        "coordinates": [
          12.5381657,
          44.0682518
        ]
      }
    },
    {
      "type": "Feature",
      "properties": {
        "id": 2718198634,
        "tipo": "negozio_telecommunication",
        "name": "Vodafone",
        "phone": "",
        "website": "https://negozi.vodafone.it/rimini/vodafone-store-via-giuseppe-garibaldi-rimini",
        "opening_hours": ""
      },
      "geometry": {
        "type": "Point",
        "coordinates": [
          12.5670892,
          44.0583716
        ]
      }
    },
    {
      "type": "Feature",
      "properties": {
        "id": 2718198673,
        "tipo": "negozio_clothes",
        "name": "Lourdes",
        "phone": "",
        "website": "",
        "opening_hours": ""
      },
      "geometry": {
        "type": "Point",
        "coordinates": [
          12.5395154,
          44.0871746
        ]
      }
    },
    {
      "type": "Feature",
      "properties": {
        "id": 2718198794,
        "tipo": "negozio_supermarket",
        "name": "Latteria Montanari",
        "phone": "+39 0541 18 33 742",
        "website": "",
        "opening_hours": "Mo, We, Fr 07:30-13:00, 16:00-19:30"
      },
      "geometry": {
        "type": "Point",
        "coordinates": [
          12.6091535,
          44.0369578
        ]
      }
    },
    {
      "type": "Feature",
      "properties": {
        "id": 2718198839,
        "tipo": "negozio_tobacco",
        "name": "Tabaccheria Il cristallo",
        "phone": "",
        "website": "",
        "opening_hours": ""
      },
      "geometry": {
        "type": "Point",
        "coordinates": [
          12.5395597,
          44.0871411
        ]
      }
    },
    {
      "type": "Feature",
      "properties": {
        "id": 2718199146,
        "tipo": "negozio_cosmetics",
        "name": "NaturalBioGreen",
        "phone": "+393920955365",
        "website": "https://www.naturalbiogreen.com/",
        "opening_hours": ""
      },
      "geometry": {
        "type": "Point",
        "coordinates": [
          12.5902465,
          44.058827
        ]
      }
    },
    {
      "type": "Feature",
      "properties": {
        "id": 2718199152,
        "tipo": "negozio_optician",
        "name": "Be Kind",
        "phone": "",
        "website": "",
        "opening_hours": ""
      },
      "geometry": {
        "type": "Point",
        "coordinates": [
          12.5902762,
          44.0587999
        ]
      }
    },
    {
      "type": "Feature",
      "properties": {
        "id": 2718199167,
        "tipo": "negozio_clothes",
        "name": "Oanas",
        "phone": "",
        "website": "",
        "opening_hours": ""
      },
      "geometry": {
        "type": "Point",
        "coordinates": [
          12.5721954,
          44.0555443
        ]
      }
    },
    {
      "type": "Feature",
      "properties": {
        "id": 2718199168,
        "tipo": "negozio_clothes",
        "name": "Lavri",
        "phone": "",
        "website": "",
        "opening_hours": ""
      },
      "geometry": {
        "type": "Point",
        "coordinates": [
          12.5711397,
          44.0607896
        ]
      }
    },
    {
      "type": "Feature",
      "properties": {
        "id": 2718199175,
        "tipo": "negozio_electronics",
        "name": "I. Repair",
        "phone": "",
        "website": "",
        "opening_hours": ""
      },
      "geometry": {
        "type": "Point",
        "coordinates": [
          12.5697072,
          44.0633252
        ]
      }
    },
    {
      "type": "Feature",
      "properties": {
        "id": 2718199232,
        "tipo": "negozio_hairdresser",
        "name": "Modiva Parrucchieri",
        "phone": "",
        "website": "",
        "opening_hours": ""
      },
      "geometry": {
        "type": "Point",
        "coordinates": [
          12.5725515,
          44.0624157
        ]
      }
    },
    {
      "type": "Feature",
      "properties": {
        "id": 2718199416,
        "tipo": "ufficio_newspaper",
        "name": "Gruppo Icaro",
        "phone": "",
        "website": "https://www.gruppoicaro.it/",
        "opening_hours": ""
      },
      "geometry": {
        "type": "Point",
        "coordinates": [
          12.565489,
          44.0594204
        ]
      }
    },
    {
      "type": "Feature",
      "properties": {
        "id": 2718199421,
        "tipo": "negozio_car",
        "name": "Fiat Center",
        "phone": "",
        "website": "",
        "opening_hours": ""
      },
      "geometry": {
        "type": "Point",
        "coordinates": [
          12.5656338,
          44.0404433
        ]
      }
    },
    {
      "type": "Feature",
      "properties": {
        "id": 2718199468,
        "tipo": "ufficio_estate_agent",
        "name": "Tecnocasa",
        "phone": "",
        "website": "",
        "opening_hours": ""
      },
      "geometry": {
        "type": "Point",
        "coordinates": [
          12.5527493,
          44.0683727
        ]
      }
    },
    {
      "type": "Feature",
      "properties": {
        "id": 2718199469,
        "tipo": "negozio_tobacco",
        "name": "Pruccoli",
        "phone": "+39 0541 51 917",
        "website": "",
        "opening_hours": ""
      },
      "geometry": {
        "type": "Point",
        "coordinates": [
          12.5808389,
          44.0674808
        ]
      }
    },
    {
      "type": "Feature",
      "properties": {
        "id": 2718199512,
        "tipo": "negozio_supermarket",
        "name": "ALDI",
        "phone": "",
        "website": "",
        "opening_hours": "Mo-Sa 08:30-21:00, Su 08:30-20:30"
      },
      "geometry": {
        "type": "Point",
        "coordinates": [
          12.5663014,
          44.0418915
        ]
      }
    },
    {
      "type": "Feature",
      "properties": {
        "id": 2718199980,
        "tipo": "negozio_hairdresser",
        "name": "Wilo",
        "phone": "",
        "website": "",
        "opening_hours": ""
      },
      "geometry": {
        "type": "Point",
        "coordinates": [
          12.5702667,
          44.0612104
        ]
      }
    },
    {
      "type": "Feature",
      "properties": {
        "id": 2718199984,
        "tipo": "negozio_hairdresser",
        "name": "Maurizio e Ornella Hair Style",
        "phone": "+39 0541 735 045",
        "website": "",
        "opening_hours": "Tu-Sa 08:30-19:30"
      },
      "geometry": {
        "type": "Point",
        "coordinates": [
          12.5320978,
          44.0877777
        ]
      }
    },
    {
      "type": "Feature",
      "properties": {
        "id": 2718200023,
        "tipo": "ufficio_yes",
        "name": "SNALS",
        "phone": "",
        "website": "",
        "opening_hours": ""
      },
      "geometry": {
        "type": "Point",
        "coordinates": [
          12.5699264,
          44.0582995
        ]
      }
    },
    {
      "type": "Feature",
      "properties": {
        "id": 2718200262,
        "tipo": "ufficio_government",
        "name": "Comune di Rimini - Servizi Educativi Protezione Sociale Ufficio Tributi",
        "phone": "",
        "website": "",
        "opening_hours": ""
      },
      "geometry": {
        "type": "Point",
        "coordinates": [
          12.5651773,
          44.0632537
        ]
      }
    },
    {
      "type": "Feature",
      "properties": {
        "id": 2718200474,
        "tipo": "negozio_books",
        "name": "",
        "phone": "",
        "website": "",
        "opening_hours": ""
      },
      "geometry": {
        "type": "Point",
        "coordinates": [
          12.5702211,
          44.059285
        ]
      }
    },
    {
      "type": "Feature",
      "properties": {
        "id": 2718201093,
        "tipo": "negozio_jewelry",
        "name": "Banchetti",
        "phone": "+390541709017",
        "website": "https://www.gioielleria-banchetti.it/",
        "opening_hours": ""
      },
      "geometry": {
        "type": "Point",
        "coordinates": [
          12.5715906,
          44.0590161
        ]
      }
    },
    {
      "type": "Feature",
      "properties": {
        "id": 2718201303,
        "tipo": "negozio_musical_instrument",
        "name": "Liuteria Mancini",
        "phone": "+393402255163",
        "website": "",
        "opening_hours": ""
      },
      "geometry": {
        "type": "Point",
        "coordinates": [
          12.4925664,
          44.0439753
        ]
      }
    },
    {
      "type": "Feature",
      "properties": {
        "id": 2718201402,
        "tipo": "negozio_books",
        "name": "Mondadori",
        "phone": "",
        "website": "",
        "opening_hours": ""
      },
      "geometry": {
        "type": "Point",
        "coordinates": [
          12.5781986,
          44.0701507
        ]
      }
    },
    {
      "type": "Feature",
      "properties": {
        "id": 2718201527,
        "tipo": "negozio_pet_grooming",
        "name": "Mondo Baffo",
        "phone": "+39 389 141 7017",
        "website": "",
        "opening_hours": "Mo-Fr 08:30-18:00; Th off; Sa 08:30-16:30"
      },
      "geometry": {
        "type": "Point",
        "coordinates": [
          12.5869838,
          44.0563776
        ]
      }
    },
    {
      "type": "Feature",
      "properties": {
        "id": 2718201788,
        "tipo": "negozio_supermarket",
        "name": "Supermarket Cinese",
        "phone": "",
        "website": "",
        "opening_hours": ""
      },
      "geometry": {
        "type": "Point",
        "coordinates": [
          12.569849,
          44.0634717
        ]
      }
    },
    {
      "type": "Feature",
      "properties": {
        "id": 2718201837,
        "tipo": "negozio_motorcycle",
        "name": "Tosi Moto",
        "phone": "+390541375753",
        "website": "https://tosimoto.com/",
        "opening_hours": ""
      },
      "geometry": {
        "type": "Point",
        "coordinates": [
          12.5672924,
          44.041962
        ]
      }
    },
    {
      "type": "Feature",
      "properties": {
        "id": 2718201926,
        "tipo": "negozio_bag",
        "name": "Borsolo",
        "phone": "",
        "website": "",
        "opening_hours": ""
      },
      "geometry": {
        "type": "Point",
        "coordinates": [
          12.5376291,
          44.0886628
        ]
      }
    },
    {
      "type": "Feature",
      "properties": {
        "id": 2718201995,
        "tipo": "ufficio_estate_agent",
        "name": "Solo Affitti",
        "phone": "",
        "website": "",
        "opening_hours": ""
      },
      "geometry": {
        "type": "Point",
        "coordinates": [
          12.5722417,
          44.0554788
        ]
      }
    },
    {
      "type": "Feature",
      "properties": {
        "id": 2718202254,
        "tipo": "negozio_convenience",
        "name": "Sharif Mini Super Market",
        "phone": "",
        "website": "",
        "opening_hours": ""
      },
      "geometry": {
        "type": "Point",
        "coordinates": [
          12.5908664,
          44.0582254
        ]
      }
    },
    {
      "type": "Feature",
      "properties": {
        "id": 2718202304,
        "tipo": "negozio_clothes",
        "name": "OVS",
        "phone": "",
        "website": "",
        "opening_hours": ""
      },
      "geometry": {
        "type": "Point",
        "coordinates": [
          12.5668867,
          44.0582513
        ]
      }
    },
    {
      "type": "Feature",
      "properties": {
        "id": 2718202596,
        "tipo": "ufficio_energy_supplier",
        "name": "SGR",
        "phone": "",
        "website": "",
        "opening_hours": ""
      },
      "geometry": {
        "type": "Point",
        "coordinates": [
          12.5583756,
          44.0514575
        ]
      }
    },
    {
      "type": "Feature",
      "properties": {
        "id": 2718203053,
        "tipo": "negozio_hairdresser",
        "name": "Katy & Chry",
        "phone": "+39 0541 37 7422",
        "website": "",
        "opening_hours": ""
      },
      "geometry": {
        "type": "Point",
        "coordinates": [
          12.6196289,
          44.0308436
        ]
      }
    },
    {
      "type": "Feature",
      "properties": {
        "id": 2718203287,
        "tipo": "negozio_motorcycle",
        "name": "D&G Motorsport",
        "phone": "+39 0541 190 0123",
        "website": "https://it.yamaha-motor.eu/concessionari/dg-motorsport",
        "opening_hours": "Mo-Sa 08:30-12:30,15:00-19:00"
      },
      "geometry": {
        "type": "Point",
        "coordinates": [
          12.6220041,
          44.0225697
        ]
      }
    },
    {
      "type": "Feature",
      "properties": {
        "id": 2718203668,
        "tipo": "negozio_wine",
        "name": "Cantina di Mare",
        "phone": "+39 379 192 1919",
        "website": "https://cantinadimare.it/",
        "opening_hours": ""
      },
      "geometry": {
        "type": "Point",
        "coordinates": [
          12.5635483,
          44.0713597
        ]
      }
    },
    {
      "type": "Feature",
      "properties": {
        "id": 2718203933,
        "tipo": "negozio_interior_decoration",
        "name": "",
        "phone": "",
        "website": "",
        "opening_hours": ""
      },
      "geometry": {
        "type": "Point",
        "coordinates": [
          12.5667748,
          44.0581848
        ]
      }
    },
    {
      "type": "Feature",
      "properties": {
        "id": 2718204043,
        "tipo": "ufficio_yes",
        "name": "Rinnova Cassa",
        "phone": "",
        "website": "",
        "opening_hours": ""
      },
      "geometry": {
        "type": "Point",
        "coordinates": [
          12.5721789,
          44.0551919
        ]
      }
    },
    {
      "type": "Feature",
      "properties": {
        "id": 2718204184,
        "tipo": "negozio_convenience",
        "name": "Minimarket",
        "phone": "",
        "website": "",
        "opening_hours": ""
      },
      "geometry": {
        "type": "Point",
        "coordinates": [
          12.5819715,
          44.0664744
        ]
      }
    },
    {
      "type": "Feature",
      "properties": {
        "id": 2718204304,
        "tipo": "negozio_second_hand",
        "name": "Usato D'Autore",
        "phone": "+390541742925",
        "website": "https://www.mercatinousatodautore.it/",
        "opening_hours": ""
      },
      "geometry": {
        "type": "Point",
        "coordinates": [
          12.5539561,
          44.0678297
        ]
      }
    },
    {
      "type": "Feature",
      "properties": {
        "id": 2718204333,
        "tipo": "negozio_tyres",
        "name": "Cavalli gomme",
        "phone": "+39 0541 384213",
        "website": "",
        "opening_hours": ""
      },
      "geometry": {
        "type": "Point",
        "coordinates": [
          12.5806879,
          44.0480331
        ]
      }
    },
    {
      "type": "Feature",
      "properties": {
        "id": 2718204343,
        "tipo": "negozio_optician",
        "name": "Centro Ottico Lauretta",
        "phone": "+39 0541 386238",
        "website": "https://www.centrootticolauretta.it/",
        "opening_hours": ""
      },
      "geometry": {
        "type": "Point",
        "coordinates": [
          12.5854763,
          44.0504279
        ]
      }
    },
    {
      "type": "Feature",
      "properties": {
        "id": 2718204358,
        "tipo": "negozio_pastry",
        "name": "Peccati di gola",
        "phone": "+39 0541 386143",
        "website": "https://www.peccatidigolapasticceriacaffetteriagelateria.it/",
        "opening_hours": ""
      },
      "geometry": {
        "type": "Point",
        "coordinates": [
          12.5857499,
          44.0503064
        ]
      }
    },
    {
      "type": "Feature",
      "properties": {
        "id": 2718204364,
        "tipo": "negozio_perfumery",
        "name": "Douglas",
        "phone": "",
        "website": "",
        "opening_hours": ""
      },
      "geometry": {
        "type": "Point",
        "coordinates": [
          12.5693943,
          44.0586468
        ]
      }
    },
    {
      "type": "Feature",
      "properties": {
        "id": 2718204367,
        "tipo": "ufficio_accountant",
        "name": "",
        "phone": "",
        "website": "",
        "opening_hours": ""
      },
      "geometry": {
        "type": "Point",
        "coordinates": [
          12.5722024,
          44.0551519
        ]
      }
    },
    {
      "type": "Feature",
      "properties": {
        "id": 2718204416,
        "tipo": "negozio_chemist",
        "name": "Tigotà",
        "phone": "",
        "website": "",
        "opening_hours": ""
      },
      "geometry": {
        "type": "Point",
        "coordinates": [
          12.5520707,
          44.0685594
        ]
      }
    },
    {
      "type": "Feature",
      "properties": {
        "id": 2718204507,
        "tipo": "negozio_hairdresser",
        "name": "Fiorente",
        "phone": "",
        "website": "",
        "opening_hours": ""
      },
      "geometry": {
        "type": "Point",
        "coordinates": [
          12.5714558,
          44.0603287
        ]
      }
    },
    {
      "type": "Feature",
      "properties": {
        "id": 2718204533,
        "tipo": "negozio_supermarket",
        "name": "NaturaSì",
        "phone": "+39 0541 783449",
        "website": "https://www.naturasi.it/negozi/emilia-romagna/rimini",
        "opening_hours": "Mo-Sa 08:00-20:00"
      },
      "geometry": {
        "type": "Point",
        "coordinates": [
          12.5670989,
          44.0541705
        ]
      }
    },
    {
      "type": "Feature",
      "properties": {
        "id": 2718204659,
        "tipo": "negozio_bicycle",
        "name": "La Bottega del Ciclo",
        "phone": "+39 0541 33 70 54",
        "website": "https://www.bottegadelciclo.it/",
        "opening_hours": "Mo-Sa 08:00-12:30; Mo-We, Fr 15:00-19:00; Sa 15:00-18:30"
      },
      "geometry": {
        "type": "Point",
        "coordinates": [
          12.604431,
          44.0339767
        ]
      }
    },
    {
      "type": "Feature",
      "properties": {
        "id": 2718204906,
        "tipo": "negozio_yes",
        "name": "Cellphone shop Wind",
        "phone": "",
        "website": "",
        "opening_hours": ""
      },
      "geometry": {
        "type": "Point",
        "coordinates": [
          12.5688741,
          44.0595312
        ]
      }
    },
    {
      "type": "Feature",
      "properties": {
        "id": 2718205238,
        "tipo": "negozio_clothes",
        "name": "Mery Gio",
        "phone": "",
        "website": "",
        "opening_hours": ""
      },
      "geometry": {
        "type": "Point",
        "coordinates": [
          12.5713786,
          44.0605555
        ]
      }
    },
    {
      "type": "Feature",
      "properties": {
        "id": 2718206159,
        "tipo": "negozio_car_repair",
        "name": "Carrozzeria e Officina E.M.G.T.",
        "phone": "+39 0541 732 338",
        "website": "https://www.emgt.it",
        "opening_hours": "Mo-Fr 08:00-12:30,14:30-19:00; Sa 08:00-12:00"
      },
      "geometry": {
        "type": "Point",
        "coordinates": [
          12.5292067,
          44.0774523
        ]
      }
    },
    {
      "type": "Feature",
      "properties": {
        "id": 2718207583,
        "tipo": "negozio_bakery",
        "name": "A Casa da Noi - Bed and Breakfast",
        "phone": "",
        "website": "",
        "opening_hours": ""
      },
      "geometry": {
        "type": "Point",
        "coordinates": [
          12.5628866,
          44.0656699
        ]
      }
    },
    {
      "type": "Feature",
      "properties": {
        "id": 2718207865,
        "tipo": "negozio_clothes",
        "name": "",
        "phone": "",
        "website": "",
        "opening_hours": ""
      },
      "geometry": {
        "type": "Point",
        "coordinates": [
          12.5672512,
          44.0599244
        ]
      }
    },
    {
      "type": "Feature",
      "properties": {
        "id": 2718207985,
        "tipo": "negozio_convenience",
        "name": "Cartoleria",
        "phone": "",
        "website": "",
        "opening_hours": ""
      },
      "geometry": {
        "type": "Point",
        "coordinates": [
          12.5722196,
          44.0551199
        ]
      }
    },
    {
      "type": "Feature",
      "properties": {
        "id": 2718207988,
        "tipo": "ufficio_advertising_agency",
        "name": "Alberghi.it",
        "phone": "+39 0541 29187",
        "website": "https://www.alberghi.it/",
        "opening_hours": "Mo-Fr 09:00-18:00"
      },
      "geometry": {
        "type": "Point",
        "coordinates": [
          12.5699475,
          44.0633738
        ]
      }
    },
    {
      "type": "Feature",
      "properties": {
        "id": 2718207992,
        "tipo": "negozio_convenience",
        "name": "AltroMercato Bottega",
        "phone": "+39 0541 78 79 25",
        "website": "http://www.pachamama-rimini.org/",
        "opening_hours": "Mo-Sa 09:00-12:30,15:30-19:30; Su 15:30-19:30"
      },
      "geometry": {
        "type": "Point",
        "coordinates": [
          12.5650806,
          44.0591304
        ]
      }
    },
    {
      "type": "Feature",
      "properties": {
        "id": 2718208128,
        "tipo": "negozio_supermarket",
        "name": "NaturaSì",
        "phone": "+39 0541 778252",
        "website": "",
        "opening_hours": "Mo-Sa 09:00-19:30"
      },
      "geometry": {
        "type": "Point",
        "coordinates": [
          12.551764,
          44.0686241
        ]
      }
    },
    {
      "type": "Feature",
      "properties": {
        "id": 2718208148,
        "tipo": "negozio_mobile_phone",
        "name": "Astaphone",
        "phone": "",
        "website": "",
        "opening_hours": ""
      },
      "geometry": {
        "type": "Point",
        "coordinates": [
          12.5700502,
          44.0636735
        ]
      }
    },
    {
      "type": "Feature",
      "properties": {
        "id": 2718208155,
        "tipo": "ufficio_company",
        "name": "Consorzio Artigiani Romagnolo",
        "phone": "",
        "website": "",
        "opening_hours": ""
      },
      "geometry": {
        "type": "Point",
        "coordinates": [
          12.5587641,
          44.0448135
        ]
      }
    },
    {
      "type": "Feature",
      "properties": {
        "id": 2718208302,
        "tipo": "negozio_hairdresser",
        "name": "I Ribelli",
        "phone": "",
        "website": "",
        "opening_hours": ""
      },
      "geometry": {
        "type": "Point",
        "coordinates": [
          12.5619383,
          44.0652479
        ]
      }
    },
    {
      "type": "Feature",
      "properties": {
        "id": 2718208315,
        "tipo": "negozio_clothes",
        "name": "Pollini",
        "phone": "",
        "website": "",
        "opening_hours": ""
      },
      "geometry": {
        "type": "Point",
        "coordinates": [
          12.582656,
          44.0658106
        ]
      }
    },
    {
      "type": "Feature",
      "properties": {
        "id": 2718208335,
        "tipo": "negozio_hairdresser",
        "name": "El barbero",
        "phone": "",
        "website": "",
        "opening_hours": ""
      },
      "geometry": {
        "type": "Point",
        "coordinates": [
          12.5859737,
          44.0563928
        ]
      }
    },
    {
      "type": "Feature",
      "properties": {
        "id": 2718208341,
        "tipo": "negozio_hairdresser",
        "name": "Grazia & Valeria",
        "phone": "",
        "website": "",
        "opening_hours": ""
      },
      "geometry": {
        "type": "Point",
        "coordinates": [
          12.5860152,
          44.0564142
        ]
      }
    },
    {
      "type": "Feature",
      "properties": {
        "id": 2718208355,
        "tipo": "negozio_wine",
        "name": "Enoteca",
        "phone": "",
        "website": "",
        "opening_hours": ""
      },
      "geometry": {
        "type": "Point",
        "coordinates": [
          12.5723703,
          44.055284
        ]
      }
    },
    {
      "type": "Feature",
      "properties": {
        "id": 2718208415,
        "tipo": "negozio_greengrocer",
        "name": "Da Eddy",
        "phone": "",
        "website": "",
        "opening_hours": ""
      },
      "geometry": {
        "type": "Point",
        "coordinates": [
          12.5494363,
          44.0609114
        ]
      }
    },
    {
      "type": "Feature",
      "properties": {
        "id": 2718208590,
        "tipo": "negozio_laundry",
        "name": "Lavanderia Anna",
        "phone": "",
        "website": "",
        "opening_hours": ""
      },
      "geometry": {
        "type": "Point",
        "coordinates": [
          12.5723985,
          44.0552334
        ]
      }
    },
    {
      "type": "Feature",
      "properties": {
        "id": 2718208648,
        "tipo": "negozio_optician",
        "name": "Ottica 2000",
        "phone": "",
        "website": "",
        "opening_hours": ""
      },
      "geometry": {
        "type": "Point",
        "coordinates": [
          12.5724219,
          44.0551934
        ]
      }
    },
    {
      "type": "Feature",
      "properties": {
        "id": 2718208656,
        "tipo": "negozio_tobacco",
        "name": "del Borgo",
        "phone": "",
        "website": "",
        "opening_hours": ""
      },
      "geometry": {
        "type": "Point",
        "coordinates": [
          12.5724423,
          44.0551625
        ]
      }
    },
    {
      "type": "Feature",
      "properties": {
        "id": 2718208695,
        "tipo": "negozio_computer",
        "name": "Prosoft",
        "phone": "+39 345 981 1029",
        "website": "https://www.assistenzarimini.it/",
        "opening_hours": ""
      },
      "geometry": {
        "type": "Point",
        "coordinates": [
          12.5647001,
          44.0522004
        ]
      }
    },
    {
      "type": "Feature",
      "properties": {
        "id": 2718208755,
        "tipo": "negozio_copyshop",
        "name": "Tipografia",
        "phone": "",
        "website": "",
        "opening_hours": ""
      },
      "geometry": {
        "type": "Point",
        "coordinates": [
          12.5724933,
          44.0550687
        ]
      }
    },
    {
      "type": "Feature",
      "properties": {
        "id": 2718208758,
        "tipo": "negozio_hairdresser",
        "name": "EBE new",
        "phone": "",
        "website": "",
        "opening_hours": ""
      },
      "geometry": {
        "type": "Point",
        "coordinates": [
          12.5676085,
          44.0583103
        ]
      }
    },
    {
      "type": "Feature",
      "properties": {
        "id": 2718208773,
        "tipo": "negozio_deli",
        "name": "Marco",
        "phone": "",
        "website": "",
        "opening_hours": ""
      },
      "geometry": {
        "type": "Point",
        "coordinates": [
          12.5663502,
          44.0579667
        ]
      }
    },
    {
      "type": "Feature",
      "properties": {
        "id": 2718208847,
        "tipo": "negozio_optician",
        "name": "Ottica Centrale",
        "phone": "",
        "website": "",
        "opening_hours": ""
      },
      "geometry": {
        "type": "Point",
        "coordinates": [
          12.5692216,
          44.0587921
        ]
      }
    },
    {
      "type": "Feature",
      "properties": {
        "id": 2718209397,
        "tipo": "negozio_telecommunication",
        "name": "Vodafone",
        "phone": "",
        "website": "",
        "opening_hours": ""
      },
      "geometry": {
        "type": "Point",
        "coordinates": [
          12.5784294,
          44.0708008
        ]
      }
    },
    {
      "type": "Feature",
      "properties": {
        "id": 2718209953,
        "tipo": "artigianato_dressmaker",
        "name": "Vittorio Lo Gatto",
        "phone": "",
        "website": "",
        "opening_hours": ""
      },
      "geometry": {
        "type": "Point",
        "coordinates": [
          12.5694877,
          44.0580727
        ]
      }
    },
    {
      "type": "Feature",
      "properties": {
        "id": 2718210246,
        "tipo": "negozio_car_repair",
        "name": "Carrozzeria Roma",
        "phone": "+39 054 13 84 114",
        "website": "https://www.carrozzeriaroma.com/",
        "opening_hours": ""
      },
      "geometry": {
        "type": "Point",
        "coordinates": [
          12.5687777,
          44.0275319
        ]
      }
    },
    {
      "type": "Feature",
      "properties": {
        "id": 2718210273,
        "tipo": "negozio_electronics",
        "name": "Techlab",
        "phone": "",
        "website": "",
        "opening_hours": ""
      },
      "geometry": {
        "type": "Point",
        "coordinates": [
          12.571516,
          44.06026
        ]
      }
    },
    {
      "type": "Feature",
      "properties": {
        "id": 2718212522,
        "tipo": "negozio_laundry",
        "name": "",
        "phone": "",
        "website": "",
        "opening_hours": ""
      },
      "geometry": {
        "type": "Point",
        "coordinates": [
          12.5686866,
          44.0633463
        ]
      }
    },
    {
      "type": "Feature",
      "properties": {
        "id": 2718213097,
        "tipo": "negozio_antiques",
        "name": "Legatoria",
        "phone": "",
        "website": "",
        "opening_hours": ""
      },
      "geometry": {
        "type": "Point",
        "coordinates": [
          12.5725362,
          44.0550109
        ]
      }
    },
    {
      "type": "Feature",
      "properties": {
        "id": 2718213136,
        "tipo": "negozio_leather",
        "name": "Pelletteria Liliana",
        "phone": "+39 0541 37 02 40",
        "website": "https://www.pelletterieliliana.it/",
        "opening_hours": "Mo-Sa 08:30-13:00,14:30-19:30; Su 08:00-13:00"
      },
      "geometry": {
        "type": "Point",
        "coordinates": [
          12.6204898,
          44.0318258
        ]
      }
    },
    {
      "type": "Feature",
      "properties": {
        "id": 2718213166,
        "tipo": "negozio_tattoo",
        "name": "Tattoo Studio",
        "phone": "+39 339 224 9596",
        "website": "https://tattoostudiorimini.it/",
        "opening_hours": ""
      },
      "geometry": {
        "type": "Point",
        "coordinates": [
          12.5974001,
          44.0523421
        ]
      }
    },
    {
      "type": "Feature",
      "properties": {
        "id": 2718213214,
        "tipo": "negozio_hairdresser",
        "name": "I Boldrini",
        "phone": "",
        "website": "",
        "opening_hours": ""
      },
      "geometry": {
        "type": "Point",
        "coordinates": [
          12.5834946,
          44.065185
        ]
      }
    },
    {
      "type": "Feature",
      "properties": {
        "id": 2718213221,
        "tipo": "negozio_clothes",
        "name": "Mistiary Sport",
        "phone": "",
        "website": "",
        "opening_hours": ""
      },
      "geometry": {
        "type": "Point",
        "coordinates": [
          12.5916421,
          44.0574875
        ]
      }
    },
    {
      "type": "Feature",
      "properties": {
        "id": 2718213248,
        "tipo": "negozio_convenience",
        "name": "Amici Minimarket",
        "phone": "",
        "website": "",
        "opening_hours": ""
      },
      "geometry": {
        "type": "Point",
        "coordinates": [
          12.5917052,
          44.0574266
        ]
      }
    },
    {
      "type": "Feature",
      "properties": {
        "id": 2718213253,
        "tipo": "negozio_fashion_accessories",
        "name": "Di & Va",
        "phone": "",
        "website": "",
        "opening_hours": ""
      },
      "geometry": {
        "type": "Point",
        "coordinates": [
          12.591725,
          44.0574044
        ]
      }
    },
    {
      "type": "Feature",
      "properties": {
        "id": 2718213257,
        "tipo": "negozio_convenience",
        "name": "",
        "phone": "",
        "website": "",
        "opening_hours": ""
      },
      "geometry": {
        "type": "Point",
        "coordinates": [
          12.5917523,
          44.0573846
        ]
      }
    },
    {
      "type": "Feature",
      "properties": {
        "id": 2718213258,
        "tipo": "negozio_vacant",
        "name": "",
        "phone": "",
        "website": "",
        "opening_hours": ""
      },
      "geometry": {
        "type": "Point",
        "coordinates": [
          12.5917778,
          44.0573618
        ]
      }
    },
    {
      "type": "Feature",
      "properties": {
        "id": 2718213260,
        "tipo": "negozio_fashion_accessories",
        "name": "La Tartaruga",
        "phone": "",
        "website": "",
        "opening_hours": ""
      },
      "geometry": {
        "type": "Point",
        "coordinates": [
          12.5918034,
          44.0573306
        ]
      }
    },
    {
      "type": "Feature",
      "properties": {
        "id": 2718213262,
        "tipo": "negozio_gift",
        "name": "Sammy",
        "phone": "",
        "website": "",
        "opening_hours": ""
      },
      "geometry": {
        "type": "Point",
        "coordinates": [
          12.591859,
          44.0572643
        ]
      }
    },
    {
      "type": "Feature",
      "properties": {
        "id": 2718213330,
        "tipo": "negozio_massage",
        "name": "Angolo Orientale",
        "phone": "",
        "website": "",
        "opening_hours": ""
      },
      "geometry": {
        "type": "Point",
        "coordinates": [
          12.5977187,
          44.0520707
        ]
      }
    },
    {
      "type": "Feature",
      "properties": {
        "id": 2718213556,
        "tipo": "negozio_optician",
        "name": "BoniBoni ottica",
        "phone": "",
        "website": "",
        "opening_hours": ""
      },
      "geometry": {
        "type": "Point",
        "coordinates": [
          12.5675566,
          44.059991
        ]
      }
    },
    {
      "type": "Feature",
      "properties": {
        "id": 2718213621,
        "tipo": "negozio_beauty",
        "name": "La Chicca",
        "phone": "+39 340 504 2749",
        "website": "",
        "opening_hours": ""
      },
      "geometry": {
        "type": "Point",
        "coordinates": [
          12.5624261,
          44.0602179
        ]
      }
    },
    {
      "type": "Feature",
      "properties": {
        "id": 2718213679,
        "tipo": "negozio_deli",
        "name": "Togliti La Voglia",
        "phone": "+393349439777",
        "website": "",
        "opening_hours": ""
      },
      "geometry": {
        "type": "Point",
        "coordinates": [
          12.5761249,
          44.0562961
        ]
      }
    },
    {
      "type": "Feature",
      "properties": {
        "id": 2718213862,
        "tipo": "negozio_clothes",
        "name": "In In",
        "phone": "",
        "website": "",
        "opening_hours": ""
      },
      "geometry": {
        "type": "Point",
        "coordinates": [
          12.5715681,
          44.0602071
        ]
      }
    },
    {
      "type": "Feature",
      "properties": {
        "id": 2718214040,
        "tipo": "ufficio_energy_supplier",
        "name": "Spazio Enel",
        "phone": "+39 800 900800",
        "website": "https://www.enel.it/punto-enel/",
        "opening_hours": "Mo-Fr 09:00-12:30, 15:00-18:30"
      },
      "geometry": {
        "type": "Point",
        "coordinates": [
          12.5643963,
          44.0456647
        ]
      }
    },
    {
      "type": "Feature",
      "properties": {
        "id": 2718214064,
        "tipo": "negozio_butcher",
        "name": "Macelleria Nonno Marino - The Butcher Box",
        "phone": "+39 0541 373 685",
        "website": "https://thebutcherbox.it/",
        "opening_hours": "Mo-Sa 07:30-13:00; Mo-Sa 16:00-19:55"
      },
      "geometry": {
        "type": "Point",
        "coordinates": [
          12.6072117,
          44.0356414
        ]
      }
    },
    {
      "type": "Feature",
      "properties": {
        "id": 3066989233,
        "tipo": "negozio_clothes",
        "name": "Xsports",
        "phone": "",
        "website": "",
        "opening_hours": ""
      },
      "geometry": {
        "type": "Point",
        "coordinates": [
          12.5893801,
          44.0595925
        ]
      }
    },
    {
      "type": "Feature",
      "properties": {
        "id": 3237993439,
        "tipo": "negozio_butcher",
        "name": "Macelleria Bartoli Di Bartoli Paolo",
        "phone": "",
        "website": "",
        "opening_hours": "Mo-Sa 07:00-13:00, Mo,We,Fr,Sa 16:00-19:30"
      },
      "geometry": {
        "type": "Point",
        "coordinates": [
          12.5705419,
          44.0052349
        ]
      }
    },
    {
      "type": "Feature",
      "properties": {
        "id": 3237993441,
        "tipo": "negozio_bakery",
        "name": "Angelini",
        "phone": "",
        "website": "",
        "opening_hours": "Mo-Sa 07:00-13:00, Mo,We,Fr,Sa 16:00-19:00"
      },
      "geometry": {
        "type": "Point",
        "coordinates": [
          12.5706302,
          44.0051787
        ]
      }
    },
    {
      "type": "Feature",
      "properties": {
        "id": 3237993442,
        "tipo": "negozio_hairdresser",
        "name": "",
        "phone": "",
        "website": "",
        "opening_hours": ""
      },
      "geometry": {
        "type": "Point",
        "coordinates": [
          12.570536,
          44.0051366
        ]
      }
    },
    {
      "type": "Feature",
      "properties": {
        "id": 3238007397,
        "tipo": "negozio_gift",
        "name": "",
        "phone": "",
        "website": "",
        "opening_hours": ""
      },
      "geometry": {
        "type": "Point",
        "coordinates": [
          12.5710501,
          44.0048533
        ]
      }
    },
    {
      "type": "Feature",
      "properties": {
        "id": 3238053069,
        "tipo": "negozio_clothes",
        "name": "",
        "phone": "",
        "website": "",
        "opening_hours": ""
      },
      "geometry": {
        "type": "Point",
        "coordinates": [
          12.5701972,
          44.0059105
        ]
      }
    },
    {
      "type": "Feature",
      "properties": {
        "id": 3620931338,
        "tipo": "negozio_bookmaker",
        "name": "Sisal Matchpoint",
        "phone": "",
        "website": "",
        "opening_hours": ""
      },
      "geometry": {
        "type": "Point",
        "coordinates": [
          12.6098958,
          44.0292403
        ]
      }
    },
    {
      "type": "Feature",
      "properties": {
        "id": 3620931339,
        "tipo": "negozio_bicycle",
        "name": "Pepperbike",
        "phone": "",
        "website": "https://www.pepperbike.it/",
        "opening_hours": ""
      },
      "geometry": {
        "type": "Point",
        "coordinates": [
          12.6095352,
          44.0293975
        ]
      }
    },
    {
      "type": "Feature",
      "properties": {
        "id": 3620943064,
        "tipo": "negozio_bicycle",
        "name": "",
        "phone": "",
        "website": "",
        "opening_hours": ""
      },
      "geometry": {
        "type": "Point",
        "coordinates": [
          12.5929449,
          44.043643
        ]
      }
    },
    {
      "type": "Feature",
      "properties": {
        "id": 4189209023,
        "tipo": "negozio_hairdresser",
        "name": "",
        "phone": "",
        "website": "",
        "opening_hours": ""
      },
      "geometry": {
        "type": "Point",
        "coordinates": [
          12.5489115,
          44.0608058
        ]
      }
    },
    {
      "type": "Feature",
      "properties": {
        "id": 4189209024,
        "tipo": "negozio_computer",
        "name": "MT computer",
        "phone": "",
        "website": "https://www.tmtcomputer.it/",
        "opening_hours": "Mo-Th 15:30-19:00"
      },
      "geometry": {
        "type": "Point",
        "coordinates": [
          12.5489705,
          44.0608289
        ]
      }
    },
    {
      "type": "Feature",
      "properties": {
        "id": 4189209025,
        "tipo": "negozio_greengrocer",
        "name": "",
        "phone": "",
        "website": "",
        "opening_hours": ""
      },
      "geometry": {
        "type": "Point",
        "coordinates": [
          12.5490295,
          44.0608443
        ]
      }
    },
    {
      "type": "Feature",
      "properties": {
        "id": 4189209027,
        "tipo": "negozio_hardware",
        "name": "",
        "phone": "",
        "website": "",
        "opening_hours": ""
      },
      "geometry": {
        "type": "Point",
        "coordinates": [
          12.5489195,
          44.0610236
        ]
      }
    },
    {
      "type": "Feature",
      "properties": {
        "id": 4189209028,
        "tipo": "negozio_hairdresser",
        "name": "",
        "phone": "",
        "website": "",
        "opening_hours": ""
      },
      "geometry": {
        "type": "Point",
        "coordinates": [
          12.548882,
          44.0611084
        ]
      }
    },
    {
      "type": "Feature",
      "properties": {
        "id": 4189209031,
        "tipo": "negozio_chemist",
        "name": "",
        "phone": "",
        "website": "",
        "opening_hours": ""
      },
      "geometry": {
        "type": "Point",
        "coordinates": [
          12.5497671,
          44.0613204
        ]
      }
    },
    {
      "type": "Feature",
      "properties": {
        "id": 4189209032,
        "tipo": "negozio_newsagent",
        "name": "",
        "phone": "",
        "website": "",
        "opening_hours": ""
      },
      "geometry": {
        "type": "Point",
        "coordinates": [
          12.5499227,
          44.061091
        ]
      }
    },
    {
      "type": "Feature",
      "properties": {
        "id": 4257815989,
        "tipo": "negozio_supermarket",
        "name": "Five Market",
        "phone": "",
        "website": "",
        "opening_hours": "Mo-Su 07:30-13:00,16:00-20:00"
      },
      "geometry": {
        "type": "Point",
        "coordinates": [
          12.5152782,
          44.1047791
        ]
      }
    },
    {
      "type": "Feature",
      "properties": {
        "id": 4344991393,
        "tipo": "negozio_convenience",
        "name": "",
        "phone": "",
        "website": "",
        "opening_hours": ""
      },
      "geometry": {
        "type": "Point",
        "coordinates": [
          12.6148536,
          44.0345907
        ]
      }
    },
    {
      "type": "Feature",
      "properties": {
        "id": 4344991399,
        "tipo": "negozio_convenience",
        "name": "",
        "phone": "",
        "website": "",
        "opening_hours": ""
      },
      "geometry": {
        "type": "Point",
        "coordinates": [
          12.619488,
          44.0328783
        ]
      }
    },
    {
      "type": "Feature",
      "properties": {
        "id": 4344991401,
        "tipo": "negozio_convenience",
        "name": "",
        "phone": "",
        "website": "",
        "opening_hours": ""
      },
      "geometry": {
        "type": "Point",
        "coordinates": [
          12.6181321,
          44.0339066
        ]
      }
    },
    {
      "type": "Feature",
      "properties": {
        "id": 4344991402,
        "tipo": "negozio_convenience",
        "name": "",
        "phone": "",
        "website": "",
        "opening_hours": ""
      },
      "geometry": {
        "type": "Point",
        "coordinates": [
          12.6170055,
          44.0349302
        ]
      }
    },
    {
      "type": "Feature",
      "properties": {
        "id": 4344991405,
        "tipo": "negozio_convenience",
        "name": "",
        "phone": "",
        "website": "",
        "opening_hours": ""
      },
      "geometry": {
        "type": "Point",
        "coordinates": [
          12.6138432,
          44.0375016
        ]
      }
    },
    {
      "type": "Feature",
      "properties": {
        "id": 4345126293,
        "tipo": "negozio_newsagent",
        "name": "",
        "phone": "",
        "website": "",
        "opening_hours": ""
      },
      "geometry": {
        "type": "Point",
        "coordinates": [
          12.6154395,
          44.0340876
        ]
      }
    },
    {
      "type": "Feature",
      "properties": {
        "id": 4345126294,
        "tipo": "negozio_clothes",
        "name": "",
        "phone": "",
        "website": "",
        "opening_hours": ""
      },
      "geometry": {
        "type": "Point",
        "coordinates": [
          12.6189404,
          44.0308649
        ]
      }
    },
    {
      "type": "Feature",
      "properties": {
        "id": 4345126295,
        "tipo": "negozio_hairdresser",
        "name": "",
        "phone": "",
        "website": "",
        "opening_hours": ""
      },
      "geometry": {
        "type": "Point",
        "coordinates": [
          12.6199514,
          44.0311498
        ]
      }
    },
    {
      "type": "Feature",
      "properties": {
        "id": 4345129591,
        "tipo": "negozio_clothes",
        "name": "",
        "phone": "",
        "website": "",
        "opening_hours": ""
      },
      "geometry": {
        "type": "Point",
        "coordinates": [
          12.6156711,
          44.0339034
        ]
      }
    },
    {
      "type": "Feature",
      "properties": {
        "id": 4345129594,
        "tipo": "negozio_supermarket",
        "name": "Supermarket 27",
        "phone": "+39 0541 370 263",
        "website": "",
        "opening_hours": "Mo-Su 09:00-13:00, 16:00-21:00"
      },
      "geometry": {
        "type": "Point",
        "coordinates": [
          12.6129828,
          44.0382156
        ]
      }
    },
    {
      "type": "Feature",
      "properties": {
        "id": 4345133942,
        "tipo": "negozio_hairdresser",
        "name": "Barbiere Rosario D'Errico",
        "phone": "+39 0541 379 211",
        "website": "",
        "opening_hours": ""
      },
      "geometry": {
        "type": "Point",
        "coordinates": [
          12.6157479,
          44.0338721
        ]
      }
    },
    {
      "type": "Feature",
      "properties": {
        "id": 4345133944,
        "tipo": "negozio_clothes",
        "name": "",
        "phone": "",
        "website": "",
        "opening_hours": ""
      },
      "geometry": {
        "type": "Point",
        "coordinates": [
          12.6161657,
          44.0335736
        ]
      }
    },
    {
      "type": "Feature",
      "properties": {
        "id": 4346385192,
        "tipo": "negozio_newsagent",
        "name": "",
        "phone": "",
        "website": "",
        "opening_hours": ""
      },
      "geometry": {
        "type": "Point",
        "coordinates": [
          12.608258,
          44.0406892
        ]
      }
    },
    {
      "type": "Feature",
      "properties": {
        "id": 4346388290,
        "tipo": "negozio_hairdresser",
        "name": "",
        "phone": "",
        "website": "",
        "opening_hours": ""
      },
      "geometry": {
        "type": "Point",
        "coordinates": [
          12.6079595,
          44.0424794
        ]
      }
    },
    {
      "type": "Feature",
      "properties": {
        "id": 4346390390,
        "tipo": "negozio_convenience",
        "name": "A&O",
        "phone": "",
        "website": "",
        "opening_hours": ""
      },
      "geometry": {
        "type": "Point",
        "coordinates": [
          12.6078642,
          44.042583
        ]
      }
    },
    {
      "type": "Feature",
      "properties": {
        "id": 4346486610,
        "tipo": "negozio_newsagent",
        "name": "",
        "phone": "",
        "website": "",
        "opening_hours": ""
      },
      "geometry": {
        "type": "Point",
        "coordinates": [
          12.6076787,
          44.0431024
        ]
      }
    },
    {
      "type": "Feature",
      "properties": {
        "id": 4346598994,
        "tipo": "negozio_clothes",
        "name": "Gabriela Marioni",
        "phone": "",
        "website": "",
        "opening_hours": ""
      },
      "geometry": {
        "type": "Point",
        "coordinates": [
          12.5784074,
          44.0699979
        ]
      }
    },
    {
      "type": "Feature",
      "properties": {
        "id": 4346601589,
        "tipo": "negozio_newsagent",
        "name": "edicola",
        "phone": "",
        "website": "",
        "opening_hours": ""
      },
      "geometry": {
        "type": "Point",
        "coordinates": [
          12.5800021,
          44.0685266
        ]
      }
    },
    {
      "type": "Feature",
      "properties": {
        "id": 4347468690,
        "tipo": "negozio_newsagent",
        "name": "",
        "phone": "",
        "website": "",
        "opening_hours": ""
      },
      "geometry": {
        "type": "Point",
        "coordinates": [
          12.5949493,
          44.0437717
        ]
      }
    },
    {
      "type": "Feature",
      "properties": {
        "id": 4347484789,
        "tipo": "negozio_hairdresser",
        "name": "Riccardi Parrucchieri",
        "phone": "+39 0541 374386",
        "website": "",
        "opening_hours": "Tu 08:30-19:30; We 08:30-12:30; Th 08:30-18:00; Fr 08:30-12:30; Sa 08:30-19:00"
      },
      "geometry": {
        "type": "Point",
        "coordinates": [
          12.6082268,
          44.0361104
        ]
      }
    },
    {
      "type": "Feature",
      "properties": {
        "id": 4348490602,
        "tipo": "negozio_tobacco",
        "name": "Tabaccheria Eldorado",
        "phone": "+39 0541 141 6028",
        "website": "",
        "opening_hours": "Mo-Sa 06:10-20:30, Su 07:00-13:00"
      },
      "geometry": {
        "type": "Point",
        "coordinates": [
          12.6071346,
          44.0357935
        ]
      }
    },
    {
      "type": "Feature",
      "properties": {
        "id": 4349079204,
        "tipo": "negozio_supermarket",
        "name": "Grilli",
        "phone": "",
        "website": "",
        "opening_hours": ""
      },
      "geometry": {
        "type": "Point",
        "coordinates": [
          12.5939457,
          44.0551315
        ]
      }
    },
    {
      "type": "Feature",
      "properties": {
        "id": 4349079399,
        "tipo": "negozio_supermarket",
        "name": "da Diego",
        "phone": "",
        "website": "",
        "opening_hours": ""
      },
      "geometry": {
        "type": "Point",
        "coordinates": [
          12.596996,
          44.0520978
        ]
      }
    },
    {
      "type": "Feature",
      "properties": {
        "id": 4358905699,
        "tipo": "negozio_butcher",
        "name": "macello",
        "phone": "",
        "website": "",
        "opening_hours": ""
      },
      "geometry": {
        "type": "Point",
        "coordinates": [
          12.562581,
          44.0648194
        ]
      }
    },
    {
      "type": "Feature",
      "properties": {
        "id": 4358905700,
        "tipo": "negozio_greengrocer",
        "name": "Adriano",
        "phone": "",
        "website": "",
        "opening_hours": ""
      },
      "geometry": {
        "type": "Point",
        "coordinates": [
          12.5619872,
          44.0646905
        ]
      }
    },
    {
      "type": "Feature",
      "properties": {
        "id": 4358905702,
        "tipo": "negozio_clothes",
        "name": "Fem.me",
        "phone": "",
        "website": "",
        "opening_hours": ""
      },
      "geometry": {
        "type": "Point",
        "coordinates": [
          12.5675649,
          44.0617844
        ]
      }
    },
    {
      "type": "Feature",
      "properties": {
        "id": 4358906003,
        "tipo": "negozio_hardware",
        "name": "",
        "phone": "",
        "website": "",
        "opening_hours": ""
      },
      "geometry": {
        "type": "Point",
        "coordinates": [
          12.5623485,
          44.0649983
        ]
      }
    },
    {
      "type": "Feature",
      "properties": {
        "id": 4358925993,
        "tipo": "negozio_newsagent",
        "name": "",
        "phone": "",
        "website": "",
        "opening_hours": ""
      },
      "geometry": {
        "type": "Point",
        "coordinates": [
          12.5629293,
          44.0643679
        ]
      }
    },
    {
      "type": "Feature",
      "properties": {
        "id": 4358935399,
        "tipo": "negozio_tobacco",
        "name": "De Borg",
        "phone": "",
        "website": "",
        "opening_hours": ""
      },
      "geometry": {
        "type": "Point",
        "coordinates": [
          12.5634854,
          44.0642947
        ]
      }
    },
    {
      "type": "Feature",
      "properties": {
        "id": 4358935401,
        "tipo": "negozio_clothes",
        "name": "ma-nifattura",
        "phone": "",
        "website": "",
        "opening_hours": ""
      },
      "geometry": {
        "type": "Point",
        "coordinates": [
          12.5676065,
          44.0617378
        ]
      }
    },
    {
      "type": "Feature",
      "properties": {
        "id": 4358953997,
        "tipo": "negozio_tobacco",
        "name": "",
        "phone": "",
        "website": "",
        "opening_hours": ""
      },
      "geometry": {
        "type": "Point",
        "coordinates": [
          12.5671798,
          44.0603403
        ]
      }
    },
    {
      "type": "Feature",
      "properties": {
        "id": 4358976703,
        "tipo": "negozio_books",
        "name": "La Feltrinelli",
        "phone": "",
        "website": "",
        "opening_hours": ""
      },
      "geometry": {
        "type": "Point",
        "coordinates": [
          12.5707891,
          44.0574206
        ]
      }
    },
    {
      "type": "Feature",
      "properties": {
        "id": 4358978095,
        "tipo": "negozio_books",
        "name": "Mondadori",
        "phone": "",
        "website": "",
        "opening_hours": "Mo-Sa 09:00-20:00; Su 10:00-13:00,15:00-20:00"
      },
      "geometry": {
        "type": "Point",
        "coordinates": [
          12.5686168,
          44.0589161
        ]
      }
    },
    {
      "type": "Feature",
      "properties": {
        "id": 4358994390,
        "tipo": "negozio_supermarket",
        "name": "Conad",
        "phone": "",
        "website": "",
        "opening_hours": ""
      },
      "geometry": {
        "type": "Point",
        "coordinates": [
          12.5698857,
          44.0584923
        ]
      }
    },
    {
      "type": "Feature",
      "properties": {
        "id": 4359007296,
        "tipo": "negozio_clothes",
        "name": "H&M",
        "phone": "",
        "website": "",
        "opening_hours": "Mo-Su 09:00-20:00"
      },
      "geometry": {
        "type": "Point",
        "coordinates": [
          12.5675028,
          44.0603016
        ]
      }
    },
    {
      "type": "Feature",
      "properties": {
        "id": 4359007299,
        "tipo": "negozio_optician",
        "name": "Ottica Christian",
        "phone": "",
        "website": "",
        "opening_hours": ""
      },
      "geometry": {
        "type": "Point",
        "coordinates": [
          12.5658083,
          44.0617855
        ]
      }
    },
    {
      "type": "Feature",
      "properties": {
        "id": 4359144094,
        "tipo": "negozio_supermarket",
        "name": "Conad City",
        "phone": "+39 0541 52147",
        "website": "",
        "opening_hours": ""
      },
      "geometry": {
        "type": "Point",
        "coordinates": [
          12.5607426,
          44.0657491
        ]
      }
    },
    {
      "type": "Feature",
      "properties": {
        "id": 4359154589,
        "tipo": "negozio_laundry",
        "name": "",
        "phone": "",
        "website": "",
        "opening_hours": ""
      },
      "geometry": {
        "type": "Point",
        "coordinates": [
          12.5608835,
          44.0659355
        ]
      }
    },
    {
      "type": "Feature",
      "properties": {
        "id": 4362555918,
        "tipo": "negozio_bakery",
        "name": "",
        "phone": "",
        "website": "",
        "opening_hours": ""
      },
      "geometry": {
        "type": "Point",
        "coordinates": [
          12.5635985,
          44.0643553
        ]
      }
    },
    {
      "type": "Feature",
      "properties": {
        "id": 4380375620,
        "tipo": "negozio_greengrocer",
        "name": "",
        "phone": "",
        "website": "",
        "opening_hours": ""
      },
      "geometry": {
        "type": "Point",
        "coordinates": [
          12.5759749,
          44.0509173
        ]
      }
    },
    {
      "type": "Feature",
      "properties": {
        "id": 4394895999,
        "tipo": "negozio_bakery",
        "name": "Flaminio",
        "phone": "",
        "website": "",
        "opening_hours": ""
      },
      "geometry": {
        "type": "Point",
        "coordinates": [
          12.5765295,
          44.0494351
        ]
      }
    },
    {
      "type": "Feature",
      "properties": {
        "id": 4467320792,
        "tipo": "negozio_supermarket",
        "name": "Conad",
        "phone": "",
        "website": "",
        "opening_hours": ""
      },
      "geometry": {
        "type": "Point",
        "coordinates": [
          12.5738067,
          44.0709739
        ]
      }
    },
    {
      "type": "Feature",
      "properties": {
        "id": 4488493390,
        "tipo": "negozio_dry_cleaning",
        "name": "",
        "phone": "",
        "website": "",
        "opening_hours": ""
      },
      "geometry": {
        "type": "Point",
        "coordinates": [
          12.4823259,
          44.0683228
        ]
      }
    },
    {
      "type": "Feature",
      "properties": {
        "id": 4488496789,
        "tipo": "negozio_bakery",
        "name": "panificio pasticceria Urbinati",
        "phone": "",
        "website": "",
        "opening_hours": ""
      },
      "geometry": {
        "type": "Point",
        "coordinates": [
          12.4837769,
          44.0685574
        ]
      }
    },
    {
      "type": "Feature",
      "properties": {
        "id": 4491813693,
        "tipo": "negozio_hardware",
        "name": "Fornari",
        "phone": "",
        "website": "",
        "opening_hours": ""
      },
      "geometry": {
        "type": "Point",
        "coordinates": [
          12.4567558,
          44.0845258
        ]
      }
    },
    {
      "type": "Feature",
      "properties": {
        "id": 4535706690,
        "tipo": "negozio_hardware",
        "name": "",
        "phone": "",
        "website": "",
        "opening_hours": ""
      },
      "geometry": {
        "type": "Point",
        "coordinates": [
          12.4857453,
          44.0686455
        ]
      }
    },
    {
      "type": "Feature",
      "properties": {
        "id": 4546345191,
        "tipo": "ufficio_government",
        "name": "quartiere n.9 Santa Giustina di Rimini",
        "phone": "",
        "website": "",
        "opening_hours": ""
      },
      "geometry": {
        "type": "Point",
        "coordinates": [
          12.4815726,
          44.068143
        ]
      }
    },
    {
      "type": "Feature",
      "properties": {
        "id": 4546845703,
        "tipo": "negozio_florist",
        "name": "Nanni flowers (interflora)",
        "phone": "",
        "website": "",
        "opening_hours": ""
      },
      "geometry": {
        "type": "Point",
        "coordinates": [
          12.4784604,
          44.0678481
        ]
      }
    },
    {
      "type": "Feature",
      "properties": {
        "id": 4960556806,
        "tipo": "negozio_newsagent",
        "name": "edicola",
        "phone": "",
        "website": "",
        "opening_hours": ""
      },
      "geometry": {
        "type": "Point",
        "coordinates": [
          12.6014931,
          44.048206
        ]
      }
    },
    {
      "type": "Feature",
      "properties": {
        "id": 4960556808,
        "tipo": "negozio_books",
        "name": "Booklet",
        "phone": "",
        "website": "",
        "opening_hours": ""
      },
      "geometry": {
        "type": "Point",
        "coordinates": [
          12.6015262,
          44.0480131
        ]
      }
    },
    {
      "type": "Feature",
      "properties": {
        "id": 4960556811,
        "tipo": "negozio_tobacco",
        "name": "",
        "phone": "",
        "website": "",
        "opening_hours": ""
      },
      "geometry": {
        "type": "Point",
        "coordinates": [
          12.6011263,
          44.0483984
        ]
      }
    },
    {
      "type": "Feature",
      "properties": {
        "id": 4960556813,
        "tipo": "negozio_convenience",
        "name": "",
        "phone": "",
        "website": "",
        "opening_hours": ""
      },
      "geometry": {
        "type": "Point",
        "coordinates": [
          12.6047513,
          44.045226
        ]
      }
    },
    {
      "type": "Feature",
      "properties": {
        "id": 5005958361,
        "tipo": "negozio_clothes",
        "name": "SempreSemprini",
        "phone": "",
        "website": "",
        "opening_hours": ""
      },
      "geometry": {
        "type": "Point",
        "coordinates": [
          12.5853479,
          44.0639966
        ]
      }
    },
    {
      "type": "Feature",
      "properties": {
        "id": 5005958364,
        "tipo": "negozio_convenience",
        "name": "Tino",
        "phone": "",
        "website": "",
        "opening_hours": ""
      },
      "geometry": {
        "type": "Point",
        "coordinates": [
          12.584424,
          44.0643257
        ]
      }
    },
    {
      "type": "Feature",
      "properties": {
        "id": 5012898035,
        "tipo": "negozio_convenience",
        "name": "",
        "phone": "",
        "website": "",
        "opening_hours": ""
      },
      "geometry": {
        "type": "Point",
        "coordinates": [
          12.5805381,
          44.0677183
        ]
      }
    },
    {
      "type": "Feature",
      "properties": {
        "id": 5115434832,
        "tipo": "negozio_supermarket",
        "name": "EuroSpin",
        "phone": "",
        "website": "",
        "opening_hours": "Mo-Sa 08:00-21:00; Su 08:30-20:00"
      },
      "geometry": {
        "type": "Point",
        "coordinates": [
          12.6000024,
          44.0344559
        ]
      }
    },
    {
      "type": "Feature",
      "properties": {
        "id": 5174814602,
        "tipo": "negozio_mobile_phone_accessories",
        "name": "Just in case",
        "phone": "+393404005347",
        "website": "",
        "opening_hours": ""
      },
      "geometry": {
        "type": "Point",
        "coordinates": [
          12.5678787,
          44.059741
        ]
      }
    },
    {
      "type": "Feature",
      "properties": {
        "id": 5174825162,
        "tipo": "negozio_optician",
        "name": "L'ottico",
        "phone": "",
        "website": "",
        "opening_hours": ""
      },
      "geometry": {
        "type": "Point",
        "coordinates": [
          12.5679214,
          44.0597115
        ]
      }
    },
    {
      "type": "Feature",
      "properties": {
        "id": 5174850214,
        "tipo": "negozio_variety_store",
        "name": "Flying Tiger Copenhagen",
        "phone": "",
        "website": "",
        "opening_hours": ""
      },
      "geometry": {
        "type": "Point",
        "coordinates": [
          12.5695012,
          44.0585296
        ]
      }
    },
    {
      "type": "Feature",
      "properties": {
        "id": 5174880214,
        "tipo": "ufficio_architect",
        "name": "Claduia Montebelli",
        "phone": "",
        "website": "",
        "opening_hours": ""
      },
      "geometry": {
        "type": "Point",
        "coordinates": [
          12.5712512,
          44.0588668
        ]
      }
    },
    {
      "type": "Feature",
      "properties": {
        "id": 5174945103,
        "tipo": "ufficio_yes",
        "name": "Facile.it store",
        "phone": "",
        "website": "",
        "opening_hours": ""
      },
      "geometry": {
        "type": "Point",
        "coordinates": [
          12.5704489,
          44.0577117
        ]
      }
    },
    {
      "type": "Feature",
      "properties": {
        "id": 5174945354,
        "tipo": "ufficio_insurance",
        "name": "Agos",
        "phone": "",
        "website": "",
        "opening_hours": ""
      },
      "geometry": {
        "type": "Point",
        "coordinates": [
          12.5689472,
          44.0641773
        ]
      }
    },
    {
      "type": "Feature",
      "properties": {
        "id": 5174961159,
        "tipo": "negozio_hairdresser",
        "name": "I Boldrini Parrucchieri",
        "phone": "",
        "website": "",
        "opening_hours": ""
      },
      "geometry": {
        "type": "Point",
        "coordinates": [
          12.5722879,
          44.0631229
        ]
      }
    },
    {
      "type": "Feature",
      "properties": {
        "id": 5174963021,
        "tipo": "negozio_hairdresser",
        "name": "Indiaam Hair Extension",
        "phone": "",
        "website": "",
        "opening_hours": ""
      },
      "geometry": {
        "type": "Point",
        "coordinates": [
          12.5720432,
          44.0632388
        ]
      }
    },
    {
      "type": "Feature",
      "properties": {
        "id": 5174964810,
        "tipo": "ufficio_lawyer",
        "name": "Studio legale Michela Vecchi",
        "phone": "",
        "website": "",
        "opening_hours": ""
      },
      "geometry": {
        "type": "Point",
        "coordinates": [
          12.570224,
          44.0576132
        ]
      }
    },
    {
      "type": "Feature",
      "properties": {
        "id": 5174964811,
        "tipo": "ufficio_lawyer",
        "name": "Aurelio Sordini",
        "phone": "",
        "website": "",
        "opening_hours": ""
      },
      "geometry": {
        "type": "Point",
        "coordinates": [
          12.5702428,
          44.0575933
        ]
      }
    },
    {
      "type": "Feature",
      "properties": {
        "id": 5174971215,
        "tipo": "negozio_tobacco",
        "name": "Bar Tabacchi",
        "phone": "",
        "website": "",
        "opening_hours": ""
      },
      "geometry": {
        "type": "Point",
        "coordinates": [
          12.5666666,
          44.0654834
        ]
      }
    },
    {
      "type": "Feature",
      "properties": {
        "id": 5174986268,
        "tipo": "negozio_clothes",
        "name": "Claudia",
        "phone": "",
        "website": "",
        "opening_hours": ""
      },
      "geometry": {
        "type": "Point",
        "coordinates": [
          12.5693876,
          44.0579374
        ]
      }
    },
    {
      "type": "Feature",
      "properties": {
        "id": 5175027174,
        "tipo": "ufficio_yes",
        "name": "Acli Service",
        "phone": "",
        "website": "",
        "opening_hours": ""
      },
      "geometry": {
        "type": "Point",
        "coordinates": [
          12.5714943,
          44.0562714
        ]
      }
    },
    {
      "type": "Feature",
      "properties": {
        "id": 5175028124,
        "tipo": "ufficio_accountant",
        "name": "Studio Mancini",
        "phone": "",
        "website": "",
        "opening_hours": ""
      },
      "geometry": {
        "type": "Point",
        "coordinates": [
          12.5698816,
          44.0588656
        ]
      }
    },
    {
      "type": "Feature",
      "properties": {
        "id": 5175039423,
        "tipo": "negozio_clothes",
        "name": "Max Mara",
        "phone": "",
        "website": "",
        "opening_hours": ""
      },
      "geometry": {
        "type": "Point",
        "coordinates": [
          12.5689181,
          44.0592454
        ]
      }
    },
    {
      "type": "Feature",
      "properties": {
        "id": 5175057152,
        "tipo": "negozio_hairdresser",
        "name": "Parrucchierie",
        "phone": "",
        "website": "",
        "opening_hours": ""
      },
      "geometry": {
        "type": "Point",
        "coordinates": [
          12.5631972,
          44.064956
        ]
      }
    },
    {
      "type": "Feature",
      "properties": {
        "id": 5175065188,
        "tipo": "ufficio_insurance",
        "name": "Bonfe",
        "phone": "",
        "website": "",
        "opening_hours": ""
      },
      "geometry": {
        "type": "Point",
        "coordinates": [
          12.5722373,
          44.0551055
        ]
      }
    },
    {
      "type": "Feature",
      "properties": {
        "id": 5175072082,
        "tipo": "negozio_yes",
        "name": "La Carteria del Centro",
        "phone": "",
        "website": "",
        "opening_hours": ""
      },
      "geometry": {
        "type": "Point",
        "coordinates": [
          12.5703342,
          44.0590939
        ]
      }
    },
    {
      "type": "Feature",
      "properties": {
        "id": 5175078639,
        "tipo": "negozio_furniture",
        "name": "Case e cantine",
        "phone": "",
        "website": "",
        "opening_hours": ""
      },
      "geometry": {
        "type": "Point",
        "coordinates": [
          12.5703835,
          44.0590562
        ]
      }
    },
    {
      "type": "Feature",
      "properties": {
        "id": 5175083150,
        "tipo": "artigianato_winery",
        "name": "La Vineria",
        "phone": "",
        "website": "",
        "opening_hours": ""
      },
      "geometry": {
        "type": "Point",
        "coordinates": [
          12.571965,
          44.0559787
        ]
      }
    },
    {
      "type": "Feature",
      "properties": {
        "id": 5175107303,
        "tipo": "ufficio_yes",
        "name": "MADE",
        "phone": "",
        "website": "",
        "opening_hours": ""
      },
      "geometry": {
        "type": "Point",
        "coordinates": [
          12.5701729,
          44.0587285
        ]
      }
    },
    {
      "type": "Feature",
      "properties": {
        "id": 5184628111,
        "tipo": "negozio_kiosk",
        "name": "",
        "phone": "",
        "website": "",
        "opening_hours": ""
      },
      "geometry": {
        "type": "Point",
        "coordinates": [
          12.5687598,
          44.0589662
        ]
      }
    },
    {
      "type": "Feature",
      "properties": {
        "id": 5541057079,
        "tipo": "negozio_printing",
        "name": "Momogenico Energy Print",
        "phone": "+39 0541 413131",
        "website": "https://www.momogenico.it/",
        "opening_hours": "Mo-Fr 08:30-13:00,14:30-18:00"
      },
      "geometry": {
        "type": "Point",
        "coordinates": [
          12.5968941,
          44.049166
        ]
      }
    },
    {
      "type": "Feature",
      "properties": {
        "id": 5802470687,
        "tipo": "negozio_bakery",
        "name": "Panificio",
        "phone": "",
        "website": "",
        "opening_hours": ""
      },
      "geometry": {
        "type": "Point",
        "coordinates": [
          12.5820054,
          44.0645358
        ]
      }
    },
    {
      "type": "Feature",
      "properties": {
        "id": 5805352158,
        "tipo": "negozio_shoes",
        "name": "",
        "phone": "",
        "website": "",
        "opening_hours": ""
      },
      "geometry": {
        "type": "Point",
        "coordinates": [
          12.5789816,
          44.0695701
        ]
      }
    },
    {
      "type": "Feature",
      "properties": {
        "id": 5805352162,
        "tipo": "negozio_telecommunication",
        "name": "TIM",
        "phone": "",
        "website": "",
        "opening_hours": ""
      },
      "geometry": {
        "type": "Point",
        "coordinates": [
          12.5781741,
          44.0711264
        ]
      }
    },
    {
      "type": "Feature",
      "properties": {
        "id": 5807929494,
        "tipo": "negozio_laundry",
        "name": "Launderette",
        "phone": "",
        "website": "",
        "opening_hours": "Mo-Sa 07:00-24:00; Su 09:00-17:00; PH closed"
      },
      "geometry": {
        "type": "Point",
        "coordinates": [
          12.5482679,
          44.0689296
        ]
      }
    },
    {
      "type": "Feature",
      "properties": {
        "id": 5809570874,
        "tipo": "negozio_hairdresser",
        "name": "",
        "phone": "",
        "website": "",
        "opening_hours": ""
      },
      "geometry": {
        "type": "Point",
        "coordinates": [
          12.5838275,
          44.0648494
        ]
      }
    },
    {
      "type": "Feature",
      "properties": {
        "id": 5809570875,
        "tipo": "negozio_optician",
        "name": "",
        "phone": "",
        "website": "",
        "opening_hours": ""
      },
      "geometry": {
        "type": "Point",
        "coordinates": [
          12.5824724,
          44.0660523
        ]
      }
    },
    {
      "type": "Feature",
      "properties": {
        "id": 5809570877,
        "tipo": "negozio_mobile_phone",
        "name": "Three.",
        "phone": "",
        "website": "",
        "opening_hours": ""
      },
      "geometry": {
        "type": "Point",
        "coordinates": [
          12.5852118,
          44.0640329
        ]
      }
    },
    {
      "type": "Feature",
      "properties": {
        "id": 5815919969,
        "tipo": "negozio_electronics",
        "name": "Unieuro",
        "phone": "",
        "website": "",
        "opening_hours": ""
      },
      "geometry": {
        "type": "Point",
        "coordinates": [
          12.5293046,
          44.0671458
        ]
      }
    },
    {
      "type": "Feature",
      "properties": {
        "id": 5836994486,
        "tipo": "negozio_supermarket",
        "name": "La botteguccia",
        "phone": "",
        "website": "",
        "opening_hours": "Mo-Su 08:00-00:00"
      },
      "geometry": {
        "type": "Point",
        "coordinates": [
          12.5347821,
          44.0903035
        ]
      }
    },
    {
      "type": "Feature",
      "properties": {
        "id": 5841707997,
        "tipo": "negozio_gift",
        "name": "",
        "phone": "",
        "website": "",
        "opening_hours": ""
      },
      "geometry": {
        "type": "Point",
        "coordinates": [
          12.6012949,
          44.0482283
        ]
      }
    },
    {
      "type": "Feature",
      "properties": {
        "id": 5872927686,
        "tipo": "negozio_supermarket",
        "name": "Conad",
        "phone": "",
        "website": "",
        "opening_hours": ""
      },
      "geometry": {
        "type": "Point",
        "coordinates": [
          12.5649194,
          44.0705023
        ]
      }
    },
    {
      "type": "Feature",
      "properties": {
        "id": 5894448330,
        "tipo": "negozio_variety_store",
        "name": "Tutto a 1 euro Viserba",
        "phone": "",
        "website": "",
        "opening_hours": ""
      },
      "geometry": {
        "type": "Point",
        "coordinates": [
          12.5344308,
          44.090757
        ]
      }
    },
    {
      "type": "Feature",
      "properties": {
        "id": 5903477465,
        "tipo": "ufficio_advertising_agency",
        "name": "Edita - Web Marketing Agency Rimini",
        "phone": "",
        "website": "",
        "opening_hours": ""
      },
      "geometry": {
        "type": "Point",
        "coordinates": [
          12.5889877,
          44.0428097
        ]
      }
    },
    {
      "type": "Feature",
      "properties": {
        "id": 6068534324,
        "tipo": "negozio_garden_centre",
        "name": "Vivaio Sartini",
        "phone": "",
        "website": "",
        "opening_hours": ""
      },
      "geometry": {
        "type": "Point",
        "coordinates": [
          12.5864106,
          43.9903329
        ]
      }
    },
    {
      "type": "Feature",
      "properties": {
        "id": 6286506638,
        "tipo": "negozio_jewelry",
        "name": "Fiori di Lillà",
        "phone": "+39 320 9721489",
        "website": "https://www.fioridililla.com/",
        "opening_hours": ""
      },
      "geometry": {
        "type": "Point",
        "coordinates": [
          12.592882,
          44.045374
        ]
      }
    },
    {
      "type": "Feature",
      "properties": {
        "id": 6466829540,
        "tipo": "negozio_printing",
        "name": "Imprinting digitale - Store Rimini Centro",
        "phone": "",
        "website": "",
        "opening_hours": ""
      },
      "geometry": {
        "type": "Point",
        "coordinates": [
          12.5701079,
          44.0610926
        ]
      }
    },
    {
      "type": "Feature",
      "properties": {
        "id": 6550208785,
        "tipo": "negozio_laundry",
        "name": "Lava Facile",
        "phone": "",
        "website": "",
        "opening_hours": "Mo-Su 06:30-23:00"
      },
      "geometry": {
        "type": "Point",
        "coordinates": [
          12.5547376,
          44.0772176
        ]
      }
    },
    {
      "type": "Feature",
      "properties": {
        "id": 6629179084,
        "tipo": "negozio_clothes",
        "name": "",
        "phone": "",
        "website": "",
        "opening_hours": ""
      },
      "geometry": {
        "type": "Point",
        "coordinates": [
          12.5831498,
          44.0652228
        ]
      }
    },
    {
      "type": "Feature",
      "properties": {
        "id": 6629431309,
        "tipo": "negozio_pastry",
        "name": "Giorgio",
        "phone": "",
        "website": "",
        "opening_hours": ""
      },
      "geometry": {
        "type": "Point",
        "coordinates": [
          12.5663696,
          44.0706561
        ]
      }
    },
    {
      "type": "Feature",
      "properties": {
        "id": 6629910519,
        "tipo": "negozio_clothes",
        "name": "Ciao-ciao",
        "phone": "",
        "website": "",
        "opening_hours": ""
      },
      "geometry": {
        "type": "Point",
        "coordinates": [
          12.5823455,
          44.0661487
        ]
      }
    },
    {
      "type": "Feature",
      "properties": {
        "id": 6629910520,
        "tipo": "negozio_optician",
        "name": "Ottica olimpia",
        "phone": "",
        "website": "",
        "opening_hours": ""
      },
      "geometry": {
        "type": "Point",
        "coordinates": [
          12.5824182,
          44.0660931
        ]
      }
    },
    {
      "type": "Feature",
      "properties": {
        "id": 6761517580,
        "tipo": "negozio_vacant",
        "name": "",
        "phone": "",
        "website": "",
        "opening_hours": ""
      },
      "geometry": {
        "type": "Point",
        "coordinates": [
          12.5363301,
          44.0892823
        ]
      }
    },
    {
      "type": "Feature",
      "properties": {
        "id": 6776239986,
        "tipo": "ufficio_it",
        "name": "Adrias Online",
        "phone": "",
        "website": "https://www.adriasonline.it",
        "opening_hours": ""
      },
      "geometry": {
        "type": "Point",
        "coordinates": [
          12.5718926,
          44.0663462
        ]
      }
    },
    {
      "type": "Feature",
      "properties": {
        "id": 6802228885,
        "tipo": "negozio_supermarket",
        "name": "Mini market",
        "phone": "",
        "website": "",
        "opening_hours": ""
      },
      "geometry": {
        "type": "Point",
        "coordinates": [
          12.5516394,
          44.0785372
        ]
      }
    },
    {
      "type": "Feature",
      "properties": {
        "id": 7049671621,
        "tipo": "negozio_tobacco",
        "name": "Tabaccheria Nazario Sauro",
        "phone": "",
        "website": "",
        "opening_hours": ""
      },
      "geometry": {
        "type": "Point",
        "coordinates": [
          12.5772869,
          44.0663698
        ]
      }
    },
    {
      "type": "Feature",
      "properties": {
        "id": 7049671622,
        "tipo": "negozio_lottery",
        "name": "Lottomatica",
        "phone": "",
        "website": "",
        "opening_hours": ""
      },
      "geometry": {
        "type": "Point",
        "coordinates": [
          12.577311,
          44.0663698
        ]
      }
    },
    {
      "type": "Feature",
      "properties": {
        "id": 7143273185,
        "tipo": "negozio_variety_store",
        "name": "",
        "phone": "",
        "website": "",
        "opening_hours": ""
      },
      "geometry": {
        "type": "Point",
        "coordinates": [
          12.568861,
          44.0602115
        ]
      }
    },
    {
      "type": "Feature",
      "properties": {
        "id": 7512127904,
        "tipo": "negozio_supermarket",
        "name": "Conad",
        "phone": "+39 0541 727256",
        "website": "https://www.conad.it/ricerca-negozi/negozio.009577.html",
        "opening_hours": "Mo-Sa 08:00-20:30; Su 08:00-20:00"
      },
      "geometry": {
        "type": "Point",
        "coordinates": [
          12.5670564,
          44.0485178
        ]
      }
    },
    {
      "type": "Feature",
      "properties": {
        "id": 7512199305,
        "tipo": "negozio_supermarket",
        "name": "Conad",
        "phone": "+39 0541 769611",
        "website": "https://www.conad.it/ricerca-negozi/negozio.006886.html",
        "opening_hours": "Mo-Su 09:00-21:00"
      },
      "geometry": {
        "type": "Point",
        "coordinates": [
          12.5862428,
          44.0395622
        ]
      }
    },
    {
      "type": "Feature",
      "properties": {
        "id": 7706815336,
        "tipo": "negozio_ticket",
        "name": "Biglietteria Start Romagna",
        "phone": "",
        "website": "",
        "opening_hours": ""
      },
      "geometry": {
        "type": "Point",
        "coordinates": [
          12.573064,
          44.0640713
        ]
      }
    },
    {
      "type": "Feature",
      "properties": {
        "id": 7835778387,
        "tipo": "negozio_optician",
        "name": "Outlet dell'occhiale",
        "phone": "",
        "website": "",
        "opening_hours": "We-Mo 09:30-12:30, Mo-Su 17:00-23:00; Tu off"
      },
      "geometry": {
        "type": "Point",
        "coordinates": [
          12.5368971,
          44.0888999
        ]
      }
    },
    {
      "type": "Feature",
      "properties": {
        "id": 7842576816,
        "tipo": "negozio_bag",
        "name": "",
        "phone": "",
        "website": "",
        "opening_hours": ""
      },
      "geometry": {
        "type": "Point",
        "coordinates": [
          12.5377608,
          44.0885785
        ]
      }
    },
    {
      "type": "Feature",
      "properties": {
        "id": 7847446864,
        "tipo": "negozio_shoes",
        "name": "Rebel Shoes",
        "phone": "",
        "website": "",
        "opening_hours": ""
      },
      "geometry": {
        "type": "Point",
        "coordinates": [
          12.538398,
          44.0881757
        ]
      }
    },
    {
      "type": "Feature",
      "properties": {
        "id": 7876644843,
        "tipo": "ufficio_company",
        "name": "Queen",
        "phone": "",
        "website": "",
        "opening_hours": ""
      },
      "geometry": {
        "type": "Point",
        "coordinates": [
          12.560521,
          44.0341569
        ]
      }
    },
    {
      "type": "Feature",
      "properties": {
        "id": 8164474041,
        "tipo": "ufficio_it",
        "name": "Lasersoft",
        "phone": "+39  0541 393206",
        "website": "http://www.lasersoft.it/",
        "opening_hours": ""
      },
      "geometry": {
        "type": "Point",
        "coordinates": [
          12.5675323,
          44.0491664
        ]
      }
    },
    {
      "type": "Feature",
      "properties": {
        "id": 8167162458,
        "tipo": "ufficio_government",
        "name": "Anagrafe - Delegazione Viserba",
        "phone": "",
        "website": "https://www.comune.rimini.it/amministrazione/uffici/delegazione-anagrafica-di-viserba/",
        "opening_hours": ""
      },
      "geometry": {
        "type": "Point",
        "coordinates": [
          12.5354031,
          44.0878047
        ]
      }
    },
    {
      "type": "Feature",
      "properties": {
        "id": 8167162463,
        "tipo": "ufficio_government",
        "name": "Comune di Rimini - Assessorato al Turismo",
        "phone": "",
        "website": "https://www.riminiturismo.it/",
        "opening_hours": ""
      },
      "geometry": {
        "type": "Point",
        "coordinates": [
          12.5775124,
          44.0713307
        ]
      }
    },
    {
      "type": "Feature",
      "properties": {
        "id": 8422053152,
        "tipo": "artigianato_embroiderer",
        "name": "Ricamificio Riminese",
        "phone": "+39 0541781430",
        "website": "https://www.ricamificioriminese.it/",
        "opening_hours": ""
      },
      "geometry": {
        "type": "Point",
        "coordinates": [
          12.5387805,
          44.0714812
        ]
      }
    },
    {
      "type": "Feature",
      "properties": {
        "id": 8618616764,
        "tipo": "ufficio_association",
        "name": "Club Alpino Italiano - Sezione Rimini",
        "phone": "",
        "website": "https://www.cairimini.it/",
        "opening_hours": ""
      },
      "geometry": {
        "type": "Point",
        "coordinates": [
          12.556931,
          44.0598375
        ]
      }
    },
    {
      "type": "Feature",
      "properties": {
        "id": 9017855746,
        "tipo": "negozio_confectionery",
        "name": "Candy Teddy",
        "phone": "",
        "website": "",
        "opening_hours": ""
      },
      "geometry": {
        "type": "Point",
        "coordinates": [
          12.5357599,
          44.0896453
        ]
      }
    },
    {
      "type": "Feature",
      "properties": {
        "id": 9038728452,
        "tipo": "negozio_general",
        "name": "",
        "phone": "",
        "website": "",
        "opening_hours": ""
      },
      "geometry": {
        "type": "Point",
        "coordinates": [
          12.5360759,
          44.0894838
        ]
      }
    },
    {
      "type": "Feature",
      "properties": {
        "id": 9042449176,
        "tipo": "negozio_clothes",
        "name": "71 Jeans Centre",
        "phone": "",
        "website": "",
        "opening_hours": ""
      },
      "geometry": {
        "type": "Point",
        "coordinates": [
          12.5372158,
          44.0889426
        ]
      }
    },
    {
      "type": "Feature",
      "properties": {
        "id": 9047552545,
        "tipo": "negozio_shoes",
        "name": "Ipanema",
        "phone": "",
        "website": "",
        "opening_hours": "Mo-Tu,Th-Su 10:00-12:00,17:00-19:00,21:00-23:00; We 21:00-23:00"
      },
      "geometry": {
        "type": "Point",
        "coordinates": [
          12.5368574,
          44.0889234
        ]
      }
    },
    {
      "type": "Feature",
      "properties": {
        "id": 9048274447,
        "tipo": "negozio_supermarket",
        "name": "Coop",
        "phone": "",
        "website": "",
        "opening_hours": "Mo-Sa 07:30-19:30; Su 08:00-13:00"
      },
      "geometry": {
        "type": "Point",
        "coordinates": [
          12.5362386,
          44.0886447
        ]
      }
    },
    {
      "type": "Feature",
      "properties": {
        "id": 9076492145,
        "tipo": "negozio_sports",
        "name": "Winner Di Tonini Maria",
        "phone": "",
        "website": "https://winnerimini.it/",
        "opening_hours": ""
      },
      "geometry": {
        "type": "Point",
        "coordinates": [
          12.5608465,
          44.0432933
        ]
      }
    },
    {
      "type": "Feature",
      "properties": {
        "id": 9094916760,
        "tipo": "negozio_convenience",
        "name": "Mini Market Riviera",
        "phone": "",
        "website": "",
        "opening_hours": ""
      },
      "geometry": {
        "type": "Point",
        "coordinates": [
          12.506476,
          44.1120448
        ]
      }
    },
    {
      "type": "Feature",
      "properties": {
        "id": 9294066921,
        "tipo": "negozio_car_repair",
        "name": "Oliviero Officina",
        "phone": "+39 0541 307340",
        "website": "https://www.officinaoliviero.com",
        "opening_hours": "Mo-Fr 07:00-21:00; Sa-Su 08:00-20:00"
      },
      "geometry": {
        "type": "Point",
        "coordinates": [
          12.5675148,
          44.0389514
        ]
      }
    },
    {
      "type": "Feature",
      "properties": {
        "id": 9323813568,
        "tipo": "negozio_car;car_repair",
        "name": "Auto In",
        "phone": "",
        "website": "",
        "opening_hours": ""
      },
      "geometry": {
        "type": "Point",
        "coordinates": [
          12.5364028,
          44.06374
        ]
      }
    },
    {
      "type": "Feature",
      "properties": {
        "id": 9955442648,
        "tipo": "negozio_garden_centre",
        "name": "Tropical Vivaio",
        "phone": "+39 330 499041",
        "website": "",
        "opening_hours": ""
      },
      "geometry": {
        "type": "Point",
        "coordinates": [
          12.5508406,
          44.027266
        ]
      }
    },
    {
      "type": "Feature",
      "properties": {
        "id": 9987938017,
        "tipo": "negozio_convenience",
        "name": "",
        "phone": "",
        "website": "",
        "opening_hours": ""
      },
      "geometry": {
        "type": "Point",
        "coordinates": [
          12.5742533,
          44.063826
        ]
      }
    },
    {
      "type": "Feature",
      "properties": {
        "id": 9987938018,
        "tipo": "negozio_travel_agency",
        "name": "i viaggi di bianco & blu",
        "phone": "",
        "website": "",
        "opening_hours": ""
      },
      "geometry": {
        "type": "Point",
        "coordinates": [
          12.5741895,
          44.0638441
        ]
      }
    },
    {
      "type": "Feature",
      "properties": {
        "id": 9989078158,
        "tipo": "negozio_books",
        "name": "Ubik",
        "phone": "+39 0541 313368",
        "website": "",
        "opening_hours": "09:00-12:30,17:00-24:00"
      },
      "geometry": {
        "type": "Point",
        "coordinates": [
          12.5366734,
          44.0893069
        ]
      }
    },
    {
      "type": "Feature",
      "properties": {
        "id": 9989103418,
        "tipo": "negozio_clothes",
        "name": "Shine",
        "phone": "",
        "website": "",
        "opening_hours": ""
      },
      "geometry": {
        "type": "Point",
        "coordinates": [
          12.5368693,
          44.0886705
        ]
      }
    },
    {
      "type": "Feature",
      "properties": {
        "id": 9989103419,
        "tipo": "negozio_deli",
        "name": "Le luverie della Moni",
        "phone": "",
        "website": "",
        "opening_hours": ""
      },
      "geometry": {
        "type": "Point",
        "coordinates": [
          12.5368414,
          44.0886424
        ]
      }
    },
    {
      "type": "Feature",
      "properties": {
        "id": 9992190646,
        "tipo": "negozio_clothes",
        "name": "Emporio centrale",
        "phone": "",
        "website": "",
        "opening_hours": ""
      },
      "geometry": {
        "type": "Point",
        "coordinates": [
          12.537041,
          44.0888382
        ]
      }
    },
    {
      "type": "Feature",
      "properties": {
        "id": 9995563971,
        "tipo": "negozio_gift",
        "name": "",
        "phone": "",
        "website": "",
        "opening_hours": ""
      },
      "geometry": {
        "type": "Point",
        "coordinates": [
          12.5420833,
          44.0853724
        ]
      }
    },
    {
      "type": "Feature",
      "properties": {
        "id": 9998219306,
        "tipo": "ufficio_estate_agent",
        "name": "Tecnocasa",
        "phone": "",
        "website": "",
        "opening_hours": ""
      },
      "geometry": {
        "type": "Point",
        "coordinates": [
          12.5371795,
          44.0884328
        ]
      }
    },
    {
      "type": "Feature",
      "properties": {
        "id": 9998269642,
        "tipo": "negozio_bakery",
        "name": "Vecchio forno",
        "phone": "",
        "website": "",
        "opening_hours": ""
      },
      "geometry": {
        "type": "Point",
        "coordinates": [
          12.5366996,
          44.0885356
        ]
      }
    },
    {
      "type": "Feature",
      "properties": {
        "id": 9998269643,
        "tipo": "negozio_hairdresser",
        "name": "",
        "phone": "",
        "website": "",
        "opening_hours": ""
      },
      "geometry": {
        "type": "Point",
        "coordinates": [
          12.5365931,
          44.0884663
        ]
      }
    },
    {
      "type": "Feature",
      "properties": {
        "id": 10048253354,
        "tipo": "negozio_greengrocer",
        "name": "",
        "phone": "",
        "website": "",
        "opening_hours": ""
      },
      "geometry": {
        "type": "Point",
        "coordinates": [
          12.6033756,
          43.9901689
        ]
      }
    },
    {
      "type": "Feature",
      "properties": {
        "id": 10243372246,
        "tipo": "negozio_hairdresser",
        "name": "Parrucchiere Claudio",
        "phone": "+39 380 523 6844",
        "website": "",
        "opening_hours": "Tu-Fr 14:00-19:00; Sa 09:00-13:00, 14:00-20:00"
      },
      "geometry": {
        "type": "Point",
        "coordinates": [
          12.6066399,
          44.0352787
        ]
      }
    },
    {
      "type": "Feature",
      "properties": {
        "id": 10246427452,
        "tipo": "negozio_hairdresser",
        "name": "Barba e capelli",
        "phone": "",
        "website": "",
        "opening_hours": ""
      },
      "geometry": {
        "type": "Point",
        "coordinates": [
          12.5688044,
          44.0635561
        ]
      }
    },
    {
      "type": "Feature",
      "properties": {
        "id": 10246431300,
        "tipo": "negozio_tobacco",
        "name": "",
        "phone": "",
        "website": "",
        "opening_hours": ""
      },
      "geometry": {
        "type": "Point",
        "coordinates": [
          12.5684366,
          44.0632536
        ]
      }
    },
    {
      "type": "Feature",
      "properties": {
        "id": 10246507357,
        "tipo": "negozio_clothes",
        "name": "Luisa Viola",
        "phone": "",
        "website": "",
        "opening_hours": ""
      },
      "geometry": {
        "type": "Point",
        "coordinates": [
          12.5693054,
          44.0587201
        ]
      }
    },
    {
      "type": "Feature",
      "properties": {
        "id": 10246520061,
        "tipo": "negozio_bag",
        "name": "Adriana",
        "phone": "",
        "website": "",
        "opening_hours": ""
      },
      "geometry": {
        "type": "Point",
        "coordinates": [
          12.5698945,
          44.0582141
        ]
      }
    },
    {
      "type": "Feature",
      "properties": {
        "id": 10246521723,
        "tipo": "negozio_jewelry",
        "name": "marulla",
        "phone": "",
        "website": "",
        "opening_hours": ""
      },
      "geometry": {
        "type": "Point",
        "coordinates": [
          12.5695173,
          44.0582816
        ]
      }
    },
    {
      "type": "Feature",
      "properties": {
        "id": 10246524690,
        "tipo": "negozio_clothes",
        "name": "Rainbow",
        "phone": "",
        "website": "",
        "opening_hours": ""
      },
      "geometry": {
        "type": "Point",
        "coordinates": [
          12.569036,
          44.0604461
        ]
      }
    },
    {
      "type": "Feature",
      "properties": {
        "id": 10246534899,
        "tipo": "negozio_shoes",
        "name": "Claudio",
        "phone": "",
        "website": "",
        "opening_hours": ""
      },
      "geometry": {
        "type": "Point",
        "coordinates": [
          12.5699417,
          44.0581525
        ]
      }
    },
    {
      "type": "Feature",
      "properties": {
        "id": 10246551154,
        "tipo": "negozio_wine",
        "name": "Evoteca",
        "phone": "",
        "website": "",
        "opening_hours": ""
      },
      "geometry": {
        "type": "Point",
        "coordinates": [
          12.5700905,
          44.0588045
        ]
      }
    },
    {
      "type": "Feature",
      "properties": {
        "id": 10246653655,
        "tipo": "negozio_convenience",
        "name": "99cent",
        "phone": "",
        "website": "",
        "opening_hours": ""
      },
      "geometry": {
        "type": "Point",
        "coordinates": [
          12.5648146,
          44.062682
        ]
      }
    },
    {
      "type": "Feature",
      "properties": {
        "id": 10247205126,
        "tipo": "negozio_clothes",
        "name": "Lazzaro!",
        "phone": "",
        "website": "",
        "opening_hours": ""
      },
      "geometry": {
        "type": "Point",
        "coordinates": [
          12.5663016,
          44.0616177
        ]
      }
    },
    {
      "type": "Feature",
      "properties": {
        "id": 10248794382,
        "tipo": "negozio_clothes",
        "name": "Calzedonia",
        "phone": "+39 0541 26138",
        "website": "",
        "opening_hours": "Mo-Sa 09:30-19:30, Su 10:00-13:00,15:30-19:30"
      },
      "geometry": {
        "type": "Point",
        "coordinates": [
          12.5670552,
          44.0606818
        ]
      }
    },
    {
      "type": "Feature",
      "properties": {
        "id": 10248820374,
        "tipo": "negozio_cosmetics",
        "name": "Wycon Cosmetics",
        "phone": "",
        "website": "",
        "opening_hours": ""
      },
      "geometry": {
        "type": "Point",
        "coordinates": [
          12.567673,
          44.0598569
        ]
      }
    },
    {
      "type": "Feature",
      "properties": {
        "id": 10248841958,
        "tipo": "negozio_optician",
        "name": "Dragoni",
        "phone": "",
        "website": "",
        "opening_hours": ""
      },
      "geometry": {
        "type": "Point",
        "coordinates": [
          12.5682042,
          44.0591798
        ]
      }
    },
    {
      "type": "Feature",
      "properties": {
        "id": 10248849510,
        "tipo": "negozio_clothes",
        "name": "Lacerba",
        "phone": "",
        "website": "",
        "opening_hours": ""
      },
      "geometry": {
        "type": "Point",
        "coordinates": [
          12.5676766,
          44.0616532
        ]
      }
    },
    {
      "type": "Feature",
      "properties": {
        "id": 10248851173,
        "tipo": "negozio_clothes",
        "name": "Luisa Spagnoli",
        "phone": "",
        "website": "",
        "opening_hours": ""
      },
      "geometry": {
        "type": "Point",
        "coordinates": [
          12.5672633,
          44.0605193
        ]
      }
    },
    {
      "type": "Feature",
      "properties": {
        "id": 10248858719,
        "tipo": "negozio_tobacco",
        "name": "Ferrini",
        "phone": "",
        "website": "",
        "opening_hours": ""
      },
      "geometry": {
        "type": "Point",
        "coordinates": [
          12.5690271,
          44.0587026
        ]
      }
    },
    {
      "type": "Feature",
      "properties": {
        "id": 10248858720,
        "tipo": "negozio_photo",
        "name": "Iris Galerie",
        "phone": "",
        "website": "",
        "opening_hours": ""
      },
      "geometry": {
        "type": "Point",
        "coordinates": [
          12.569084,
          44.0586549
        ]
      }
    },
    {
      "type": "Feature",
      "properties": {
        "id": 10248861988,
        "tipo": "negozio_clothes",
        "name": "Astolfi",
        "phone": "",
        "website": "",
        "opening_hours": ""
      },
      "geometry": {
        "type": "Point",
        "coordinates": [
          12.568806,
          44.0588192
        ]
      }
    },
    {
      "type": "Feature",
      "properties": {
        "id": 10556457080,
        "tipo": "negozio_agrarian",
        "name": "Cooperativa Terremerse Corpolò e Centro Cereali",
        "phone": "+39 0545 68 025",
        "website": "https://terremerse.it/",
        "opening_hours": ""
      },
      "geometry": {
        "type": "Point",
        "coordinates": [
          12.4599003,
          44.0259723
        ]
      }
    },
    {
      "type": "Feature",
      "properties": {
        "id": 10557057612,
        "tipo": "negozio_car_repair",
        "name": "Ruggeri Service",
        "phone": "+390541771071",
        "website": "https://ruggeri.net/",
        "opening_hours": ""
      },
      "geometry": {
        "type": "Point",
        "coordinates": [
          12.5430222,
          44.0575432
        ]
      }
    },
    {
      "type": "Feature",
      "properties": {
        "id": 10754189142,
        "tipo": "negozio_vacant",
        "name": "",
        "phone": "",
        "website": "",
        "opening_hours": ""
      },
      "geometry": {
        "type": "Point",
        "coordinates": [
          12.5672616,
          44.0541458
        ]
      }
    },
    {
      "type": "Feature",
      "properties": {
        "id": 10771253442,
        "tipo": "negozio_second_hand",
        "name": "Mercatino Usato Rimini",
        "phone": "+390541787375",
        "website": "https://rimini.mercatinousato.com/",
        "opening_hours": "Tu-Sa 10:00-13:00,15:30-19:30"
      },
      "geometry": {
        "type": "Point",
        "coordinates": [
          12.5651836,
          44.0413918
        ]
      }
    },
    {
      "type": "Feature",
      "properties": {
        "id": 10834223697,
        "tipo": "negozio_clothes",
        "name": "Dandy's by Vilma",
        "phone": "",
        "website": "",
        "opening_hours": ""
      },
      "geometry": {
        "type": "Point",
        "coordinates": [
          12.537411,
          44.0885606
        ]
      }
    },
    {
      "type": "Feature",
      "properties": {
        "id": 10836586601,
        "tipo": "negozio_convenience",
        "name": "Carrefour Express",
        "phone": "",
        "website": "",
        "opening_hours": ""
      },
      "geometry": {
        "type": "Point",
        "coordinates": [
          12.5718973,
          44.0661532
        ]
      }
    },
    {
      "type": "Feature",
      "properties": {
        "id": 10836599196,
        "tipo": "negozio_clothes",
        "name": "3 civette sul comó",
        "phone": "",
        "website": "",
        "opening_hours": ""
      },
      "geometry": {
        "type": "Point",
        "coordinates": [
          12.5680916,
          44.0632249
        ]
      }
    },
    {
      "type": "Feature",
      "properties": {
        "id": 10836727675,
        "tipo": "negozio_gift",
        "name": "Officina",
        "phone": "",
        "website": "",
        "opening_hours": ""
      },
      "geometry": {
        "type": "Point",
        "coordinates": [
          12.5691705,
          44.0603274
        ]
      }
    },
    {
      "type": "Feature",
      "properties": {
        "id": 10836738042,
        "tipo": "negozio_clothes",
        "name": "Jack & Jones",
        "phone": "",
        "website": "",
        "opening_hours": ""
      },
      "geometry": {
        "type": "Point",
        "coordinates": [
          12.5694143,
          44.0602976
        ]
      }
    },
    {
      "type": "Feature",
      "properties": {
        "id": 10836748698,
        "tipo": "negozio_shoes",
        "name": "Bel•Ami",
        "phone": "",
        "website": "",
        "opening_hours": ""
      },
      "geometry": {
        "type": "Point",
        "coordinates": [
          12.5693004,
          44.060409
        ]
      }
    },
    {
      "type": "Feature",
      "properties": {
        "id": 10836749492,
        "tipo": "negozio_deli",
        "name": "Nostrano",
        "phone": "",
        "website": "",
        "opening_hours": ""
      },
      "geometry": {
        "type": "Point",
        "coordinates": [
          12.5659643,
          44.0597575
        ]
      }
    },
    {
      "type": "Feature",
      "properties": {
        "id": 10836753131,
        "tipo": "negozio_gift",
        "name": "Casa del corredo",
        "phone": "",
        "website": "",
        "opening_hours": ""
      },
      "geometry": {
        "type": "Point",
        "coordinates": [
          12.5697177,
          44.0597227
        ]
      }
    },
    {
      "type": "Feature",
      "properties": {
        "id": 10836755484,
        "tipo": "negozio_clothes",
        "name": "VDS Rimini",
        "phone": "",
        "website": "",
        "opening_hours": ""
      },
      "geometry": {
        "type": "Point",
        "coordinates": [
          12.5689531,
          44.0605343
        ]
      }
    },
    {
      "type": "Feature",
      "properties": {
        "id": 10836761847,
        "tipo": "negozio_clothes",
        "name": "Nicole",
        "phone": "",
        "website": "",
        "opening_hours": ""
      },
      "geometry": {
        "type": "Point",
        "coordinates": [
          12.5693672,
          44.060345
        ]
      }
    },
    {
      "type": "Feature",
      "properties": {
        "id": 10836765974,
        "tipo": "negozio_clothes",
        "name": "T:meoutlet",
        "phone": "",
        "website": "",
        "opening_hours": ""
      },
      "geometry": {
        "type": "Point",
        "coordinates": [
          12.5691986,
          44.0605492
        ]
      }
    },
    {
      "type": "Feature",
      "properties": {
        "id": 10836771260,
        "tipo": "negozio_books",
        "name": "Libreria Riminese",
        "phone": "",
        "website": "",
        "opening_hours": ""
      },
      "geometry": {
        "type": "Point",
        "coordinates": [
          12.5669135,
          44.0602519
        ]
      }
    },
    {
      "type": "Feature",
      "properties": {
        "id": 10836775338,
        "tipo": "negozio_houseware",
        "name": "Paolucci",
        "phone": "",
        "website": "",
        "opening_hours": ""
      },
      "geometry": {
        "type": "Point",
        "coordinates": [
          12.5667714,
          44.0601296
        ]
      }
    },
    {
      "type": "Feature",
      "properties": {
        "id": 10836786009,
        "tipo": "negozio_tobacco",
        "name": "",
        "phone": "",
        "website": "",
        "opening_hours": ""
      },
      "geometry": {
        "type": "Point",
        "coordinates": [
          12.5656115,
          44.0602776
        ]
      }
    },
    {
      "type": "Feature",
      "properties": {
        "id": 10836793314,
        "tipo": "negozio_hairdresser",
        "name": "Jean Louis David",
        "phone": "",
        "website": "",
        "opening_hours": ""
      },
      "geometry": {
        "type": "Point",
        "coordinates": [
          12.566169,
          44.0597885
        ]
      }
    },
    {
      "type": "Feature",
      "properties": {
        "id": 10836813431,
        "tipo": "negozio_bakery",
        "name": "Il Forno della Vecchia Pescheria",
        "phone": "+39  0541 781353",
        "website": "",
        "opening_hours": "Mo-Sa 07:00-13:00,17:00-19:30"
      },
      "geometry": {
        "type": "Point",
        "coordinates": [
          12.5667277,
          44.0604527
        ]
      }
    },
    {
      "type": "Feature",
      "properties": {
        "id": 10837908969,
        "tipo": "ufficio_estate_agent",
        "name": "VistaMare",
        "phone": "",
        "website": "",
        "opening_hours": ""
      },
      "geometry": {
        "type": "Point",
        "coordinates": [
          12.566701,
          44.061872
        ]
      }
    },
    {
      "type": "Feature",
      "properties": {
        "id": 10837926839,
        "tipo": "ufficio_estate_agent",
        "name": "Immobiliare Sartini",
        "phone": "",
        "website": "",
        "opening_hours": ""
      },
      "geometry": {
        "type": "Point",
        "coordinates": [
          12.5642321,
          44.0630164
        ]
      }
    },
    {
      "type": "Feature",
      "properties": {
        "id": 10837932946,
        "tipo": "negozio_kitchen",
        "name": "Lago",
        "phone": "",
        "website": "",
        "opening_hours": ""
      },
      "geometry": {
        "type": "Point",
        "coordinates": [
          12.5644546,
          44.0628164
        ]
      }
    },
    {
      "type": "Feature",
      "properties": {
        "id": 10837942218,
        "tipo": "negozio_travel_agency",
        "name": "msafiri",
        "phone": "",
        "website": "",
        "opening_hours": ""
      },
      "geometry": {
        "type": "Point",
        "coordinates": [
          12.566355,
          44.0618168
        ]
      }
    },
    {
      "type": "Feature",
      "properties": {
        "id": 10838066129,
        "tipo": "negozio_clothes",
        "name": "Julian",
        "phone": "",
        "website": "",
        "opening_hours": ""
      },
      "geometry": {
        "type": "Point",
        "coordinates": [
          12.5661724,
          44.061543
        ]
      }
    },
    {
      "type": "Feature",
      "properties": {
        "id": 10839285833,
        "tipo": "negozio_hairdresser",
        "name": "Ascanio",
        "phone": "",
        "website": "",
        "opening_hours": ""
      },
      "geometry": {
        "type": "Point",
        "coordinates": [
          12.5704432,
          44.067439
        ]
      }
    },
    {
      "type": "Feature",
      "properties": {
        "id": 10870045834,
        "tipo": "ufficio_insurance",
        "name": "Zurich Bank",
        "phone": "",
        "website": "",
        "opening_hours": ""
      },
      "geometry": {
        "type": "Point",
        "coordinates": [
          12.5740436,
          44.0518691
        ]
      }
    },
    {
      "type": "Feature",
      "properties": {
        "id": 10933562638,
        "tipo": "artigianato_window_construction",
        "name": "Mancini Guido",
        "phone": "+390541727619",
        "website": "https://www.manciniguido.it/",
        "opening_hours": ""
      },
      "geometry": {
        "type": "Point",
        "coordinates": [
          12.5189355,
          44.054078
        ]
      }
    },
    {
      "type": "Feature",
      "properties": {
        "id": 10933590447,
        "tipo": "negozio_furniture",
        "name": "F&S Mobili",
        "phone": "+390541727699",
        "website": "https://fsmobili.business.site/",
        "opening_hours": ""
      },
      "geometry": {
        "type": "Point",
        "coordinates": [
          12.5230089,
          44.055022
        ]
      }
    },
    {
      "type": "Feature",
      "properties": {
        "id": 10933646405,
        "tipo": "artigianato_metal_construction",
        "name": "Bartolucci",
        "phone": "+390541727854",
        "website": "https://meccanicabartolucci.it/",
        "opening_hours": ""
      },
      "geometry": {
        "type": "Point",
        "coordinates": [
          12.5171849,
          44.0567923
        ]
      }
    },
    {
      "type": "Feature",
      "properties": {
        "id": 10936296005,
        "tipo": "negozio_garden_centre",
        "name": "Ghiselli Patrick",
        "phone": "",
        "website": "",
        "opening_hours": ""
      },
      "geometry": {
        "type": "Point",
        "coordinates": [
          12.4823119,
          44.0475632
        ]
      }
    },
    {
      "type": "Feature",
      "properties": {
        "id": 10936296028,
        "tipo": "negozio_car_repair",
        "name": "Bianchi Gaetano",
        "phone": "+390541728542",
        "website": "",
        "opening_hours": ""
      },
      "geometry": {
        "type": "Point",
        "coordinates": [
          12.5169921,
          44.0522048
        ]
      }
    },
    {
      "type": "Feature",
      "properties": {
        "id": 11010107123,
        "tipo": "negozio_pastry",
        "name": "Panetteria Pasticceria Primo Maggio",
        "phone": "+390541392534",
        "website": "",
        "opening_hours": ""
      },
      "geometry": {
        "type": "Point",
        "coordinates": [
          12.5762231,
          44.039919
        ]
      }
    },
    {
      "type": "Feature",
      "properties": {
        "id": 11040280860,
        "tipo": "negozio_convenience",
        "name": "Da Roberto",
        "phone": "",
        "website": "",
        "opening_hours": "Mo-Su 07:30-21:00"
      },
      "geometry": {
        "type": "Point",
        "coordinates": [
          12.5786132,
          44.0684236
        ]
      }
    },
    {
      "type": "Feature",
      "properties": {
        "id": 11048367325,
        "tipo": "negozio_wholesale",
        "name": "Teddy",
        "phone": "",
        "website": "",
        "opening_hours": ""
      },
      "geometry": {
        "type": "Point",
        "coordinates": [
          12.5835057,
          44.0318488
        ]
      }
    },
    {
      "type": "Feature",
      "properties": {
        "id": 11048367326,
        "tipo": "negozio_electronics",
        "name": "Ex Novo Computer",
        "phone": "+39 0541 680321",
        "website": "",
        "opening_hours": "Mo-Fr 09:00-13:00,14:00-18:00"
      },
      "geometry": {
        "type": "Point",
        "coordinates": [
          12.5827312,
          44.037161
        ]
      }
    },
    {
      "type": "Feature",
      "properties": {
        "id": 11048367328,
        "tipo": "negozio_nutrition_supplements",
        "name": "",
        "phone": "",
        "website": "",
        "opening_hours": ""
      },
      "geometry": {
        "type": "Point",
        "coordinates": [
          12.5838805,
          44.0373008
        ]
      }
    },
    {
      "type": "Feature",
      "properties": {
        "id": 11048367330,
        "tipo": "negozio_car_parts",
        "name": "Car Food",
        "phone": "+390541386601",
        "website": "",
        "opening_hours": ""
      },
      "geometry": {
        "type": "Point",
        "coordinates": [
          12.5811675,
          44.038934
        ]
      }
    },
    {
      "type": "Feature",
      "properties": {
        "id": 11048367331,
        "tipo": "ufficio_company",
        "name": "Marila Moda",
        "phone": "+390541383613",
        "website": "https://www.marilamoda.it/",
        "opening_hours": ""
      },
      "geometry": {
        "type": "Point",
        "coordinates": [
          12.5814385,
          44.0389694
        ]
      }
    },
    {
      "type": "Feature",
      "properties": {
        "id": 11048367332,
        "tipo": "negozio_swimming_pool",
        "name": "Idrosfera",
        "phone": "+39 0541 309815",
        "website": "https://www.idrosfera.eu/",
        "opening_hours": ""
      },
      "geometry": {
        "type": "Point",
        "coordinates": [
          12.5821336,
          44.0390642
        ]
      }
    },
    {
      "type": "Feature",
      "properties": {
        "id": 11068725509,
        "tipo": "negozio_tobacco",
        "name": "",
        "phone": "+390541309672",
        "website": "",
        "opening_hours": ""
      },
      "geometry": {
        "type": "Point",
        "coordinates": [
          12.5864484,
          44.040734
        ]
      }
    },
    {
      "type": "Feature",
      "properties": {
        "id": 11069094840,
        "tipo": "negozio_car",
        "name": "MG",
        "phone": "",
        "website": "",
        "opening_hours": ""
      },
      "geometry": {
        "type": "Point",
        "coordinates": [
          12.5887039,
          44.0424993
        ]
      }
    },
    {
      "type": "Feature",
      "properties": {
        "id": 11069094841,
        "tipo": "negozio_car",
        "name": "Mini",
        "phone": "",
        "website": "",
        "opening_hours": ""
      },
      "geometry": {
        "type": "Point",
        "coordinates": [
          12.5888744,
          44.042417
        ]
      }
    },
    {
      "type": "Feature",
      "properties": {
        "id": 11069094842,
        "tipo": "negozio_car",
        "name": "BMW",
        "phone": "",
        "website": "https://carpoint.bmw.it/",
        "opening_hours": ""
      },
      "geometry": {
        "type": "Point",
        "coordinates": [
          12.5890542,
          44.0423364
        ]
      }
    },
    {
      "type": "Feature",
      "properties": {
        "id": 11069094844,
        "tipo": "negozio_car",
        "name": "Smart",
        "phone": "",
        "website": "",
        "opening_hours": ""
      },
      "geometry": {
        "type": "Point",
        "coordinates": [
          12.5890775,
          44.042177
        ]
      }
    },
    {
      "type": "Feature",
      "properties": {
        "id": 11069094845,
        "tipo": "negozio_car",
        "name": "Mercedes-Benz",
        "phone": "",
        "website": "",
        "opening_hours": ""
      },
      "geometry": {
        "type": "Point",
        "coordinates": [
          12.5888829,
          44.0420104
        ]
      }
    },
    {
      "type": "Feature",
      "properties": {
        "id": 11069094846,
        "tipo": "negozio_car",
        "name": "Toyota",
        "phone": "",
        "website": "",
        "opening_hours": ""
      },
      "geometry": {
        "type": "Point",
        "coordinates": [
          12.5885089,
          44.0418148
        ]
      }
    },
    {
      "type": "Feature",
      "properties": {
        "id": 11069094847,
        "tipo": "negozio_car",
        "name": "Hyundai",
        "phone": "",
        "website": "",
        "opening_hours": ""
      },
      "geometry": {
        "type": "Point",
        "coordinates": [
          12.5881104,
          44.0419978
        ]
      }
    },
    {
      "type": "Feature",
      "properties": {
        "id": 11069094848,
        "tipo": "negozio_car_repair",
        "name": "",
        "phone": "",
        "website": "",
        "opening_hours": ""
      },
      "geometry": {
        "type": "Point",
        "coordinates": [
          12.5882442,
          44.0421698
        ]
      }
    },
    {
      "type": "Feature",
      "properties": {
        "id": 11079188249,
        "tipo": "negozio_optician",
        "name": "Boni & Boni",
        "phone": "+390541743350",
        "website": "",
        "opening_hours": ""
      },
      "geometry": {
        "type": "Point",
        "coordinates": [
          12.5291424,
          44.0674898
        ]
      }
    },
    {
      "type": "Feature",
      "properties": {
        "id": 11099149770,
        "tipo": "negozio_hairdresser",
        "name": "Mirage",
        "phone": "",
        "website": "",
        "opening_hours": ""
      },
      "geometry": {
        "type": "Point",
        "coordinates": [
          12.5363846,
          44.0890828
        ]
      }
    },
    {
      "type": "Feature",
      "properties": {
        "id": 11102869124,
        "tipo": "negozio_jewelry",
        "name": "Pesaresi",
        "phone": "",
        "website": "",
        "opening_hours": ""
      },
      "geometry": {
        "type": "Point",
        "coordinates": [
          12.5268489,
          44.0958113
        ]
      }
    },
    {
      "type": "Feature",
      "properties": {
        "id": 11102869125,
        "tipo": "negozio_optician",
        "name": "Ottica Filippini",
        "phone": "",
        "website": "",
        "opening_hours": ""
      },
      "geometry": {
        "type": "Point",
        "coordinates": [
          12.5271728,
          44.0958983
        ]
      }
    },
    {
      "type": "Feature",
      "properties": {
        "id": 11102956538,
        "tipo": "negozio_clothes",
        "name": "Bottega Casalini",
        "phone": "",
        "website": "",
        "opening_hours": ""
      },
      "geometry": {
        "type": "Point",
        "coordinates": [
          12.5374517,
          44.0887772
        ]
      }
    },
    {
      "type": "Feature",
      "properties": {
        "id": 11102974867,
        "tipo": "negozio_optician",
        "name": "Ottica Galassi",
        "phone": "",
        "website": "",
        "opening_hours": ""
      },
      "geometry": {
        "type": "Point",
        "coordinates": [
          12.5374092,
          44.0888045
        ]
      }
    },
    {
      "type": "Feature",
      "properties": {
        "id": 11134102129,
        "tipo": "negozio_clothes",
        "name": "Vedi mo' che Romagna",
        "phone": "",
        "website": "",
        "opening_hours": ""
      },
      "geometry": {
        "type": "Point",
        "coordinates": [
          12.5375337,
          44.0884961
        ]
      }
    },
    {
      "type": "Feature",
      "properties": {
        "id": 11134102130,
        "tipo": "negozio_general",
        "name": "Hero bigiotteria",
        "phone": "",
        "website": "",
        "opening_hours": ""
      },
      "geometry": {
        "type": "Point",
        "coordinates": [
          12.5375631,
          44.0884706
        ]
      }
    },
    {
      "type": "Feature",
      "properties": {
        "id": 11134102131,
        "tipo": "negozio_gift",
        "name": "",
        "phone": "",
        "website": "",
        "opening_hours": ""
      },
      "geometry": {
        "type": "Point",
        "coordinates": [
          12.5367756,
          44.0889849
        ]
      }
    },
    {
      "type": "Feature",
      "properties": {
        "id": 11174726679,
        "tipo": "negozio_ticket",
        "name": "Biglietteria Fiabilandia",
        "phone": "",
        "website": "",
        "opening_hours": ""
      },
      "geometry": {
        "type": "Point",
        "coordinates": [
          12.6085818,
          44.0328124
        ]
      }
    },
    {
      "type": "Feature",
      "properties": {
        "id": 11176134146,
        "tipo": "negozio_beauty",
        "name": "Estetica Élite",
        "phone": "+39 0541 77 4066",
        "website": "https://www.esteticaelite.it/",
        "opening_hours": ""
      },
      "geometry": {
        "type": "Point",
        "coordinates": [
          12.5612374,
          44.0510966
        ]
      }
    },
    {
      "type": "Feature",
      "properties": {
        "id": 11195597828,
        "tipo": "negozio_pastry",
        "name": "Rinaldini",
        "phone": "",
        "website": "",
        "opening_hours": ""
      },
      "geometry": {
        "type": "Point",
        "coordinates": [
          12.5783669,
          44.0708698
        ]
      }
    },
    {
      "type": "Feature",
      "properties": {
        "id": 11197771232,
        "tipo": "negozio_mobile_phone",
        "name": "Lyca mobile",
        "phone": "",
        "website": "",
        "opening_hours": ""
      },
      "geometry": {
        "type": "Point",
        "coordinates": [
          12.5733108,
          44.0634721
        ]
      }
    },
    {
      "type": "Feature",
      "properties": {
        "id": 11226575928,
        "tipo": "artigianato_winery",
        "name": "Colli del Cerreto",
        "phone": "+39 339 2766086",
        "website": "https://collidelcerreto.it/",
        "opening_hours": ""
      },
      "geometry": {
        "type": "Point",
        "coordinates": [
          12.552329,
          43.9966088
        ]
      }
    },
    {
      "type": "Feature",
      "properties": {
        "id": 11240727786,
        "tipo": "negozio_electronics",
        "name": "Kenovo Italia Franchising",
        "phone": "+39 0541 680321",
        "website": "",
        "opening_hours": "Mo-Fr 09:00-13:00,14:00-18:00"
      },
      "geometry": {
        "type": "Point",
        "coordinates": [
          12.582687,
          44.0370943
        ]
      }
    },
    {
      "type": "Feature",
      "properties": {
        "id": 11285908144,
        "tipo": "negozio_tobacco",
        "name": "L'Angolo della Fortuna",
        "phone": "+39 0541 14 13468",
        "website": "",
        "opening_hours": "Mo-Sa 07:30-20:00"
      },
      "geometry": {
        "type": "Point",
        "coordinates": [
          12.5780573,
          44.0584736
        ]
      }
    },
    {
      "type": "Feature",
      "properties": {
        "id": 11290774163,
        "tipo": "negozio_car",
        "name": "Ricci Due",
        "phone": "+390541390388",
        "website": "https://www.riccimotors.it/",
        "opening_hours": ""
      },
      "geometry": {
        "type": "Point",
        "coordinates": [
          12.5753839,
          44.0443797
        ]
      }
    },
    {
      "type": "Feature",
      "properties": {
        "id": 11290774164,
        "tipo": "negozio_motorcycle",
        "name": "Ricci due",
        "phone": "+390541390388",
        "website": "https://www.riccimotors.it/",
        "opening_hours": ""
      },
      "geometry": {
        "type": "Point",
        "coordinates": [
          12.5755573,
          44.0440985
        ]
      }
    },
    {
      "type": "Feature",
      "properties": {
        "id": 11327879036,
        "tipo": "negozio_tobacco",
        "name": "",
        "phone": "",
        "website": "",
        "opening_hours": ""
      },
      "geometry": {
        "type": "Point",
        "coordinates": [
          12.5270224,
          44.0957761
        ]
      }
    },
    {
      "type": "Feature",
      "properties": {
        "id": 11327879037,
        "tipo": "negozio_hairdresser",
        "name": "Coiffeur Cris e Nicole",
        "phone": "",
        "website": "",
        "opening_hours": ""
      },
      "geometry": {
        "type": "Point",
        "coordinates": [
          12.5265317,
          44.0961405
        ]
      }
    },
    {
      "type": "Feature",
      "properties": {
        "id": 11327879038,
        "tipo": "negozio_supermarket",
        "name": "CRAI Viserbella",
        "phone": "",
        "website": "",
        "opening_hours": ""
      },
      "geometry": {
        "type": "Point",
        "coordinates": [
          12.5258324,
          44.0966382
        ]
      }
    },
    {
      "type": "Feature",
      "properties": {
        "id": 11327879040,
        "tipo": "negozio_laundry",
        "name": "LavaFacile",
        "phone": "",
        "website": "",
        "opening_hours": ""
      },
      "geometry": {
        "type": "Point",
        "coordinates": [
          12.5204061,
          44.1008279
        ]
      }
    },
    {
      "type": "Feature",
      "properties": {
        "id": 11327879041,
        "tipo": "negozio_tobacco",
        "name": "",
        "phone": "",
        "website": "",
        "opening_hours": ""
      },
      "geometry": {
        "type": "Point",
        "coordinates": [
          12.5201523,
          44.1010204
        ]
      }
    },
    {
      "type": "Feature",
      "properties": {
        "id": 11327879042,
        "tipo": "negozio_tobacco",
        "name": "Tabaccheria Biagini, Rivendita N.89",
        "phone": "",
        "website": "",
        "opening_hours": ""
      },
      "geometry": {
        "type": "Point",
        "coordinates": [
          12.5163427,
          44.1040171
        ]
      }
    },
    {
      "type": "Feature",
      "properties": {
        "id": 11327879043,
        "tipo": "negozio_supermarket",
        "name": "Mini Market & Alimentari",
        "phone": "",
        "website": "",
        "opening_hours": ""
      },
      "geometry": {
        "type": "Point",
        "coordinates": [
          12.5138446,
          44.1060302
        ]
      }
    },
    {
      "type": "Feature",
      "properties": {
        "id": 11327879046,
        "tipo": "negozio_hairdresser",
        "name": "Salone Attilio",
        "phone": "",
        "website": "",
        "opening_hours": ""
      },
      "geometry": {
        "type": "Point",
        "coordinates": [
          12.5124027,
          44.1073752
        ]
      }
    },
    {
      "type": "Feature",
      "properties": {
        "id": 11327879047,
        "tipo": "negozio_tobacco",
        "name": "Bernardi, Rivendita N.54",
        "phone": "",
        "website": "",
        "opening_hours": ""
      },
      "geometry": {
        "type": "Point",
        "coordinates": [
          12.51013,
          44.1074665
        ]
      }
    },
    {
      "type": "Feature",
      "properties": {
        "id": 11338676554,
        "tipo": "ufficio_financial_advisor",
        "name": "Investire",
        "phone": "",
        "website": "",
        "opening_hours": ""
      },
      "geometry": {
        "type": "Point",
        "coordinates": [
          12.563206,
          44.0712867
        ]
      }
    },
    {
      "type": "Feature",
      "properties": {
        "id": 11338676555,
        "tipo": "negozio_curtain",
        "name": "Tuttotenda",
        "phone": "",
        "website": "",
        "opening_hours": ""
      },
      "geometry": {
        "type": "Point",
        "coordinates": [
          12.5632023,
          44.0716994
        ]
      }
    },
    {
      "type": "Feature",
      "properties": {
        "id": 11338676557,
        "tipo": "negozio_car_repair",
        "name": "Officina Multimarche",
        "phone": "",
        "website": "",
        "opening_hours": ""
      },
      "geometry": {
        "type": "Point",
        "coordinates": [
          12.5628976,
          44.0718205
        ]
      }
    },
    {
      "type": "Feature",
      "properties": {
        "id": 11340997576,
        "tipo": "negozio_supermarket",
        "name": "",
        "phone": "",
        "website": "",
        "opening_hours": ""
      },
      "geometry": {
        "type": "Point",
        "coordinates": [
          12.5152967,
          44.1047622
        ]
      }
    },
    {
      "type": "Feature",
      "properties": {
        "id": 11353195422,
        "tipo": "negozio_clothes",
        "name": "Divisa Militare",
        "phone": "",
        "website": "",
        "opening_hours": "Mo-Fr 08:00-19:00"
      },
      "geometry": {
        "type": "Point",
        "coordinates": [
          12.6177559,
          44.0282728
        ]
      }
    },
    {
      "type": "Feature",
      "properties": {
        "id": 11362528679,
        "tipo": "negozio_tobacco",
        "name": "",
        "phone": "",
        "website": "",
        "opening_hours": ""
      },
      "geometry": {
        "type": "Point",
        "coordinates": [
          12.5415916,
          44.0860168
        ]
      }
    },
    {
      "type": "Feature",
      "properties": {
        "id": 11362528680,
        "tipo": "negozio_laundry",
        "name": "L'isola che c'è",
        "phone": "",
        "website": "",
        "opening_hours": "Mo-Su,PH 06:00-23:00"
      },
      "geometry": {
        "type": "Point",
        "coordinates": [
          12.5414649,
          44.0861039
        ]
      }
    },
    {
      "type": "Feature",
      "properties": {
        "id": 11362528683,
        "tipo": "negozio_tobacco",
        "name": "",
        "phone": "",
        "website": "",
        "opening_hours": ""
      },
      "geometry": {
        "type": "Point",
        "coordinates": [
          12.5377614,
          44.0885228
        ]
      }
    },
    {
      "type": "Feature",
      "properties": {
        "id": 11362528686,
        "tipo": "negozio_tobacco",
        "name": "",
        "phone": "",
        "website": "",
        "opening_hours": ""
      },
      "geometry": {
        "type": "Point",
        "coordinates": [
          12.5315428,
          44.0924984
        ]
      }
    },
    {
      "type": "Feature",
      "properties": {
        "id": 11363608369,
        "tipo": "negozio_clothes",
        "name": "Bibì",
        "phone": "",
        "website": "",
        "opening_hours": ""
      },
      "geometry": {
        "type": "Point",
        "coordinates": [
          12.5588081,
          44.0741836
        ]
      }
    },
    {
      "type": "Feature",
      "properties": {
        "id": 11363608370,
        "tipo": "negozio_hairdresser",
        "name": "Ice BarberShop",
        "phone": "",
        "website": "",
        "opening_hours": ""
      },
      "geometry": {
        "type": "Point",
        "coordinates": [
          12.5588389,
          44.0741652
        ]
      }
    },
    {
      "type": "Feature",
      "properties": {
        "id": 11363608669,
        "tipo": "negozio_laundry",
        "name": "Cristina",
        "phone": "",
        "website": "",
        "opening_hours": ""
      },
      "geometry": {
        "type": "Point",
        "coordinates": [
          12.5588883,
          44.0741366
        ]
      }
    },
    {
      "type": "Feature",
      "properties": {
        "id": 11363865698,
        "tipo": "ufficio_company",
        "name": "UMPI SRL",
        "phone": "+39 0541833160",
        "website": "https://www.umpi.it/",
        "opening_hours": ""
      },
      "geometry": {
        "type": "Point",
        "coordinates": [
          12.5667837,
          44.0399454
        ]
      }
    },
    {
      "type": "Feature",
      "properties": {
        "id": 11365972352,
        "tipo": "negozio_cosmetics",
        "name": "Lush",
        "phone": "",
        "website": "",
        "opening_hours": ""
      },
      "geometry": {
        "type": "Point",
        "coordinates": [
          12.5871878,
          44.0396426
        ]
      }
    },
    {
      "type": "Feature",
      "properties": {
        "id": 11411816517,
        "tipo": "negozio_herbalist",
        "name": "L'Erbolario",
        "phone": "+390541383432",
        "website": "",
        "opening_hours": ""
      },
      "geometry": {
        "type": "Point",
        "coordinates": [
          12.5870709,
          44.0396295
        ]
      }
    },
    {
      "type": "Feature",
      "properties": {
        "id": 11411816519,
        "tipo": "negozio_toys",
        "name": "Lego",
        "phone": "+390541317383",
        "website": "",
        "opening_hours": ""
      },
      "geometry": {
        "type": "Point",
        "coordinates": [
          12.5871225,
          44.0401239
        ]
      }
    },
    {
      "type": "Feature",
      "properties": {
        "id": 11446878269,
        "tipo": "negozio_laundry",
        "name": "Dema",
        "phone": "",
        "website": "",
        "opening_hours": "Mo-Su,PH 06:30-22:30"
      },
      "geometry": {
        "type": "Point",
        "coordinates": [
          12.5827954,
          44.0613748
        ]
      }
    },
    {
      "type": "Feature",
      "properties": {
        "id": 11756691104,
        "tipo": "negozio_sewing",
        "name": "Il mio capriccio",
        "phone": "",
        "website": "",
        "opening_hours": ""
      },
      "geometry": {
        "type": "Point",
        "coordinates": [
          12.5373175,
          44.088526
        ]
      }
    },
    {
      "type": "Feature",
      "properties": {
        "id": 11757446769,
        "tipo": "negozio_pastry",
        "name": "Pasticceria Delizia",
        "phone": "+39 0541 377 033",
        "website": "https://www.pasticceriadeliziarimini.it/",
        "opening_hours": "Tu-Su 06:30-13:00; Mo-Sa 16:00-19:30"
      },
      "geometry": {
        "type": "Point",
        "coordinates": [
          12.608523,
          44.0365914
        ]
      }
    },
    {
      "type": "Feature",
      "properties": {
        "id": 11844647369,
        "tipo": "negozio_butcher",
        "name": "Macelleria Sanvitese 77",
        "phone": "",
        "website": "",
        "opening_hours": "Mo-Sa 07:00-13:00, 15:30-19:30"
      },
      "geometry": {
        "type": "Point",
        "coordinates": [
          12.4583811,
          44.0852912
        ]
      }
    },
    {
      "type": "Feature",
      "properties": {
        "id": 11844665769,
        "tipo": "negozio_deli",
        "name": "Piadineria La Gustosa",
        "phone": "",
        "website": "https://gustosasanvito.it",
        "opening_hours": "We-Mo 11:00-14:00, 18:00-21:30"
      },
      "geometry": {
        "type": "Point",
        "coordinates": [
          12.4572314,
          44.0842011
        ]
      }
    },
    {
      "type": "Feature",
      "properties": {
        "id": 11961140702,
        "tipo": "artigianato_electronics_repair",
        "name": "Manny Service Group",
        "phone": "+3905411647028",
        "website": "https://www.mannyservicerimini.com/",
        "opening_hours": ""
      },
      "geometry": {
        "type": "Point",
        "coordinates": [
          12.5814723,
          44.0386075
        ]
      }
    },
    {
      "type": "Feature",
      "properties": {
        "id": 11998402706,
        "tipo": "ufficio_union",
        "name": "CISL",
        "phone": "+390541799800",
        "website": "",
        "opening_hours": ""
      },
      "geometry": {
        "type": "Point",
        "coordinates": [
          12.5537781,
          44.0539428
        ]
      }
    },
    {
      "type": "Feature",
      "properties": {
        "id": 11998402707,
        "tipo": "ufficio_union",
        "name": "CGIL",
        "phone": "+390541779911",
        "website": "",
        "opening_hours": ""
      },
      "geometry": {
        "type": "Point",
        "coordinates": [
          12.5538228,
          44.0539032
        ]
      }
    },
    {
      "type": "Feature",
      "properties": {
        "id": 12053639470,
        "tipo": "negozio_florist",
        "name": "Piccadilly Fiori",
        "phone": "",
        "website": "",
        "opening_hours": ""
      },
      "geometry": {
        "type": "Point",
        "coordinates": [
          12.5309808,
          44.0832275
        ]
      }
    },
    {
      "type": "Feature",
      "properties": {
        "id": 12062784319,
        "tipo": "negozio_chemist",
        "name": "Tigotà",
        "phone": "+39 0541 39 40 62",
        "website": "",
        "opening_hours": ""
      },
      "geometry": {
        "type": "Point",
        "coordinates": [
          12.5812385,
          44.0475671
        ]
      }
    },
    {
      "type": "Feature",
      "properties": {
        "id": 12065055869,
        "tipo": "negozio_bakery",
        "name": "Cocciolo",
        "phone": "",
        "website": "",
        "opening_hours": ""
      },
      "geometry": {
        "type": "Point",
        "coordinates": [
          12.546289,
          44.0692929
        ]
      }
    },
    {
      "type": "Feature",
      "properties": {
        "id": 12073236224,
        "tipo": "ufficio_union",
        "name": "Uil Trasporti",
        "phone": "+39 0541 78 01 07",
        "website": "http://www.uil-rimini.it/",
        "opening_hours": ""
      },
      "geometry": {
        "type": "Point",
        "coordinates": [
          12.5814838,
          44.0478152
        ]
      }
    },
    {
      "type": "Feature",
      "properties": {
        "id": 12100219628,
        "tipo": "ufficio_company",
        "name": "Novomatic",
        "phone": "",
        "website": "",
        "opening_hours": ""
      },
      "geometry": {
        "type": "Point",
        "coordinates": [
          12.5392618,
          44.0718231
        ]
      }
    },
    {
      "type": "Feature",
      "properties": {
        "id": 12101765964,
        "tipo": "negozio_furniture",
        "name": "Divani e Divani",
        "phone": "+390541798822",
        "website": "https://www.divaniedivani.it/",
        "opening_hours": ""
      },
      "geometry": {
        "type": "Point",
        "coordinates": [
          12.5523893,
          44.0467682
        ]
      }
    },
    {
      "type": "Feature",
      "properties": {
        "id": 12101765965,
        "tipo": "ufficio_company",
        "name": "Coni",
        "phone": "+390541772043",
        "website": "",
        "opening_hours": ""
      },
      "geometry": {
        "type": "Point",
        "coordinates": [
          12.5520515,
          44.0470439
        ]
      }
    },
    {
      "type": "Feature",
      "properties": {
        "id": 12105174905,
        "tipo": "negozio_convenience",
        "name": "Rini Bangla",
        "phone": "",
        "website": "",
        "opening_hours": ""
      },
      "geometry": {
        "type": "Point",
        "coordinates": [
          12.5731052,
          44.0637129
        ]
      }
    },
    {
      "type": "Feature",
      "properties": {
        "id": 12108580845,
        "tipo": "negozio_stationery",
        "name": "La Storia Infinita",
        "phone": "",
        "website": "",
        "opening_hours": ""
      },
      "geometry": {
        "type": "Point",
        "coordinates": [
          12.5641426,
          44.0709861
        ]
      }
    },
    {
      "type": "Feature",
      "properties": {
        "id": 12108585230,
        "tipo": "negozio_convenience",
        "name": "Minimarket",
        "phone": "",
        "website": "",
        "opening_hours": ""
      },
      "geometry": {
        "type": "Point",
        "coordinates": [
          12.5644673,
          44.0746538
        ]
      }
    },
    {
      "type": "Feature",
      "properties": {
        "id": 12108585231,
        "tipo": "ufficio_insurance",
        "name": "Groupama",
        "phone": "",
        "website": "",
        "opening_hours": ""
      },
      "geometry": {
        "type": "Point",
        "coordinates": [
          12.5645452,
          44.0746347
        ]
      }
    },
    {
      "type": "Feature",
      "properties": {
        "id": 12108585233,
        "tipo": "negozio_clothes",
        "name": "Anastasia",
        "phone": "",
        "website": "",
        "opening_hours": ""
      },
      "geometry": {
        "type": "Point",
        "coordinates": [
          12.5651189,
          44.07458
        ]
      }
    },
    {
      "type": "Feature",
      "properties": {
        "id": 12108585235,
        "tipo": "artigianato_photographer",
        "name": "Frisoni",
        "phone": "",
        "website": "",
        "opening_hours": ""
      },
      "geometry": {
        "type": "Point",
        "coordinates": [
          12.5659269,
          44.0744453
        ]
      }
    },
    {
      "type": "Feature",
      "properties": {
        "id": 12108585236,
        "tipo": "negozio_clothes",
        "name": "Giorgiagnoli",
        "phone": "",
        "website": "",
        "opening_hours": ""
      },
      "geometry": {
        "type": "Point",
        "coordinates": [
          12.5660026,
          44.074438
        ]
      }
    },
    {
      "type": "Feature",
      "properties": {
        "id": 12108585237,
        "tipo": "negozio_sports",
        "name": "Asail",
        "phone": "",
        "website": "",
        "opening_hours": ""
      },
      "geometry": {
        "type": "Point",
        "coordinates": [
          12.566253,
          44.0744417
        ]
      }
    },
    {
      "type": "Feature",
      "properties": {
        "id": 12108585240,
        "tipo": "negozio_tobacco",
        "name": "",
        "phone": "",
        "website": "",
        "opening_hours": ""
      },
      "geometry": {
        "type": "Point",
        "coordinates": [
          12.5683267,
          44.0741967
        ]
      }
    },
    {
      "type": "Feature",
      "properties": {
        "id": 12108585241,
        "tipo": "negozio_gift",
        "name": "",
        "phone": "",
        "website": "",
        "opening_hours": ""
      },
      "geometry": {
        "type": "Point",
        "coordinates": [
          12.5684422,
          44.0741944
        ]
      }
    },
    {
      "type": "Feature",
      "properties": {
        "id": 12108585242,
        "tipo": "negozio_sports",
        "name": "Surf Corner",
        "phone": "",
        "website": "",
        "opening_hours": ""
      },
      "geometry": {
        "type": "Point",
        "coordinates": [
          12.568576,
          44.0742199
        ]
      }
    },
    {
      "type": "Feature",
      "properties": {
        "id": 12108600419,
        "tipo": "negozio_interior_decoration",
        "name": "Daine",
        "phone": "",
        "website": "",
        "opening_hours": ""
      },
      "geometry": {
        "type": "Point",
        "coordinates": [
          12.5705705,
          44.0738217
        ]
      }
    },
    {
      "type": "Feature",
      "properties": {
        "id": 12108600420,
        "tipo": "negozio_furniture",
        "name": "Knindustrie",
        "phone": "",
        "website": "",
        "opening_hours": ""
      },
      "geometry": {
        "type": "Point",
        "coordinates": [
          12.5704491,
          44.0736929
        ]
      }
    },
    {
      "type": "Feature",
      "properties": {
        "id": 12108600421,
        "tipo": "negozio_sports",
        "name": "",
        "phone": "",
        "website": "",
        "opening_hours": ""
      },
      "geometry": {
        "type": "Point",
        "coordinates": [
          12.5698961,
          44.0732556
        ]
      }
    },
    {
      "type": "Feature",
      "properties": {
        "id": 12108600423,
        "tipo": "negozio_tobacco",
        "name": "Lotto Tabaccheria Sisal",
        "phone": "",
        "website": "",
        "opening_hours": ""
      },
      "geometry": {
        "type": "Point",
        "coordinates": [
          12.569033,
          44.0719168
        ]
      }
    },
    {
      "type": "Feature",
      "properties": {
        "id": 12108600424,
        "tipo": "negozio_travel_agency",
        "name": "3C Travel",
        "phone": "",
        "website": "",
        "opening_hours": ""
      },
      "geometry": {
        "type": "Point",
        "coordinates": [
          12.569015,
          44.0718426
        ]
      }
    },
    {
      "type": "Feature",
      "properties": {
        "id": 12108600425,
        "tipo": "negozio_bakery",
        "name": "Monaldi",
        "phone": "",
        "website": "",
        "opening_hours": ""
      },
      "geometry": {
        "type": "Point",
        "coordinates": [
          12.5688329,
          44.0716271
        ]
      }
    },
    {
      "type": "Feature",
      "properties": {
        "id": 12108600427,
        "tipo": "ufficio_estate_agent",
        "name": "Rimini Case",
        "phone": "",
        "website": "",
        "opening_hours": ""
      },
      "geometry": {
        "type": "Point",
        "coordinates": [
          12.5686185,
          44.071276
        ]
      }
    },
    {
      "type": "Feature",
      "properties": {
        "id": 12108600428,
        "tipo": "negozio_toys",
        "name": "La Cartiera",
        "phone": "",
        "website": "",
        "opening_hours": ""
      },
      "geometry": {
        "type": "Point",
        "coordinates": [
          12.568654,
          44.0713212
        ]
      }
    },
    {
      "type": "Feature",
      "properties": {
        "id": 12108609414,
        "tipo": "negozio_beauty",
        "name": "Epilsugar",
        "phone": "",
        "website": "",
        "opening_hours": ""
      },
      "geometry": {
        "type": "Point",
        "coordinates": [
          12.5678264,
          44.070571
        ]
      }
    },
    {
      "type": "Feature",
      "properties": {
        "id": 12108609416,
        "tipo": "negozio_seafood",
        "name": "Pescheria del Porto",
        "phone": "",
        "website": "",
        "opening_hours": ""
      },
      "geometry": {
        "type": "Point",
        "coordinates": [
          12.5673184,
          44.0692775
        ]
      }
    },
    {
      "type": "Feature",
      "properties": {
        "id": 12108609417,
        "tipo": "negozio_perfumery",
        "name": "Mimosa",
        "phone": "",
        "website": "",
        "opening_hours": ""
      },
      "geometry": {
        "type": "Point",
        "coordinates": [
          12.5666367,
          44.0692022
        ]
      }
    },
    {
      "type": "Feature",
      "properties": {
        "id": 12108609418,
        "tipo": "negozio_dry_cleaning",
        "name": "LavaFacile",
        "phone": "",
        "website": "",
        "opening_hours": ""
      },
      "geometry": {
        "type": "Point",
        "coordinates": [
          12.5665756,
          44.069234
        ]
      }
    },
    {
      "type": "Feature",
      "properties": {
        "id": 12108609419,
        "tipo": "negozio_hairdresser",
        "name": "Dacci un Taglio",
        "phone": "",
        "website": "",
        "opening_hours": ""
      },
      "geometry": {
        "type": "Point",
        "coordinates": [
          12.5664677,
          44.0692984
        ]
      }
    },
    {
      "type": "Feature",
      "properties": {
        "id": 12108655226,
        "tipo": "negozio_beauty",
        "name": "Prima Tu",
        "phone": "",
        "website": "",
        "opening_hours": ""
      },
      "geometry": {
        "type": "Point",
        "coordinates": [
          12.5514795,
          44.0786523
        ]
      }
    },
    {
      "type": "Feature",
      "properties": {
        "id": 12110742818,
        "tipo": "ufficio_lawyer",
        "name": "Avv. Stefano Barbiani",
        "phone": "",
        "website": "",
        "opening_hours": ""
      },
      "geometry": {
        "type": "Point",
        "coordinates": [
          12.5663688,
          44.0600706
        ]
      }
    },
    {
      "type": "Feature",
      "properties": {
        "id": 12115461860,
        "tipo": "negozio_car_repair",
        "name": "Auto Plus",
        "phone": "",
        "website": "",
        "opening_hours": ""
      },
      "geometry": {
        "type": "Point",
        "coordinates": [
          12.5452987,
          44.0694024
        ]
      }
    },
    {
      "type": "Feature",
      "properties": {
        "id": 12117459000,
        "tipo": "artigianato_dressmaker",
        "name": "Zhao",
        "phone": "",
        "website": "",
        "opening_hours": ""
      },
      "geometry": {
        "type": "Point",
        "coordinates": [
          12.5465316,
          44.0692386
        ]
      }
    },
    {
      "type": "Feature",
      "properties": {
        "id": 12118384787,
        "tipo": "negozio_hairdresser",
        "name": "Stilista Angela Unisex",
        "phone": "",
        "website": "",
        "opening_hours": ""
      },
      "geometry": {
        "type": "Point",
        "coordinates": [
          12.5520017,
          44.0787146
        ]
      }
    },
    {
      "type": "Feature",
      "properties": {
        "id": 12139673436,
        "tipo": "negozio_clothes",
        "name": "Lappi",
        "phone": "",
        "website": "",
        "opening_hours": ""
      },
      "geometry": {
        "type": "Point",
        "coordinates": [
          12.5111675,
          44.1080954
        ]
      }
    },
    {
      "type": "Feature",
      "properties": {
        "id": 12147929280,
        "tipo": "negozio_clothes",
        "name": "Orivel Moda",
        "phone": "",
        "website": "",
        "opening_hours": ""
      },
      "geometry": {
        "type": "Point",
        "coordinates": [
          12.5627959,
          44.0590112
        ]
      }
    },
    {
      "type": "Feature",
      "properties": {
        "id": 12149398539,
        "tipo": "negozio_tobacco",
        "name": "",
        "phone": "",
        "website": "",
        "opening_hours": ""
      },
      "geometry": {
        "type": "Point",
        "coordinates": [
          12.5673786,
          44.0491066
        ]
      }
    },
    {
      "type": "Feature",
      "properties": {
        "id": 12153089202,
        "tipo": "negozio_newsagent",
        "name": "",
        "phone": "",
        "website": "",
        "opening_hours": ""
      },
      "geometry": {
        "type": "Point",
        "coordinates": [
          12.5337343,
          44.0881977
        ]
      }
    },
    {
      "type": "Feature",
      "properties": {
        "id": 12157884092,
        "tipo": "negozio_tobacco",
        "name": "CB Conti Bruna",
        "phone": "",
        "website": "",
        "opening_hours": ""
      },
      "geometry": {
        "type": "Point",
        "coordinates": [
          12.5330215,
          44.0881893
        ]
      }
    },
    {
      "type": "Feature",
      "properties": {
        "id": 12160177895,
        "tipo": "negozio_clothes",
        "name": "",
        "phone": "",
        "website": "",
        "opening_hours": ""
      },
      "geometry": {
        "type": "Point",
        "coordinates": [
          12.5381254,
          44.0880638
        ]
      }
    },
    {
      "type": "Feature",
      "properties": {
        "id": 12160177897,
        "tipo": "negozio_clothes",
        "name": "",
        "phone": "",
        "website": "",
        "opening_hours": ""
      },
      "geometry": {
        "type": "Point",
        "coordinates": [
          12.5380079,
          44.0881344
        ]
      }
    },
    {
      "type": "Feature",
      "properties": {
        "id": 12169442098,
        "tipo": "negozio_bakery",
        "name": "I Panettieri",
        "phone": "+39 0541 775837",
        "website": "https://www.ipanettieririmini.com/",
        "opening_hours": "Mo-Su 07:00-13:30"
      },
      "geometry": {
        "type": "Point",
        "coordinates": [
          12.5526006,
          44.0517409
        ]
      }
    },
    {
      "type": "Feature",
      "properties": {
        "id": 12175022789,
        "tipo": "ufficio_association",
        "name": "Zuga Remni",
        "phone": "",
        "website": "https://zugaremni.it/",
        "opening_hours": "Th 21:00-02:00"
      },
      "geometry": {
        "type": "Point",
        "coordinates": [
          12.5708643,
          44.0052244
        ]
      }
    },
    {
      "type": "Feature",
      "properties": {
        "id": 12179788852,
        "tipo": "negozio_jewelry",
        "name": "Elite Bijoux",
        "phone": "+390541388966",
        "website": "https://www.elitebijoux.it/",
        "opening_hours": ""
      },
      "geometry": {
        "type": "Point",
        "coordinates": [
          12.5831374,
          44.0371835
        ]
      }
    },
    {
      "type": "Feature",
      "properties": {
        "id": 12203624980,
        "tipo": "negozio_money_lender",
        "name": "Signor Prestito",
        "phone": "+3905411743539",
        "website": "https://www.signorprestito.it/filiali/rimini",
        "opening_hours": ""
      },
      "geometry": {
        "type": "Point",
        "coordinates": [
          12.588832,
          44.0433256
        ]
      }
    },
    {
      "type": "Feature",
      "properties": {
        "id": 12203691558,
        "tipo": "negozio_bed",
        "name": "Dorelan",
        "phone": "+390541772515",
        "website": "https://www.dorelan.it/pages/dorelan-rimini",
        "opening_hours": ""
      },
      "geometry": {
        "type": "Point",
        "coordinates": [
          12.554479,
          44.0568004
        ]
      }
    },
    {
      "type": "Feature",
      "properties": {
        "id": 12230291850,
        "tipo": "negozio_clothes",
        "name": "Jack & Jones",
        "phone": "",
        "website": "",
        "opening_hours": ""
      },
      "geometry": {
        "type": "Point",
        "coordinates": [
          12.5870307,
          44.0397268
        ]
      }
    },
    {
      "type": "Feature",
      "properties": {
        "id": 12230291851,
        "tipo": "negozio_clothes",
        "name": "Calliope",
        "phone": "",
        "website": "",
        "opening_hours": ""
      },
      "geometry": {
        "type": "Point",
        "coordinates": [
          12.5870396,
          44.039701
        ]
      }
    },
    {
      "type": "Feature",
      "properties": {
        "id": 12230291853,
        "tipo": "negozio_clothes",
        "name": "Intimissimi",
        "phone": "",
        "website": "",
        "opening_hours": ""
      },
      "geometry": {
        "type": "Point",
        "coordinates": [
          12.5873829,
          44.0403942
        ]
      }
    },
    {
      "type": "Feature",
      "properties": {
        "id": 12257941021,
        "tipo": "ufficio_it",
        "name": "Zeitgroup",
        "phone": "+390541388582",
        "website": "https://www.zeitgroup.com/",
        "opening_hours": "Mo-Fr 08:30-12:30 14:30-18:30"
      },
      "geometry": {
        "type": "Point",
        "coordinates": [
          12.5743245,
          44.0425501
        ]
      }
    },
    {
      "type": "Feature",
      "properties": {
        "id": 12263112701,
        "tipo": "negozio_jewelry",
        "name": "Aldo Tamburini",
        "phone": "",
        "website": "",
        "opening_hours": ""
      },
      "geometry": {
        "type": "Point",
        "coordinates": [
          12.5694282,
          44.0596246
        ]
      }
    },
    {
      "type": "Feature",
      "properties": {
        "id": 12331614938,
        "tipo": "negozio_clothes",
        "name": "",
        "phone": "",
        "website": "",
        "opening_hours": ""
      },
      "geometry": {
        "type": "Point",
        "coordinates": [
          12.4523057,
          44.0195173
        ]
      }
    },
    {
      "type": "Feature",
      "properties": {
        "id": 12357656187,
        "tipo": "ufficio_consulting",
        "name": "Gecontract",
        "phone": "+390541414076",
        "website": "https://www.gecontract.com/",
        "opening_hours": ""
      },
      "geometry": {
        "type": "Point",
        "coordinates": [
          12.560445,
          44.0421626
        ]
      }
    },
    {
      "type": "Feature",
      "properties": {
        "id": 12376566943,
        "tipo": "negozio_laundry",
        "name": "Clean island",
        "phone": "+39 331 323 1513",
        "website": "",
        "opening_hours": "Mo-Su 06:00-00:00"
      },
      "geometry": {
        "type": "Point",
        "coordinates": [
          12.6216436,
          44.0311131
        ]
      }
    },
    {
      "type": "Feature",
      "properties": {
        "id": 12378835229,
        "tipo": "negozio_hairdresser",
        "name": "Nuova Sensazione",
        "phone": "+39 331 745 8560",
        "website": "",
        "opening_hours": ""
      },
      "geometry": {
        "type": "Point",
        "coordinates": [
          12.6189266,
          44.0308305
        ]
      }
    },
    {
      "type": "Feature",
      "properties": {
        "id": 12386119713,
        "tipo": "negozio_supermarket",
        "name": "Conad",
        "phone": "",
        "website": "",
        "opening_hours": ""
      },
      "geometry": {
        "type": "Point",
        "coordinates": [
          12.5711861,
          44.0600954
        ]
      }
    },
    {
      "type": "Feature",
      "properties": {
        "id": 12395593326,
        "tipo": "negozio_clothes",
        "name": "Yamamay",
        "phone": "",
        "website": "",
        "opening_hours": ""
      },
      "geometry": {
        "type": "Point",
        "coordinates": [
          12.5871392,
          44.0398243
        ]
      }
    },
    {
      "type": "Feature",
      "properties": {
        "id": 12451237765,
        "tipo": "negozio_chemist",
        "name": "Tigotà",
        "phone": "",
        "website": "",
        "opening_hours": ""
      },
      "geometry": {
        "type": "Point",
        "coordinates": [
          12.5504654,
          44.0573851
        ]
      }
    },
    {
      "type": "Feature",
      "properties": {
        "id": 12455835370,
        "tipo": "ufficio_company",
        "name": "La Romagnola",
        "phone": "+39 0541 57188",
        "website": "https://www.cooplaromagnola.com/",
        "opening_hours": ""
      },
      "geometry": {
        "type": "Point",
        "coordinates": [
          12.5659992,
          44.0694512
        ]
      }
    },
    {
      "type": "Feature",
      "properties": {
        "id": 12462755175,
        "tipo": "negozio_supermarket",
        "name": "Aldi",
        "phone": "",
        "website": "",
        "opening_hours": "Mo-Sa 08:00-20:30; Su 09:00-20:00; PH 09:00-20:00"
      },
      "geometry": {
        "type": "Point",
        "coordinates": [
          12.5298502,
          44.0873325
        ]
      }
    },
    {
      "type": "Feature",
      "properties": {
        "id": 12465188187,
        "tipo": "ufficio_water_utility",
        "name": "Gruppo HERA",
        "phone": "",
        "website": "",
        "opening_hours": ""
      },
      "geometry": {
        "type": "Point",
        "coordinates": [
          12.59443,
          44.0474253
        ]
      }
    },
    {
      "type": "Feature",
      "properties": {
        "id": 12505516111,
        "tipo": "negozio_perfumery",
        "name": "Pinalli",
        "phone": "",
        "website": "",
        "opening_hours": ""
      },
      "geometry": {
        "type": "Point",
        "coordinates": [
          12.5669969,
          44.0605801
        ]
      }
    },
    {
      "type": "Feature",
      "properties": {
        "id": 12505516112,
        "tipo": "negozio_clothes",
        "name": "Falconeri",
        "phone": "",
        "website": "",
        "opening_hours": ""
      },
      "geometry": {
        "type": "Point",
        "coordinates": [
          12.5668546,
          44.0606985
        ]
      }
    },
    {
      "type": "Feature",
      "properties": {
        "id": 12612258934,
        "tipo": "negozio_shoes",
        "name": "Non solo Outlet",
        "phone": "",
        "website": "",
        "opening_hours": ""
      },
      "geometry": {
        "type": "Point",
        "coordinates": [
          12.566012,
          44.0598918
        ]
      }
    },
    {
      "type": "Feature",
      "properties": {
        "id": 12612258935,
        "tipo": "negozio_clothes",
        "name": "Mini Me",
        "phone": "",
        "website": "",
        "opening_hours": ""
      },
      "geometry": {
        "type": "Point",
        "coordinates": [
          12.5659428,
          44.0597841
        ]
      }
    },
    {
      "type": "Feature",
      "properties": {
        "id": 12612297683,
        "tipo": "negozio_herbalist",
        "name": "Officina delle Erbe",
        "phone": "",
        "website": "",
        "opening_hours": ""
      },
      "geometry": {
        "type": "Point",
        "coordinates": [
          12.5658397,
          44.0600449
        ]
      }
    },
    {
      "type": "Feature",
      "properties": {
        "id": 12612311864,
        "tipo": "negozio_clothes",
        "name": "Outlet 43 D",
        "phone": "",
        "website": "",
        "opening_hours": "Mo-Su 09:30-12:30,15:30-19:30"
      },
      "geometry": {
        "type": "Point",
        "coordinates": [
          12.56581,
          44.0600732
        ]
      }
    },
    {
      "type": "Feature",
      "properties": {
        "id": 12612320362,
        "tipo": "negozio_clothes",
        "name": "Sigismondo Jeans",
        "phone": "",
        "website": "",
        "opening_hours": ""
      },
      "geometry": {
        "type": "Point",
        "coordinates": [
          12.5659365,
          44.0599636
        ]
      }
    },
    {
      "type": "Feature",
      "properties": {
        "id": 12612339701,
        "tipo": "negozio_fashion_accessories",
        "name": "Luxury Lab",
        "phone": "",
        "website": "",
        "opening_hours": ""
      },
      "geometry": {
        "type": "Point",
        "coordinates": [
          12.5658853,
          44.0600128
        ]
      }
    },
    {
      "type": "Feature",
      "properties": {
        "id": 12672818674,
        "tipo": "negozio_bicycle",
        "name": "Factoryitalia.com SNC",
        "phone": "",
        "website": "https://factoryitalia.com",
        "opening_hours": ""
      },
      "geometry": {
        "type": "Point",
        "coordinates": [
          12.5974637,
          44.0251496
        ]
      }
    },
    {
      "type": "Feature",
      "properties": {
        "id": 12715368601,
        "tipo": "negozio_books",
        "name": "Libreria Riminese",
        "phone": "",
        "website": "",
        "opening_hours": ""
      },
      "geometry": {
        "type": "Point",
        "coordinates": [
          12.5669271,
          44.0601642
        ]
      }
    },
    {
      "type": "Feature",
      "properties": {
        "id": 12716502706,
        "tipo": "negozio_clothes",
        "name": "Acquasalata",
        "phone": "",
        "website": "",
        "opening_hours": ""
      },
      "geometry": {
        "type": "Point",
        "coordinates": [
          12.5674192,
          44.0613651
        ]
      }
    },
    {
      "type": "Feature",
      "properties": {
        "id": 12716502707,
        "tipo": "negozio_supermarket",
        "name": "Tigotà",
        "phone": "",
        "website": "",
        "opening_hours": ""
      },
      "geometry": {
        "type": "Point",
        "coordinates": [
          12.5673296,
          44.0612622
        ]
      }
    },
    {
      "type": "Feature",
      "properties": {
        "id": 12728318501,
        "tipo": "negozio_optician",
        "name": "SassOttica",
        "phone": "",
        "website": "",
        "opening_hours": ""
      },
      "geometry": {
        "type": "Point",
        "coordinates": [
          12.5680332,
          44.0616733
        ]
      }
    },
    {
      "type": "Feature",
      "properties": {
        "id": 12735841401,
        "tipo": "negozio_clothes",
        "name": "L'Altra Storia",
        "phone": "",
        "website": "",
        "opening_hours": ""
      },
      "geometry": {
        "type": "Point",
        "coordinates": [
          12.5655807,
          44.0601274
        ]
      }
    },
    {
      "type": "Feature",
      "properties": {
        "id": 12735841502,
        "tipo": "negozio_fashion_accessories",
        "name": "Agrodolce",
        "phone": "",
        "website": "",
        "opening_hours": ""
      },
      "geometry": {
        "type": "Point",
        "coordinates": [
          12.5654664,
          44.0601939
        ]
      }
    },
    {
      "type": "Feature",
      "properties": {
        "id": 12735841601,
        "tipo": "negozio_kiosk",
        "name": "Edicola",
        "phone": "",
        "website": "",
        "opening_hours": ""
      },
      "geometry": {
        "type": "Point",
        "coordinates": [
          12.5656587,
          44.0604255
        ]
      }
    },
    {
      "type": "Feature",
      "properties": {
        "id": 12860177155,
        "tipo": "negozio_newsagent",
        "name": "",
        "phone": "",
        "website": "",
        "opening_hours": ""
      },
      "geometry": {
        "type": "Point",
        "coordinates": [
          12.5836644,
          44.0651548
        ]
      }
    },
    {
      "type": "Feature",
      "properties": {
        "id": 12861748410,
        "tipo": "negozio_clothes",
        "name": "OVS Rimini Malatesta",
        "phone": "",
        "website": "",
        "opening_hours": "Mo-Su 09:00-20:00"
      },
      "geometry": {
        "type": "Point",
        "coordinates": [
          12.5288451,
          44.0677496
        ]
      }
    },
    {
      "type": "Feature",
      "properties": {
        "id": 12876774647,
        "tipo": "negozio_erotic",
        "name": "Vizia Sexy Shop",
        "phone": "",
        "website": "",
        "opening_hours": ""
      },
      "geometry": {
        "type": "Point",
        "coordinates": [
          12.6216064,
          44.0308159
        ]
      }
    },
    {
      "type": "Feature",
      "properties": {
        "id": 12907524101,
        "tipo": "negozio_supermarket",
        "name": "Crosta e Muliga, la bottega bio",
        "phone": "",
        "website": "",
        "opening_hours": "Mo, We, Fr 07:45-13:00, 16:30-19:15; Tu, Th 07:45-13:00; Sa 07:45-14:00"
      },
      "geometry": {
        "type": "Point",
        "coordinates": [
          12.5631535,
          44.0651995
        ]
      }
    },
    {
      "type": "Feature",
      "properties": {
        "id": 12909251701,
        "tipo": "negozio_farm",
        "name": "Il Paniere dei Fattori",
        "phone": "",
        "website": "",
        "opening_hours": "Mo-We, Fr 07:30-13:00, 16:30-19:30; Th, Sa 07:30-13:00"
      },
      "geometry": {
        "type": "Point",
        "coordinates": [
          12.5628331,
          44.0554277
        ]
      }
    },
    {
      "type": "Feature",
      "properties": {
        "id": 12913147302,
        "tipo": "ufficio_estate_agent",
        "name": "A immobiliare",
        "phone": "+39 0541 77 06 08",
        "website": "https://www.aimmobiliarerimini.it/",
        "opening_hours": ""
      },
      "geometry": {
        "type": "Point",
        "coordinates": [
          12.5611938,
          44.0653902
        ]
      }
    },
    {
      "type": "Feature",
      "properties": {
        "id": 12913151102,
        "tipo": "ufficio_architect",
        "name": "ArchiLab",
        "phone": "+39 0541 24 029",
        "website": "https://archilabteam.com/",
        "opening_hours": ""
      },
      "geometry": {
        "type": "Point",
        "coordinates": [
          12.5612836,
          44.0653633
        ]
      }
    },
    {
      "type": "Feature",
      "properties": {
        "id": 12913887795,
        "tipo": "artigianato_window_construction",
        "name": "Buresta Infissi",
        "phone": "+39 054 13 86 439",
        "website": "",
        "opening_hours": ""
      },
      "geometry": {
        "type": "Point",
        "coordinates": [
          12.5691601,
          44.0277527
        ]
      }
    },
    {
      "type": "Feature",
      "properties": {
        "id": 12913926159,
        "tipo": "ufficio_insurance",
        "name": "Procopio",
        "phone": "+39 0541 51 340",
        "website": "https://www.procopioassicurazioni.it/",
        "opening_hours": ""
      },
      "geometry": {
        "type": "Point",
        "coordinates": [
          12.5764481,
          44.0483919
        ]
      }
    },
    {
      "type": "Feature",
      "properties": {
        "id": 12913926160,
        "tipo": "ufficio_insurance",
        "name": "UnipolSai",
        "phone": "",
        "website": "",
        "opening_hours": ""
      },
      "geometry": {
        "type": "Point",
        "coordinates": [
          12.5764179,
          44.0483888
        ]
      }
    },
    {
      "type": "Feature",
      "properties": {
        "id": 12914215101,
        "tipo": "negozio_farm",
        "name": "Pian del Pigro",
        "phone": "",
        "website": "",
        "opening_hours": ""
      },
      "geometry": {
        "type": "Point",
        "coordinates": [
          12.5714689,
          44.0596705
        ]
      }
    },
    {
      "type": "Feature",
      "properties": {
        "id": 12918084701,
        "tipo": "negozio_cosmetics",
        "name": "Aromi e Saponi",
        "phone": "",
        "website": "",
        "opening_hours": "Mo, We, Fr 09:00-13:00, 16:00-19:15; Tu, Th 09:00-13:15; Sa 09:00-13:30"
      },
      "geometry": {
        "type": "Point",
        "coordinates": [
          12.5726831,
          44.0591189
        ]
      }
    },
    {
      "type": "Feature",
      "properties": {
        "id": 12951083419,
        "tipo": "negozio_convenience",
        "name": "",
        "phone": "",
        "website": "",
        "opening_hours": ""
      },
      "geometry": {
        "type": "Point",
        "coordinates": [
          12.6017469,
          44.0478805
        ]
      }
    },
    {
      "type": "Feature",
      "properties": {
        "id": 12963864599,
        "tipo": "negozio_vacant",
        "name": "",
        "phone": "",
        "website": "",
        "opening_hours": ""
      },
      "geometry": {
        "type": "Point",
        "coordinates": [
          12.4533684,
          44.0201602
        ]
      }
    },
    {
      "type": "Feature",
      "properties": {
        "id": 12972783510,
        "tipo": "negozio_vacant",
        "name": "",
        "phone": "",
        "website": "",
        "opening_hours": ""
      },
      "geometry": {
        "type": "Point",
        "coordinates": [
          12.4512899,
          44.0196318
        ]
      }
    },
    {
      "type": "Feature",
      "properties": {
        "id": 12972783511,
        "tipo": "negozio_vacant",
        "name": "",
        "phone": "",
        "website": "",
        "opening_hours": ""
      },
      "geometry": {
        "type": "Point",
        "coordinates": [
          12.451182,
          44.0197036
        ]
      }
    },
    {
      "type": "Feature",
      "properties": {
        "id": 12972783512,
        "tipo": "negozio_vacant",
        "name": "",
        "phone": "",
        "website": "",
        "opening_hours": ""
      },
      "geometry": {
        "type": "Point",
        "coordinates": [
          12.4509994,
          44.01982
        ]
      }
    },
    {
      "type": "Feature",
      "properties": {
        "id": 12972783513,
        "tipo": "negozio_vacant",
        "name": "",
        "phone": "",
        "website": "",
        "opening_hours": ""
      },
      "geometry": {
        "type": "Point",
        "coordinates": [
          12.4510603,
          44.0197779
        ]
      }
    },
    {
      "type": "Feature",
      "properties": {
        "id": 12972806087,
        "tipo": "negozio_vacant",
        "name": "",
        "phone": "",
        "website": "",
        "opening_hours": ""
      },
      "geometry": {
        "type": "Point",
        "coordinates": [
          12.4525578,
          44.0193312
        ]
      }
    },
    {
      "type": "Feature",
      "properties": {
        "id": 13015115755,
        "tipo": "negozio_convenience",
        "name": "",
        "phone": "",
        "website": "",
        "opening_hours": ""
      },
      "geometry": {
        "type": "Point",
        "coordinates": [
          12.6229812,
          44.030384
        ]
      }
    },
    {
      "type": "Feature",
      "properties": {
        "id": 13040677444,
        "tipo": "negozio_chemist",
        "name": "Tigotà",
        "phone": "",
        "website": "",
        "opening_hours": ""
      },
      "geometry": {
        "type": "Point",
        "coordinates": [
          12.5386088,
          44.0830713
        ]
      }
    },
    {
      "type": "Feature",
      "properties": {
        "id": 13040677446,
        "tipo": "negozio_supermarket",
        "name": "Conad Superstore",
        "phone": "",
        "website": "",
        "opening_hours": ""
      },
      "geometry": {
        "type": "Point",
        "coordinates": [
          12.538515,
          44.0827525
        ]
      }
    },
    {
      "type": "Feature",
      "properties": {
        "id": 13070252969,
        "tipo": "negozio_wine",
        "name": "La Cantéina de Borg",
        "phone": "+39 0541 90 1680",
        "website": "https://www.lacanteinadeborg.it/",
        "opening_hours": ""
      },
      "geometry": {
        "type": "Point",
        "coordinates": [
          12.5715263,
          44.0540537
        ]
      }
    },
    {
      "type": "Feature",
      "properties": {
        "id": 13131148001,
        "tipo": "negozio_clothes",
        "name": "Adele Boutique",
        "phone": "",
        "website": "",
        "opening_hours": ""
      },
      "geometry": {
        "type": "Point",
        "coordinates": [
          12.5313116,
          44.0925355
        ]
      }
    },
    {
      "type": "Feature",
      "properties": {
        "id": 13240589016,
        "tipo": "negozio_car_repair",
        "name": "Curgovan House",
        "phone": "",
        "website": "",
        "opening_hours": ""
      },
      "geometry": {
        "type": "Point",
        "coordinates": [
          12.6029195,
          43.9908952
        ]
      }
    },
    {
      "type": "Feature",
      "properties": {
        "id": 13242870888,
        "tipo": "negozio_fabric",
        "name": "",
        "phone": "",
        "website": "https://www.giessescampoli.com/",
        "opening_hours": ""
      },
      "geometry": {
        "type": "Point",
        "coordinates": [
          12.5813126,
          44.0407757
        ]
      }
    },
    {
      "type": "Feature",
      "properties": {
        "id": 13242870890,
        "tipo": "negozio_electronics",
        "name": "Expert",
        "phone": "",
        "website": "https://www.expert.it/it/it/exp/",
        "opening_hours": ""
      },
      "geometry": {
        "type": "Point",
        "coordinates": [
          12.5811737,
          44.0406245
        ]
      }
    },
    {
      "type": "Feature",
      "properties": {
        "id": 13358916382,
        "tipo": "negozio_shoes",
        "name": "Shoes 2000",
        "phone": "",
        "website": "https://www.shoes2000.net/",
        "opening_hours": ""
      },
      "geometry": {
        "type": "Point",
        "coordinates": [
          12.5903411,
          44.0590989
        ]
      }
    },
    {
      "type": "Feature",
      "properties": {
        "id": 13397046436,
        "tipo": "negozio_travel_agency",
        "name": "",
        "phone": "+39 0541 51 171",
        "website": "https://viaggisicuri.com/",
        "opening_hours": ""
      },
      "geometry": {
        "type": "Point",
        "coordinates": [
          12.5672129,
          44.0604182
        ]
      }
    },
    {
      "type": "Feature",
      "properties": {
        "id": 13399296494,
        "tipo": "negozio_hairdresser",
        "name": "Primo Piano",
        "phone": "+39 0541 24 350",
        "website": "",
        "opening_hours": ""
      },
      "geometry": {
        "type": "Point",
        "coordinates": [
          12.5612073,
          44.0512032
        ]
      }
    },
    {
      "type": "Feature",
      "properties": {
        "id": 13423660385,
        "tipo": "negozio_coffee",
        "name": "Italiano",
        "phone": "",
        "website": "",
        "opening_hours": ""
      },
      "geometry": {
        "type": "Point",
        "coordinates": [
          12.5694332,
          44.0680098
        ]
      }
    },
    {
      "type": "Feature",
      "properties": {
        "id": 13423702250,
        "tipo": "ufficio_estate_agent",
        "name": "Mondo Casa",
        "phone": "",
        "website": "",
        "opening_hours": ""
      },
      "geometry": {
        "type": "Point",
        "coordinates": [
          12.5672355,
          44.0688538
        ]
      }
    },
    {
      "type": "Feature",
      "properties": {
        "id": 13423732640,
        "tipo": "artigianato_shoemaker",
        "name": "Vilmer il ciabattino",
        "phone": "",
        "website": "",
        "opening_hours": ""
      },
      "geometry": {
        "type": "Point",
        "coordinates": [
          12.5676059,
          44.0686767
        ]
      }
    },
    {
      "type": "Feature",
      "properties": {
        "id": 13423733769,
        "tipo": "ufficio_yes",
        "name": "Lega Navale Italiana",
        "phone": "",
        "website": "",
        "opening_hours": ""
      },
      "geometry": {
        "type": "Point",
        "coordinates": [
          12.5685427,
          44.0681543
        ]
      }
    },
    {
      "type": "Feature",
      "properties": {
        "id": 13423734052,
        "tipo": "negozio_greengrocer",
        "name": "Eurofrutta",
        "phone": "",
        "website": "",
        "opening_hours": ""
      },
      "geometry": {
        "type": "Point",
        "coordinates": [
          12.5690164,
          44.0679143
        ]
      }
    },
    {
      "type": "Feature",
      "properties": {
        "id": 13423785345,
        "tipo": "negozio_party",
        "name": "Valeroom",
        "phone": "",
        "website": "",
        "opening_hours": ""
      },
      "geometry": {
        "type": "Point",
        "coordinates": [
          12.5671514,
          44.058922
        ]
      }
    },
    {
      "type": "Feature",
      "properties": {
        "id": 13423800302,
        "tipo": "negozio_travel_agency",
        "name": "lab travel group",
        "phone": "",
        "website": "",
        "opening_hours": ""
      },
      "geometry": {
        "type": "Point",
        "coordinates": [
          12.5671049,
          44.0589497
        ]
      }
    },
    {
      "type": "Feature",
      "properties": {
        "id": 13423805302,
        "tipo": "negozio_vacant",
        "name": "",
        "phone": "",
        "website": "",
        "opening_hours": ""
      },
      "geometry": {
        "type": "Point",
        "coordinates": [
          12.5672382,
          44.0586076
        ]
      }
    },
    {
      "type": "Feature",
      "properties": {
        "id": 13423809668,
        "tipo": "artigianato_watchmaker",
        "name": "Clock.zero",
        "phone": "",
        "website": "",
        "opening_hours": ""
      },
      "geometry": {
        "type": "Point",
        "coordinates": [
          12.5664866,
          44.0595289
        ]
      }
    },
    {
      "type": "Feature",
      "properties": {
        "id": 13423811622,
        "tipo": "negozio_clothes",
        "name": "La stanza di Crispino",
        "phone": "",
        "website": "",
        "opening_hours": ""
      },
      "geometry": {
        "type": "Point",
        "coordinates": [
          12.5673684,
          44.0586928
        ]
      }
    },
    {
      "type": "Feature",
      "properties": {
        "id": 13423821326,
        "tipo": "negozio_antiques",
        "name": "Grifondoro",
        "phone": "",
        "website": "",
        "opening_hours": ""
      },
      "geometry": {
        "type": "Point",
        "coordinates": [
          12.5669573,
          44.0590736
        ]
      }
    },
    {
      "type": "Feature",
      "properties": {
        "id": 13423884555,
        "tipo": "negozio_hairdresser",
        "name": "Di.em.",
        "phone": "",
        "website": "",
        "opening_hours": ""
      },
      "geometry": {
        "type": "Point",
        "coordinates": [
          12.5632928,
          44.066733
        ]
      }
    },
    {
      "type": "Feature",
      "properties": {
        "id": 13423908211,
        "tipo": "negozio_vacant",
        "name": "",
        "phone": "",
        "website": "",
        "opening_hours": ""
      },
      "geometry": {
        "type": "Point",
        "coordinates": [
          12.5632639,
          44.0735088
        ]
      }
    },
    {
      "type": "Feature",
      "properties": {
        "id": 13426255939,
        "tipo": "negozio_vacant",
        "name": "",
        "phone": "",
        "website": "",
        "opening_hours": ""
      },
      "geometry": {
        "type": "Point",
        "coordinates": [
          12.5645373,
          44.0703819
        ]
      }
    },
    {
      "type": "Feature",
      "properties": {
        "id": 13426256139,
        "tipo": "negozio_vacant",
        "name": "",
        "phone": "",
        "website": "",
        "opening_hours": ""
      },
      "geometry": {
        "type": "Point",
        "coordinates": [
          12.5664099,
          44.0637305
        ]
      }
    },
    {
      "type": "Feature",
      "properties": {
        "id": 13426257780,
        "tipo": "negozio_hearing_aids",
        "name": "Audio Pro",
        "phone": "",
        "website": "",
        "opening_hours": ""
      },
      "geometry": {
        "type": "Point",
        "coordinates": [
          12.5665165,
          44.064285
        ]
      }
    },
    {
      "type": "Feature",
      "properties": {
        "id": 13426258371,
        "tipo": "ufficio_yes",
        "name": "CAF AIC",
        "phone": "",
        "website": "",
        "opening_hours": ""
      },
      "geometry": {
        "type": "Point",
        "coordinates": [
          12.5674615,
          44.061889
        ]
      }
    },
    {
      "type": "Feature",
      "properties": {
        "id": 13426258533,
        "tipo": "negozio_clothes",
        "name": "City Tank",
        "phone": "",
        "website": "",
        "opening_hours": ""
      },
      "geometry": {
        "type": "Point",
        "coordinates": [
          12.5663558,
          44.0613446
        ]
      }
    },
    {
      "type": "Feature",
      "properties": {
        "id": 13426261832,
        "tipo": "negozio_jewelry",
        "name": "Monti",
        "phone": "",
        "website": "",
        "opening_hours": ""
      },
      "geometry": {
        "type": "Point",
        "coordinates": [
          12.5672951,
          44.0632923
        ]
      }
    },
    {
      "type": "Feature",
      "properties": {
        "id": 13426266284,
        "tipo": "artigianato_clockmaker",
        "name": "Laboratorio di Orologeria",
        "phone": "",
        "website": "",
        "opening_hours": ""
      },
      "geometry": {
        "type": "Point",
        "coordinates": [
          12.5672302,
          44.0633271
        ]
      }
    },
    {
      "type": "Feature",
      "properties": {
        "id": 13426267192,
        "tipo": "negozio_florist",
        "name": "Dalla Fiori",
        "phone": "",
        "website": "",
        "opening_hours": ""
      },
      "geometry": {
        "type": "Point",
        "coordinates": [
          12.5668208,
          44.06445
        ]
      }
    },
    {
      "type": "Feature",
      "properties": {
        "id": 13426272335,
        "tipo": "negozio_vacant",
        "name": "",
        "phone": "",
        "website": "",
        "opening_hours": ""
      },
      "geometry": {
        "type": "Point",
        "coordinates": [
          12.5675473,
          44.0618152
        ]
      }
    },
    {
      "type": "Feature",
      "properties": {
        "id": 13426273128,
        "tipo": "negozio_hairdresser",
        "name": "Barber Issame",
        "phone": "",
        "website": "",
        "opening_hours": ""
      },
      "geometry": {
        "type": "Point",
        "coordinates": [
          12.566202,
          44.0660873
        ]
      }
    },
    {
      "type": "Feature",
      "properties": {
        "id": 13426275557,
        "tipo": "negozio_clothes",
        "name": "Nina Club",
        "phone": "",
        "website": "",
        "opening_hours": ""
      },
      "geometry": {
        "type": "Point",
        "coordinates": [
          12.5668994,
          44.0611922
        ]
      }
    },
    {
      "type": "Feature",
      "properties": {
        "id": 13426275866,
        "tipo": "ufficio_estate_agent",
        "name": "Coldwell Banker",
        "phone": "",
        "website": "",
        "opening_hours": ""
      },
      "geometry": {
        "type": "Point",
        "coordinates": [
          12.566045,
          44.0616168
        ]
      }
    },
    {
      "type": "Feature",
      "properties": {
        "id": 13426288582,
        "tipo": "negozio_houseware",
        "name": "Satur",
        "phone": "",
        "website": "",
        "opening_hours": ""
      },
      "geometry": {
        "type": "Point",
        "coordinates": [
          12.5664047,
          44.0612927
        ]
      }
    },
    {
      "type": "Feature",
      "properties": {
        "id": 13426297871,
        "tipo": "negozio_clothes",
        "name": "Serena",
        "phone": "",
        "website": "",
        "opening_hours": ""
      },
      "geometry": {
        "type": "Point",
        "coordinates": [
          12.5658958,
          44.0617305
        ]
      }
    },
    {
      "type": "Feature",
      "properties": {
        "id": 13426299494,
        "tipo": "negozio_vacant",
        "name": "",
        "phone": "",
        "website": "",
        "opening_hours": ""
      },
      "geometry": {
        "type": "Point",
        "coordinates": [
          12.5662653,
          44.0614219
        ]
      }
    },
    {
      "type": "Feature",
      "properties": {
        "id": 13426327106,
        "tipo": "negozio_tobacco",
        "name": "Tabaccheria del centro",
        "phone": "",
        "website": "",
        "opening_hours": ""
      },
      "geometry": {
        "type": "Point",
        "coordinates": [
          12.5662308,
          44.0614604
        ]
      }
    },
    {
      "type": "Feature",
      "properties": {
        "id": 13426329318,
        "tipo": "negozio_clothes",
        "name": "Patagonia",
        "phone": "",
        "website": "",
        "opening_hours": ""
      },
      "geometry": {
        "type": "Point",
        "coordinates": [
          12.5656842,
          44.061723
        ]
      }
    },
    {
      "type": "Feature",
      "properties": {
        "id": 13426336697,
        "tipo": "negozio_perfumery",
        "name": "Naïma",
        "phone": "",
        "website": "",
        "opening_hours": ""
      },
      "geometry": {
        "type": "Point",
        "coordinates": [
          12.5679332,
          44.0596632
        ]
      }
    },
    {
      "type": "Feature",
      "properties": {
        "id": 13426349432,
        "tipo": "negozio_vacant",
        "name": "",
        "phone": "",
        "website": "",
        "opening_hours": ""
      },
      "geometry": {
        "type": "Point",
        "coordinates": [
          12.5688589,
          44.0587993
        ]
      }
    },
    {
      "type": "Feature",
      "properties": {
        "id": 13426625874,
        "tipo": "negozio_clothes",
        "name": "Tramavera",
        "phone": "",
        "website": "",
        "opening_hours": ""
      },
      "geometry": {
        "type": "Point",
        "coordinates": [
          12.5684356,
          44.0612207
        ]
      }
    },
    {
      "type": "Feature",
      "properties": {
        "id": 13428878477,
        "tipo": "negozio_books",
        "name": "Il giardino dei libri",
        "phone": "",
        "website": "",
        "opening_hours": ""
      },
      "geometry": {
        "type": "Point",
        "coordinates": [
          12.5631558,
          44.0648585
        ]
      }
    },
    {
      "type": "Feature",
      "properties": {
        "id": 13428911593,
        "tipo": "negozio_gold_buyer",
        "name": "Compro oro",
        "phone": "",
        "website": "",
        "opening_hours": ""
      },
      "geometry": {
        "type": "Point",
        "coordinates": [
          12.5642742,
          44.0632259
        ]
      }
    },
    {
      "type": "Feature",
      "properties": {
        "id": 13428955127,
        "tipo": "artigianato_dressmaker",
        "name": "Roberta Adriana",
        "phone": "",
        "website": "",
        "opening_hours": ""
      },
      "geometry": {
        "type": "Point",
        "coordinates": [
          12.5643691,
          44.0629195
        ]
      }
    },
    {
      "type": "Feature",
      "properties": {
        "id": 13428962549,
        "tipo": "negozio_jewelry",
        "name": "Rimini Jewels",
        "phone": "",
        "website": "",
        "opening_hours": ""
      },
      "geometry": {
        "type": "Point",
        "coordinates": [
          12.5648698,
          44.062626
        ]
      }
    },
    {
      "type": "Feature",
      "properties": {
        "id": 13428964957,
        "tipo": "negozio_beauty",
        "name": "",
        "phone": "",
        "website": "",
        "opening_hours": ""
      },
      "geometry": {
        "type": "Point",
        "coordinates": [
          12.5656057,
          44.0618006
        ]
      }
    },
    {
      "type": "Feature",
      "properties": {
        "id": 13430074583,
        "tipo": "negozio_vacant",
        "name": "",
        "phone": "",
        "website": "",
        "opening_hours": ""
      },
      "geometry": {
        "type": "Point",
        "coordinates": [
          12.5668099,
          44.0609728
        ]
      }
    },
    {
      "type": "Feature",
      "properties": {
        "id": 13430085684,
        "tipo": "negozio_jewelry",
        "name": "Marlù",
        "phone": "",
        "website": "",
        "opening_hours": ""
      },
      "geometry": {
        "type": "Point",
        "coordinates": [
          12.568557,
          44.0589538
        ]
      }
    },
    {
      "type": "Feature",
      "properties": {
        "id": 13430101665,
        "tipo": "negozio_clothes",
        "name": "Antonella",
        "phone": "",
        "website": "",
        "opening_hours": ""
      },
      "geometry": {
        "type": "Point",
        "coordinates": [
          12.57027,
          44.0575272
        ]
      }
    },
    {
      "type": "Feature",
      "properties": {
        "id": 13430110375,
        "tipo": "negozio_clothes",
        "name": "Scout",
        "phone": "",
        "website": "",
        "opening_hours": ""
      },
      "geometry": {
        "type": "Point",
        "coordinates": [
          12.5685096,
          44.0589816
        ]
      }
    },
    {
      "type": "Feature",
      "properties": {
        "id": 13430116592,
        "tipo": "negozio_clothes",
        "name": "Dan John",
        "phone": "",
        "website": "",
        "opening_hours": ""
      },
      "geometry": {
        "type": "Point",
        "coordinates": [
          12.5679791,
          44.0595005
        ]
      }
    },
    {
      "type": "Feature",
      "properties": {
        "id": 13430122432,
        "tipo": "negozio_clothes",
        "name": "Yamamay",
        "phone": "",
        "website": "",
        "opening_hours": ""
      },
      "geometry": {
        "type": "Point",
        "coordinates": [
          12.5675922,
          44.0599658
        ]
      }
    },
    {
      "type": "Feature",
      "properties": {
        "id": 13430136572,
        "tipo": "negozio_chemist",
        "name": "Vecchia Drogheria",
        "phone": "",
        "website": "",
        "opening_hours": ""
      },
      "geometry": {
        "type": "Point",
        "coordinates": [
          12.568453,
          44.0590232
        ]
      }
    },
    {
      "type": "Feature",
      "properties": {
        "id": 13430141275,
        "tipo": "negozio_hairdresser",
        "name": "Barbiere Stella",
        "phone": "",
        "website": "",
        "opening_hours": ""
      },
      "geometry": {
        "type": "Point",
        "coordinates": [
          12.5703735,
          44.0577338
        ]
      }
    },
    {
      "type": "Feature",
      "properties": {
        "id": 13430141310,
        "tipo": "negozio_optician",
        "name": "NAU!",
        "phone": "",
        "website": "",
        "opening_hours": ""
      },
      "geometry": {
        "type": "Point",
        "coordinates": [
          12.5670022,
          44.060771
        ]
      }
    },
    {
      "type": "Feature",
      "properties": {
        "id": 13430141311,
        "tipo": "negozio_mobile_phone_accessories",
        "name": "La Casa de las Carcasas",
        "phone": "",
        "website": "",
        "opening_hours": ""
      },
      "geometry": {
        "type": "Point",
        "coordinates": [
          12.5675884,
          44.0602427
        ]
      }
    },
    {
      "type": "Feature",
      "properties": {
        "id": 13430143439,
        "tipo": "negozio_clothes",
        "name": "John Ashfield",
        "phone": "",
        "website": "",
        "opening_hours": ""
      },
      "geometry": {
        "type": "Point",
        "coordinates": [
          12.5681646,
          44.0592397
        ]
      }
    },
    {
      "type": "Feature",
      "properties": {
        "id": 13430146582,
        "tipo": "negozio_vacant",
        "name": "",
        "phone": "",
        "website": "",
        "opening_hours": ""
      },
      "geometry": {
        "type": "Point",
        "coordinates": [
          12.5700949,
          44.0579441
        ]
      }
    },
    {
      "type": "Feature",
      "properties": {
        "id": 13430149530,
        "tipo": "negozio_antiques",
        "name": "Antichità Isotta",
        "phone": "",
        "website": "",
        "opening_hours": ""
      },
      "geometry": {
        "type": "Point",
        "coordinates": [
          12.5687521,
          44.0587405
        ]
      }
    },
    {
      "type": "Feature",
      "properties": {
        "id": 13430151922,
        "tipo": "negozio_vacant",
        "name": "",
        "phone": "",
        "website": "",
        "opening_hours": ""
      },
      "geometry": {
        "type": "Point",
        "coordinates": [
          12.5692548,
          44.0587533
        ]
      }
    },
    {
      "type": "Feature",
      "properties": {
        "id": 13430156514,
        "tipo": "negozio_mobile_phone_accessories",
        "name": "Cover Fashion",
        "phone": "",
        "website": "",
        "opening_hours": ""
      },
      "geometry": {
        "type": "Point",
        "coordinates": [
          12.5699003,
          44.0579235
        ]
      }
    },
    {
      "type": "Feature",
      "properties": {
        "id": 13430156516,
        "tipo": "negozio_optician",
        "name": "Occhiali per tutti",
        "phone": "",
        "website": "",
        "opening_hours": ""
      },
      "geometry": {
        "type": "Point",
        "coordinates": [
          12.5701517,
          44.0578925
        ]
      }
    },
    {
      "type": "Feature",
      "properties": {
        "id": 13430178856,
        "tipo": "ufficio_lawyer",
        "name": "Danilo Sgamma",
        "phone": "",
        "website": "",
        "opening_hours": ""
      },
      "geometry": {
        "type": "Point",
        "coordinates": [
          12.570254,
          44.0575822
        ]
      }
    },
    {
      "type": "Feature",
      "properties": {
        "id": 13430181441,
        "tipo": "negozio_vacant",
        "name": "",
        "phone": "",
        "website": "",
        "opening_hours": ""
      },
      "geometry": {
        "type": "Point",
        "coordinates": [
          12.5706617,
          44.0574914
        ]
      }
    },
    {
      "type": "Feature",
      "properties": {
        "id": 13430206900,
        "tipo": "negozio_vacant",
        "name": "",
        "phone": "",
        "website": "",
        "opening_hours": ""
      },
      "geometry": {
        "type": "Point",
        "coordinates": [
          12.5701135,
          44.0577791
        ]
      }
    },
    {
      "type": "Feature",
      "properties": {
        "id": 13430211170,
        "tipo": "negozio_clothes",
        "name": "Lebi Store",
        "phone": "",
        "website": "",
        "opening_hours": ""
      },
      "geometry": {
        "type": "Point",
        "coordinates": [
          12.568287,
          44.0598634
        ]
      }
    },
    {
      "type": "Feature",
      "properties": {
        "id": 13430224043,
        "tipo": "negozio_jewelry",
        "name": "Loris Boga",
        "phone": "",
        "website": "",
        "opening_hours": ""
      },
      "geometry": {
        "type": "Point",
        "coordinates": [
          12.5686491,
          44.0595103
        ]
      }
    },
    {
      "type": "Feature",
      "properties": {
        "id": 13430230153,
        "tipo": "ufficio_estate_agent",
        "name": "Engel & Völkers",
        "phone": "",
        "website": "",
        "opening_hours": ""
      },
      "geometry": {
        "type": "Point",
        "coordinates": [
          12.5668381,
          44.0611616
        ]
      }
    },
    {
      "type": "Feature",
      "properties": {
        "id": 13430249017,
        "tipo": "negozio_optician",
        "name": "Da Forno",
        "phone": "",
        "website": "",
        "opening_hours": ""
      },
      "geometry": {
        "type": "Point",
        "coordinates": [
          12.5675831,
          44.0615882
        ]
      }
    },
    {
      "type": "Feature",
      "properties": {
        "id": 13430252964,
        "tipo": "negozio_yes",
        "name": "Il Calzerotto",
        "phone": "",
        "website": "",
        "opening_hours": ""
      },
      "geometry": {
        "type": "Point",
        "coordinates": [
          12.5670689,
          44.0604887
        ]
      }
    },
    {
      "type": "Feature",
      "properties": {
        "id": 13430263749,
        "tipo": "negozio_cosmetics",
        "name": "Yves Rocher",
        "phone": "",
        "website": "",
        "opening_hours": ""
      },
      "geometry": {
        "type": "Point",
        "coordinates": [
          12.566719,
          44.0608104
        ]
      }
    },
    {
      "type": "Feature",
      "properties": {
        "id": 13430265058,
        "tipo": "negozio_bag",
        "name": "Orciani",
        "phone": "",
        "website": "",
        "opening_hours": ""
      },
      "geometry": {
        "type": "Point",
        "coordinates": [
          12.5674421,
          44.0615233
        ]
      }
    },
    {
      "type": "Feature",
      "properties": {
        "id": 223648945,
        "tipo": "negozio_furniture",
        "name": "IKEA"
      },
      "geometry": {
        "type": "Polygon",
        "coordinates": [
          [
            [
              12.4745788,
              44.078957
            ],
            [
              12.4750496,
              44.0796982
            ],
            [
              12.4751994,
              44.0796488
            ],
            [
              12.4754405,
              44.0800283
            ],
            [
              12.4764696,
              44.0796886
            ],
            [
              12.4761825,
              44.0792366
            ],
            [
              12.4762824,
              44.0792036
            ],
            [
              12.4763567,
              44.0793206
            ],
            [
              12.476544,
              44.0792588
            ],
            [
              12.4763288,
              44.0789201
            ],
            [
              12.4762211,
              44.0789557
            ],
            [
              12.4759653,
              44.0785531
            ],
            [
              12.4760642,
              44.0785205
            ],
            [
              12.4760284,
              44.0784641
            ],
            [
              12.4759039,
              44.0785052
            ],
            [
              12.4757402,
              44.0782475
            ],
            [
              12.4745672,
              44.0786348
            ],
            [
              12.4747384,
              44.0789043
            ],
            [
              12.4745788,
              44.078957
            ]
          ]
        ]
      }
    },
    {
      "type": "Feature",
      "properties": {
        "id": 223792710,
        "tipo": "negozio_car_repair",
        "name": "Adriatica Veicoli Industriali"
      },
      "geometry": {
        "type": "Polygon",
        "coordinates": [
          [
            [
              12.4677644,
              44.0870831
            ],
            [
              12.4682078,
              44.0872111
            ],
            [
              12.468686,
              44.087415
            ],
            [
              12.4687876,
              44.0873775
            ],
            [
              12.4691287,
              44.0874223
            ],
            [
              12.4691619,
              44.0872798
            ],
            [
              12.4687253,
              44.0872321
            ],
            [
              12.4687126,
              44.0873288
            ],
            [
              12.4686569,
              44.087325
            ],
            [
              12.4686709,
              44.0872185
            ],
            [
              12.4686392,
              44.0872164
            ],
            [
              12.4686591,
              44.0870651
            ],
            [
              12.4685427,
              44.0870572
            ],
            [
              12.4685493,
              44.0870068
            ],
            [
              12.4685718,
              44.0870084
            ],
            [
              12.468576,
              44.0869766
            ],
            [
              12.4681477,
              44.0869473
            ],
            [
              12.468132,
              44.0870064
            ],
            [
              12.4681642,
              44.0870112
            ],
            [
              12.4681022,
              44.0871258
            ],
            [
              12.4677815,
              44.087047
            ],
            [
              12.4677644,
              44.0870831
            ]
          ]
        ]
      }
    },
    {
      "type": "Feature",
      "properties": {
        "id": 223792779,
        "tipo": "negozio_mall",
        "name": "Centro Commerciale I Malatesta"
      },
      "geometry": {
        "type": "Polygon",
        "coordinates": [
          [
            [
              12.5274785,
              44.0677892
            ],
            [
              12.5275171,
              44.0678553
            ],
            [
              12.527568,
              44.0678962
            ],
            [
              12.5276145,
              44.0679222
            ],
            [
              12.5276776,
              44.0679352
            ],
            [
              12.5277351,
              44.067929
            ],
            [
              12.5278314,
              44.067898
            ],
            [
              12.5278604,
              44.0679448
            ],
            [
              12.5279154,
              44.0679271
            ],
            [
              12.5279427,
              44.0679707
            ],
            [
              12.5280019,
              44.0680653
            ],
            [
              12.5280086,
              44.0680775
            ],
            [
              12.5286265,
              44.0678784
            ],
            [
              12.5302055,
              44.0681369
            ],
            [
              12.5303837,
              44.0675546
            ],
            [
              12.5304699,
              44.0675494
            ],
            [
              12.5304584,
              44.0673552
            ],
            [
              12.5304877,
              44.067267
            ],
            [
              12.5303578,
              44.0670614
            ],
            [
              12.5303032,
              44.0670756
            ],
            [
              12.5292088,
              44.0668974
            ],
            [
              12.5275983,
              44.0674162
            ],
            [
              12.5276848,
              44.0675529
            ],
            [
              12.5277206,
              44.0676095
            ],
            [
              12.5276391,
              44.067637
            ],
            [
              12.5275646,
              44.0676642
            ],
            [
              12.5275079,
              44.0677009
            ],
            [
              12.5274796,
              44.0677492
            ],
            [
              12.5274785,
              44.0677892
            ]
          ]
        ]
      }
    },
    {
      "type": "Feature",
      "properties": {
        "id": 223792802,
        "tipo": "negozio_sports",
        "name": "MHz Outdoor"
      },
      "geometry": {
        "type": "Polygon",
        "coordinates": [
          [
            [
              12.5377972,
              44.0718791
            ],
            [
              12.5378236,
              44.0719671
            ],
            [
              12.5379834,
              44.0719401
            ],
            [
              12.5379563,
              44.0718548
            ],
            [
              12.5377972,
              44.0718791
            ]
          ]
        ]
      }
    },
    {
      "type": "Feature",
      "properties": {
        "id": 223793955,
        "tipo": "negozio_kiosk",
        "name": ""
      },
      "geometry": {
        "type": "Polygon",
        "coordinates": [
          [
            [
              12.5457917,
              44.0694595
            ],
            [
              12.5458498,
              44.0694824
            ],
            [
              12.545872,
              44.0694532
            ],
            [
              12.5458138,
              44.0694303
            ],
            [
              12.5457917,
              44.0694595
            ]
          ]
        ]
      }
    },
    {
      "type": "Feature",
      "properties": {
        "id": 223794541,
        "tipo": "negozio_kiosk",
        "name": ""
      },
      "geometry": {
        "type": "Polygon",
        "coordinates": [
          [
            [
              12.5518427,
              44.0791262
            ],
            [
              12.5518923,
              44.0791646
            ],
            [
              12.5519654,
              44.0791155
            ],
            [
              12.5519159,
              44.0790771
            ],
            [
              12.5518427,
              44.0791262
            ]
          ]
        ]
      }
    },
    {
      "type": "Feature",
      "properties": {
        "id": 223794826,
        "tipo": "negozio_supermarket",
        "name": "Tuodì"
      },
      "geometry": {
        "type": "Polygon",
        "coordinates": [
          [
            [
              12.5072035,
              44.0810495
            ],
            [
              12.5075848,
              44.0810398
            ],
            [
              12.5075754,
              44.080819
            ],
            [
              12.5071909,
              44.0808286
            ],
            [
              12.5072035,
              44.0810495
            ]
          ]
        ]
      }
    },
    {
      "type": "Feature",
      "properties": {
        "id": 223795461,
        "tipo": "negozio_car",
        "name": "Mem car"
      },
      "geometry": {
        "type": "Polygon",
        "coordinates": [
          [
            [
              12.473057,
              44.0868666
            ],
            [
              12.4730795,
              44.0869976
            ],
            [
              12.4732643,
              44.0869837
            ],
            [
              12.473242,
              44.0868482
            ],
            [
              12.4730716,
              44.0868651
            ],
            [
              12.473057,
              44.0868666
            ]
          ]
        ]
      }
    },
    {
      "type": "Feature",
      "properties": {
        "id": 223795932,
        "tipo": "ufficio_estate_agent",
        "name": "Rette Immobiliare"
      },
      "geometry": {
        "type": "Polygon",
        "coordinates": [
          [
            [
              12.5115575,
              44.1074681
            ],
            [
              12.5117897,
              44.1076234
            ],
            [
              12.5118947,
              44.1075417
            ],
            [
              12.5117962,
              44.1074759
            ],
            [
              12.511776,
              44.1074917
            ],
            [
              12.5116423,
              44.1074023
            ],
            [
              12.5115575,
              44.1074681
            ]
          ]
        ]
      }
    },
    {
      "type": "Feature",
      "properties": {
        "id": 223797792,
        "tipo": "negozio_supermarket",
        "name": "A&O"
      },
      "geometry": {
        "type": "Polygon",
        "coordinates": [
          [
            [
              12.5307282,
              44.0841644
            ],
            [
              12.530866,
              44.0842536
            ],
            [
              12.5308225,
              44.0842883
            ],
            [
              12.5309298,
              44.0843577
            ],
            [
              12.5310727,
              44.0842438
            ],
            [
              12.5308276,
              44.0840852
            ],
            [
              12.5307282,
              44.0841644
            ]
          ]
        ]
      }
    },
    {
      "type": "Feature",
      "properties": {
        "id": 223797964,
        "tipo": "negozio_supermarket",
        "name": "In's Mercato"
      },
      "geometry": {
        "type": "Polygon",
        "coordinates": [
          [
            [
              12.5511103,
              44.0687624
            ],
            [
              12.5511897,
              44.0689279
            ],
            [
              12.5512985,
              44.0689007
            ],
            [
              12.5513235,
              44.0689529
            ],
            [
              12.5514247,
              44.0689276
            ],
            [
              12.5514473,
              44.0689748
            ],
            [
              12.5514663,
              44.0689701
            ],
            [
              12.5516872,
              44.0689149
            ],
            [
              12.5515601,
              44.0686502
            ],
            [
              12.5511103,
              44.0687624
            ]
          ]
        ]
      }
    },
    {
      "type": "Feature",
      "properties": {
        "id": 223807610,
        "tipo": "negozio_pastry",
        "name": ""
      },
      "geometry": {
        "type": "Polygon",
        "coordinates": [
          [
            [
              12.598215,
              44.0475463
            ],
            [
              12.598309,
              44.0475961
            ],
            [
              12.5983399,
              44.0475657
            ],
            [
              12.5983506,
              44.0475707
            ],
            [
              12.598446,
              44.047477
            ],
            [
              12.5984353,
              44.0474714
            ],
            [
              12.5984647,
              44.0474424
            ],
            [
              12.5983732,
              44.0473941
            ],
            [
              12.598332,
              44.0474346
            ],
            [
              12.5983183,
              44.0474273
            ],
            [
              12.5982463,
              44.0474983
            ],
            [
              12.5982577,
              44.0475044
            ],
            [
              12.598215,
              44.0475463
            ]
          ]
        ]
      }
    },
    {
      "type": "Feature",
      "properties": {
        "id": 223809199,
        "tipo": "negozio_supermarket",
        "name": "Coop"
      },
      "geometry": {
        "type": "Polygon",
        "coordinates": [
          [
            [
              12.617621,
              44.0317462
            ],
            [
              12.6180785,
              44.0320408
            ],
            [
              12.6182182,
              44.0319281
            ],
            [
              12.6177606,
              44.0316334
            ],
            [
              12.617621,
              44.0317462
            ]
          ]
        ]
      }
    },
    {
      "type": "Feature",
      "properties": {
        "id": 223809517,
        "tipo": "ufficio_government",
        "name": "Arpae Emilia-Romagna - sede di Rimini"
      },
      "geometry": {
        "type": "Polygon",
        "coordinates": [
          [
            [
              12.5912041,
              44.0449737
            ],
            [
              12.5917075,
              44.0453074
            ],
            [
              12.5918138,
              44.0452245
            ],
            [
              12.5913104,
              44.0448908
            ],
            [
              12.5912041,
              44.0449737
            ]
          ]
        ]
      }
    },
    {
      "type": "Feature",
      "properties": {
        "id": 223810113,
        "tipo": "negozio_wholesale",
        "name": "C+C Cash and Carry - Arca"
      },
      "geometry": {
        "type": "Polygon",
        "coordinates": [
          [
            [
              12.5953503,
              44.0351599
            ],
            [
              12.5956136,
              44.0353605
            ],
            [
              12.5958975,
              44.035172
            ],
            [
              12.5958574,
              44.0351399
            ],
            [
              12.5958897,
              44.0351176
            ],
            [
              12.5956639,
              44.0349457
            ],
            [
              12.5953503,
              44.0351599
            ]
          ]
        ]
      }
    },
    {
      "type": "Feature",
      "properties": {
        "id": 223810439,
        "tipo": "negozio_convenience",
        "name": "Despar"
      },
      "geometry": {
        "type": "Polygon",
        "coordinates": [
          [
            [
              12.6148126,
              44.0288294
            ],
            [
              12.6149146,
              44.0288924
            ],
            [
              12.6150876,
              44.0287465
            ],
            [
              12.6149855,
              44.0286836
            ],
            [
              12.6148126,
              44.0288294
            ]
          ]
        ]
      }
    },
    {
      "type": "Feature",
      "properties": {
        "id": 223810930,
        "tipo": "negozio_car_repair",
        "name": "Doctor Car"
      },
      "geometry": {
        "type": "Polygon",
        "coordinates": [
          [
            [
              12.5905143,
              44.0332391
            ],
            [
              12.5905255,
              44.033241
            ],
            [
              12.5906527,
              44.0332617
            ],
            [
              12.590659,
              44.0332415
            ],
            [
              12.5906969,
              44.0331208
            ],
            [
              12.5907093,
              44.0330814
            ],
            [
              12.590571,
              44.0330588
            ],
            [
              12.5905143,
              44.0332391
            ]
          ]
        ]
      }
    },
    {
      "type": "Feature",
      "properties": {
        "id": 223811211,
        "tipo": "negozio_doityourself",
        "name": "Tecnomat"
      },
      "geometry": {
        "type": "Polygon",
        "coordinates": [
          [
            [
              12.5903365,
              44.0377459
            ],
            [
              12.5910931,
              44.037924
            ],
            [
              12.590976,
              44.0381824
            ],
            [
              12.5921107,
              44.0384499
            ],
            [
              12.5922298,
              44.0381867
            ],
            [
              12.5920492,
              44.0381442
            ],
            [
              12.5922896,
              44.0376168
            ],
            [
              12.5905772,
              44.0372139
            ],
            [
              12.5903365,
              44.0377459
            ]
          ]
        ]
      }
    },
    {
      "type": "Feature",
      "properties": {
        "id": 223826362,
        "tipo": "negozio_furniture",
        "name": "Poltronesofà"
      },
      "geometry": {
        "type": "Polygon",
        "coordinates": [
          [
            [
              12.558457,
              44.0448166
            ],
            [
              12.5585654,
              44.0450327
            ],
            [
              12.5594627,
              44.0447986
            ],
            [
              12.5593543,
              44.0445824
            ],
            [
              12.5590204,
              44.0446675
            ],
            [
              12.5587595,
              44.0447365
            ],
            [
              12.558457,
              44.0448166
            ]
          ]
        ]
      }
    },
    {
      "type": "Feature",
      "properties": {
        "id": 223826636,
        "tipo": "negozio_fireplace",
        "name": "Casa del Marmo & Caminetto"
      },
      "geometry": {
        "type": "Polygon",
        "coordinates": [
          [
            [
              12.5412333,
              44.0599064
            ],
            [
              12.5412447,
              44.0600246
            ],
            [
              12.5413153,
              44.060021
            ],
            [
              12.5413283,
              44.0601535
            ],
            [
              12.5412836,
              44.0601557
            ],
            [
              12.54129,
              44.0602239
            ],
            [
              12.541514,
              44.060213
            ],
            [
              12.5415166,
              44.0602421
            ],
            [
              12.5416763,
              44.0602345
            ],
            [
              12.5416443,
              44.0598861
            ],
            [
              12.5412333,
              44.0599064
            ]
          ]
        ]
      }
    },
    {
      "type": "Feature",
      "properties": {
        "id": 223826656,
        "tipo": "negozio_car",
        "name": "Errepiù - Ruggeri"
      },
      "geometry": {
        "type": "Polygon",
        "coordinates": [
          [
            [
              12.5427482,
              44.0575989
            ],
            [
              12.5430529,
              44.05762
            ],
            [
              12.5430702,
              44.05749
            ],
            [
              12.5433042,
              44.05743
            ],
            [
              12.5432651,
              44.0573507
            ],
            [
              12.5432869,
              44.0573451
            ],
            [
              12.5432693,
              44.0573096
            ],
            [
              12.5433102,
              44.0572991
            ],
            [
              12.5432404,
              44.0571575
            ],
            [
              12.5427916,
              44.0572726
            ],
            [
              12.5427482,
              44.0575989
            ]
          ]
        ]
      }
    },
    {
      "type": "Feature",
      "properties": {
        "id": 223826994,
        "tipo": "negozio_supermarket",
        "name": "Conad"
      },
      "geometry": {
        "type": "Polygon",
        "coordinates": [
          [
            [
              12.5840991,
              44.0638198
            ],
            [
              12.5844016,
              44.0640088
            ],
            [
              12.5843636,
              44.064038
            ],
            [
              12.5846466,
              44.064217
            ],
            [
              12.5847184,
              44.0641579
            ],
            [
              12.5847768,
              44.0641099
            ],
            [
              12.584848,
              44.0640514
            ],
            [
              12.584511,
              44.0638384
            ],
            [
              12.5845258,
              44.0638263
            ],
            [
              12.5842776,
              44.0636712
            ],
            [
              12.5840991,
              44.0638198
            ]
          ]
        ]
      }
    },
    {
      "type": "Feature",
      "properties": {
        "id": 223827256,
        "tipo": "negozio_kiosk",
        "name": ""
      },
      "geometry": {
        "type": "Polygon",
        "coordinates": [
          [
            [
              12.5682878,
              44.05921
            ],
            [
              12.5682902,
              44.0592182
            ],
            [
              12.5682982,
              44.0592274
            ],
            [
              12.5683023,
              44.0592295
            ],
            [
              12.568314,
              44.0592318
            ],
            [
              12.5683285,
              44.0592289
            ],
            [
              12.5683357,
              44.0592239
            ],
            [
              12.5683397,
              44.0592171
            ],
            [
              12.5683381,
              44.0592064
            ],
            [
              12.5683285,
              44.0591981
            ],
            [
              12.568314,
              44.0591951
            ],
            [
              12.5682959,
              44.0591977
            ],
            [
              12.5682878,
              44.05921
            ]
          ]
        ]
      }
    },
    {
      "type": "Feature",
      "properties": {
        "id": 223827444,
        "tipo": "ufficio_company",
        "name": "e-distribuzione"
      },
      "geometry": {
        "type": "Polygon",
        "coordinates": [
          [
            [
              12.5525089,
              44.0457399
            ],
            [
              12.5526399,
              44.0458424
            ],
            [
              12.5526757,
              44.0458185
            ],
            [
              12.5526873,
              44.0458275
            ],
            [
              12.5527761,
              44.0457683
            ],
            [
              12.5527817,
              44.0457727
            ],
            [
              12.5528289,
              44.0457412
            ],
            [
              12.5528415,
              44.045751
            ],
            [
              12.5529752,
              44.0456618
            ],
            [
              12.5528147,
              44.0455366
            ],
            [
              12.5525089,
              44.0457399
            ]
          ]
        ]
      }
    },
    {
      "type": "Feature",
      "properties": {
        "id": 223827822,
        "tipo": "negozio_car",
        "name": "Gruppo DIBA"
      },
      "geometry": {
        "type": "Polygon",
        "coordinates": [
          [
            [
              12.5800591,
              44.042085
            ],
            [
              12.5802002,
              44.0421873
            ],
            [
              12.5802828,
              44.042182
            ],
            [
              12.5802993,
              44.0422959
            ],
            [
              12.5804285,
              44.0423723
            ],
            [
              12.5805885,
              44.0423626
            ],
            [
              12.5807001,
              44.0422662
            ],
            [
              12.5806863,
              44.0421557
            ],
            [
              12.5805581,
              44.0420811
            ],
            [
              12.5805453,
              44.0420831
            ],
            [
              12.5804757,
              44.0420373
            ],
            [
              12.5804393,
              44.0420692
            ],
            [
              12.5800591,
              44.042085
            ]
          ]
        ]
      }
    },
    {
      "type": "Feature",
      "properties": {
        "id": 223827954,
        "tipo": "ufficio_government",
        "name": "INAIL"
      },
      "geometry": {
        "type": "Polygon",
        "coordinates": [
          [
            [
              12.5670076,
              44.0551586
            ],
            [
              12.567029,
              44.0552306
            ],
            [
              12.5670495,
              44.0552276
            ],
            [
              12.5670622,
              44.0552702
            ],
            [
              12.5677433,
              44.0551651
            ],
            [
              12.5677297,
              44.0551194
            ],
            [
              12.5677502,
              44.0551164
            ],
            [
              12.5677288,
              44.0550443
            ],
            [
              12.5677083,
              44.0550474
            ],
            [
              12.5676943,
              44.0549998
            ],
            [
              12.5674042,
              44.0550446
            ],
            [
              12.5674112,
              44.0550683
            ],
            [
              12.5673129,
              44.0550836
            ],
            [
              12.5673059,
              44.0550598
            ],
            [
              12.5670132,
              44.0551051
            ],
            [
              12.5670281,
              44.0551555
            ],
            [
              12.5670076,
              44.0551586
            ]
          ]
        ]
      }
    },
    {
      "type": "Feature",
      "properties": {
        "id": 223827979,
        "tipo": "ufficio_government",
        "name": "INPS"
      },
      "geometry": {
        "type": "Polygon",
        "coordinates": [
          [
            [
              12.581361,
              44.0422669
            ],
            [
              12.581542,
              44.0424594
            ],
            [
              12.5815273,
              44.0424666
            ],
            [
              12.5815749,
              44.0425176
            ],
            [
              12.5816228,
              44.0424944
            ],
            [
              12.5819749,
              44.0428714
            ],
            [
              12.5822004,
              44.0427619
            ],
            [
              12.5818503,
              44.0423873
            ],
            [
              12.5818834,
              44.0423721
            ],
            [
              12.5818554,
              44.0423444
            ],
            [
              12.5817764,
              44.042383
            ],
            [
              12.5817587,
              44.0423641
            ],
            [
              12.5817969,
              44.0423454
            ],
            [
              12.5817745,
              44.0423216
            ],
            [
              12.5817574,
              44.04233
            ],
            [
              12.5815917,
              44.0421539
            ],
            [
              12.581361,
              44.0422669
            ]
          ]
        ]
      }
    },
    {
      "type": "Feature",
      "properties": {
        "id": 223828861,
        "tipo": "negozio_kiosk",
        "name": "Edicola Piazzale Kennedy"
      },
      "geometry": {
        "type": "Polygon",
        "coordinates": [
          [
            [
              12.5814525,
              44.0668701
            ],
            [
              12.5814923,
              44.0668905
            ],
            [
              12.5815489,
              44.066833
            ],
            [
              12.581509,
              44.0668126
            ],
            [
              12.5814525,
              44.0668701
            ]
          ]
        ]
      }
    },
    {
      "type": "Feature",
      "properties": {
        "id": 223829083,
        "tipo": "negozio_bicycle",
        "name": "Bike Park Rimini"
      },
      "geometry": {
        "type": "Polygon",
        "coordinates": [
          [
            [
              12.5735415,
              44.0629353
            ],
            [
              12.5736049,
              44.0630074
            ],
            [
              12.5736499,
              44.0630586
            ],
            [
              12.5740822,
              44.0628624
            ],
            [
              12.5739738,
              44.0627391
            ],
            [
              12.5735415,
              44.0629353
            ]
          ]
        ]
      }
    },
    {
      "type": "Feature",
      "properties": {
        "id": 223829909,
        "tipo": "negozio_shoes",
        "name": "Polaris scarpe & co."
      },
      "geometry": {
        "type": "Polygon",
        "coordinates": [
          [
            [
              12.551238,
              44.0465406
            ],
            [
              12.5513902,
              44.0466067
            ],
            [
              12.5514332,
              44.0465555
            ],
            [
              12.5515785,
              44.0466186
            ],
            [
              12.5517752,
              44.0463847
            ],
            [
              12.5514777,
              44.0462555
            ],
            [
              12.551238,
              44.0465406
            ]
          ]
        ]
      }
    },
    {
      "type": "Feature",
      "properties": {
        "id": 223831021,
        "tipo": "negozio_supermarket",
        "name": "Coop"
      },
      "geometry": {
        "type": "Polygon",
        "coordinates": [
          [
            [
              12.5848562,
              44.0508574
            ],
            [
              12.5852763,
              44.0511025
            ],
            [
              12.585483,
              44.0509193
            ],
            [
              12.585249,
              44.0507828
            ],
            [
              12.5853204,
              44.0507196
            ],
            [
              12.5851344,
              44.050611
            ],
            [
              12.5848562,
              44.0508574
            ]
          ]
        ]
      }
    },
    {
      "type": "Feature",
      "properties": {
        "id": 223831028,
        "tipo": "negozio_supermarket",
        "name": "Conad City"
      },
      "geometry": {
        "type": "Polygon",
        "coordinates": [
          [
            [
              12.5718745,
              44.0528553
            ],
            [
              12.5721203,
              44.0530583
            ],
            [
              12.5722951,
              44.0529481
            ],
            [
              12.5720492,
              44.0527451
            ],
            [
              12.5718745,
              44.0528553
            ]
          ]
        ]
      }
    },
    {
      "type": "Feature",
      "properties": {
        "id": 223831253,
        "tipo": "negozio_car_repair",
        "name": "Carrozzeria Ruggeri"
      },
      "geometry": {
        "type": "Polygon",
        "coordinates": [
          [
            [
              12.5431091,
              44.0580785
            ],
            [
              12.5432458,
              44.0580802
            ],
            [
              12.5432705,
              44.0576285
            ],
            [
              12.5431468,
              44.057683
            ],
            [
              12.5431091,
              44.0580785
            ]
          ]
        ]
      }
    },
    {
      "type": "Feature",
      "properties": {
        "id": 223831700,
        "tipo": "negozio_tiles",
        "name": "Del Conca showroom"
      },
      "geometry": {
        "type": "Polygon",
        "coordinates": [
          [
            [
              12.5430973,
              44.0565472
            ],
            [
              12.5434285,
              44.0565452
            ],
            [
              12.5434259,
              44.0563107
            ],
            [
              12.5430946,
              44.0563127
            ],
            [
              12.5430973,
              44.0565472
            ]
          ]
        ]
      }
    },
    {
      "type": "Feature",
      "properties": {
        "id": 223831730,
        "tipo": "ufficio_transport",
        "name": "StartRomagna S.p.A."
      },
      "geometry": {
        "type": "Polygon",
        "coordinates": [
          [
            [
              12.5776843,
              44.046224
            ],
            [
              12.5780478,
              44.0464738
            ],
            [
              12.5781409,
              44.0464033
            ],
            [
              12.5777774,
              44.0461534
            ],
            [
              12.5776843,
              44.046224
            ]
          ]
        ]
      }
    },
    {
      "type": "Feature",
      "properties": {
        "id": 223832479,
        "tipo": "ufficio_company",
        "name": "Italcamel"
      },
      "geometry": {
        "type": "Polygon",
        "coordinates": [
          [
            [
              12.5863765,
              44.0417918
            ],
            [
              12.5864124,
              44.0419318
            ],
            [
              12.5867597,
              44.0419193
            ],
            [
              12.586774,
              44.0417785
            ],
            [
              12.5865688,
              44.0417633
            ],
            [
              12.5863765,
              44.0417918
            ]
          ]
        ]
      }
    },
    {
      "type": "Feature",
      "properties": {
        "id": 223832534,
        "tipo": "negozio_kitchen",
        "name": "Scavolini"
      },
      "geometry": {
        "type": "Polygon",
        "coordinates": [
          [
            [
              12.583121,
              44.0457971
            ],
            [
              12.5832146,
              44.0459013
            ],
            [
              12.5834228,
              44.045804
            ],
            [
              12.5833313,
              44.0457023
            ],
            [
              12.583121,
              44.0457971
            ]
          ]
        ]
      }
    },
    {
      "type": "Feature",
      "properties": {
        "id": 223832779,
        "tipo": "ufficio_government",
        "name": "Agenzia delle Entrate"
      },
      "geometry": {
        "type": "Polygon",
        "coordinates": [
          [
            [
              12.5826253,
              44.0419265
            ],
            [
              12.5826596,
              44.0422205
            ],
            [
              12.5830469,
              44.0421969
            ],
            [
              12.5830125,
              44.0419029
            ],
            [
              12.5826253,
              44.0419265
            ]
          ]
        ]
      }
    },
    {
      "type": "Feature",
      "properties": {
        "id": 223833095,
        "tipo": "negozio_car",
        "name": "Citroën"
      },
      "geometry": {
        "type": "Polygon",
        "coordinates": [
          [
            [
              12.5426499,
              44.0581296
            ],
            [
              12.5430374,
              44.0581397
            ],
            [
              12.5430476,
              44.0577255
            ],
            [
              12.5428572,
              44.0578026
            ],
            [
              12.5428545,
              44.0578306
            ],
            [
              12.5426573,
              44.0579123
            ],
            [
              12.5426499,
              44.0581296
            ]
          ]
        ]
      }
    },
    {
      "type": "Feature",
      "properties": {
        "id": 223833648,
        "tipo": "negozio_pet",
        "name": "Zoo paradise Rimini"
      },
      "geometry": {
        "type": "Polygon",
        "coordinates": [
          [
            [
              12.544761,
              44.0564077
            ],
            [
              12.544767,
              44.0564478
            ],
            [
              12.5448653,
              44.0564485
            ],
            [
              12.5448925,
              44.0562173
            ],
            [
              12.5448545,
              44.0562181
            ],
            [
              12.5447702,
              44.0562202
            ],
            [
              12.544761,
              44.0564077
            ]
          ]
        ]
      }
    },
    {
      "type": "Feature",
      "properties": {
        "id": 223834976,
        "tipo": "negozio_supermarket",
        "name": "In's Mercato"
      },
      "geometry": {
        "type": "Polygon",
        "coordinates": [
          [
            [
              12.5823849,
              44.0468844
            ],
            [
              12.5827934,
              44.0472002
            ],
            [
              12.5830144,
              44.0470525
            ],
            [
              12.5826059,
              44.0467367
            ],
            [
              12.5823849,
              44.0468844
            ]
          ]
        ]
      }
    },
    {
      "type": "Feature",
      "properties": {
        "id": 223835064,
        "tipo": "negozio_furniture",
        "name": "Il Prisma"
      },
      "geometry": {
        "type": "Polygon",
        "coordinates": [
          [
            [
              12.5575632,
              44.0449488
            ],
            [
              12.5575945,
              44.0450085
            ],
            [
              12.5579312,
              44.0449184
            ],
            [
              12.5579534,
              44.0449337
            ],
            [
              12.5579656,
              44.0449315
            ],
            [
              12.5579769,
              44.0449641
            ],
            [
              12.5579008,
              44.0449837
            ],
            [
              12.5579134,
              44.0450172
            ],
            [
              12.557927,
              44.045015
            ],
            [
              12.5579394,
              44.0450427
            ],
            [
              12.5579617,
              44.045038
            ],
            [
              12.5579745,
              44.0450554
            ],
            [
              12.5580392,
              44.0450386
            ],
            [
              12.5580494,
              44.0450581
            ],
            [
              12.5579975,
              44.0450932
            ],
            [
              12.5579892,
              44.0450875
            ],
            [
              12.5579594,
              44.0451101
            ],
            [
              12.5579482,
              44.0451024
            ],
            [
              12.5579103,
              44.045129
            ],
            [
              12.5578902,
              44.0451142
            ],
            [
              12.557853,
              44.0451413
            ],
            [
              12.557823,
              44.0451188
            ],
            [
              12.5577972,
              44.0451183
            ],
            [
              12.5577973,
              44.045081
            ],
            [
              12.5577212,
              44.0450804
            ],
            [
              12.5577193,
              44.045127
            ],
            [
              12.5576728,
              44.045138
            ],
            [
              12.5576846,
              44.0451643
            ],
            [
              12.557667,
              44.0451685
            ],
            [
              12.5576827,
              44.0452119
            ],
            [
              12.5578027,
              44.0451833
            ],
            [
              12.5578251,
              44.0452006
            ],
            [
              12.5577613,
              44.0452458
            ],
            [
              12.5577746,
              44.0452549
            ],
            [
              12.5577653,
              44.0452629
            ],
            [
              12.5577918,
              44.045282
            ],
            [
              12.5577771,
              44.0452931
            ],
            [
              12.5578308,
              44.0453348
            ],
            [
              12.5578568,
              44.0453172
            ],
            [
              12.5578443,
              44.0453086
            ],
            [
              12.5578688,
              44.0452911
            ],
            [
              12.5578856,
              44.0453045
            ],
            [
              12.5579281,
              44.0452743
            ],
            [
              12.5579184,
              44.0452686
            ],
            [
              12.5579748,
              44.0452279
            ],
            [
              12.5579309,
              44.0451959
            ],
            [
              12.5579489,
              44.0451843
            ],
            [
              12.557976,
              44.0452019
            ],
            [
              12.5579847,
              44.0451964
            ],
            [
              12.5580055,
              44.0452117
            ],
            [
              12.5580493,
              44.0451816
            ],
            [
              12.5580263,
              44.0451638
            ],
            [
              12.5580469,
              44.0451482
            ],
            [
              12.5580649,
              44.0451597
            ],
            [
              12.5580982,
              44.0451366
            ],
            [
              12.5581487,
              44.0451445
            ],
            [
              12.5581645,
              44.0451094
            ],
            [
              12.5581228,
              44.0451009
            ],
            [
              12.5581154,
              44.0450853
            ],
            [
              12.558141,
              44.0450741
            ],
            [
              12.5581226,
              44.0450327
            ],
            [
              12.5581469,
              44.0450274
            ],
            [
              12.5581579,
              44.0450512
            ],
            [
              12.5581801,
              44.0450474
            ],
            [
              12.5581861,
              44.045063
            ],
            [
              12.5582193,
              44.045058
            ],
            [
              12.5582145,
              44.0450394
            ],
            [
              12.5582443,
              44.0450331
            ],
            [
              12.5582421,
              44.0449272
            ],
            [
              12.5581314,
              44.0449517
            ],
            [
              12.5581235,
              44.0449377
            ],
            [
              12.5580521,
              44.0449585
            ],
            [
              12.5580238,
              44.0448815
            ],
            [
              12.5579545,
              44.0448415
            ],
            [
              12.5575632,
              44.0449488
            ]
          ]
        ]
      }
    },
    {
      "type": "Feature",
      "properties": {
        "id": 223835460,
        "tipo": "negozio_toys",
        "name": "Bimbostore"
      },
      "geometry": {
        "type": "Polygon",
        "coordinates": [
          [
            [
              12.5511646,
              44.0257186
            ],
            [
              12.551497,
              44.026057
            ],
            [
              12.5515785,
              44.0260139
            ],
            [
              12.5522716,
              44.0256667
            ],
            [
              12.5522667,
              44.0256614
            ],
            [
              12.5523535,
              44.0256195
            ],
            [
              12.5522165,
              44.0254706
            ],
            [
              12.5520384,
              44.0252842
            ],
            [
              12.5511646,
              44.0257186
            ]
          ]
        ]
      }
    },
    {
      "type": "Feature",
      "properties": {
        "id": 223836301,
        "tipo": "ufficio_yes",
        "name": ""
      },
      "geometry": {
        "type": "Polygon",
        "coordinates": [
          [
            [
              12.5662435,
              44.0634422
            ],
            [
              12.5663836,
              44.0635743
            ],
            [
              12.5664346,
              44.0635454
            ],
            [
              12.5664405,
              44.0635511
            ],
            [
              12.5665038,
              44.0635168
            ],
            [
              12.566498,
              44.0635112
            ],
            [
              12.5665528,
              44.0634811
            ],
            [
              12.5664127,
              44.0633489
            ],
            [
              12.5662435,
              44.0634422
            ]
          ]
        ]
      }
    },
    {
      "type": "Feature",
      "properties": {
        "id": 223836465,
        "tipo": "ufficio_religion",
        "name": ""
      },
      "geometry": {
        "type": "Polygon",
        "coordinates": [
          [
            [
              12.5707352,
              44.0595279
            ],
            [
              12.5707482,
              44.0595798
            ],
            [
              12.5708031,
              44.059611
            ],
            [
              12.5708735,
              44.0596055
            ],
            [
              12.5709174,
              44.0595618
            ],
            [
              12.5709093,
              44.0595088
            ],
            [
              12.5708448,
              44.0594764
            ],
            [
              12.5707799,
              44.0594842
            ],
            [
              12.5707352,
              44.0595279
            ]
          ]
        ]
      }
    },
    {
      "type": "Feature",
      "properties": {
        "id": 223841162,
        "tipo": "ufficio_company",
        "name": "Anthea"
      },
      "geometry": {
        "type": "Polygon",
        "coordinates": [
          [
            [
              12.559226,
              44.0368232
            ],
            [
              12.5596099,
              44.0371966
            ],
            [
              12.5596704,
              44.0372555
            ],
            [
              12.5597292,
              44.0372241
            ],
            [
              12.5597911,
              44.0371909
            ],
            [
              12.5599107,
              44.0371269
            ],
            [
              12.5598537,
              44.0370715
            ],
            [
              12.5597952,
              44.0370146
            ],
            [
              12.5596301,
              44.036854
            ],
            [
              12.5595753,
              44.0368007
            ],
            [
              12.5594663,
              44.0366947
            ],
            [
              12.559226,
              44.0368232
            ]
          ]
        ]
      }
    },
    {
      "type": "Feature",
      "properties": {
        "id": 223841292,
        "tipo": "ufficio_company",
        "name": ""
      },
      "geometry": {
        "type": "Polygon",
        "coordinates": [
          [
            [
              12.5634466,
              44.0357328
            ],
            [
              12.5635486,
              44.0358911
            ],
            [
              12.5636179,
              44.0359987
            ],
            [
              12.564046,
              44.0358552
            ],
            [
              12.5640921,
              44.0359271
            ],
            [
              12.5641306,
              44.0359612
            ],
            [
              12.5641725,
              44.0359848
            ],
            [
              12.5642142,
              44.0359983
            ],
            [
              12.5642557,
              44.0360068
            ],
            [
              12.564302,
              44.0360103
            ],
            [
              12.564353,
              44.0360087
            ],
            [
              12.5643878,
              44.0360035
            ],
            [
              12.564421,
              44.0359945
            ],
            [
              12.5644515,
              44.0359812
            ],
            [
              12.5644823,
              44.0359647
            ],
            [
              12.5645084,
              44.0359434
            ],
            [
              12.5645331,
              44.0359196
            ],
            [
              12.5645543,
              44.0358944
            ],
            [
              12.5645707,
              44.0358635
            ],
            [
              12.564578,
              44.0358346
            ],
            [
              12.564579,
              44.0358125
            ],
            [
              12.5645707,
              44.0357755
            ],
            [
              12.5645503,
              44.0357423
            ],
            [
              12.5643407,
              44.0358126
            ],
            [
              12.5643092,
              44.0357638
            ],
            [
              12.5644644,
              44.0357118
            ],
            [
              12.5642737,
              44.0354159
            ],
            [
              12.5641155,
              44.035469
            ],
            [
              12.5640285,
              44.0353339
            ],
            [
              12.5639801,
              44.0353501
            ],
            [
              12.564001,
              44.0353826
            ],
            [
              12.5639113,
              44.0354127
            ],
            [
              12.5641016,
              44.0357081
            ],
            [
              12.5636408,
              44.0358626
            ],
            [
              12.5635375,
              44.0357024
            ],
            [
              12.5634466,
              44.0357328
            ]
          ]
        ]
      }
    },
    {
      "type": "Feature",
      "properties": {
        "id": 223841908,
        "tipo": "negozio_wholesale",
        "name": "Inoxmare"
      },
      "geometry": {
        "type": "Polygon",
        "coordinates": [
          [
            [
              12.5622862,
              44.0418391
            ],
            [
              12.5624125,
              44.0419479
            ],
            [
              12.5629007,
              44.0416526
            ],
            [
              12.5627744,
              44.0415439
            ],
            [
              12.5622862,
              44.0418391
            ]
          ]
        ]
      }
    },
    {
      "type": "Feature",
      "properties": {
        "id": 223842398,
        "tipo": "negozio_car_repair",
        "name": "Rapid car"
      },
      "geometry": {
        "type": "Polygon",
        "coordinates": [
          [
            [
              12.5574758,
              44.0393327
            ],
            [
              12.5577291,
              44.0395288
            ],
            [
              12.5578183,
              44.0394688
            ],
            [
              12.5577793,
              44.0394386
            ],
            [
              12.5578257,
              44.0394075
            ],
            [
              12.5576113,
              44.0392416
            ],
            [
              12.5574758,
              44.0393327
            ]
          ]
        ]
      }
    },
    {
      "type": "Feature",
      "properties": {
        "id": 223842876,
        "tipo": "negozio_mall",
        "name": "Le Befane"
      },
      "geometry": {
        "type": "Polygon",
        "coordinates": [
          [
            [
              12.5848642,
              44.0406551
            ],
            [
              12.5851212,
              44.040703
            ],
            [
              12.5851345,
              44.0406659
            ],
            [
              12.5858158,
              44.0407916
            ],
            [
              12.5858464,
              44.0408016
            ],
            [
              12.5860294,
              44.0408356
            ],
            [
              12.5860408,
              44.0408037
            ],
            [
              12.5861147,
              44.0408175
            ],
            [
              12.5861407,
              44.0408223
            ],
            [
              12.5861749,
              44.0408541
            ],
            [
              12.5862469,
              44.0408795
            ],
            [
              12.5863059,
              44.0408785
            ],
            [
              12.5863513,
              44.0408698
            ],
            [
              12.5864056,
              44.0408482
            ],
            [
              12.5864496,
              44.0408564
            ],
            [
              12.5865696,
              44.04087
            ],
            [
              12.5865936,
              44.0408695
            ],
            [
              12.5866474,
              44.0408683
            ],
            [
              12.586712,
              44.0408634
            ],
            [
              12.5868168,
              44.0408457
            ],
            [
              12.5869134,
              44.0408198
            ],
            [
              12.5869505,
              44.0408293
            ],
            [
              12.5869888,
              44.0408324
            ],
            [
              12.5870186,
              44.0408293
            ],
            [
              12.5870413,
              44.0408243
            ],
            [
              12.5870616,
              44.0408045
            ],
            [
              12.5871484,
              44.0408206
            ],
            [
              12.5871628,
              44.0407801
            ],
            [
              12.5872418,
              44.0407948
            ],
            [
              12.5872488,
              44.0407753
            ],
            [
              12.587347,
              44.0407936
            ],
            [
              12.587365,
              44.0407429
            ],
            [
              12.5875202,
              44.0403208
            ],
            [
              12.587665,
              44.0403478
            ],
            [
              12.5876764,
              44.040316
            ],
            [
              12.5875489,
              44.0402923
            ],
            [
              12.5875638,
              44.0402508
            ],
            [
              12.5877371,
              44.0402831
            ],
            [
              12.5877733,
              44.0401818
            ],
            [
              12.5878111,
              44.0400762
            ],
            [
              12.5877686,
              44.0400683
            ],
            [
              12.5878225,
              44.0399177
            ],
            [
              12.5876823,
              44.0398916
            ],
            [
              12.5876674,
              44.0399333
            ],
            [
              12.5875922,
              44.0399193
            ],
            [
              12.5876569,
              44.0397384
            ],
            [
              12.5875946,
              44.0397268
            ],
            [
              12.587703,
              44.039424
            ],
            [
              12.5877635,
              44.0394352
            ],
            [
              12.5878008,
              44.039331
            ],
            [
              12.5880181,
              44.0393714
            ],
            [
              12.5880901,
              44.0391702
            ],
            [
              12.588153,
              44.0391819
            ],
            [
              12.5882248,
              44.0389813
            ],
            [
              12.5880418,
              44.0389472
            ],
            [
              12.5882052,
              44.038491
            ],
            [
              12.5883312,
              44.0385145
            ],
            [
              12.5883394,
              44.0384917
            ],
            [
              12.5882188,
              44.0384692
            ],
            [
              12.5882296,
              44.0384391
            ],
            [
              12.5882389,
              44.0384133
            ],
            [
              12.5873918,
              44.0382555
            ],
            [
              12.5871305,
              44.0389855
            ],
            [
              12.5870835,
              44.0389768
            ],
            [
              12.5870763,
              44.038997
            ],
            [
              12.5855406,
              44.0387108
            ],
            [
              12.5854605,
              44.0386959
            ],
            [
              12.5853578,
              44.0389973
            ],
            [
              12.5856593,
              44.0390535
            ],
            [
              12.5855812,
              44.0392714
            ],
            [
              12.5854159,
              44.0392406
            ],
            [
              12.5854073,
              44.0392646
            ],
            [
              12.5855686,
              44.0392947
            ],
            [
              12.5854177,
              44.0397161
            ],
            [
              12.5850331,
              44.0396444
            ],
            [
              12.5849424,
              44.0398976
            ],
            [
              12.5848601,
              44.0398823
            ],
            [
              12.5848403,
              44.0399376
            ],
            [
              12.5864704,
              44.0402413
            ],
            [
              12.5865117,
              44.0401259
            ],
            [
              12.5866074,
              44.0401437
            ],
            [
              12.5865038,
              44.0404331
            ],
            [
              12.5864333,
              44.0404199
            ],
            [
              12.5864504,
              44.0403723
            ],
            [
              12.5862551,
              44.0403359
            ],
            [
              12.5862233,
              44.0403903
            ],
            [
              12.585295,
              44.0402179
            ],
            [
              12.5853083,
              44.0401807
            ],
            [
              12.5850512,
              44.0401328
            ],
            [
              12.5848642,
              44.0406551
            ]
          ]
        ]
      }
    },
    {
      "type": "Feature",
      "properties": {
        "id": 223850723,
        "tipo": "negozio_clothes",
        "name": "GLOBO - Coriano"
      },
      "geometry": {
        "type": "Polygon",
        "coordinates": [
          [
            [
              12.5374984,
              43.9958059
            ],
            [
              12.5376551,
              43.9959385
            ],
            [
              12.5375595,
              43.9959973
            ],
            [
              12.5376633,
              43.9960852
            ],
            [
              12.5376237,
              43.9961096
            ],
            [
              12.5376419,
              43.996125
            ],
            [
              12.5378272,
              43.9962817
            ],
            [
              12.5378469,
              43.9962984
            ],
            [
              12.5386032,
              43.9958326
            ],
            [
              12.5384112,
              43.9956702
            ],
            [
              12.5384374,
              43.995654
            ],
            [
              12.5383568,
              43.9955858
            ],
            [
              12.5383759,
              43.995574
            ],
            [
              12.538165,
              43.9953955
            ],
            [
              12.5378827,
              43.9955693
            ],
            [
              12.5376409,
              43.9957182
            ],
            [
              12.5374984,
              43.9958059
            ]
          ]
        ]
      }
    },
    {
      "type": "Feature",
      "properties": {
        "id": 238119643,
        "tipo": "negozio_mall",
        "name": "Sacramora"
      },
      "geometry": {
        "type": "Polygon",
        "coordinates": [
          [
            [
              12.5385708,
              44.0825322
            ],
            [
              12.5386314,
              44.0824878
            ],
            [
              12.5382989,
              44.0822531
            ],
            [
              12.5382775,
              44.0822531
            ],
            [
              12.5382512,
              44.08226
            ],
            [
              12.5381726,
              44.0823175
            ],
            [
              12.5381511,
              44.0823024
            ],
            [
              12.5378789,
              44.0825015
            ],
            [
              12.5379032,
              44.0825186
            ],
            [
              12.5378633,
              44.0825478
            ],
            [
              12.5383282,
              44.0828758
            ],
            [
              12.5383541,
              44.0828942
            ],
            [
              12.5383934,
              44.0829219
            ],
            [
              12.5383688,
              44.0829398
            ],
            [
              12.5383811,
              44.0829484
            ],
            [
              12.5386708,
              44.083153
            ],
            [
              12.5388253,
              44.0830401
            ],
            [
              12.538873,
              44.0830052
            ],
            [
              12.5389211,
              44.08297
            ],
            [
              12.5390537,
              44.0828731
            ],
            [
              12.5387161,
              44.0826348
            ],
            [
              12.5385708,
              44.0825322
            ]
          ]
        ]
      }
    },
    {
      "type": "Feature",
      "properties": {
        "id": 262042279,
        "tipo": "negozio_car_repair",
        "name": "Central car service"
      },
      "geometry": {
        "type": "Polygon",
        "coordinates": [
          [
            [
              12.4742282,
              44.0867725
            ],
            [
              12.4743608,
              44.0868982
            ],
            [
              12.4745555,
              44.0867922
            ],
            [
              12.4744228,
              44.0866665
            ],
            [
              12.4742282,
              44.0867725
            ]
          ]
        ]
      }
    },
    {
      "type": "Feature",
      "properties": {
        "id": 426363242,
        "tipo": "negozio_no",
        "name": "Tamoil"
      },
      "geometry": {
        "type": "Polygon",
        "coordinates": [
          [
            [
              12.5665989,
              44.045043
            ],
            [
              12.5668488,
              44.0448653
            ],
            [
              12.5668029,
              44.0448283
            ],
            [
              12.5671802,
              44.0445622
            ],
            [
              12.5670387,
              44.0444518
            ],
            [
              12.5663968,
              44.0448892
            ],
            [
              12.5665989,
              44.045043
            ]
          ]
        ]
      }
    },
    {
      "type": "Feature",
      "properties": {
        "id": 829722313,
        "tipo": "negozio_ticket",
        "name": ""
      },
      "geometry": {
        "type": "Polygon",
        "coordinates": [
          [
            [
              12.5116324,
              43.99479
            ],
            [
              12.5116097,
              43.9948303
            ],
            [
              12.5116536,
              43.9948431
            ],
            [
              12.5116762,
              43.9948028
            ],
            [
              12.5116324,
              43.99479
            ]
          ]
        ]
      }
    },
    {
      "type": "Feature",
      "properties": {
        "id": 955758139,
        "tipo": "negozio_supermarket",
        "name": "ALDI"
      },
      "geometry": {
        "type": "Polygon",
        "coordinates": [
          [
            [
              12.6113669,
              44.0284297
            ],
            [
              12.6112988,
              44.0283727
            ],
            [
              12.6111443,
              44.0282436
            ],
            [
              12.6118084,
              44.0278328
            ],
            [
              12.6120786,
              44.0280585
            ],
            [
              12.6119342,
              44.0281478
            ],
            [
              12.6118867,
              44.0281081
            ],
            [
              12.6113669,
              44.0284297
            ]
          ]
        ]
      }
    },
    {
      "type": "Feature",
      "properties": {
        "id": 1120666659,
        "tipo": "negozio_electronics",
        "name": "Comet"
      },
      "geometry": {
        "type": "Polygon",
        "coordinates": [
          [
            [
              12.5943639,
              44.0386415
            ],
            [
              12.5934574,
              44.0379982
            ],
            [
              12.5940001,
              44.0376035
            ],
            [
              12.5949067,
              44.0382461
            ],
            [
              12.5943639,
              44.0386415
            ]
          ]
        ]
      }
    },
    {
      "type": "Feature",
      "properties": {
        "id": 1149006884,
        "tipo": "negozio_kiosk",
        "name": ""
      },
      "geometry": {
        "type": "Polygon",
        "coordinates": [
          [
            [
              12.5767011,
              44.0504123
            ],
            [
              12.5766619,
              44.0503807
            ],
            [
              12.5767233,
              44.0503413
            ],
            [
              12.5767625,
              44.050373
            ],
            [
              12.5767011,
              44.0504123
            ]
          ]
        ]
      }
    },
    {
      "type": "Feature",
      "properties": {
        "id": 1149944883,
        "tipo": "negozio_chemist",
        "name": "Tigotà"
      },
      "geometry": {
        "type": "Polygon",
        "coordinates": [
          [
            [
              12.6125659,
              44.0276899
            ],
            [
              12.6123333,
              44.0274886
            ],
            [
              12.6126849,
              44.0272785
            ],
            [
              12.6129175,
              44.0274797
            ],
            [
              12.6125659,
              44.0276899
            ]
          ]
        ]
      }
    },
    {
      "type": "Feature",
      "properties": {
        "id": 1150581810,
        "tipo": "negozio_kiosk",
        "name": ""
      },
      "geometry": {
        "type": "Polygon",
        "coordinates": [
          [
            [
              12.5709843,
              44.0573236
            ],
            [
              12.5709865,
              44.0573181
            ],
            [
              12.570991,
              44.0573133
            ],
            [
              12.5709974,
              44.0573098
            ],
            [
              12.571005,
              44.057308
            ],
            [
              12.571013,
              44.057308
            ],
            [
              12.571021,
              44.0573099
            ],
            [
              12.5710276,
              44.0573137
            ],
            [
              12.5710321,
              44.0573188
            ],
            [
              12.571034,
              44.0573247
            ],
            [
              12.571033,
              44.0573308
            ],
            [
              12.5710293,
              44.0573362
            ],
            [
              12.5710232,
              44.0573405
            ],
            [
              12.5710156,
              44.057343
            ],
            [
              12.5710072,
              44.0573436
            ],
            [
              12.5709994,
              44.0573422
            ],
            [
              12.5709926,
              44.0573392
            ],
            [
              12.5709875,
              44.0573347
            ],
            [
              12.5709846,
              44.0573293
            ],
            [
              12.5709843,
              44.0573236
            ]
          ]
        ]
      }
    },
    {
      "type": "Feature",
      "properties": {
        "id": 1154019171,
        "tipo": "negozio_houseware",
        "name": "Angel Mercatone"
      },
      "geometry": {
        "type": "Polygon",
        "coordinates": [
          [
            [
              12.6121211,
              44.028016
            ],
            [
              12.6118607,
              44.0277915
            ],
            [
              12.6122245,
              44.0275734
            ],
            [
              12.6124848,
              44.0277979
            ],
            [
              12.6121211,
              44.028016
            ]
          ]
        ]
      }
    },
    {
      "type": "Feature",
      "properties": {
        "id": 1205983347,
        "tipo": "negozio_supermarket",
        "name": "Lidl"
      },
      "geometry": {
        "type": "Polygon",
        "coordinates": [
          [
            [
              12.5408312,
              44.0543716
            ],
            [
              12.5410195,
              44.054245
            ],
            [
              12.540998,
              44.0542285
            ],
            [
              12.5410458,
              44.0541964
            ],
            [
              12.5410208,
              44.0541772
            ],
            [
              12.5410902,
              44.0541306
            ],
            [
              12.5409755,
              44.0540424
            ],
            [
              12.5407758,
              44.0538889
            ],
            [
              12.5407282,
              44.0539209
            ],
            [
              12.540653,
              44.0538631
            ],
            [
              12.5403348,
              44.0540769
            ],
            [
              12.5404163,
              44.0541396
            ],
            [
              12.5404765,
              44.0540991
            ],
            [
              12.5408312,
              44.0543716
            ]
          ]
        ]
      }
    },
    {
      "type": "Feature",
      "properties": {
        "id": 1209149815,
        "tipo": "negozio_car",
        "name": "Irizar"
      },
      "geometry": {
        "type": "Polygon",
        "coordinates": [
          [
            [
              12.5896774,
              44.0346164
            ],
            [
              12.588052,
              44.0340977
            ],
            [
              12.5880828,
              44.0340459
            ],
            [
              12.5880646,
              44.0340399
            ],
            [
              12.5880483,
              44.0340255
            ],
            [
              12.5880392,
              44.034011
            ],
            [
              12.5880361,
              44.0339935
            ],
            [
              12.5882717,
              44.0336226
            ],
            [
              12.5882894,
              44.0336079
            ],
            [
              12.5883103,
              44.0335986
            ],
            [
              12.5883355,
              44.0335963
            ],
            [
              12.5883656,
              44.0336002
            ],
            [
              12.5890329,
              44.0337286
            ],
            [
              12.5890505,
              44.033737
            ],
            [
              12.5890586,
              44.033749
            ],
            [
              12.5890506,
              44.033778
            ],
            [
              12.5891439,
              44.0337961
            ],
            [
              12.5891525,
              44.0337776
            ],
            [
              12.5891672,
              44.0337664
            ],
            [
              12.5891905,
              44.0337597
            ],
            [
              12.5892378,
              44.0337672
            ],
            [
              12.5891129,
              44.0341947
            ],
            [
              12.589755,
              44.0344032
            ],
            [
              12.5896774,
              44.0346164
            ]
          ]
        ]
      }
    },
    {
      "type": "Feature",
      "properties": {
        "id": 1210260772,
        "tipo": "negozio_car_repair",
        "name": "Rimini revisioni"
      },
      "geometry": {
        "type": "Polygon",
        "coordinates": [
          [
            [
              12.5743406,
              44.0434668
            ],
            [
              12.574207,
              44.043375
            ],
            [
              12.5741672,
              44.0433468
            ],
            [
              12.574204,
              44.0433192
            ],
            [
              12.5743278,
              44.0432261
            ],
            [
              12.5744955,
              44.0431
            ],
            [
              12.5746694,
              44.0432196
            ],
            [
              12.5743406,
              44.0434668
            ]
          ]
        ]
      }
    },
    {
      "type": "Feature",
      "properties": {
        "id": 1257111167,
        "tipo": "negozio_kiosk",
        "name": ""
      },
      "geometry": {
        "type": "Polygon",
        "coordinates": [
          [
            [
              12.5856238,
              44.0631672
            ],
            [
              12.5856672,
              44.0631249
            ],
            [
              12.5857171,
              44.0631514
            ],
            [
              12.5856851,
              44.0631825
            ],
            [
              12.5856238,
              44.0631672
            ]
          ]
        ]
      }
    },
    {
      "type": "Feature",
      "properties": {
        "id": 1275800423,
        "tipo": "negozio_garden_centre",
        "name": "Cooperativa sociale Punto verde"
      },
      "geometry": {
        "type": "Polygon",
        "coordinates": [
          [
            [
              12.5865973,
              44.0584859
            ],
            [
              12.5868039,
              44.0583521
            ],
            [
              12.5878512,
              44.0578719
            ],
            [
              12.5879853,
              44.057789
            ],
            [
              12.5876389,
              44.0575677
            ],
            [
              12.5871594,
              44.0579901
            ],
            [
              12.5868946,
              44.0578521
            ],
            [
              12.5864795,
              44.0581525
            ],
            [
              12.5866731,
              44.0582698
            ],
            [
              12.5864431,
              44.0585043
            ],
            [
              12.5865973,
              44.0584859
            ]
          ]
        ]
      }
    },
    {
      "type": "Feature",
      "properties": {
        "id": 1280680193,
        "tipo": "negozio_car_repair",
        "name": "D.M. service"
      },
      "geometry": {
        "type": "Polygon",
        "coordinates": [
          [
            [
              12.5670283,
              44.0223227
            ],
            [
              12.5670184,
              44.0220967
            ],
            [
              12.5672346,
              44.0220918
            ],
            [
              12.5672444,
              44.0223179
            ],
            [
              12.5670283,
              44.0223227
            ]
          ]
        ]
      }
    },
    {
      "type": "Feature",
      "properties": {
        "id": 1285288936,
        "tipo": "negozio_car",
        "name": "PA.FA. car"
      },
      "geometry": {
        "type": "Polygon",
        "coordinates": [
          [
            [
              12.5538924,
              44.045627
            ],
            [
              12.55335,
              44.0451294
            ],
            [
              12.5532983,
              44.0450828
            ],
            [
              12.5537593,
              44.0449671
            ],
            [
              12.5540688,
              44.0448619
            ],
            [
              12.5546894,
              44.0446116
            ],
            [
              12.5548365,
              44.0446764
            ],
            [
              12.5548537,
              44.044708
            ],
            [
              12.5548333,
              44.0447658
            ],
            [
              12.55477,
              44.0448622
            ],
            [
              12.5546531,
              44.0449995
            ],
            [
              12.5544707,
              44.045173
            ],
            [
              12.5540866,
              44.0455416
            ],
            [
              12.5538924,
              44.045627
            ]
          ]
        ]
      }
    },
    {
      "type": "Feature",
      "properties": {
        "id": 1306894236,
        "tipo": "negozio_car_repair",
        "name": "Autofficina Casadei e Felici"
      },
      "geometry": {
        "type": "Polygon",
        "coordinates": [
          [
            [
              12.5513902,
              44.0466067
            ],
            [
              12.5514332,
              44.0465555
            ],
            [
              12.5515785,
              44.0466186
            ],
            [
              12.5515357,
              44.0466704
            ],
            [
              12.5513902,
              44.0466067
            ]
          ]
        ]
      }
    },
    {
      "type": "Feature",
      "properties": {
        "id": 1326200827,
        "tipo": "negozio_ticket",
        "name": ""
      },
      "geometry": {
        "type": "Polygon",
        "coordinates": [
          [
            [
              12.5747251,
              44.0518714
            ],
            [
              12.5747819,
              44.0518373
            ],
            [
              12.5747545,
              44.0518138
            ],
            [
              12.5746978,
              44.0518479
            ],
            [
              12.5747251,
              44.0518714
            ]
          ]
        ]
      }
    },
    {
      "type": "Feature",
      "properties": {
        "id": 1329017772,
        "tipo": "negozio_trade",
        "name": "Unicalcestruzzi"
      },
      "geometry": {
        "type": "Polygon",
        "coordinates": [
          [
            [
              12.512857,
              44.051753
            ],
            [
              12.5123061,
              44.0515962
            ],
            [
              12.5131505,
              44.0495308
            ],
            [
              12.5139556,
              44.049708
            ],
            [
              12.5133297,
              44.0506808
            ],
            [
              12.512857,
              44.051753
            ]
          ]
        ]
      }
    },
    {
      "type": "Feature",
      "properties": {
        "id": 1349070510,
        "tipo": "negozio_rental",
        "name": "Giffi noleggi"
      },
      "geometry": {
        "type": "Polygon",
        "coordinates": [
          [
            [
              12.5606112,
              44.0437582
            ],
            [
              12.560359,
              44.0438212
            ],
            [
              12.5602409,
              44.0438188
            ],
            [
              12.5601294,
              44.0437651
            ],
            [
              12.560383,
              44.0436228
            ],
            [
              12.5603958,
              44.0435718
            ],
            [
              12.560169,
              44.0433957
            ],
            [
              12.5600945,
              44.0432758
            ],
            [
              12.5602454,
              44.0432269
            ],
            [
              12.5603571,
              44.0434441
            ],
            [
              12.5605072,
              44.0436297
            ],
            [
              12.5606112,
              44.0437582
            ]
          ]
        ]
      }
    },
    {
      "type": "Feature",
      "properties": {
        "id": 1371854753,
        "tipo": "negozio_supermarket",
        "name": ""
      },
      "geometry": {
        "type": "Polygon",
        "coordinates": [
          [
            [
              12.5807296,
              44.0550107
            ],
            [
              12.5811359,
              44.0546263
            ],
            [
              12.5804175,
              44.0542341
            ],
            [
              12.5800112,
              44.0546186
            ],
            [
              12.5807296,
              44.0550107
            ]
          ]
        ]
      }
    },
    {
      "type": "Feature",
      "properties": {
        "id": 1413352057,
        "tipo": "negozio_yes",
        "name": ""
      },
      "geometry": {
        "type": "Polygon",
        "coordinates": [
          [
            [
              12.5100272,
              44.1093051
            ],
            [
              12.5100688,
              44.1093292
            ],
            [
              12.5100782,
              44.1093244
            ],
            [
              12.5101224,
              44.1093528
            ],
            [
              12.51016,
              44.1093224
            ],
            [
              12.5101157,
              44.1092902
            ],
            [
              12.5101244,
              44.1092796
            ],
            [
              12.5100842,
              44.1092541
            ],
            [
              12.5100272,
              44.1093051
            ]
          ]
        ]
      }
    },
    {
      "type": "Feature",
      "properties": {
        "id": 1413815619,
        "tipo": "negozio_kiosk",
        "name": ""
      },
      "geometry": {
        "type": "Polygon",
        "coordinates": [
          [
            [
              12.5589973,
              44.0520178
            ],
            [
              12.5590401,
              44.0519931
            ],
            [
              12.5590038,
              44.0519608
            ],
            [
              12.5589611,
              44.0519855
            ],
            [
              12.5589973,
              44.0520178
            ]
          ]
        ]
      }
    }
  ]
}